Date,SPY,QQQ,GLD,Equal Weight Portfolio
2019-01-03,-0.023862734003634034,-0.032670756771135734,0.009066170423806641,-0.015822440116987708
2019-01-04,0.03349566791159053,0.04278489395005769,-0.008086235900529481,0.02273144198703958
2019-01-07,0.00788448239169881,0.011905484045295012,0.003458482876331992,0.0077494831044419375
2019-01-08,0.009395464361706907,0.009045292880251132,-0.00270804061547536,0.005244238875494227
2019-01-09,0.004673336433789421,0.008149617875521153,0.006418158373500793,0.006413704227603789
2019-01-10,0.003527824888174713,0.002860069549545763,-0.005886691481276629,0.00016706765214794883
2019-01-11,0.0003863638085694898,-0.003658110135304593,0.001727170986037141,-0.0005148584468993209
2019-01-14,-0.006101189407893615,-0.008836780771496078,0.002380897199235621,-0.00418569099338469
2019-01-15,0.011460751845201012,0.019526386223312375,-0.0017200351443330542,0.009755700974726778
2019-01-16,0.002419942945244058,-0.00018463378440014555,0.003199863787636481,0.001811724316160131
2019-01-17,0.007586670256958694,0.007884314432306638,-0.001308546962521917,0.004720812575581138
2019-01-18,0.013310003502717827,0.009900210697017187,-0.008926410300850951,0.004761267966294686
2019-01-22,-0.013510547283458796,-0.020030289432353632,0.0035531343340227117,-0.009995900793929905
2019-01-23,0.002092632045607612,0.0012968362563876568,-0.0013997379433263735,0.0006632434528896318
2019-01-24,0.0005314387082548944,0.006475290459157179,-0.0015666428373899421,0.0018133621100073773
2019-01-25,0.008461483101109613,0.011948633186391389,0.01461726258147622,0.01167579295632574
2019-01-28,-0.007600277038816383,-0.01235206331886396,0.0034999210730881636,-0.005484139761530726
2019-01-29,-0.0013269953998140682,-0.009441488110914609,0.005596580714432919,-0.0017239675987652523
2019-01-30,0.015831071518880524,0.025437456657896096,0.005726722578225596,0.01566508358500074
2019-01-31,0.008782107802765449,0.01496863408392568,0.0004811737703025454,0.008077305218997891
2019-02-01,0.0004815094981538426,-0.004221974854041299,-0.002004008016032066,-0.0019148244573065076
2019-02-04,0.007035497645307531,0.012421666093078487,-0.004337356751223598,0.005039935662387474
2019-02-05,0.004191857312779712,0.008847899072921495,0.002581475453272253,0.0052070772796578195
2019-02-06,-0.0013182745125080997,-0.0029818030681241225,-0.006758902044908699,-0.0036863265418469733
2019-02-07,-0.009532911060393112,-0.013429799410553112,0.002430293392984062,-0.006844139025987387
2019-02-08,0.0012217172827881928,0.0019615820978013954,0.0037982966608791635,0.002327198680489584
2019-02-11,0.0005546484140777075,-0.0009491478243457419,-0.004911042708701019,-0.001768514039656351
2019-02-12,0.012859638539446827,0.01478636221932561,0.002103577179937588,0.009916525979570009
2019-02-13,0.0032462929956313946,0.0007021314758957065,-0.003956062177901898,-2.5459021249323293e-06
2019-02-14,-0.0022176072382619205,0.0012277745059137146,0.005592889654295163,0.0015343523073156526
2019-02-15,0.010896965951224136,0.004205697324945357,0.005964900110646321,0.007022521128938604
2019-02-19,0.0017306607744378422,0.0019771613328141147,0.01522430969570121,0.006310710600984388
2019-02-20,0.0020155851949856807,-0.0001742093857671767,-0.0017363346220006237,3.5013729072626786e-05
2019-02-21,-0.003555850719211273,-0.0036573645098143537,-0.01130613747012843,-0.006173117566384685
2019-02-22,0.006199569549484085,0.0073998729657123175,0.0035985360836492397,0.0057326595329485475
2019-02-25,0.0013615487559048844,0.0036441958204334046,-0.0010358346885892544,0.0013233032959163447
2019-02-26,-0.0007153636720838019,0.001037510350927251,0.001675034536747333,0.0006657270718635939
2019-02-27,-0.00042947661743164556,-0.0006337296535795511,-0.0070871108191714605,-0.002716772363394219
2019-02-28,-0.0018628220801476525,-0.002304158496055142,-0.005613959130088775,-0.003260313235430523
2019-03-01,0.006243641826120472,0.006929085642321198,-0.017017506627186707,-0.0012815930529150128
2019-03-04,-0.003637296823870595,0.0001716433304743692,-0.0026255308667166855,-0.0020303947867043037
2019-03-05,-0.0013597931141382524,0.0007453704569051478,0.0013162525939689473,0.00023394331224528087
2019-03-06,-0.006057099701745061,-0.0056715830579836535,-0.0009037184460104486,-0.004210800401913055
2019-03-07,-0.008365543035778855,-0.01227267390868969,-0.0008222882461902392,-0.0071535017302195945
2019-03-08,-0.0019999925572441457,-0.0015165553721233627,0.010945553273622899,0.0024763351147517967
2019-03-11,0.014501193040948657,0.02079785275864543,-0.004884390198699795,0.01013821853363143
2019-03-12,0.003770854837771287,0.005494523586006661,0.006053709964792153,0.005106362796190034
2019-03-13,0.00661930587549886,0.0075133446964053,0.006992949727453013,0.00704186676645239
2019-03-14,-0.0006398625259546042,-0.0016948197669505172,-0.011547098821608426,-0.004627260371504516
2019-03-15,0.004940785436980066,0.009280538922047388,0.004574769560006908,0.00626536463967812
2019-03-18,0.003625704615788816,0.0023814622825371057,0.0005692420438265788,0.0021921363140508334
2019-03-19,0.0002482388694311499,0.00336252708280238,0.002763299214570303,0.0021246883889346107
2019-03-20,-0.003010058846334762,0.0039652028636130154,0.006484057947534705,0.0024797339882709855
2019-03-21,0.011294461465784611,0.015632221363201637,-0.004026413261163153,0.007633423189274364
2019-03-22,-0.019246004563520547,-0.02196446911008154,0.002344768069306058,-0.012955235201432009
2019-03-25,-0.0007520180610827154,-0.0019037965419514968,0.007663119616744485,0.0016691016712367577
2019-03-26,0.007454026403612479,0.004657042047462312,-0.004963137418150021,0.00238264367764159
2019-03-27,-0.005229110199501341,-0.006422851742253433,-0.005229296137734041,-0.005627086026496271
2019-03-28,0.003790601814285921,0.00230495717783219,-0.014152850613865509,-0.002685763873915799
2019-03-29,0.006305064808390215,0.007570929263440718,0.0009023839948698598,0.004926126022233597
2019-04-01,0.011859120877376839,0.013247020035370927,-0.003934131206699387,0.007057336568682792
2019-04-02,0.0004901607798653007,0.0037905372396009884,0.0037028271386223555,0.0026611750526962146
2019-04-03,0.00157368447994366,0.005746309133674687,-0.0014756542074284562,0.0019481131353966303
2019-04-04,0.002653391487541512,-0.00038122835734843985,0.002545135885276162,0.0016057663384897447
2019-04-05,0.004840126797721167,0.005171296033382955,-0.0010645913747292512,0.0029822771521249565
2019-04-08,0.0007622157550797315,0.00254539291225786,0.004344964459018996,0.002550857708785529
2019-04-09,-0.005124572521057247,-0.003510901631765706,0.0052240582686200465,-0.0011371386280676354
2019-04-10,0.0034107304663510973,0.005366233457183345,0.003085645543724258,0.0039542031557529
2019-04-11,-0.0002774493089509056,-0.0023724918922944926,-0.012790430232882621,-0.005146790478042672
2019-04-12,0.006766103184163708,0.004323817291303378,-0.0009839698252592788,0.0033686502167359356
2019-04-15,-0.0006547976688079382,0.00016155668536499412,-0.0018879040751598186,-0.0007937150195342542
2019-04-16,0.0006552267097299502,0.003443210754332293,-0.008963785785923162,-0.0016217827739536395
2019-04-17,-0.002447121927797391,0.0034851970646885277,-0.0019085831288393473,-0.00029016933064940353
2019-04-18,0.001969563930214635,0.0012826559228606982,0.0007482870651696061,0.0013335023060816464
2019-04-22,0.0008618129386943618,0.0028282222925004596,0.0,0.0012300117437316072
2019-04-23,0.008991690590177015,0.012718143987298092,-0.002076929420084306,0.006544301719130266
2019-04-24,-0.0022193666119265654,-0.0031527242246437437,0.002913740144174559,-0.0008194502307985833
2019-04-25,-0.0006163381563760728,0.004058982939338929,0.0008300695036758121,0.0014242380955462226
2019-04-26,0.004656845072650073,0.0008924130569343269,0.006635175033447238,0.0040614777210105455
2019-04-29,0.001567697672230084,0.0019406232703262916,-0.004449212353194731,-0.00031363047021278545
2019-04-30,0.0005108452917748085,-0.007747792226620032,0.003062112981714993,-0.0013916113177100766
2019-05-01,-0.00751668121023763,-0.0032184701691638784,-0.0066006224629273635,-0.005778591280776291
2019-05-02,-0.0021589501280075973,-0.0043401898984006815,-0.0038205903541770336,-0.0034399101268617707
2019-05-03,0.009788027169083113,0.01594840540538711,0.005919618726200504,0.010552017100223576
2019-05-06,-0.0041153784532150794,-0.0061222924281517654,0.001326117121354109,-0.0029705179200042453
2019-05-07,-0.01669981281492805,-0.019479949578421807,0.003310996887363471,-0.01095625516866213
2019-05-08,-0.0013892168836858731,-0.002523541389736206,-0.0024750055657883907,-0.0021292546130701564
2019-05-09,-0.003025634974043956,-0.005383155118488414,0.002398422606480377,-0.0020034558286839976
2019-05-10,0.005023313258800677,0.0012449588662828415,0.0018977175142322888,0.002721996546438602
2019-05-13,-0.025130198324916697,-0.034702717878868694,0.010211626950944686,-0.0165404297509469
2019-05-14,0.009043533846393004,0.010975391882572794,-0.001711902564663359,0.0061023410547674795
2019-05-15,0.00585781841026578,0.014124351692495818,-0.0005716127335255727,0.006470185789745341
2019-05-16,0.009260878786217841,0.010049576563470497,-0.007190107507201948,0.004040115947495463
2019-05-17,-0.006464898981969114,-0.010220101508340296,-0.007077611679961904,-0.00792087072342377
2019-05-20,-0.006612005079905892,-0.016881432820565423,-8.290208125960596e-05,-0.007858779993910306
2019-05-21,0.009015630857325263,0.010447264103265796,-0.002320944800343727,0.005713983386749111
2019-05-22,-0.003071495185126061,-0.004454655613431058,-0.0009970317877493473,-0.002841060862102155
2019-05-23,-0.01221871688727827,-0.015302306136714239,0.007734533613594108,-0.006595496470132799
2019-05-24,0.0022682170925241163,-0.0005049225473691132,0.0010729131367255285,0.0009454025606268438
2019-05-28,-0.009300239604401073,-0.0037607170048142846,-0.0038747008151563955,-0.00564521914145725
2019-05-29,-0.00671083698304209,-0.008225520179667267,0.0003310511869667465,-0.004868435325247536
2019-05-30,0.002731287840511687,0.004203962218532142,0.0067841455794737104,0.004573131879505846
2019-05-31,-0.013475304120956322,-0.015953119954864148,0.013476862164072179,-0.005317187303916097
2019-06-03,-0.0025427240066064893,-0.022018099419704118,0.014432812396575123,-0.0033760036765784944
2019-06-04,0.021706535531660576,0.02815672751710996,0.0003197259638094696,0.016727663004193333
2019-06-05,0.008662261631622536,0.007432544833307464,0.00255692921232642,0.00621724522575214
2019-06-06,0.0065024948656302595,0.00794514920228484,0.003267681746440987,0.005905108604785362
2019-06-07,0.010006937154058981,0.01931187653102584,0.0056402851919619135,0.011653032959015578
2019-06-10,0.004588866425778049,0.01165488431027173,-0.00995334973762707,0.002096800332807569
2019-06-11,-0.0002422409438205264,0.0013650188656895157,-0.0011968524989020013,-2.469152567767069e-05
2019-06-12,-0.001765107605845584,-0.0057796791324775665,0.00519253494403471,-0.0007840839314294801
2019-06-13,0.004126024042210519,0.005922898128356779,0.006119340633088832,0.005389420934552043
2019-06-14,-0.001104736244368243,-0.004252534226351634,-0.00031596300165448454,-0.0018910778241247872
2019-06-17,0.00038008134233891155,0.006022872013030867,-0.0006320654488251032,0.0019236293021815585
2019-06-18,0.010470977430900863,0.014531244872221682,0.005060083591572395,0.01002076863156498
2019-06-19,0.002257392979431172,0.0037553317058489633,0.006057242183996836,0.00402332228975899
2019-06-20,0.009553826398160492,0.009299280560083112,0.025177896911959374,0.01467700129006766
2019-06-21,-0.0014533490454217146,-0.0014827920855021715,0.006635612181659978,0.0012331570169120305
2019-06-24,-0.0012240386146417093,3.2061794159155e-05,0.014850786310930397,0.004552936496815947
2019-06-25,-0.009808108284812156,-0.017166552381454925,0.0019411266395166216,-0.008344511342250152
2019-06-26,-0.0009978611780272484,0.004650651971778164,-0.009165393111099984,-0.0018375341057830228
2019-06-27,0.0035465040846236473,0.003821492127928483,-0.000977700846950591,0.002130098455200513
2019-06-28,0.005145697160335416,0.0012869324170585728,0.0027100317696175935,0.003047553782337194
2019-07-01,0.00907832354002136,0.0134948686461549,-0.019369383559800002,0.0010679362087920863
2019-07-02,0.0026044405585772257,0.003962352187627971,0.021359735486276676,0.009308842744160623
2019-07-03,0.007995188223690608,0.007526266330226461,0.001649060899963084,0.005723505151293384
2019-07-05,-0.0011380875400963664,-0.0020372698239706777,-0.011150231525253074,-0.004775196296440039
2019-07-08,-0.00549432131157046,-0.0070138236961367895,-0.006432617734537516,-0.006313587580748255
2019-07-09,0.0012458874667888864,0.0050076845745195,0.0035037454291328984,0.0032524391568137614
2019-07-10,0.004778432126076426,0.00996538175863182,0.015787490178783115,0.01017710135449712
2019-07-11,0.0023439530358198013,-0.0007269955304033404,-0.008443584154164463,-0.002275542216249334
2019-07-12,0.004477177427988144,0.005768495354555814,0.006254723814186791,0.005500132198910249
2019-07-15,0.00033232141686734273,0.0032035560450824896,0.0,0.001178625820649944
2019-07-16,-0.0032248968555598223,-0.005150673979455012,-0.008462554430785363,-0.005612708421933399
2019-07-17,-0.006805186991840628,-0.004918416049839003,0.01646531748539748,0.001580571481239283
2019-07-18,0.003660953623417784,0.0011448336276989046,0.014117951186161548,0.006307912812426078
2019-07-19,-0.0055548165873331445,-0.0073281026022047335,-0.014727392803034478,-0.009203437330857451
2019-07-22,0.0024561976195527357,0.00795784990306947,-0.00014876383044060137,0.003421761230727201
2019-07-23,0.0071501672407767725,0.0065445592120072504,-0.005652618252780628,0.0026807027333344644
2019-07-24,0.004699403232680144,0.007017817068091459,0.005086339018351538,0.005601186439707713
2019-07-25,-0.004776879731664074,-0.009479829171075482,-0.007070008058076338,-0.007108905653605297
2019-07-26,0.006700149575721515,0.010294768888523542,0.001648937368628589,0.006214618610957881
2019-07-29,-0.001821551315739578,-0.0034307726113287362,0.006659678193005059,0.00046911808864558147
2019-07-30,-0.0024545448939422565,-0.004316048990954946,0.003344956160896251,-0.0011418792413336503
2019-07-31,-0.010940451989097988,-0.013830106530253405,-0.013112972808538625,-0.012627843775963338
2019-08-01,-0.008708103141742307,-0.004971177349608835,0.02402219643390402,0.0034476386475176257
2019-08-02,-0.007529084250495144,-0.014725197916514055,-0.0038120684590625675,-0.008688783542023923
2019-08-05,-0.030073246918917884,-0.035335123754790976,0.013981852270352535,-0.017142172801118773
2019-08-06,0.014022983249399212,0.013998762077145788,0.008128386897085838,0.012050044074543612
2019-08-07,0.0005908519072150842,0.005402028392351044,0.015189695160357397,0.007060858486641175
2019-08-08,0.01962005221919849,0.021764222463898086,0.005034686098196239,0.015472986927097605
2019-08-09,-0.00681154573809295,-0.009401835573520367,-0.0033161732510501585,-0.006509851520887825
2019-08-12,-0.012173726387928019,-0.011475384510731712,0.009698502260031328,-0.0046502028795428006
2019-08-13,0.015552147707152963,0.021914821990422606,-0.005959518154781018,0.010502483847598183
2019-08-14,-0.02956758114453495,-0.02988463172039213,0.0068415942238304606,-0.01753687288036554
2019-08-15,0.002641366567294856,-0.0011490116479281332,0.0066549698650941735,0.002715774928153632
2019-08-16,0.014755345345423887,0.016050084886460647,-0.006402214255277094,0.008134405325535813
2019-08-19,0.012047662677614701,0.015905105370539907,-0.011696303286335752,0.005418821587272952
2019-08-20,-0.007662523378836106,-0.007748347604285777,0.007795380191040424,-0.002538496930693819
2019-08-21,0.008135785806033136,0.008878444961532894,-0.003164420123660472,0.004616603547968519
2019-08-22,-0.00030800695575627923,-0.003233950702187127,-0.0025395077899371676,-0.0020271551492935247
2019-08-23,-0.025687833052033815,-0.03164553157861094,0.019589847185487175,-0.012581172481719192
2019-08-26,0.01105838189631525,0.015104174498272949,0.00013875475282665306,0.00876710371580495
2019-08-27,-0.003923603340038939,-0.002110414328460264,0.00957073902105865,0.0011789071175198154
2019-08-28,0.007041573964509551,0.003578851016906137,-0.002816539407023644,0.0026012951914640148
2019-08-29,0.012773381664900274,0.015289772210806962,-0.007164566813753437,0.006966195687317933
2019-08-30,-0.0004440724073692115,-0.002394669319730647,-0.0025672712303844714,-0.0018020043191614432
2019-09-03,-0.005847624740505597,-0.009708140235937468,0.013913043478260834,-0.0005475738327274104
2019-09-04,0.011350639621493519,0.014435840570444114,0.006243592878966586,0.010676691023634739
2019-09-05,0.01285542222133329,0.018318653770885485,-0.024001119491110168,0.0023909855003695357
2019-09-06,0.0007719652894806472,-0.0009905609131055648,-0.008523132778435305,-0.0029139094673534074
2019-09-09,0.0005032842187056019,-0.0020875159947073563,-0.0037344897557421985,-0.0017729071772479843
2019-09-10,-0.0002346269210928842,-0.002877202639733567,-0.008557937047107611,-0.003889922202644687
2019-09-11,0.00711075073632883,0.009389496144603271,0.006063676329913781,0.007521307736948627
2019-09-12,0.003464079871514203,0.004157552057699965,0.002056360685188219,0.003225997538134129
2019-09-13,-0.0006642405787160577,-0.003571055243035137,-0.008279177519783909,-0.004171491113845034
2019-09-16,-0.0030885658291215368,-0.004466507066478997,0.008348294532203537,0.00026440721220100105
2019-09-17,0.0025321758165779418,0.00479985464749344,0.0019813102518067005,0.003104446905292694
2019-09-18,0.0005980012112782873,-0.0004156112477012863,-0.006285306153149484,-0.002034305396524161
2019-09-19,-6.645475979971671e-05,0.001662226758816665,0.004050828215713009,0.0018822000715766523
2019-09-20,-0.004724888198152533,-0.010578832133778304,0.011820485442912032,-0.0011610782963396016
2019-09-23,-0.00023450094274113376,0.0004412221076550704,0.005596383832365381,0.0019343683324264394
2019-09-24,-0.007847075389710967,-0.013280940365058003,0.005286918308423871,-0.0052803658154483655
2019-09-25,0.005915053029314166,0.01122513326512986,-0.018545379403875573,-0.0004683977031438493
2019-09-26,-0.0020829704112165226,-0.003682598547702698,-0.0002820880237280887,-0.0020158856608824363
2019-09-27,-0.005387311039983134,-0.012408717674412206,-0.005148429100112373,-0.007648152604835904
2019-09-30,0.004637793139391944,0.009517067471943585,-0.015525325955691782,-0.0004568217814520841
2019-10-01,-0.011895349583335157,-0.008156277871412265,0.005472814807717441,-0.0048596042156766606
2019-10-02,-0.01766417709749335,-0.01719459301136561,0.011673634369571584,-0.0077283785797624596
2019-10-03,0.008192482159863568,0.010975536499504113,0.004530648552570016,0.007899555737312564
2019-10-04,0.01353241079112788,0.014725483799944428,0.0,0.009419298197024101
2019-10-07,-0.004314748865248186,-0.0030189989802337225,-0.008527071931805796,-0.005286939925762568
2019-10-08,-0.01552482585396986,-0.01498087580985108,0.00874259511120079,-0.007254368850873382
2019-10-09,0.00949621040126436,0.00976153741965513,0.0009160434363713055,0.006724597085763598
2019-10-10,0.006763325201448955,0.007744562635238372,-0.008729359144837523,0.0019261762306166013
2019-10-11,0.010367799654697363,0.012879240847309958,-0.005539370732339566,0.005902556589889252
2019-10-14,-0.0011142154910019908,-0.00010489697654014751,0.003999125640758994,0.0009266710577389516
2019-10-15,0.009900431813799848,0.012716476621397854,-0.006970593591764218,0.005215438281144494
2019-10-16,-0.001606128774875426,-0.0024801018898813476,0.0057302703836425994,0.0005480132396286086
2019-10-17,0.002949080887078459,0.0026418758511728146,0.0014243781997433924,0.0023384449793315554
2019-10-18,-0.004376888625080899,-0.009610195942288735,-0.0010667370445437419,-0.005017940537304458
2019-10-21,0.006778919622881796,0.008868468331101331,-0.004770136663166058,0.0036257504302723564
2019-10-22,-0.0032668783574831828,-0.007962952360855535,0.002932997222985456,-0.0027656111651177535
2019-10-23,0.0029096464699087665,0.0019284723950074856,0.0023537934253772264,0.0023973040967644925
2019-10-24,0.0016338701518074927,0.009728507198659253,0.007115918371069618,0.006159431907178788
2019-10-25,0.004094981986514812,0.007985956972603958,0.0023316740895991117,0.004804204349572626
2019-10-28,0.005636682780558289,0.00986552153519682,-0.008600036764796815,0.002300722516986098
2019-10-29,-0.0002968437390596934,-0.007744464977284982,-0.0027730332148816483,-0.0036047806437421075
2019-10-30,0.003067408419372475,0.004845960759426671,0.005490226541611021,0.004467865240136722
2019-10-31,-0.0026632191023441276,0.00045673695475323406,0.009998499224238566,0.002597339025549224
2019-11-01,0.009263579893690421,0.00908253017025129,0.000912763389017579,0.006419624484319764
2019-11-04,0.004018021255586257,0.006185140948510082,-0.002876007780098777,0.0024423848079991872
2019-11-05,-0.0011063051182291783,0.0005496637120256942,-0.016180006273117664,-0.0055788825597737155
2019-11-06,0.000228256237405855,-0.0022478289539508145,0.004290245395359271,0.0007568908929381037
2019-11-07,0.0035166226399550027,0.0033540123539748112,-0.015521486102876958,-0.002883617036315714
2019-11-08,0.002465968208573699,0.003991737232321491,-0.006364394703267995,3.11035792090646e-05
2019-11-11,-0.0019096150396858969,-0.0013416556611853814,-0.002401934875323586,-0.0018844018587316211
2019-11-12,0.002107814297610533,0.0028858738809325324,0.0026995120660886496,0.002564400081543905
2019-11-13,0.00032381480406362684,0.0002482769774807547,0.004002059820052306,0.0015247172005322291
2019-11-14,0.0014557152989211897,-0.0007937375345657971,0.004203521155341949,0.0016218329732324472
2019-11-15,0.007236368023424644,0.007347569342582183,-0.0025259154943226836,0.004019340623894714
2019-11-18,0.0007375483547384931,0.0007884956666008858,0.0029664162029099383,0.001497486741416439
2019-11-19,-0.0002884400557945366,0.0014772645581742072,0.0005050304911609071,0.0005646183311801926
2019-11-20,-0.003718768433806141,-0.005998837115571698,0.0005046655432805469,-0.0030709800020324303
2019-11-21,-0.001608769896212725,-0.0022262565312941573,-0.005477043362080103,-0.0031040232631956615
2019-11-22,0.0022238099694307234,0.0006446142694367385,-0.0018840181654777854,0.0003281353577965588
2019-11-25,0.0077503762772896945,0.011841456051893573,-0.004791662812458131,0.004933389838908378
2019-11-26,0.002265155217565651,0.0019100578672239799,0.004814733391401704,0.0029966488253971115
2019-11-27,0.004457834551833129,0.006988667007590044,-0.005299919828770094,0.0020488605768843593
2019-11-29,-0.003708702215505899,-0.004561963744523223,0.006203971517371398,-0.0006888981475525746
2019-12-02,-0.008494566900400957,-0.010238965739069017,-0.0005078146228696401,-0.006413782420779871
2019-12-03,-0.006706660626692007,-0.007832553703601808,0.00957984896245434,-0.0016531217892798242
2019-12-04,0.006170351748416625,0.005064253739689439,-0.0013658431498282386,0.0032895874460926082
2019-12-05,0.0017978086890881873,0.001975991945052824,0.0005758841931267078,0.0014498949424225729
2019-12-06,0.009134222641649314,0.010698700113574988,-0.009928092682104261,0.0033016100243733466
2019-12-09,-0.0031441215078746865,-0.004536599101978678,-0.00029060665275248976,-0.0026571090875352845
2019-12-10,-0.0011151950144222544,-0.0008329755246400117,0.0028347098739491816,0.00029551311162897187
2019-12-11,0.0028388525434208667,0.005296503626709637,0.00688553265084435,0.005006962940324951
2019-12-12,0.008618928685580007,0.007464041579042124,-0.003527249493396556,0.004185240257075192
2019-12-13,0.000598987386679406,0.0032929197034194946,0.004478873140076667,0.002790260076725189
2019-12-16,0.006870023752183263,0.010039234459592095,-7.198680622300113e-05,0.0056124238018507855
2019-12-17,0.00021934745658569454,0.0005733991525320725,-0.00021575647831872935,0.0001923300435996792
2019-12-18,6.232607655665134e-05,0.0007640940724824574,7.200752478642158e-05,0.0002994758912751767
2019-12-19,0.00409905270267763,0.0062514331933842815,0.002589559770448613,0.0043133485555035085
2019-12-20,0.004384060702282255,0.004030988924197176,0.0010044438566789715,0.003139831161052801
2019-12-23,0.0015278019026749856,0.002641496975840596,0.003081942822633188,0.00241708056704959
2019-12-24,3.126820069843106e-05,0.0005192744824746853,0.009431992518777577,0.003327511733983564
2019-12-26,0.0053231404965568,0.008823982143655984,0.007857298625196796,0.007334807088469859
2019-12-27,-0.0002474655771961265,-0.0008417984593324102,-0.0003511943393945671,-0.00048015279197436783
2019-12-30,-0.005513408705789313,-0.006553958817743899,0.0021077991140190377,-0.0033198561365047246
2019-12-31,0.002429242840970236,0.001885030681326283,0.0018929327941459295,0.0020690687721474825
2020-01-02,0.00935234182497835,0.016697173591559533,0.0073478173310379535,0.011132444249191945
2020-01-03,-0.007572574542401789,-0.009160088941274291,0.013268521727000326,-0.0011547139188919173
2020-01-06,0.003815489518800508,0.00644326978624199,0.010489502076611812,0.006916087127218103
2020-01-07,-0.0028123351298788846,-0.00013904965918476453,0.003935150508558971,0.00032792190649844066
2020-01-08,0.005329833018552499,0.007516344651951279,-0.007501524641443713,0.0017815510096866878
2020-01-09,0.0067803878920937866,0.008473207325874199,-0.005651653463197515,0.003200647251590157
2020-01-10,-0.002877744591122333,-0.0025571350938038417,0.006026192495848015,0.00019710427030728006
2020-01-13,0.006877406454957935,0.011536935136641668,-0.007419483430124996,0.003664952720491536
2020-01-14,-0.0015245886627324179,-0.003937441694498833,-0.0008915435213457945,-0.002117857959525682
2020-01-15,0.0022599060681489647,0.00040879758916001485,0.005834242779070742,0.0028343154787932403
2020-01-16,0.008318407018221174,0.009583667679411878,-0.0015695082440052577,0.005444188817875932
2020-01-17,0.003112258628469533,0.0049487222016773025,0.0018454259925253513,0.0033021356075573953
2020-01-21,-0.001958062722152931,-0.00044795873301683997,0.0010915790702048511,-0.0004381474616549733
2020-01-22,0.00012086316511128459,0.002642671499093918,0.0003406555206315609,0.0010347300616122546
2020-01-23,0.0011470508707764893,0.003216147803458691,0.002248122121045526,0.002203773598426902
2020-01-24,-0.0088932862173694,-0.008415534788847157,0.005845572586286041,-0.0038210828066435054
2020-01-27,-0.01602945685611934,-0.020655503038026102,0.006825312844883635,-0.009953215683087269
2020-01-28,0.010479157958183327,0.01535992344021353,-0.008926785569624784,0.005637431942924024
2020-01-29,-0.0008260130720025849,0.0016257902411358494,0.005417872354848807,0.002072549841327357
2020-01-30,0.0032455887597233612,0.003561443002548348,6.732120695107646e-05,0.0022914509897409285
2020-01-31,-0.018158000834954002,-0.01585782396028823,0.005792420039608892,-0.009407801585211113
2020-02-03,0.007428472658777219,0.015109143013303905,-0.006495688802043542,0.005347308956679194
2020-02-04,0.015241247007550474,0.022888830679147265,-0.01300895070524588,0.008373708993817286
2020-02-05,0.011548155008712868,0.003296878115016222,0.0012293105482077404,0.005358114557312277
2020-02-06,0.0033646865823415695,0.008632143463867203,0.005388399719282511,0.0057950765884970945
2020-02-07,-0.005329337157488401,-0.004300720904580335,0.002645857569860688,-0.0023280668307360157
2020-02-10,0.007465048183025624,0.012085483864721303,0.0025712490701368385,0.007373927039294587
2020-02-11,0.0017331161227815972,0.00017260290371923226,-0.0034419552752806837,-0.0005120787495932846
2020-02-12,0.006442528638065381,0.009740953131027075,-0.0008127480224853212,0.005123577915535711
2020-02-13,-0.001066848284886568,-0.0012807297500548875,0.00569345014846645,0.0011152907045083316
2020-02-14,0.001602180156963895,0.0028635059887163195,0.004178427664004669,0.002881371269894961
2020-02-18,-0.0025768416275754324,0.0003835658709872014,0.012818816524224008,0.0035418469225452593
2020-02-19,0.004781123436244483,0.009585537642569975,0.005831221275388376,0.006732627451400944
2020-02-20,-0.004108348056777511,-0.009283234775771088,0.004084659090851872,-0.0031023079138989083
2020-02-21,-0.01029833627890886,-0.01920965463817903,0.015025216397275942,-0.004827591506603982
2020-02-24,-0.033165364904651384,-0.03856328450799196,0.008985128746405113,-0.020914506888746076
2020-02-25,-0.030302105188284245,-0.027191858336801378,-0.017874260693127697,-0.025122741406071104
2020-02-26,-0.003677917013530485,0.005153938484367071,0.004370503298157802,0.001948841589664796
2020-02-27,-0.04491206664766423,-0.05007387148835851,0.00019483522153040944,-0.031597034304830775
2020-02-28,-0.004201108547092991,0.0007778092433428085,-0.03649347478693177,-0.01330559136356065
2020-03-02,0.04330609000401631,0.05160343627541275,0.005526297603759334,0.03347860796106279
2020-03-03,-0.028632473309174844,-0.03206724793468285,0.031434333360162325,-0.009755129294565124
2020-03-04,0.042033429280667,0.041722470761680786,0.0017545277375516921,0.02850347592663316
2020-03-05,-0.03324179137443817,-0.030382265190460722,0.021600945458936538,-0.014007703701987449
2020-03-06,-0.016531183370345093,-0.016872282660401416,0.00038096105467699815,-0.011007501658689836
2020-03-09,-0.07809451582906124,-0.06946420714907564,0.0016502348575044845,-0.04863616270687746
2020-03-10,0.051744713788558716,0.054450434297560024,-0.02110133630677158,0.02836460392644905
2020-03-11,-0.0487482471862114,-0.04355487148105652,-0.0035603512879937016,-0.03195448998508721
2020-03-12,-0.09567739414205478,-0.09169153223023618,-0.0398882588306293,-0.07575239506764009
2020-03-13,0.08548643797928501,0.08470567812312502,-0.03051623730778741,0.046558626264874205
2020-03-16,-0.10942372475970041,-0.11978788141249441,-0.011446115323986206,-0.080219240498727
2020-03-17,0.05399239628645969,0.07584156971613898,0.0135554799295321,0.04779648197737692
2020-03-18,-0.050633038799459795,-0.030416001219734645,-0.019921988429849713,-0.03365700948301471
2020-03-19,0.0021248574140044774,0.006002147105155231,-0.018905499074657994,-0.0035928315184994286
2020-03-20,-0.043094149223389056,-0.03917584565699295,0.014995707221804766,-0.02242476255285908
2020-03-23,-0.025568300428111868,0.0007220533056595535,0.044179590424960224,0.006444447767502637
2020-03-24,0.09060314162669547,0.07743760267174804,0.048530353360380474,0.07219036588627466
2020-03-25,0.014970218079521036,-0.007405258218194266,-0.01368964099270864,-0.00204156037712729
2020-03-26,0.05838987974117393,0.052660562414521994,0.012822223412266576,0.04129088852265417
2020-03-27,-0.029785645802293925,-0.03439286950921294,-0.006460489804721581,-0.023546335038742816
2020-03-30,0.032475783860074436,0.0363736341684493,0.004400644787818209,0.024416687605447313
2020-03-31,-0.014905435529822042,-0.008540017577834957,-0.03184668568859872,-0.018430712932085237
2020-04-01,-0.045004925800489426,-0.04248954060226762,0.009456223354449733,-0.0260127476827691
2020-04-02,0.023075546442388628,0.020294872725856283,0.0163934225377782,0.01992128056867437
2020-04-03,-0.014454423588507015,-0.014192548841706176,0.0049374590529023266,-0.007903171125770287
2020-04-06,0.0671662892988305,0.07149453329765731,0.027710521817620126,0.05545711480470265
2020-04-07,0.0010195999187185834,-0.0004070959144377717,-0.005354484768834378,-0.0015806602548511888
2020-04-08,0.03356846176892225,0.021232291625476796,-0.008907968786563414,0.015297594869278544
2020-04-09,0.015217341927484584,0.0014461323962677852,0.026123560972308058,0.014262345098686808
2020-04-13,-0.009130536425595248,0.010803321002234911,0.017140343933811808,0.0062710428368171565
2020-04-14,0.029492840506109008,0.043491050735222636,0.007868093580683189,0.026950661607338278
2020-04-15,-0.02124780238017332,-0.011469921412590511,-0.005101958505246418,-0.012606560766003416
2020-04-16,0.004824205038510332,0.018240104621460862,-0.0008649946516461338,0.007399771669441686
2020-04-17,0.02701540445948436,0.00956618012840904,-0.019417471147623044,0.005721371146756786
2020-04-20,-0.017617835232140444,-0.0118444376788579,0.007126124562213176,-0.007445382782928389
2020-04-21,-0.030363379008117364,-0.03689944252662192,-0.006825274631933054,-0.024696032055557444
2020-04-22,0.022194555834298413,0.02967450747831979,0.019670860003665247,0.023846641105427814
2020-04-23,-7.173212754985059e-05,-0.0021331142140514903,0.00995486708021609,0.0025833402462049166
2020-04-24,0.013939035243991649,0.015770568332655666,-0.004285520778353313,0.008474694266098001
2020-04-27,0.01441839796048705,0.008043450089410209,-0.006640444141094992,0.005273801302934089
2020-04-28,-0.004598677816353924,-0.018835023022809483,-0.004456556273727319,-0.009296752370963576
2020-04-29,0.0261789832394399,0.035461329703391886,0.005533445721913166,0.02239125288824832
2020-04-30,-0.009310735833170769,-0.0004110955646240422,-0.018116569301821484,-0.009279466899872097
2020-05-01,-0.026473679289473306,-0.028185066484049393,0.00617125761149806,-0.016162496054008213
2020-05-04,0.002758164828184473,0.011657640372608524,0.003504803873276119,0.005973536358023038
2020-05-05,0.00923956733969411,0.011337371369005256,0.004241037483481591,0.008272658730726985
2020-05-06,-0.006779066896430819,0.0061561433574206514,-0.012855591040204617,-0.004492838193071594
2020-05-07,0.012066966023316805,0.012876853550238376,0.015350754880484763,0.013431524818013314
2020-05-08,0.01654606049071261,0.013704575819220022,-0.006010293229887331,0.0080801143600151
2020-05-11,0.00020543684922480487,0.008938961202390239,-0.006233636774804485,0.0009702537589368525
2020-05-12,-0.01993158821842611,-0.02093722332845327,0.0038890673962401756,-0.012326581383546401
2020-05-13,-0.017685765909863038,-0.012515751413639364,0.00962264814750724,-0.006859623058665053
2020-05-14,0.011967054343738015,0.01135236157431696,0.008850059782004704,0.010723158566686559
2020-05-15,0.004596854021823971,0.006491548466361463,0.0056438144895878395,0.0055774056592577574
2020-05-18,0.030459656122334478,0.018631976125635497,-0.007564144999551381,0.013842495749472866
2020-05-19,-0.010270822699318116,-0.0025063807032261742,0.00965020617044443,-0.0010423324106999528
2020-05-20,0.016987730443909443,0.019968539054478818,0.0023742810342795018,0.013110183510889254
2020-05-21,-0.006904453218195994,-0.010890975543000558,-0.0145763375976391,-0.01079058878627855
2020-05-22,0.0018996645280484614,0.003451983667383196,0.005916836449104457,0.0037561615481787043
2020-05-26,0.01232068942324882,-0.0026999513977067346,-0.014214859559966153,-0.001531373844808022
2020-05-27,0.014878832930413255,0.005457475501164044,0.0018024320171106112,0.007379580149562637
2020-05-28,-0.0018450882502880628,-0.0013023605680220207,0.003350344766475555,6.763198272182369e-05
2020-05-29,0.0044562380026369475,0.014652816490809295,0.0073584122707384125,0.008822488921394884
2020-06-01,0.004041634091954016,0.0029994949781471103,0.004603768848692402,0.0038816326395978424
2020-06-02,0.008279923054776317,0.006707833744006075,-0.0064768271714218395,0.0028369765424535176
2020-06-03,0.013308380996768898,0.00449838877211195,-0.01845018380928054,-0.00021447134679989776
2020-06-04,-0.002626654853330135,-0.00701320231258995,0.010526269495827023,0.00029547077663564635
2020-06-05,0.025629760094345144,0.01982711280401639,-0.02027532426346157,0.008393849544966654
2020-06-08,0.01208732222610176,0.007760185598288949,0.010822142733466267,0.010223216852618991
2020-06-09,-0.0074564998887781675,0.007244943348173383,0.00964183116931494,0.0031434248762367183
2020-06-10,-0.005580252575375533,0.012001618227855948,0.014324773012967418,0.006915379555149277
2020-06-11,-0.05764882436418606,-0.04954919970750704,-0.007214084989501601,-0.038137369687064895
2020-06-12,0.011975261578239804,0.007948135739507922,0.0014163170663434865,0.007113238128030404
2020-06-15,0.009335678394708946,0.012166919620292038,-0.0017832572551969017,0.006573113586601361
2020-06-16,0.019247810945376198,0.01717277628426972,-0.0004928345355281749,0.011975917564705913
2020-06-17,-0.004153716436107846,0.0031706798412509674,0.0019106166939522051,0.00030919336636510886
2020-06-18,0.0003850011662172026,0.002709237800363029,-0.001968455156468263,0.0003752612700373229
2020-06-19,-0.0057150403220253,-0.00016381537269372082,0.011032995719469696,0.0017180466749168915
2020-06-22,0.006415402549304172,0.011992731881738772,0.006462217682632332,0.008290117371225092
2020-06-23,0.0046035442735476995,0.008511043219520564,0.008419646377624934,0.007178077956897733
2020-06-24,-0.02550883383257685,-0.02061551884136148,-0.0034839130582626776,-0.016536088577400333
2020-06-25,0.010720791162087462,0.00951948292504734,-0.0006027175913517757,0.0065458521652610084
2020-06-26,-0.023751899376727392,-0.02361526924491275,0.004463149702982783,-0.014301339639552454
2020-06-29,0.014698170846190628,0.01090670864396115,0.0005404803669293301,0.00871511995236037
2020-06-30,0.012809299199002533,0.019601462248745705,0.004440918278166173,0.01228389324197147
2020-07-01,0.007004555502658105,0.011672024733088815,-0.004481089931769877,0.004731830101325681
2020-07-02,0.005507230260706875,0.00678677898037483,0.0021606086958432247,0.0048182059789749765
2020-07-06,0.015437357660474715,0.02458452087716756,0.005988741319838731,0.015336873285827002
2020-07-07,-0.010313912828528782,-0.006888849277900344,0.006310260659329048,-0.0036308338157000257
2020-07-08,0.007648498165604423,0.0131719391854761,0.006211565862881185,0.009010667737987236
2020-07-09,-0.005692884413285526,0.00842315303075547,-0.0027044004055614135,8.622737302843467e-06
2020-07-10,0.010210614814630592,0.006827568924751004,-0.0025938951172596036,0.004814762874040664
2020-07-13,-0.0086589197411997,-0.020570687749433825,0.0012411575864292868,-0.009329483301401412
2020-07-14,0.012959154696238429,0.007078450094007538,0.004663568910189042,0.008233724566811668
2020-07-15,0.009186923881970399,0.002035219898472551,0.0008813320073604025,0.004034491929267784
2020-07-16,-0.003293140354869273,-0.006822333850631579,-0.009451688651900159,-0.00652238761913367
2020-07-17,0.0028986627103260165,0.001157764201333622,0.008238009985450212,0.00409814563236995
2020-07-20,0.00808187890345513,0.028370826164257013,0.004820170160796611,0.013757625076169585
2020-07-21,0.0021271404235561064,-0.010420410140297709,0.012050997596656066,0.001252575959971487
2020-07-22,0.005692689779607019,0.0035227255872125607,0.015202340363078104,0.008139251909965894
2020-07-23,-0.01193197382916289,-0.026119995413289132,0.008825301770064575,-0.009742222490795814
2020-07-24,-0.006440308124304073,-0.009495831957163525,0.008578870839228259,-0.0024524230807464464
2020-07-27,0.007292440463693151,0.017843220541874816,0.019753770786684832,0.014963143930750931
2020-07-28,-0.006342443560126254,-0.012724990160417504,0.008341131032750582,-0.0035754342292643924
2020-07-29,0.012298757546592043,0.01152616894525993,0.0075102306547618625,0.010445052382204612
2020-07-30,-0.0035679379520250354,0.005235620233514204,-0.007400261112961215,-0.0019108596104906819
2020-07-31,0.007901813259923562,0.017845240792449202,0.009087931099623692,0.01161166171733215
2020-08-03,0.006952541054549455,0.01350697566548753,0.0011325390830079218,0.007197351934348301
2020-08-04,0.003862529313163554,0.0037120303780420194,0.021277725496817057,0.009617428396007544
2020-08-05,0.006210906360001767,0.0024781485994511687,0.009283241730160707,0.0059907655632045476
2020-08-06,0.006684646586218257,0.01324439271581701,0.01327406953286836,0.011067702944967875
2020-08-07,0.0007181149527095698,-0.011542112249890324,-0.01588530528005727,-0.008903100859079341
2020-08-10,0.00298866133150244,-0.004272991247423086,-0.003458957447482147,-0.0015810957878009309
2020-08-11,-0.008254913205007153,-0.018941283935727138,-0.05369440853432983,-0.026963535225021373
2020-08-12,0.013942607899576354,0.025151806682006672,-0.004668202325739945,0.011475404085281027
2020-08-13,-0.001807662615736061,0.002280778133894934,0.023618065792215592,0.008030393770124822
2020-08-14,2.981005387847624e-05,-0.0011745905071530727,-0.0043092158240957135,-0.0018179987591234366
2020-08-17,0.003176200992084377,0.011610734423682212,0.02169391289315903,0.012160282769641872
2020-08-18,0.0021609415526848696,0.00962519799919015,0.009008003623491856,0.006931381058455624
2020-08-19,-0.004163918919884213,-0.006727266138150889,-0.0315654554884125,-0.014152213515482532
2020-08-20,0.0031134696771795145,0.013872083709674632,0.006913929262821306,0.007966494216558484
2020-08-21,0.0035472769107549595,0.006930035308423399,-0.008010905834894388,0.0008221354614279899
2020-08-24,0.010133417308298531,0.006243972588497737,-0.005658401286623649,0.003572996203390873
2020-08-25,0.0034991819297258697,0.007862389205690157,0.0012154763574758753,0.0041923491642973
2020-08-26,0.010025285181739507,0.021339142872734973,0.011808847672626355,0.01439109190903361
2020-08-27,0.0021868819689163654,-0.0031167915304953775,-0.011561927956646123,-0.004163945839408378
2020-08-28,0.006459091122712035,0.005084744475423619,0.017380235053033877,0.009641356883723176
2020-08-31,-0.0036224582391239935,0.008033613383691796,0.002386259791001155,0.0022658049785229855
2020-09-01,0.009418784271674863,0.017091688556022167,0.0011902895553947967,0.009233587461030607
2020-09-02,0.01446386547671863,0.009469361952317401,-0.013131628719242117,0.0036005329032646376
2020-09-03,-0.034414324292099674,-0.050700257118530545,-0.00810423703378893,-0.03107293948147305
2020-09-04,-0.008164705652085602,-0.013326304318613924,0.0027602959130217375,-0.006243571352559262
2020-09-08,-0.027322673959677912,-0.04806372713873308,-0.0019269219593246456,-0.025771107685911877
2020-09-09,0.01974715761664858,0.02937536307870614,0.00970825655471863,0.019610259083357784
2020-09-10,-0.01736362308237105,-0.019936394366293242,-0.0032231430104036063,-0.013507720153022632
2020-09-11,0.0005093474487023464,-0.006939735420630311,-5.486005292487661e-05,-0.0021617493416176132
2020-09-14,0.013170919797884428,0.017415175050252474,0.007892586821005798,0.012826227223047566
2020-09-15,0.005052311920781261,0.014173452094434325,-0.0023927480714920346,0.005611005314574516
2020-09-16,-0.003968380765043356,-0.015945972921279417,0.0028345831622316187,-0.005693256841363717
2020-09-17,-0.008795325851628788,-0.015622374867309552,-0.005489995652194879,-0.009969232123711072
2020-09-18,-0.011512775049852042,-0.012762879846432318,0.0013117087099276947,-0.007654648728785555
2020-09-21,-0.011129483953820185,0.002398447026554118,-0.020087296599797022,-0.009606111175687698
2020-09-22,0.010184617645800031,0.018578932693231742,-0.004846314367596194,0.007972411990478526
2020-09-23,-0.023191193064516336,-0.030534427670779407,-0.021606497297661065,-0.0251107060109856
2020-09-24,0.0026652344599173983,0.004655967375771786,0.003718800733685912,0.003680000856458365
2020-09-25,0.016167342333748058,0.023248995510362302,-0.0028499771605223767,0.012188786894529327
2020-09-28,0.016609139469641265,0.020768881192231525,0.01006056066236427,0.015812860441412353
2020-09-29,-0.005445894729689482,-0.00450933948082044,0.008432402483858015,-0.0005076105755506361
2020-09-30,0.007581789643172909,0.006849292337826274,-0.006004867330144381,0.0028087382169516
2020-10-01,0.006419898709535188,0.01587231948815404,0.008920516455577454,0.010404244884422226
2020-10-02,-0.009494384905347042,-0.028130923496535343,-0.0008953758525005462,-0.01284022808479431
2020-10-05,0.017733435510551177,0.02132610525079759,0.004872915921881216,0.014644152227743326
2020-10-06,-0.01421600947442525,-0.017847233783590766,-0.011760774579356315,-0.014608005945790776
2020-10-07,0.017406489098771294,0.01729886704425354,-0.0004512229536247636,0.01141804439646669
2020-10-08,0.008862650850746334,0.0053231364368886425,0.0035549310375408982,0.005913572775058625
2020-10-09,0.00892996099796739,0.015280227845033023,0.018161347296547614,0.014123845379849342
2020-10-12,0.016087456566617364,0.030870561074030745,-0.002871682500567352,0.014695445046693584
2020-10-13,-0.006525762761738774,-3.398812109811633e-05,-0.015728823528417535,-0.007429524803751475
2020-10-14,-0.006283560170018854,-0.008352355354989016,0.003094772946095059,-0.00384704752630427
2020-10-15,-0.0012358956539029187,-0.006711089375625812,0.003646120384284801,-0.0014336215484146428
2020-10-16,-0.0006044651969474568,-0.005480865682868541,-0.0034652086045857677,-0.0031835131614672547
2020-10-19,-0.01520335914888793,-0.016325576788047025,0.0005047466985432791,-0.010341396412797224
2020-10-20,0.004005797346492201,0.002149437598878867,0.0048209014703402,0.0036587121385704222
2020-10-21,-0.0018929224712092019,-0.000773234880976359,0.007531414803434222,0.0016217524837495536
2020-10-22,0.005485373028767837,-3.533586573700731e-05,-0.009800687777642647,-0.001450216871537272
2020-10-23,0.0033949648856845815,0.0019704330585594843,-0.001062475196895396,0.0014343075824495564
2020-10-26,-0.01847969330870103,-0.014995948105136159,-0.0005037860400700644,-0.011326475817969084
2020-10-27,-0.0034472781945820152,0.007808205636085752,0.0026323226696718383,0.0023310833703918585
2020-10-28,-0.03417913532708283,-0.038986345846893866,-0.01614344386479838,-0.02976964167959169
2020-10-29,0.01016376914876238,0.017486171724052868,-0.004144728133141373,0.007835070913224624
2020-10-30,-0.01042519691655186,-0.025362659535633547,0.004561020978312902,-0.0104089451579575
2020-11-02,0.011208614976444098,0.0022271009986434276,0.009704919089013941,0.007713545021367155
2020-11-03,0.01765603213778899,0.017297648832603985,0.005676996717700833,0.013543559229364602
2020-11-04,0.022349210627409022,0.04463880208626758,-0.0005588578456844351,0.022143051622664056
2020-11-05,0.019502821775614576,0.02607080367385839,0.022983923404670703,0.022852516284714554
2020-11-06,-0.00022843503530001197,0.0007470215412306302,0.0014213621387162423,0.0006466495482156202
2020-11-09,0.012565383732237034,-0.02043364579987028,-0.04427097823171633,-0.017379746766449856
2020-11-10,-0.0014663645191171915,-0.01791482737071526,0.0033127817282887495,-0.0053561367205145665
2020-11-11,0.007428545165082845,0.022369882280373288,-0.004326595410341194,0.008490610678371646
2020-11-12,-0.009701056149266196,-0.004693573421560182,0.006060679556170845,-0.0027779833382185113
2020-11-13,0.01384437721281273,0.008772679975004083,0.006819714153532219,0.00981225711378301
2020-11-16,0.012482735323815497,0.0078025232098553055,-5.650127239831271e-05,0.00674291908709083
2020-11-17,-0.0053781119092980445,-0.0031720021988930203,-0.0036691725592956637,-0.0040730955558289095
2020-11-18,-0.012034888371744823,-0.00739063929429673,-0.005722348480656891,-0.008382625382232814
2020-11-19,0.004209989191544805,0.00782490653184742,-0.0018804594035273237,0.003384812106621634
2020-11-20,-0.006847746137810473,-0.006840805490616719,0.0030257979459697992,-0.003554251227485797
2020-11-23,0.0059945884754721845,3.523513142700274e-05,-0.0196938167555728,-0.004554664382891205
2020-11-24,0.016113549690039086,0.014049404873499372,-0.015328336846880064,0.004944872572219464
2020-11-25,-0.001541629587438531,0.006146670318543324,-0.0004717367343725076,0.0013777679989107614
2020-11-27,0.0027846784709779637,0.009214786761701843,-0.010146901518740647,0.0006175212379797195
2020-11-30,-0.004427121220385799,0.002039676583524219,-0.006674981596057172,-0.0030208087443062506
2020-12-01,0.010937292890559114,0.012816333439467753,0.0210595460814611,0.014937724137162654
2020-12-02,0.002104077959727002,0.0012849687790466024,0.00752153069206285,0.0036368591436121513
2020-12-03,-0.0002727497448651306,0.001415413971431967,0.007873502810363364,0.003005389012310067
2020-12-04,0.008617768944671811,0.004074914750487713,-0.002835427586930339,0.0032857520360763948
2020-12-07,-0.0020551586409519595,0.005662750962474483,0.014914066598165077,0.006173886306562532
2020-12-08,0.002926554795951386,0.0033848295133536155,0.003487910186290799,0.0032664314985319334
2020-12-09,-0.008969200433912694,-0.022641178170968557,-0.017094017094017144,-0.016234798566299464
2020-12-10,-0.0003269583061580317,0.0040157262699200835,-0.001913054093070632,0.0005919046235638066
2020-12-11,-0.001172808800125047,-0.002214450547678326,0.0018586706605219216,-0.0005095295624271505
2020-12-14,-0.004476882207105404,0.00725515031559576,-0.005507636250083436,-0.0009097893805310269
2020-12-15,0.013519374798723227,0.010689412416241106,0.013990959829817351,0.012733249014927228
2020-12-16,0.0015695351398601343,0.005499619509282683,0.005519095329445722,0.004196083326196179
2020-12-17,0.005591807088228373,0.006537875556844597,0.010520363984510617,0.007550015543194528
2020-12-18,-0.003993040885110322,-0.0030228444590661985,-0.0016974258370123785,-0.0029044370603962992
2020-12-21,-0.0035754989077559918,-0.0018707408512644852,-0.003173869592184575,-0.0028733697837350167
2020-12-22,-0.0016853879881261191,0.0027193317035709708,-0.007903112071065643,-0.0022897227852069304
2020-12-23,0.0008987980913583993,-0.005036200809781177,0.00664787877129025,0.0008368253509558241
2020-12-24,0.003890429900104131,0.00441264218303461,0.003985267471422693,0.004096113184853811
2020-12-28,0.00859061842120723,0.010079012221977157,-0.003629142996869339,0.0050134958821050155
2020-12-29,-0.0019076611466772864,0.0008953083964926556,0.003642361648136694,0.0008766696326506875
2020-12-30,0.0014266233901822911,3.1928711748063776e-05,0.007655178894261816,0.003037910332064057
2020-12-31,0.0050811356015583176,0.002460245238921299,0.003714145601823482,0.003751842147434366
2021-01-04,-0.013614108348513176,-0.014119804941409297,0.022258360658879317,-0.001825184210347718
2021-01-05,0.006887191789233249,0.008244114491444465,0.0029616260665272787,0.006030977449068331
2021-01-06,0.005978622362479813,-0.013852467566492277,-0.01624105266038789,-0.00803829928813345
2021-01-07,0.014857199266959054,0.024192063013257936,-0.00233462025122122,0.012238214009665255
2021-01-08,0.005697867133918955,0.012858006509113729,-0.03420993723985433,-0.005218021198940548
2021-01-11,-0.0067407216481515375,-0.014449950963023817,-0.0019614419353504164,-0.0077173715155085905
2021-01-12,0.00021124447208187291,-0.00159042584494129,0.006473960214956609,0.0016982596140323971
2021-01-13,0.002692928336348155,0.006753408510222547,-0.004307374345463466,0.0017129875003690782
2021-01-14,-0.0035018325212640145,-0.005347454373738736,-0.0005190998467168306,-0.0031227955805731935
2021-01-15,-0.007292710034165317,-0.00792111077852864,-0.012407628760563338,-0.009207149857752431
2021-01-19,0.007851917131162178,0.014589519230458148,0.00847307255811236,0.010304836306577561
2021-01-20,0.013838495308297505,0.02326114264133028,0.016282289539807593,0.017793975829811792
2021-01-21,0.0009119542112003831,0.007999568506588783,-0.0006271772092728556,0.0027614485028387703
2021-01-22,-0.0035395412718244312,-0.002880193790101293,-0.007873145210082533,-0.004764293424002752
2021-01-25,0.003943884476846682,0.008266068686946904,0.0008626173693986328,0.0043575235110640724
2021-01-26,-0.0015611817989749088,0.001463158851400026,-0.0024705999829396363,-0.0008562076435048397
2021-01-27,-0.02444035333989647,-0.02787672473402314,-0.006335623059913753,-0.019550900377944453
2021-01-28,0.008600356970774659,0.005916738761645224,0.0009273614616172043,0.005148152398012361
2021-01-29,-0.020019679817412483,-0.0210382396529738,-0.0004053281700162614,-0.013821082546800848
2021-02-01,0.01664559043453151,0.024987258403190715,0.009385291185094458,0.017006046674272225
2021-02-02,0.014140044850566635,0.01631415898965205,-0.012167796413785958,0.006095469142144242
2021-02-03,0.0007862720754627794,-0.003967256116342854,-0.0015106298641213156,-0.00156387130166713
2021-02-04,0.011366166649782405,0.011826806855831595,-0.021530474690833024,0.0005541662715936582
2021-02-05,0.003935611707417186,0.0033911891507145686,0.009872160109213546,0.0057329869891150995
2021-02-08,0.007221885685773977,0.00670000035197571,0.010070118005137685,0.007997334680962457
2021-02-09,-0.0006657220315111623,-0.0002099688920975673,0.0032649110578624185,0.0007964067114178963
2021-02-10,-0.00043566045468013126,-0.002278763792853522,0.0036611162023989507,0.0003155639849550991
2021-02-11,0.001614912703971516,0.005499523123309258,-0.008685078696598514,-0.0005235476231059133
2021-02-12,0.004939972678147164,0.0055891885638184036,-0.0030372306060941767,0.00249731021195713
2021-02-16,-0.0008661008286341421,-0.002704812739733553,-0.014353488272303538,-0.005974800613557077
2021-02-17,0.00022955189041429236,-0.00479825776158771,-0.011352850687983307,-0.0053071855197189075
2021-02-18,-0.004256121451651218,-0.004372065038007356,-6.0088418961767864e-05,-0.0028960916362067803
2021-02-19,-0.001765864963020114,-0.004361208858566279,0.004148551901348441,-0.000659507306745984
2021-02-22,-0.007691599860860543,-0.02592001413919376,0.014969164015496528,-0.006214149994852591
2021-02-23,0.001214169145022037,-0.0029772867869664044,-0.0023007456922117253,-0.0013546211113853641
2021-02-24,0.011019272531240132,0.008243144170845262,-0.0007095264939214196,0.006184296736054658
2021-02-25,-0.024095625465807013,-0.034862545204452644,-0.018816524708764826,-0.025924898459674824
2021-02-26,-0.005152778126404467,0.004187724525918535,-0.024182906697045592,-0.008382653432510509
2021-03-01,0.02424020172459951,0.03008206864192786,-0.0017304170540851649,0.017530617770814067
2021-03-02,-0.007803071116826099,-0.016038815476471124,0.005447934683729505,-0.00613131730318924
2021-03-03,-0.01324559282322213,-0.029020147415866338,-0.011021541189334294,-0.017762427142807586
2021-03-04,-0.012374903729015285,-0.016366842896844425,-0.009836893780889033,-0.01285954680224958
2021-03-05,0.018396743644544022,0.015060596266683657,0.0006288110395962221,0.0113620503169413
2021-03-08,-0.004978965526251655,-0.02831396562379629,-0.010368190918767173,-0.014553707356271706
2021-03-09,0.014277377335766728,0.03944112868078764,0.02127113294736649,0.024996546321306948
2021-03-10,0.0062245913931422425,-0.002854422818558522,0.005098279923459348,0.002822816166014356
2021-03-11,0.010139166888400775,0.02303104401532119,-0.000866011298261804,0.010768066535153387
2021-03-12,0.0013467824502035874,-0.008112175746628258,-0.00018572795011984056,-0.0023170404155148368
2021-03-15,0.005963544661821807,0.010682998661927234,0.004396503999798185,0.007014349107849075
2021-03-16,-0.0012611356721150546,0.005488606605765112,0.0009248406787658592,0.0017174372041386388
2021-03-17,0.003409639934452091,0.004117558679832545,0.00714498527693741,0.004890727963740682
2021-03-18,-0.014549425082523104,-0.03063069062023227,-0.005810023730399405,-0.016996713144384924
2021-03-19,-0.0018505877293012452,0.0035255445400528274,0.004183119739068708,0.00195269218327343
2021-03-22,0.0079853259752376,0.018753120570802695,-0.0014702614866924923,0.008422728353115933
2021-03-23,-0.007870915221380614,-0.00436268418907404,-0.007300628474884996,-0.006511409295113216
2021-03-24,-0.005083633440457702,-0.016865049532944987,0.0034608341081703298,-0.006162616288410786
2021-03-25,0.005625692496802781,-0.0017318294937346268,-0.003633653726877295,8.673642539695336e-05
2021-03-26,0.016114793293155127,0.01500050914483797,0.0028434090575977233,0.011319570498530274
2021-03-29,-0.0005049749630369194,-0.00028503189996131884,-0.011896005111092234,-0.004228670658030157
2021-03-30,-0.0026529546027918016,-0.005032979850142727,-0.017091823816998808,-0.008259252756644445
2021-03-31,0.004053338989965738,0.015302919399509785,0.015167857324082767,0.011508038571186097
2021-04-01,0.010799102328544974,0.017046345754429426,0.012628087827510459,0.013491178636828286
2021-04-05,0.014353100584550083,0.019964613876400472,-0.0003704010382533651,0.011315771140899062
2021-04-06,-0.00059058783885646,-0.000694687471470723,0.00802867506459215,0.002247799918088322
2021-04-07,0.001157513464261184,0.002418298445549416,-0.002818323186048577,0.0002524962412540076
2021-04-08,0.004746683227499604,0.010433538229519534,0.01075202788807239,0.00864408311503051
2021-04-09,0.0072699407755629775,0.0060582344391382215,-0.00753747660190629,0.0019302328709316363
2021-04-12,0.0003645355837362807,-0.0013050976507215095,-0.006063609158189043,-0.002334723741724757
2021-04-13,0.0029637665571866645,0.011673235437023033,0.007086479573175097,0.007241160522461598
2021-04-14,-0.0034152955060176016,-0.01200818569776696,-0.004344315528953313,-0.006589265577579291
2021-04-15,0.010742783857854432,0.015155270089545647,0.016162763416190717,0.014020272454530264
2021-04-16,0.0033422883765481526,0.001171141805200726,0.006047777218550321,0.0035204024667663996
2021-04-19,-0.004913041003507312,-0.009151890565027965,-0.0027652942409929215,-0.005610075269842732
2021-04-20,-0.007321566838499272,-0.007288674698078812,0.0035565515706876827,-0.003684563321963467
2021-04-21,0.009462287514007128,0.008561005905326269,0.009911155680072392,0.009311483033135263
2021-04-22,-0.009133295871719072,-0.012054364848647081,-0.006483147356353358,-0.009223602692239836
2021-04-23,0.01084251178724771,0.01258924173115461,-0.003831414124593202,0.006533446464603038
2021-04-26,0.002087418951861819,0.006511128855684278,0.002644245538133694,0.0037475977818932638
2021-04-27,-0.0002154062199682949,-0.004332269955746537,-0.002517371003141977,-0.002355015726285603
2021-04-28,-0.0002874009406319544,-0.0033806978414882005,0.002944390689552989,-0.00024123603085572198
2021-04-29,0.006372748535937278,0.0035987027174009256,-0.004133978948338446,0.001945824101666586
2021-04-30,-0.0065703293906937965,-0.0065546704953678425,-0.0033690142851713345,-0.005498004723744324
2021-05-03,0.0021566038889677674,-0.005325744881944927,0.012978352341882271,0.0032697371163017035
2021-05-04,-0.006169268587176591,-0.017995584891391192,-0.007329692780131181,-0.010498182086232988
2021-05-05,0.00031299109295601646,-0.0033620953949391463,0.004142168530566259,0.0003643547428610432
2021-05-06,0.007985512518760007,0.00753710666116314,0.01667957921247054,0.010734066130797896
2021-05-07,0.0072778131759045905,0.008114808828114217,0.00899681760120985,0.008129813201742886
2021-05-10,-0.0099023869984054,-0.025254387866288197,0.0030305045955998366,-0.010708756756364585
2021-05-11,-0.008924774115733114,-0.0013815909576534446,0.000174300035968189,-0.0033773550124727896
2021-05-12,-0.021244886694860132,-0.025882798108426308,-0.009933813872024522,-0.019020499558436984
2021-05-13,0.012012271895797344,0.007730974255949041,0.004107329913244362,0.00795019202166358
2021-05-14,0.015355406825460882,0.02207676377161838,0.009115862292308208,0.015516010963129157
2021-05-17,-0.0025445544741317105,-0.00606636239524716,0.011639321781340195,0.001009468303987108
2021-05-18,-0.008615830233022037,-0.006749991872565753,0.001946172546249958,-0.004473216519779276
2021-05-19,-0.002621645854746779,0.0011476251847939434,0.000685616890880425,-0.00026280125969080354
2021-05-20,0.010758208566796545,0.019343511800519186,0.004567270124640199,0.01155633016398531
2021-05-21,-0.0008189707772894295,-0.0055347034812049944,0.0004545724551812125,-0.0019663672677710706
2021-05-24,0.010194130109292265,0.016819075488529345,0.001761036294059215,0.009591413963960274
2021-05-25,-0.0022186482587139844,0.0013834635956022634,0.009072814229376336,0.002745876522088205
2021-05-26,0.001984688938251322,0.0034835691058363594,-0.0017420486873281904,0.001242069785586497
2021-05-27,0.0005247573612794376,-0.003740759399974758,0.00039409662496781017,-0.00094063513790917
2021-05-28,0.0017888489457074108,0.0031540666511500337,0.003770176937892389,0.0029043641782499443
2021-06-01,-0.0008808948987489851,-0.0033237481546386505,-0.0026909461441234628,-0.0022985297325036993
2021-06-02,0.001572646028656921,0.0019530359507313744,0.004890446350902078,0.002805376110096791
2021-06-03,-0.003711390503030154,-0.010405675091549216,-0.019578228541437537,-0.011231764712005635
2021-06-04,0.009145910026104875,0.01696938382617641,0.010783359066451448,0.01229955097291091
2021-06-07,-0.0009704399149323972,0.002979817726899592,0.0040076283608136976,0.002005668724260297
2021-06-08,0.00021337983099689595,0.0004753169551319214,-0.0030920774052216604,-0.0008011268730309477
2021-06-09,-0.00149194379827855,0.00023745208305769872,-0.0019175027218333307,-0.0010573314790180606
2021-06-10,0.004648469226266716,0.010420456781129017,0.004294325821970535,0.0064544172764554215
2021-06-11,0.0016522871951376583,0.0026147616559837328,-0.011252390785353672,-0.00232844731141076
2021-06-14,0.002238944478191618,0.009582721818112816,-0.005860923791407013,0.0019869141682991405
2021-06-15,-0.0018340670423182548,-0.006530985605952222,-0.0037777095572453234,-0.0040475874018386
2021-06-16,-0.005583234029620798,-0.0036520856735294815,-0.016891711518855712,-0.00870901040733533
2021-06-17,-0.0003315386115594343,0.012697597058759502,-0.030740427140865334,-0.006124789564555089
2021-06-18,-0.013490457534504952,-0.00784726208679376,-0.005547261946798776,-0.008961660522699163
2021-06-21,0.014315828506264783,0.0062148138013742305,0.012247646651096789,0.0109260963195786
2021-06-22,0.005346160974933456,0.009321623827765801,-0.0041928539145718036,0.003491643629375818
2021-06-23,-0.001205341160783746,0.0004892758301540123,-0.0006616578066259704,-0.0004592410457519014
2021-06-24,0.005915995765281679,0.0061826772183297685,-0.0006019387497473438,0.0038322447446213674
2021-06-25,0.003552164027238014,-0.0012290990917553923,0.0033124733437563947,0.0018785127597463387
2021-06-28,0.002015713009492659,0.012161963104506679,-5.999463986816611e-05,0.00470589382471039
2021-06-29,0.0005380513192798642,0.0036188479873147106,-0.010505462725200698,-0.002116187806202041
2021-06-30,0.0008416845233569781,-0.001577548200081158,0.004853503869870712,0.0013725467310488442
2021-07-01,0.005536487060744166,0.00039498801727733124,0.0034413575356286863,0.003124277537883395
2021-07-02,0.00764348421019978,0.01147868687298681,0.006558341503640763,0.008560170862275784
2021-07-06,-0.001821111310027379,0.004321747006385657,0.004961455343207799,0.002487363679855359
2021-07-07,0.0035339260216602497,0.002110106160078118,0.003806801143447114,0.003150277775061827
2021-07-08,-0.008148122873665842,-0.006039689612904797,-0.0006518168637834609,-0.0049465431167847
2021-07-09,0.01067479698760665,0.006243534299339659,0.003320562334123478,0.006746297873689928
2021-07-12,0.0035821855170243833,0.0039058481629290487,-0.001241101031467462,0.0020823108828286565
2021-07-13,-0.003409082589683421,0.0,0.001301782371024407,-0.0007024334062196712
2021-07-14,0.0014920123666717355,0.0017933561572878176,0.010755182911599048,0.004680183811852867
2021-07-15,-0.003415573151333118,-0.00702347924001645,0.00017547964957964624,-0.0034211909139233074
2021-07-16,-0.007843544885131393,-0.00809924627301395,-0.00970365108457183,-0.008548814080905723
2021-07-19,-0.014767745158309031,-0.00819360682699155,0.0011805498135817327,-0.00726026739057295
2021-07-20,0.014330251482813416,0.011616511918448591,-0.001297100524211059,0.008216554292350315
2021-07-21,0.00809634625531963,0.0077204142374853735,-0.0037192566567244567,0.004032501278693515
2021-07-22,0.0020941473653079967,0.0066102108989858355,0.001955450591350383,0.0035532696185480712
2021-07-23,0.010287867278016671,0.011677234774955858,-0.0031344183025339145,0.006276894583479538
2021-07-26,0.0024548019563008783,0.0007875908746384219,-0.0023730060647713103,0.0002897955887226633
2021-07-27,-0.004557304922080285,-0.011017936232815106,0.0016650735799190741,-0.004636722524992106
2021-07-28,-0.000410260590595235,0.0038416685829565367,0.005046252863966982,0.002825886952109428
2021-07-29,0.004147594604213101,0.0017769839957977318,0.011105233370970247,0.005676603990327026
2021-07-30,-0.004856565663152401,-0.005211666293418071,-0.007886842666167015,-0.005985024874245829
2021-08-02,-0.002097946670530537,8.194111780279734e-05,-0.0012366429443513294,-0.001084216165693023
2021-08-03,0.008135283316058173,0.006061593455114256,-0.0007074766626713469,0.004496466702833693
2021-08-04,-0.004918638623503613,0.0014446730595649715,0.0002359625041987723,-0.001079334353246623
2021-08-05,0.006332844770549739,0.00634304290229859,-0.0039520921003340925,0.002907931857504746
2021-08-06,0.0016523354621644781,-0.004382320224112668,-0.024991124040327772,-0.009240369600758653
2021-08-09,-0.0008137730423293243,0.0018476883177245274,-0.017735654639032372,-0.005567246454545723
2021-08-10,0.0012440307571375264,-0.005125797150788536,0.00030919522248562537,-0.001190857057055128
2021-08-11,0.002484970134996045,-0.0017171449447945797,0.01378497662510525,0.004850933938435571
2021-08-12,0.002997087011541444,0.003604375947333649,0.0002438615008097944,0.002281774819894962
2021-08-13,0.0018196981777562904,0.0035098076459083583,0.014325811995228088,0.006551772606297578
2021-08-16,0.0023546620250503025,0.00043388767620888835,0.004988291568599701,0.0025922804232862973
2021-08-17,-0.006555168006998957,-0.008808045658356134,-0.0014950364679763295,-0.005619416711110473
2021-08-18,-0.010945013446050145,-0.00962462914568818,0.0007786122169375354,-0.006597010124933596
2021-08-19,0.0015482905311234862,0.004831473998922364,-0.002932408589264246,0.0011491186469272012
2021-08-20,0.007957082780577718,0.010358475552280089,0.0005401616803368814,0.006285240004398228
2021-08-23,0.008796513622363333,0.014956326145770582,0.012177557387281546,0.011976799051805152
2021-08-24,0.0015875569873533557,0.00305440588338568,-0.00047414113127741686,0.001389273913153873
2021-08-25,0.002098250944894353,0.0011487285072233622,-0.006937433805443538,-0.0012301514511086074
2021-08-26,-0.00590312597716558,-0.006349938539374045,0.0011344784228162208,-0.003706195364574467
2021-08-27,0.008940927044707392,0.009720240797181257,0.015029547921398434,0.01123023858776236
2021-08-30,0.0043974522943361904,0.011221773929192214,-0.0049356385559711224,0.0035611958891857603
2021-08-31,-0.0014815177430503867,-0.0008149583180451225,0.0020076547129428413,-9.627378271755604e-05
2021-09-01,0.0005314015355761814,0.0016582265616180702,5.8898619200498104e-05,0.0007495089054649166
2021-09-02,0.0030767193839971174,-0.00047319534680501096,-0.0026517204262498373,-1.6065463019243717e-05
2021-09-03,-0.00024280609490845428,0.0030760272485208517,0.01069422486613747,0.004509148673249955
2021-09-07,-0.0035753773164608482,0.0014149138129673222,-0.01958371853465668,-0.007248060679383402
2021-09-08,-0.0012183932686482546,-0.003480811427285735,-0.0025044029033459703,-0.0024012025330933198
2021-09-09,-0.004280078438415269,-0.003440117332470072,0.004423489287242344,-0.0010989021612143322
2021-09-10,-0.007884685116578583,-0.007589544266872306,-0.005058656845151166,-0.006844295409534018
2021-09-13,0.002559148795678201,-0.0006903009501720847,0.0033497597913456634,0.0017395358789505933
2021-09-14,-0.005396525599132174,-0.002843243742787216,0.006438546534438316,-0.0006004076024936911
2021-09-15,0.008352777373459297,0.007434695962891924,-0.005864266379652205,0.0033077356522330055
2021-09-16,-0.0015851406352110908,0.0006877182650835145,-0.02264197706190263,-0.007846466477343403
2021-09-17,-0.009741204485922306,-0.011842186525014897,-0.0015850424237688898,-0.007722811144902031
2021-09-20,-0.016674120302043627,-0.020663072952223693,0.0071441542310690664,-0.010064346341066085
2021-09-21,-0.0009446974077511605,0.0012302321542470018,0.006669036185550814,0.0023181903106822186
2021-09-22,0.009755016348180767,0.009340695305014357,-0.0037340107339023376,0.0051205669730975956
2021-09-23,0.012149986909840926,0.009226801512597138,-0.011546389089901132,0.00327679977751231
2021-09-24,0.001647216212679048,0.0009384986917948535,-0.00128427290155253,0.00043381400097379036
2021-09-27,-0.0028608958235496473,-0.007982211494613423,0.00208203509820426,-0.0029203574066529363
2021-09-28,-0.02015218553093312,-0.028297732524233843,-0.009716428402719801,-0.01938878215262892
2021-09-29,0.001683294746103181,-0.001639185434816226,-0.004504756024632184,-0.0014868822377817428
2021-09-30,-0.012222354326085538,-0.0036742894161895245,0.01797665363761114,0.000693336631778692
2021-10-01,0.011884242459084593,0.006202032396513069,0.0022530453929923144,0.006779773416196659
2021-10-04,-0.012896024481564461,-0.020989934229149854,0.0046783175745395145,-0.009735880378724934
2021-10-05,0.010404889997605915,0.013499173131886089,-0.004656532835140448,0.006415843431450519
2021-10-06,0.004156281786376059,0.006408008410884625,0.0026733243283083574,0.00441253817518968
2021-10-07,0.00864554478771784,0.009174933666918683,-0.005271739220885419,0.004182913077917035
2021-10-08,-0.0018236411803080887,-0.004986498325833977,0.00042636491147840516,-0.002127924864887887
2021-10-11,-0.0072398763860812565,-0.0076696936905972235,-0.0018875818465466931,-0.005599050641075058
2021-10-12,-0.002461540627175962,-0.0034878800637627716,0.004514430828637339,-0.00047832995410046486
2021-10-13,0.003597575905331496,0.008008091468777456,0.017794197805277356,0.009799955059795435
2021-10-14,0.016820748287032616,0.01841645950127435,0.0024464685904206362,0.012561225459575867
2021-10-15,0.007615730393773168,0.006300652734669399,-0.015892846243722114,-0.0006588210384265158
2021-10-18,0.002960664436228333,0.010056049610128515,-0.0024799108302698825,0.0035122677386956553
2021-10-19,0.0077146128209812925,0.0075673177041954975,0.003213671993580469,0.0061652008395857525
2021-10-20,0.003927772948693509,-0.0013051344210650573,0.008763958748792211,0.003795532425473554
2021-10-21,0.0026083665284473145,0.006106991338635348,-0.0008987052245035265,0.002605550880859712
2021-10-22,-0.001036154695025715,-0.008402477690610421,0.006116967151190034,-0.0011072217448153676
2021-10-25,0.005362634154743917,0.010238253909066186,0.006914158513320778,0.007505015525710293
2021-10-26,0.0009002340608559312,0.003148469424307798,-0.00739951491266011,-0.0011169371424987933
2021-10-27,-0.0044304502261409695,0.0023210900630998843,0.002624060476058121,0.00017156677100567852
2021-10-28,0.00964910180001377,0.011105182564562499,-0.00023788536339730548,0.0068387996670596545
2021-10-29,0.0020289786527243336,0.00491917878850634,-0.008507900517562339,-0.0005199143587772217
2021-11-01,0.0017201935642989774,0.003418726934229843,0.005220584505493342,0.003453168334674054
2021-11-02,0.0040433520924116895,0.0041813415073828075,-0.0021490007233168074,0.0020252309588258965
2021-11-03,0.006105079237079369,0.010615786847181674,-0.008315382622616663,0.0028018278205481266
2021-11-04,0.004712601156652507,0.012818338407744934,0.011340951773961994,0.009623963779453144
2021-11-05,0.0034694074869632274,0.0009542641797322116,0.0130629437586407,0.0058288718084453794
2021-11-08,0.0008538287072759054,-0.0013547751133989872,0.003591619309376348,0.001030224301084422
2021-11-09,-0.003305303853214925,-0.006883201316337573,0.0049281100201232775,-0.00175346504980974
2021-11-10,-0.008044942596461269,-0.014697062685113504,0.010858781500706183,-0.003961074593622863
2021-11-11,0.0003235679101227795,0.0027727022811427915,0.005602086369596027,0.002899452186953866
2021-11-12,0.0075468207612172655,0.010522624148557203,0.0018952552280546708,0.006654900045943045
2021-11-15,0.000342354877752582,-0.00022815953404853317,-0.0015477459282561279,-0.00047785019485069297
2021-11-16,0.003957911237255196,0.007121284556705243,-0.007233864736584827,0.0012817770191252036
2021-11-17,-0.002429290083563629,0.0005282806393682726,0.009137183945092442,0.002412058166965695
2021-11-18,0.003396467734738229,0.010361125044928254,-0.0032091550635745536,0.0035161459053639765
2021-11-19,-0.0017883832004229605,0.005575748079859721,-0.007646325240812324,-0.0012863201204585208
2021-11-22,-0.0028151728905986273,-0.011609196948387246,-0.022420457120115533,-0.012281608986367135
2021-11-23,0.0013260786274829073,-0.004557820961964554,-0.008652404091134991,-0.003961382141872212
2021-11-24,0.0026699175249502716,0.003220176580641665,-0.0009565020521100642,0.0016445306844939576
2021-11-26,-0.022303288054179693,-0.018958688065497165,-0.001615539860939763,-0.014292505326872207
2021-11-29,0.012266693103688553,0.021702469572260963,-0.0013785494630753625,0.010863537737624716
2021-11-30,-0.019457680052037185,-0.014686396063446239,-0.006721853018899604,-0.013621976378127676
2021-12-01,-0.011107000609002049,-0.01701293549067895,0.003987937535404162,-0.008043999521425612
2021-12-02,0.015316005316588388,0.007207137032484434,-0.005536820827328315,0.005662107173914835
2021-12-03,-0.008701079377015919,-0.01738896603748552,0.008412002804647267,-0.0058926808699513895
2021-12-06,0.011843366278510903,0.008013251982796454,-0.002460563224478851,0.005798685012276168
2021-12-07,0.02068486532618352,0.03011379842850359,0.003549490636251651,0.01811605146364625
2021-12-08,0.00264764883806623,0.0044743105535822725,0.0005395140531609943,0.0025538244816031654
2021-12-09,-0.006751273346123132,-0.0147143345382722,-0.006111378376110088,-0.009192328753501806
2021-12-10,0.009413405076316828,0.010870301423538953,0.004219899491422874,0.00816786866375955
2021-12-13,-0.00885849821140905,-0.01444660289184585,0.00252130006200435,-0.0069279336804168494
2021-12-14,-0.00688004274869658,-0.01035042188196933,-0.009341302746070368,-0.008857255792245425
2021-12-15,0.015625110852070856,0.02279762174956157,0.004291534360497673,0.014238088987376699
2021-12-16,-0.008818529999704783,-0.0257148700000831,0.012097561477355745,-0.007478612840810713
2021-12-17,-0.010642892799192505,-0.004989146227845076,-0.002140821851282393,-0.005924286959439991
2021-12-20,-0.0106333233841569,-0.00970035310659556,-0.0042312675861405635,-0.008188314692297674
2021-12-21,0.01775917398116511,0.02238030934912527,-0.0004188884251822289,0.013240198301702717
2021-12-22,0.009998538917535438,0.01217863317173129,0.009400024100517657,0.010525732063261461
2021-12-23,0.006221984771532796,0.0075391532141217965,0.0022540179789249937,0.005338385321526529
2021-12-27,0.014152121539763085,0.016527136549566723,0.002367247994286892,0.011015502027872232
2021-12-28,-0.0008170631435611142,-0.00463476978463806,-0.004310065233419702,-0.0032539660538729582
2021-12-29,0.0012791376706349222,-0.00014935067217569653,-0.0002965076609273698,0.0002777597791772853
2021-12-30,-0.002764426154866384,-0.002988162738112976,0.0071772153754725565,0.0004748754941643987
2021-12-31,-0.0025203351491971393,-0.006244748048961912,0.00683158799329231,-0.000644498401622247
2022-01-03,0.00578995482308331,0.009626777753342974,-0.015383743445999576,1.0996376808902752e-05
2022-01-04,-0.0003347190339234585,-0.012970624440911238,0.007366515057776857,-0.001979609472352613
2022-01-05,-0.01920232634948993,-0.030720817253164556,-0.00300766493835114,-0.017643602847001876
2022-01-06,-0.000939470784411478,-0.0007030214985639383,-0.012244126909514819,-0.004628873064163411
2022-01-07,-0.003953480086905881,-0.010832693630916435,0.004551137683908024,-0.00341167867797143
2022-01-10,-0.0012443544947591256,0.0006582010613469524,0.0030402057039400354,0.0008180174235092874
2022-01-11,0.009108440890343239,0.01502211982570878,0.0120646549718888,0.012065071895980271
2022-01-12,0.0027033799015159232,0.003965362011150608,0.002642622730480104,0.0031037882143822118
2022-01-13,-0.01377854578118598,-0.025015873632923902,-0.0033969884760131075,-0.014063802630040995
2022-01-14,0.0004090793125122172,0.006222548800379091,-0.0028796749096049457,0.0012506510677621203
2022-01-18,-0.01770975062228397,-0.024894029799859663,-0.001650255097062403,-0.014751345173068678
2022-01-19,-0.010383377331297128,-0.010983583463314184,0.015880526897095182,-0.0018288112991720435
2022-01-20,-0.01106812611436181,-0.012988674959472757,-0.0024988838330701757,-0.008851894968968247
2022-01-21,-0.01963052262949605,-0.027728591874935038,-0.0032624385581478954,-0.01687385102085966
2022-01-24,0.004246428676689673,0.0045778210852542855,0.005494198734739664,0.004772816165561207
2022-01-25,-0.012208910431783737,-0.023181440285672816,0.0031971345443269072,-0.010731072057709881
2022-01-26,-0.0025088846377400165,-0.0015647610076173768,-0.016166464916677392,-0.006746703520678261
2022-01-27,-0.004937813884852149,-0.010070351617883277,-0.012898211138547944,-0.009302125547094456
2022-01-28,0.0248353509440844,0.0313690999976457,-0.0029832934474428585,0.01774038583142908
2022-01-31,0.018011013767723183,0.031978458929978526,0.005924537392067553,0.018638003363256418
2022-02-01,0.006757167861911162,0.006803385318219224,0.0008328835308379912,0.004797812236989459
2022-02-02,0.009713883044871086,0.008125115327013877,0.0036259919505645666,0.007154996774149842
2022-02-03,-0.023504806137934153,-0.04054341780715853,-0.0014214062993387344,-0.02182321008147714
2022-02-04,0.00470210113025149,0.012614634228579558,0.0015420788696549614,0.0062862714094953365
2022-02-07,-0.003209189310508953,-0.008044423831122582,0.007402581993851909,-0.0012836770492598753
2022-02-08,0.008227665708141707,0.011235244400221722,0.003056870675416823,0.007506593594593417
2022-02-09,0.014636279176952316,0.021190750649304313,0.0033991784238243117,0.01307540275002698
2022-02-10,-0.017965616945647356,-0.022632422657571927,-0.0037965605384254753,-0.014798200047214919
2022-02-11,-0.019718767567823536,-0.031721718569512336,0.019054878321533186,-0.010795202605267562
2022-02-14,-0.0032694468206433402,0.0012389723372105976,0.005350715998122091,0.001106747171563116
2022-02-15,0.016126991087907827,0.024864249120783555,-0.009499848975192515,0.010497130411166289
2022-02-16,0.0011208962633302288,-0.0002529877795098834,0.010284254451501385,0.003717387645107243
2022-02-17,-0.021361349274840347,-0.02974371897152772,0.013668073780773726,-0.012478998155198113
2022-02-18,-0.006475255894941356,-0.011405318619527316,-0.0007334549100845855,-0.006204676474851086
2022-02-22,-0.010731543721913206,-0.010043737597928204,0.0020890378623359407,-0.006228747819168489
2022-02-23,-0.017738583031969624,-0.025615417798751317,0.0045072272703239324,-0.012948924520132335
2022-02-24,0.01504883324442452,0.033604862673081826,-0.006450131470019049,0.0140678548158291
2022-02-25,0.022064148350680934,0.015507051373476521,-0.003330678220184624,0.011413507167990944
2022-02-28,-0.002558472707895665,0.0029785661184520418,0.010365345791119474,0.0035951464005586167
2022-03-01,-0.015230208035199033,-0.015311202839063731,0.018163415997793697,-0.004125998292156355
2022-03-02,0.01839617094489543,0.01677934101855949,-0.010406339832951472,0.008256390710167816
2022-03-03,-0.004978504622087709,-0.014285027640192682,0.005953415398956663,-0.004436705621107909
2022-03-04,-0.008124639389802901,-0.01449177195889606,0.015929145881701023,-0.002229088488999312
2022-03-07,-0.029479352677985293,-0.036881225712264265,0.014862865283030047,-0.01716590436907317
2022-03-08,-0.007581651514060539,-0.004648336304852729,0.027358997610294145,0.005043003263793626
2022-03-09,0.026810850132547914,0.03599832236984768,-0.029711176156991925,0.011032665448467888
2022-03-10,-0.004515583642942134,-0.011104705684703564,0.0031212277978962533,-0.004166353843249815
2022-03-11,-0.012715027898951847,-0.020738049208015474,-0.007027884128157469,-0.013493653745041596
2022-03-14,-0.007308201688855265,-0.019205146489552072,-0.01507371193113849,-0.013862353369848607
2022-03-15,0.02199042386380623,0.03136702254996804,-0.01870545038411886,0.01155066534321847
2022-03-16,0.022174191324148218,0.03708650397895541,0.006260803404375848,0.021840499569159826
2022-03-17,0.012510784709939271,0.01210645048384773,0.004888644573449508,0.009835293255745501
2022-03-18,0.010952795721182795,0.020468257556410574,-0.008789852082788041,0.007543733731601775
2022-03-21,-0.0002922599909382928,-0.0027805100826736595,0.007640798069546317,0.0015226759986447882
2022-03-22,0.011701311443562679,0.01965271565652471,-0.007250775291250955,0.008034417269612144
2022-03-23,-0.012878323357668586,-0.014371469825372962,0.013659661796972422,-0.0045300437953563755
2022-03-24,0.01507434885059622,0.022226767943840375,0.007260367097212672,0.014853827963883088
2022-03-25,0.004883556451546811,-0.000834066212172857,-0.004095451209537915,-1.5320323387987052e-05
2022-03-28,0.007113065297022381,0.015472401527194979,-0.018203790082975457,0.0014605589137472999
2022-03-29,0.012370797989234683,0.01720967844139043,0.00044678784846130526,0.010009088093028804
2022-03-30,-0.006174685554583004,-0.011045562512766893,0.008038419372069505,-0.003060609565093464
2022-03-31,-0.015391433306079949,-0.012394757566961179,0.00038759588392967004,-0.009132864996370485
2022-04-01,0.0028340719493600286,-0.0019032155025553443,-0.006365867342034703,-0.0018116702984100064
2022-04-04,0.008566638596647635,0.020588588268238395,0.004846769455083555,0.011333998773323195
2022-04-05,-0.012631240980566893,-0.02220418305449079,-0.006264842571455875,-0.013700088868837852
2022-04-06,-0.00999951539050925,-0.021711526888020027,0.002343216670796844,-0.009789275202577477
2022-04-07,0.005038997779055254,0.0023780552648620112,0.003784886240234986,0.0037339797613840835
2022-04-08,-0.002674092114565818,-0.013979295444854545,0.006265969312183373,-0.0034624727490789966
2022-04-11,-0.017092097432504838,-0.0236572922730508,0.004959463770487282,-0.011929975311689451
2022-04-12,-0.0037051935403568104,-0.00422428178937484,0.007676751619003053,-8.424123690953245e-05
2022-04-13,0.011453628473765631,0.020327033534071726,0.004788537865617837,0.01218973329115173
2022-04-14,-0.012451740852141291,-0.022867015752085273,-0.003303550666205579,-0.012874102423477382
2022-04-18,0.00041100770966262523,0.0007682307603003036,0.0030971927027434454,0.0014254770575687912
2022-04-19,0.016142755464064296,0.02235067633449095,-0.015112904376299419,0.007793509140751941
2022-04-20,-0.0007414932071926339,-0.014584378643504481,0.004894947496407287,-0.003476974784763275
2022-04-21,-0.01495349105040078,-0.020690957201027538,-0.0035576001936850066,-0.013067349481704441
2022-04-22,-0.02743920374029296,-0.026185953094467473,-0.0097220932450649,-0.021115750026608444
2022-04-25,0.005797522709006575,0.012845706798403356,-0.017970993150090764,0.00022407878577305595
2022-04-26,-0.02896072182342846,-0.03774491084259968,0.001525017044941901,-0.02172687187369541
2022-04-27,0.0028116255194237105,-0.0011982877200553688,-0.00755702425744631,-0.0019812288193593224
2022-04-28,0.025259330484932008,0.03551588585111465,0.005398323510093839,0.022057846615380163
2022-04-29,-0.03695559951384708,-0.044998539957452954,-0.00011297696546286318,-0.027355705478920966
2022-05-02,0.006019575332823601,0.01669589146160222,-0.018540493535693647,0.0013916577529107244
2022-05-03,0.004583989782637632,0.0010675168236460308,0.00264926246698316,0.0027669230244222742
2022-05-04,0.030453047378085296,0.033812186491517515,0.009822544372671826,0.02469592608075821
2022-05-05,-0.0355429418717198,-0.05036408159230088,-0.003811138551277793,-0.029906054005099488
2022-05-06,-0.005968945263649883,-0.011980709541093315,0.0016558743678838361,-0.005431260145619787
2022-05-09,-0.03201735848303178,-0.03912706669136068,-0.014479496708730832,-0.028541307294374426
2022-05-10,0.002310604002800254,0.012148860151403484,-0.008445202872691127,0.002004753760504204
2022-05-11,-0.015886192178989456,-0.029658342808126625,0.008167128516088473,-0.012459135490342534
2022-05-12,-0.0010438054153735221,-0.0023640664476595186,-0.015333925720196762,-0.006247265861076601
2022-05-13,0.0239080036534689,0.03705991505567052,-0.00810956630229509,0.017619450802281444
2022-05-16,-0.0040576044125048005,-0.011591795464394039,0.009538483763206873,-0.0020369720378973217
2022-05-17,0.020570210894484298,0.025901438597861537,-0.006279296383541522,0.013397451036268103
2022-05-18,-0.04031160759513819,-0.04909053807979724,0.0005314848929158789,-0.029623553594006514
2022-05-19,-0.006124491248475361,-0.005358197130083786,0.014697234801531733,0.0010715154743241953
2022-05-20,0.0004366073014123728,-0.0031078746493443665,0.0006980112537449124,-0.0006577520313956937
2022-05-23,0.018710071891341773,0.016627259362649083,0.004650369455528214,0.01332923356983969
2022-05-24,-0.007633836520941295,-0.02126221948536966,0.007521859850632806,-0.007124732051892716
2022-05-25,0.00883480433683359,0.013995418451612895,-0.006029994959596108,0.0056000759429501255
2022-05-26,0.01998138779785208,0.02770723330207958,-0.0018488983177334939,0.015279907594066054
2022-05-27,0.02454936653563977,0.03263951176912627,0.00052102106703944,0.01923663312393516
2022-05-31,-0.005611111158693949,-0.002652925622900759,-0.009893009276743081,-0.006052348686112596
2022-06-01,-0.008088544184981283,-0.0073958526756798815,0.006369033199590923,-0.0030384545536900802
2022-06-02,0.019043433683362032,0.027385849884819402,0.012309182073779512,0.019579488547320313
2022-06-03,-0.016411542894653852,-0.026019710270877905,-0.010152017266979896,-0.017527756810837215
2022-06-06,0.0030448668346261254,0.0033311923519794284,-0.0044037229040009285,0.0006574454275348751
2022-06-07,0.00959235438333983,0.008625715070127216,0.006518420844169315,0.008245496765878785
2022-06-08,-0.010872353210087837,-0.007196526560909078,-0.0009251975242893229,-0.006331359098428746
2022-06-09,-0.023782805313167787,-0.026784503954021766,-0.0031832564859568535,-0.017916855251048802
2022-06-10,-0.028995708244383245,-0.03527039801283982,0.013412283666592417,-0.01695127419687688
2022-06-13,-0.03796829440501992,-0.04649651708394842,-0.026412288230091452,-0.03695903323968659
2022-06-14,-0.003013382300687928,0.001815684373078108,-0.008003209616781914,-0.0030669691814639113
2022-06-15,0.014256443536796892,0.024971513850616578,0.013050939388113303,0.01742629892517559
2022-06-16,-0.033095980509265654,-0.04034629546371604,0.011243181594596585,-0.0207330314594617
2022-06-17,0.0021556154337620814,0.012159638023217179,-0.008222816311715064,0.002030812381754732
2022-06-21,0.025173772666607253,0.025229451716902718,-0.0037367862070599722,0.015555479392149999
2022-06-22,-0.001813014996214224,-0.0014586766506264892,0.003985188163408093,0.00023783217218912656
2022-06-23,0.009802576900934223,0.014893194816411937,-0.006129257292171064,0.006188838141725031
2022-06-24,0.031793788341729856,0.03426330152614354,-0.0009984622015154487,0.021686209222119314
2022-06-27,-0.003819522191218394,-0.007331433240055363,-0.0011170700540719114,-0.004089341828448556
2022-06-28,-0.020433038241918666,-0.030466841291240887,-0.0016480211262837052,-0.017515966886481087
2022-06-29,-0.0008141394006933034,0.0009166257672095224,-0.0007663579045243951,-0.00022129051266939198
2022-06-30,-0.008124326746573707,-0.012402838882540124,-0.006077047294322124,-0.00886807097447865
2022-07-01,0.010576277944161161,0.006600688051437986,-0.0008310541616338707,0.005448637277988425
2022-07-05,0.0018886400727453623,0.017119636722441545,-0.02120964335120412,-0.0007337888520057376
2022-07-06,0.003377382025736342,0.006411943446131385,-0.015842188833696924,-0.002017621120609732
2022-07-07,0.014977290957906009,0.021399108688098245,0.000555053276362516,0.01231048430745559
2022-07-08,-0.0008228373022556301,0.0012539258065626946,0.0004315313201161963,0.0002875399414744203
2022-07-11,-0.011423598200261287,-0.021363947219380175,-0.005360507452973451,-0.01271601762420497
2022-07-12,-0.008848714440748084,-0.009687401984825206,-0.0037167247224720867,-0.007417613716015125
2022-07-13,-0.005251869517608254,-0.0020613353231461184,0.004787690503602615,-0.0008418381123839191
2022-07-14,-0.002428317303753702,0.003570997705164114,-0.014047055610919013,-0.004301458403169533
2022-07-15,0.01910512332918346,0.01813933198291573,-0.0020084561635671516,0.011745333049510679
2022-07-18,-0.008257008501268204,-0.00846300755625673,0.0009433945063559435,-0.005258873850389663
2022-07-19,0.02701916990267139,0.03075358072652845,0.0023874693093759447,0.02005340664619193
2022-07-20,0.006373116320349981,0.015856372316381817,-0.009402031234323593,0.004275819134136068
2022-07-21,0.01018323428028256,0.01435502736064942,0.014110421925231709,0.012882894522054562
2022-07-22,-0.009278126136273324,-0.0175354351384438,0.00249575020790771,-0.008105937022269803
2022-07-25,0.0012148738565078698,-0.005695491820594034,-0.0027385476219622396,-0.0024063885286828013
2022-07-26,-0.011831074638855132,-0.019648956173937804,-0.0011858106875901608,-0.010888613833461031
2022-07-27,0.025966600604516943,0.04225971705678799,0.010184984698782484,0.026137100786695806
2022-07-28,0.012542072155668604,0.009778037439141407,0.012185323455280006,0.011501811016696672
2022-07-29,0.014578880954638551,0.018236899518138783,0.0028110896821249565,0.01187562338496743
2022-08-01,-0.002961242535648667,-0.0006021209049656973,0.0056672312077465925,0.0007012892557107426
2022-08-02,-0.006597331566855269,-0.0029814708993145533,-0.005938288400823777,-0.0051723636223312
2022-08-03,0.015659504650205935,0.02723243585586821,0.002438243761313297,0.01511006142246248
2022-08-04,-0.0006755011591726978,0.004676777975125335,0.016539989487255546,0.00684708876773606
2022-08-05,-0.001690283083744859,-0.008169230235329006,-0.011246066300201418,-0.007035193206425094
2022-08-08,-0.0011607912316814462,-0.003232441905851924,0.008470017618367853,0.0013589281602781609
2022-08-09,-0.003970983600320999,-0.01131854551453948,0.0030595386607856767,-0.0040766634846916006
2022-08-10,0.02100380085772091,0.02791099740815106,-0.0025119508170524663,0.01546761581627317
2022-08-11,0.0,-0.0056761905968087945,-0.0026382206776995876,-0.002771470424836127
2022-08-12,0.016929153414315667,0.01947058872911711,0.00919802099904432,0.015199254380825698
2022-08-15,0.004120731780213882,0.008081511368133398,-0.012867030834262327,-0.00022159589530501567
2022-08-16,0.001958861947301216,-0.002342052967540864,-0.001750096754401964,-0.0007110959248805374
2022-08-17,-0.007098099406507408,-0.011406007468231505,-0.006468335614034371,-0.008324147496257761
2022-08-18,0.0029062759034148566,0.002405099755853346,-0.0026164156896926194,0.0008983199898585277
2022-08-19,-0.013438096979354719,-0.019497303318926296,-0.007320625681104476,-0.013418675326461828
2022-08-22,-0.020822411625877724,-0.026327180574083786,-0.006637179344595956,-0.01792892384818582
2022-08-23,-0.0024190689836164347,-0.0008271573412427236,0.0069908740848763085,0.0012482159200057168
2022-08-24,0.003201001734985276,0.0028973975591450873,0.0029489200401788818,0.0030157731114364146
2022-08-25,0.014117557879387954,0.01768191279748965,0.003062787136294043,0.01162075260439055
2022-08-26,-0.03384900253066325,-0.04098853591064555,-0.012152705301765265,-0.028996747914358023
2022-08-29,-0.0066122541444046945,-0.009855345418718908,0.0006182375550920494,-0.005283120669343851
2022-08-30,-0.01097778320439391,-0.011136470404772836,-0.008340578885610683,-0.010151610831592476
2022-08-31,-0.007609042241842667,-0.005813368222476911,-0.007725314789180926,-0.007049241751166834
2022-09-01,0.0031378789740192925,0.0004343801717834328,-0.008790162100319021,-0.001739300984838765
2022-09-02,-0.01054455527159126,-0.014127989897760762,0.008804709144487166,-0.005289278674954953
2022-09-06,-0.003773044429652317,-0.007182653144683249,-0.0058394619355668365,-0.0055983865033008
2022-09-07,0.017964811876125752,0.020201565330524085,0.010168638866495439,0.016111672024381758
2022-09-08,0.006536383068096008,0.005184529546253813,-0.006002292729855863,0.0019062066281646528
2022-09-09,0.015535239339514728,0.02186217342640928,0.005283756568463582,0.014227056444795863
2022-09-12,0.010747631768706745,0.011885406413384203,0.005068186218703863,0.009233741466931603
2022-09-13,-0.04348260688674177,-0.05483669142629355,-0.01301133993119441,-0.03711021274807657
2022-09-14,0.0038159767840801884,0.007933054247180271,-0.003847613448870524,0.0026338058607966452
2022-09-15,-0.01135333784346959,-0.016653410940162927,-0.018679143196684067,-0.01556196399343886
2022-09-16,-0.007628770523730566,-0.006114816007645296,0.005549107201315628,-0.002731493110020078
2022-09-19,0.007754857554990391,0.007787257394008762,0.0007700871329356929,0.005437400693978282
2022-09-20,-0.011478491835328342,-0.007970975866454788,-0.005706587274526553,-0.008385351658769894
2022-09-21,-0.017443877980755085,-0.017906359765985314,0.004642973675810236,-0.010235754690310054
2022-09-22,-0.00840003867320982,-0.01230740337666214,-0.0005776772692025478,-0.007095039773024835
2022-09-23,-0.016754501330157545,-0.016281726328211676,-0.01727683040546535,-0.016771019354611522
2022-09-26,-0.009892820659883284,-0.0041380004219351285,-0.011633219026207842,-0.00855468003600875
2022-09-27,-0.0025527902430361182,0.0004012751607602727,0.002049841746687875,-3.389111186265692e-05
2022-09-28,0.019676510171692474,0.019891943677515567,0.02078665233491006,0.020118368728039366
2022-09-29,-0.020888998418720717,-0.028827541557309266,-0.00019392836526865853,-0.01663682278043288
2022-09-30,-0.015463634625808131,-0.016956862899990544,6.462244018679009e-05,-0.010785291695203961
2022-10-03,0.026401310366315656,0.02346050029725366,0.024309785681440932,0.024723865448336747
2022-10-04,0.030986503301847712,0.03144088288233182,0.014328122056449066,0.025585169413542865
2022-10-05,-0.002328029581346591,-0.0005317504003894413,-0.005538266375543777,-0.0027993487857599364
2022-10-06,-0.01031598666311373,-0.00787289739738739,-0.00112629171222689,-0.00643839192424267
2022-10-07,-0.027893752600466337,-0.038104133706294396,-0.010962851258976669,-0.02565357918857913
2022-10-10,-0.0076352204137086765,-0.009996455026160422,-0.015201476317757034,-0.010944383919208711
2022-10-11,-0.006333074175303044,-0.013737919592054837,-0.002058091550185215,-0.007376361772514365
2022-10-12,-0.003298481621157645,-0.0003426303700241329,0.00534932850905423,0.0005694055059574839
2022-10-13,0.026391193763373177,0.02345231657822655,-0.006923532232980256,0.014306659369539823
2022-10-14,-0.02278889230080483,-0.030057180440624665,-0.012458897998479546,-0.02176832357996968
2022-10-17,0.025696946072068183,0.03302133177889255,0.0028762090057179446,0.02053149561889289
2022-10-18,0.011749750060179531,0.00790805993742949,0.0021509701146735782,0.007269593370760866
2022-10-19,-0.007086455674987335,-0.003647046229455775,-0.013398358104674823,-0.008043953336372645
2022-10-20,-0.008385427393161837,-0.005101796465233344,-0.0015822103586343728,-0.005023144739009851
2022-10-21,0.024301342010873528,0.023448159865908424,0.017827646105301076,0.02185904932736101
2022-10-24,0.01223661493086814,0.011001095870724287,-0.003243594030472474,0.006664705590373317
2022-10-25,0.01596857703860577,0.020685781741073717,0.002277944142005106,0.012977434307228197
2022-10-26,-0.007534187468909326,-0.02209615554857014,0.006363608620383543,-0.007755578132365307
2022-10-27,-0.00533973387441844,-0.0182060435151149,-0.001548523944967184,-0.008364767111500174
2022-10-28,0.023790578577501442,0.03060060317369162,-0.010210687443231947,0.014726831435987037
2022-10-31,-0.007223350306940102,-0.011627806301353294,-0.008161399648159207,-0.009004185418817534
2022-11-01,-0.0043759047459098754,-0.010217799125083915,0.010203429757038585,-0.001463424704651735
2022-11-02,-0.025096059727174658,-0.03427727109387335,-0.006972548399621914,-0.022115293073556638
2022-11-03,-0.01029702201375371,-0.01953444298295348,-0.003806036048150885,-0.011212500348286025
2022-11-04,0.014393200636463765,0.016084858712912986,0.030696289684813083,0.020391449678063278
2022-11-07,0.009565525125008856,0.01099425985967084,-0.003962389674382338,0.005532465103432452
2022-11-08,0.005395406314085971,0.0072872077703463045,0.023099074133724695,0.011927229406052323
2022-11-09,-0.020601965570000824,-0.02307617475896817,-0.0050172660211307285,-0.016231802116699907
2022-11-10,0.05495405804924891,0.07378845551765623,0.030444387121793204,0.05306230022956611
2022-11-11,0.009678235371720856,0.01842616446242995,0.006606324071935177,0.01157024130202866
2022-11-14,-0.008506548044267759,-0.008751156388871029,0.002187655661719301,-0.0050233495904731616
2022-11-15,0.008528976008410405,0.01383852556454368,0.0035168677995043307,0.008628123124152806
2022-11-16,-0.007628671116436503,-0.013649634745175887,-0.0022961020109516506,-0.007858135957521346
2022-11-17,-0.0030595859553848026,-0.00220710380780631,-0.007267423593311895,-0.004178037785501002
2022-11-18,0.0045401908057760565,3.496301154504167e-05,-0.006893636502166456,-0.000772827561615119
2022-11-21,-0.003636073652512617,-0.01028687627592717,-0.005589952950737276,-0.006504300959725687
2022-11-22,0.013456952062477434,0.014402705000350569,0.00117372396636517,0.009677793676397725
2022-11-23,0.006301630645245915,0.01003651676899242,0.006231840940288613,0.007523329451508983
2022-11-25,-0.0002237257135500048,-0.006578409811607511,0.000858470616118101,-0.0019812216363464716
2022-11-28,-0.015957014011885984,-0.014673086785844558,-0.007903495498554403,-0.012844532098761647
2022-11-29,-0.0017174382788787135,-0.007569572603745245,0.004940425418036076,-0.001448861821529294
2022-11-30,0.0315006244506395,0.04558561270853834,0.012781920270785507,0.02995605247665445
2022-12-01,-0.0007358944904883868,0.0012270921777981503,0.01838479961277617,0.006291999100028644
2022-12-02,-0.0011537267957003605,-0.003983161871068952,-0.0034556830535615868,-0.002864190573443633
2022-12-05,-0.017989347198774097,-0.016783292146292927,-0.017158885635801036,-0.01731050832695602
2022-12-06,-0.014414638359850795,-0.020720728835545432,0.0027373742314797944,-0.010799330987972144
2022-12-07,-0.0017011895137818422,-0.0040824916198046735,0.009039101712364994,0.0010851401929261597
2022-12-08,0.007834028174545704,0.011835002315057741,0.0008416965556858891,0.0068369090150964444
2022-12-09,-0.007470341681085402,-0.006376649918576338,0.003544160110315664,-0.0034342771631153584
2022-12-12,0.014417232131443747,0.012551144458247343,-0.008260534556326027,0.00623594734445502
2022-12-13,0.0075698846679757015,0.010750176475204931,0.017081132038632596,0.011800397727271076
2022-12-14,-0.006393769379061887,-0.007413693368716556,-0.0024330212847030186,-0.00541349467749382
2022-12-15,-0.024461482761748865,-0.033576480578454415,-0.01635930934057528,-0.024799090893592852
2022-12-16,-0.011806116040452341,-0.009534722454742073,0.008708721678036602,-0.00421070560571927
2022-12-19,-0.008479764597451256,-0.01405339351641699,-0.0028178306902848504,-0.008450329601384365
2022-12-20,0.0013683691144821264,-0.0007783270885532989,0.016594482836064905,0.00572817495399791
2022-12-21,0.014952569652629366,0.014506045109738075,-0.0016560135809358112,0.009267533727143876
2022-12-22,-0.014266141660710274,-0.024465259124776706,-0.012085358459954287,-0.01693891974848042
2022-12-23,0.005752208791338642,0.0022490842738858152,0.002998321039039853,0.00366653803475477
2022-12-27,-0.003943512550108719,-0.01413815679817143,0.008430011409881644,-0.003217219312799502
2022-12-28,-0.012427914913615057,-0.013202801452781965,-0.004505807286929064,-0.010045507884442029
2022-12-29,0.018000357409195145,0.024375237060791033,0.005598251568726287,0.015991282012904152
2022-12-30,-0.0026340033054681466,-0.0006004060133169009,0.0046786689817972515,0.00048141988767073473
2023-01-03,-0.004209929123471179,-0.006759765821437669,0.008370656531798915,-0.0008663461377033106
2023-01-04,0.00771995036516282,0.004763839702604633,0.0094119059589024,0.007298565342223284
2023-01-05,-0.011413203664387472,-0.015654490743312377,-0.012451461859522062,-0.01317305208907397
2023-01-06,0.022932115671277398,0.027601689180662525,0.01870749684189077,0.02308043389794356
2023-01-09,-0.0005668859179304153,0.006473261635275174,0.0022451175785793698,0.002717164431974709
2023-01-10,0.007012948754661519,0.008464655570923574,0.0036760446135073455,0.006384549646364145
2023-01-11,0.012647673243722624,0.017299935749879092,-0.000686793935011365,0.009753605019530116
2023-01-12,0.0036409047906624803,0.005404459891172442,0.011568000967502767,0.006871121883112563
2023-01-13,0.0038794324712942974,0.006880630282518174,0.012001783992939385,0.007587282248917285
2023-01-17,-0.0018319071239987217,0.0020284926632561096,-0.00654507834469964,-0.002116164268480751
2023-01-18,-0.015787904410342835,-0.012999784863338415,-0.0028717524486322477,-0.010553147240771166
2023-01-19,-0.007279889863713085,-0.009824349616624595,0.015868520044824974,-0.0004119064785042346
2023-01-20,0.018628951725225384,0.027366762446166426,-0.003335405556458948,0.014220102871644286
2023-01-23,0.011998577210668548,0.02221589880684638,0.0018964337632443318,0.012036969926919753
2023-01-24,-0.001073161389579469,-0.0020415916094723707,0.003618515163479552,0.0001679207214759042
2023-01-25,0.00037474596585851394,-0.002219740605140963,0.004603959599926544,0.0009196549868813647
2023-01-26,0.01099023745481853,0.019497948814745758,-0.009055266877154966,0.00714430646413644
2023-01-27,0.002297795567162808,0.009954045187059224,-0.0013929904624704337,0.0036196167639171994
2023-01-30,-0.01254667268776466,-0.020218528458439744,-0.002566715270248765,-0.011777305472151054
2023-01-31,0.014703242615294654,0.014985993075498305,0.0036362115419990015,0.011108482410930652
2023-02-01,0.010627887549920834,0.02138352082648498,0.012596814339808304,0.014869407572071372
2023-02-02,0.014556901592483129,0.03588984688653074,-0.02075193653580043,0.009898270647737812
2023-02-03,-0.010629047461188312,-0.017772401767769508,-0.024957770292002968,-0.01778640650698693
2023-02-06,-0.00611137220809399,-0.008459213088036432,0.0020754098721176284,-0.004165058474670931
2023-02-07,0.013078610594748241,0.02071879182232217,0.000920425708082595,0.011572609375051
2023-02-08,-0.01093480267366087,-0.01778105612454861,0.002471594120761589,-0.008748088225815964
2023-02-09,-0.008669124403046458,-0.0088379444844775,-0.007912418174625069,-0.008473162354049674
2023-02-10,0.002333822551712883,-0.0065633045808112245,0.0019071943211166342,-0.0007740959026605689
2023-02-13,0.011738776210014068,0.016015933638656055,-0.005076170279846859,0.007559513189607754
2023-02-14,-0.00046007363342803753,0.007389304127243257,0.0007537389032514774,0.002560989799022232
2023-02-15,0.0032472898966542374,0.007660981055916505,-0.00996466725346834,0.00031453456636746724
2023-02-16,-0.013768877902945786,-0.018764190337714926,-0.0008192368783922488,-0.011117435039684318
2023-02-17,-0.002498138727568211,-0.007055379223553038,0.002986790669610162,-0.0021889090938370286
2023-02-21,-0.020061021755878983,-0.02367538662508173,-0.003737004613899475,-0.015824470998286728
2023-02-22,-0.001378077011569001,0.0007481590193778587,-0.005626488586046308,-0.0020854688594124835
2023-02-23,0.005319468839524388,0.008734131894831965,-0.0005304511136865475,0.004507716540223268
2023-02-24,-0.010682376190238596,-0.016744173358995806,-0.00719467575637045,-0.011540408435201616
2023-02-27,0.0034058613763934265,0.0071612412462485064,0.003920334893926292,0.004829145838856075
2023-02-28,-0.003696103868382705,-0.0012928340675072425,0.00455596886271592,-0.00014432302439134227
2023-03-01,-0.003835785159625571,-0.008039250006630083,0.005772150633673867,-0.002034294844193929
2023-03-02,0.007777193029124163,0.008276043352098528,-0.0005855636445488699,0.005155890912224606
2023-03-03,0.01603783484897159,0.020673807891196327,0.010723085619275707,0.01581157611981454
2023-03-06,0.0006927414780084629,0.0011346449103866174,-0.005043830646819902,-0.0010721480861416073
2023-03-07,-0.015328792059369878,-0.012265997549976704,-0.017480480627863337,-0.01502509007906997
2023-03-08,0.0016321427380827647,0.004994419411222362,-0.00047445044105887124,0.0020507039027487517
2023-03-09,-0.018449634792390257,-0.017326205713611764,0.009849316056938173,-0.008642174816354617
2023-03-10,-0.014429611820627408,-0.014043534221877207,0.021562856843419187,-0.0023034297330284757
2023-03-13,-0.0014251424336076957,0.007416573664056791,0.022948211912439564,0.00964654771429622
2023-03-14,0.016529803114759378,0.022979477406077864,-0.005791064746217711,0.01123940525820651
2023-03-15,-0.006254229037113701,0.00524615214804669,0.007804133170404848,0.002265352093779279
2023-03-16,0.017545034800326542,0.026360765856285884,0.002020092008242713,0.015308630888285045
2023-03-17,-0.01169252234044793,-0.004725934184253933,0.02912021467749004,0.004233919384262727
2023-03-20,0.009615687989451782,0.003548762751677037,0.0003808677357699519,0.0045151061589662565
2023-03-21,0.013130420472231563,0.014282449342607473,-0.018875115806276654,0.002845918002854126
2023-03-22,-0.0170464250305844,-0.013598015833059085,0.01702060989813825,-0.004541276988501744
2023-03-23,0.002703329257135234,0.011858052370813166,0.01253817608562513,0.00903318590452451
2023-03-24,0.006561991798420097,0.0036805718186809777,-0.011252350246951037,-0.00033659554328332097
2023-03-27,0.0018699202341438959,-0.006851487267601208,-0.009256722051406263,-0.004746096361621191
2023-03-28,-0.0022445276107370127,-0.005311575326939599,0.008189093257242153,0.00021099677318851384
2023-03-29,0.014534806153826407,0.018233747279410295,-0.00496077000653139,0.009269261142235103
2023-03-30,0.005855256679632381,0.009465618738228487,0.009039576549164652,0.008120150655675173
2023-03-31,0.014094558134893687,0.016630653463817424,-0.005212246135594234,0.008504321821038958
2023-04-03,0.0038104826950544624,-0.002430435964174138,0.007204410308019105,0.0028614856796331427
2023-04-04,-0.005548032308860917,-0.003373373078804587,0.018640958960437493,0.003239851190923996
2023-04-05,-0.0026182148960578466,-0.009872551412839048,-0.0007979247786650268,-0.0044295636958539735
2023-04-06,0.0039006967446584273,0.006742401314899116,-0.00713409106547247,0.0011696689980283574
2023-04-10,0.0010264366091476962,-0.000566038787245815,-0.007399886547073464,-0.002313162908390528
2023-04-11,0.0002686490863097468,-0.006417761342813577,0.006320556237305208,5.71479936004593e-05
2023-04-12,-0.004075990587934286,-0.008833796156781815,0.004885138866613126,-0.002674882626034325
2023-04-13,0.01328277665588029,0.019582133267566304,0.013515672558895409,0.015460194160780667
2023-04-14,-0.00244279178796869,-0.001879980333172937,-0.017710313033589165,-0.007344361718243597
2023-04-17,0.0035880966491261823,0.0008477700358873186,-0.0044537552497120325,-5.962854899510539e-06
2023-04-18,0.0006524228938526999,6.260733818463926e-05,0.003880780603893852,0.001531936945310397
2023-04-19,-0.00016887150160616038,-0.0004705982848808299,-0.004778520212877502,-0.0018059966664548306
2023-04-20,-0.005457159775660858,-0.007624432877196163,0.003938259199047112,-0.0030477778179366366
2023-04-21,0.0007767260095528083,0.0010434471782638788,-0.009887669268098143,-0.0026891653600938184
2023-04-24,0.0010432385147154388,-0.002084522650107279,0.003039335460481629,0.0006660171083632629
2023-04-25,-0.01587383288685862,-0.018863859958444862,0.005086318131183543,-0.009883791571373313
2023-04-26,-0.004235687700674062,0.00606484190136225,-0.0054373863086724095,-0.0012027440359947403
2023-04-27,0.019908154315971816,0.027190724193342897,5.410039265307809e-05,0.015717659633989262
2023-04-28,0.008535242694053258,0.006898800159294227,0.0002706525128974846,0.0052348984554149896
2023-05-01,-0.00100980342544299,-0.0011468061251804773,-0.004491351825477108,-0.0022159871253668584
2023-05-02,-0.011239278071068948,-0.008721757259992469,0.019296640909943763,-0.00022146480703921778
2023-05-03,-0.006863977183122594,-0.006543866501501738,0.008479075840785333,-0.001642922614613
2023-05-04,-0.0070830062785938175,-0.00353019376965491,0.00703295344911492,-0.0011934155330446026
2023-05-05,0.018512607799374692,0.02125443095673263,-0.015647950479605433,0.008039696092167297
2023-05-08,0.0002666058045168729,0.0024776975920497435,0.0012269055761324754,0.0013237363242330305
2023-05-09,-0.0043853439168682895,-0.00633329974503305,0.007086162362163861,-0.0012108270999124926
2023-05-10,0.004672445977382145,0.010881788756258226,-0.001428442843921296,0.004708597296573025
2023-05-11,-0.001744105048924971,0.003260398173281942,-0.008582755587748347,-0.0023554874877971255
2023-05-12,-0.0013101134711636098,-0.003587136104615918,-0.0017100802429794726,-0.0022024432729196666
2023-05-15,0.0034499902435287666,0.005414950409749375,0.0021412620336231925,0.0036687342289671108
2023-05-16,-0.006682645729398584,0.0011324376400501102,-0.0124993937971285,-0.006016533962158991
2023-05-17,0.01213901332919165,0.012104193766701465,-0.0034618889303413836,0.006927106055183911
2023-05-18,0.009633040905335122,0.018573275903758457,-0.012972911279784172,0.005077801843103135
2023-05-19,-0.0014550783797773192,-0.002253407953406228,0.0098988291245512,0.002063447597122551
2023-05-22,0.00040626268858878767,0.0033581321748035187,-0.002341497915543389,0.00047429898261630587
2023-05-23,-0.011222994863156255,-0.012676458028882287,0.001200731149241463,-0.007566240580932359
2023-05-24,-0.0072446147196830735,-0.005129473622454861,-0.008068450017086337,-0.006814179453074757
2023-05-25,0.008659790210439278,0.02433281475679938,-0.009618027091793824,0.00779152595848161
2023-05-26,0.012950662481563624,0.02555043185833039,0.003995567330169925,0.014165553890021313
2023-05-30,0.0003808365702422378,0.004535084657561139,0.006190554546333882,0.003702158591379086
2023-05-31,-0.005545112369472527,-0.005686173978640019,0.0015382006614657051,-0.0032310285622156134
2023-06-01,0.009500963351405156,0.011552287476581213,0.007898130346476018,0.009650460391487462
2023-06-02,0.014461215207291822,0.007499742959837796,-0.014747450675273499,0.0024045024972853737
2023-06-05,-0.0019162097000630096,0.000704886352856704,0.006020416015011243,0.0016030308892683123
2023-06-06,0.002177387434340261,-0.00016908860540798543,0.0010980396887692034,0.0010354461725671595
2023-06-07,-0.003457724968653264,-0.016965434547086655,-0.012010543410059138,-0.010811234308599683
2023-06-08,0.006048552856186884,0.012413323562647127,0.013211240429905624,0.010557705616246544
2023-06-09,0.0017943356990339776,0.0038227301978164263,-0.0026845203333208945,0.0009775151878431698
2023-06-12,0.009071945513449808,0.01689697874859375,-0.0008788640365902101,0.00836335340848445
2023-06-13,0.006592885646650615,0.007684030141325904,-0.007367558613950331,0.002303119058008729
2023-06-14,0.001190789114408064,0.007267480178899222,0.0005539277015322863,0.003004065664946524
2023-06-15,0.012397651683216271,0.0119159646870175,0.007030581691497062,0.010448066020576944
2023-06-16,-0.003406181627724658,-0.00629284045798606,-0.0015392159510750902,-0.0037460793455952692
2023-06-20,-0.005188220676807687,-0.0014317344420782252,-0.010350739592973501,-0.0056568982372864705
2023-06-21,-0.00512369232196086,-0.013627664527974925,-0.0014464228474878604,-0.006732593232474548
2023-06-22,0.0036096368754245933,0.011798823360843258,-0.009916979914319946,0.001830493440649302
2023-06-23,-0.007559998603776541,-0.00991346546199412,0.0027572461643308177,-0.004905405967146614
2023-06-26,-0.004085668666200859,-0.0134053726836465,0.0017396047357047806,-0.005250478871380859
2023-06-27,0.010963381215695067,0.017194241119399267,-0.004593535884055422,0.007854695483679638
2023-06-28,0.000504165136087531,0.001951288119843797,-0.002307409851291853,4.9347801546491656e-05
2023-06-29,0.003941423784719289,-0.002002256851045492,-0.001071764681377263,0.0002891340840988447
2023-06-30,0.01180069784703952,0.015420067604100085,0.006663323502016594,0.011294696317718733
2023-07-03,0.001150513786585261,0.0023548806976436687,0.0011218766110339118,0.0015424236984209472
2023-07-05,-0.0014871681691336347,-2.6917257106240378e-05,-0.00353003237800964,-0.001681372601416505
2023-07-06,-0.00783057389395525,-0.007616027821620963,-0.002980200124891419,-0.006142267280155877
2023-07-07,-0.0025248080420355867,-0.00331992822215299,0.007500997402107412,0.0005520870459729452
2023-07-10,0.002531198833205739,0.000327596355846671,0.0007836956455820054,0.0012141636115448051
2023-07-11,0.006368470383345093,0.004940559123176813,0.0037476125602418087,0.005018880688921238
2023-07-12,0.008046041691992745,0.01263000583613616,0.013541420874312982,0.011405822800813962
2023-07-13,0.00793686304388963,0.016978714600818456,0.0007146999149640898,0.00854342585322406
2023-07-14,-0.000622956551370013,-0.00021104306375907544,-0.0031866482531698326,-0.0013402159560996403
2023-07-17,0.0034723573590087486,0.009338722388335441,0.0007165567329587841,0.004509212160100991
2023-07-18,0.007430505967050305,0.008180675382094549,0.011456278139590825,0.009022486496245225
2023-07-19,0.0022237158274738267,-0.00023359870640071723,0.00016335645500209495,0.0007178245253584014
2023-07-20,-0.006634425064859006,-0.023051805007877513,-0.005063389149303488,-0.011583206407346667
2023-07-21,0.0,-0.0029992238214457956,-0.0030645332195953223,-0.002021252347013706
2023-07-24,0.004467271138958395,0.001597366180904558,-0.004281473326684049,0.0005943879977263014
2023-07-25,0.0027300664177838385,0.006777731762459549,0.005567859975790901,0.005025219385344762
2023-07-26,0.0001537110721494539,-0.0033264578286072988,0.0048791150253857385,0.0005687894229759645
2023-07-27,-0.0066299791777848505,-0.002383971486763392,-0.01571197400361901,-0.008241974889389084
2023-07-28,0.009790334919762111,0.0182146567756849,0.007981390400291666,0.011995460698579558
2023-07-31,0.0019040031346999609,0.0005214478209270013,0.0026944104889448095,0.0017066204815239239
2023-08-01,-0.0028615100807442007,-0.0023195571557350636,-0.010364679607279492,-0.005181915614586252
2023-08-02,-0.013910940778001701,-0.02194426073898248,-0.004765602229612864,-0.013540267915532348
2023-08-03,-0.0028658001450108106,-0.0016025739379328385,-0.0003341470787491252,-0.0016008403872309247
2023-08-04,-0.004522674774353086,-0.004681614416827129,0.003620414278603157,-0.001861291637525686
2023-08-07,0.008728491157189211,0.00846659311620801,-0.0022753962847783527,0.004973229329539622
2023-08-08,-0.004348656030964793,-0.008502271161994646,-0.006341080194621318,-0.0063973357958602515
2023-08-09,-0.006685382273444951,-0.010994693296368818,-0.00475820704444585,-0.007479427538086539
2023-08-10,0.0003590889586930768,0.0018484595677954463,-0.0010686044760203073,0.0003796480168227385
2023-08-11,-0.0005830881007901079,-0.006375705129787357,0.0,-0.0023195977435258217
2023-08-14,0.005519965181954856,0.011222040384389897,-0.003040588549344525,0.004567139005666743
2023-08-15,-0.011648832108919538,-0.010611394786460449,-0.002654474343068869,-0.008304900412816285
2023-08-16,-0.0073381579205229475,-0.010589111705213927,-0.005776029417432049,-0.007901099681056309
2023-08-17,-0.007619873130607413,-0.010922896260749049,-0.0015378724223797935,-0.006693547271245419
2023-08-18,0.0004811558194841581,-0.001254902558444293,0.00017112823031739666,-0.0002008728362142461
2023-08-21,0.006506522052130093,0.016111408064027444,0.002737670236275802,0.008451866784144444
2023-08-22,-0.002708774803758307,-0.001428883359140487,0.0016495566176504273,-0.0008293671817494556
2023-08-23,0.011137812060772134,0.015768576920496935,0.01016464068195777,0.01235700988774228
2023-08-24,-0.013859143561956944,-0.021375851287658176,-0.00022482031744353037,-0.01181993838901955
2023-08-25,0.007049871211805447,0.007751693431862883,-0.0012932863561120334,0.004502759429185432
2023-08-28,0.006341375928172299,0.007527013887567824,0.0028713533365909427,0.005579914384110355
2023-08-29,0.014454830942725039,0.021839693525514958,0.009768091768254772,0.015354205412164923
2023-08-30,0.004118729077884575,0.005577099376414374,0.0025018747942815445,0.004065901082860164
2023-08-31,-0.001463220201190163,0.002998262589633649,-0.0016637258183913595,-4.2894476649291136e-05
2023-09-01,0.0018649580198049076,-0.001058289376222099,0.0004999240959600026,0.00043553091318093706
2023-09-05,-0.004321844361368399,0.0012713255402558854,-0.008161685723844458,-0.003737401514985657
2023-09-06,-0.006722442933943085,-0.008807903681965712,-0.004534245193468567,-0.006688197269792454
2023-09-07,-0.003070302254751911,-0.00715169283051742,0.0010684498647577367,-0.0030511817401705312
2023-09-08,0.0015062687139806297,0.0013976286463883714,0.0003370270596214642,0.0010803081399968217
2023-09-11,0.006576503733096484,0.011782715927563858,0.001853109993606994,0.006737443218089111
2023-09-12,-0.005485570735918599,-0.011088360026618171,-0.005156651253074851,-0.0072435273385372066
2023-09-13,0.0011658960317628697,0.0038090280236049434,-0.0023100098564432514,0.0008883047329748538
2023-09-14,0.008622549476915431,0.008177199512665378,0.0005082241752882855,0.005769324388289697
2023-09-15,-0.012048386833577451,-0.01712296804258029,0.006603816566220333,-0.007522512769979135
2023-09-18,0.0005862895390353895,0.0010424393130168408,0.005887647601878543,0.002505458817976924
2023-09-19,-0.0020736867480715127,-0.002131307942503602,-0.0009476457412548323,-0.001717546810609982
2023-09-20,-0.009193334898152217,-0.014410580064701972,0.0007253927124595272,-0.007626174083464886
2023-09-21,-0.016528432587093578,-0.01832427423905225,-0.007248413758109917,-0.014033706861418582
2023-09-22,-0.0022484285220268907,0.00013975286183631752,0.0032013033173832195,0.00036420921906421544
2023-09-25,0.0042051361330315284,0.004749547274394361,-0.005150588926742139,0.0012680314935612502
2023-09-26,-0.014691252771662389,-0.015015982594603572,-0.007990985893820302,-0.012566073753362087
2023-09-27,0.0003990548980654651,0.0023432077655598516,-0.012366647894697436,-0.0032081284103573733
2023-09-28,0.005797546198629044,0.008365141737924908,-0.004997187509914736,0.0030551668088797386
2023-09-29,-0.0024268696144300606,0.0007261852798736701,-0.01027534966921384,-0.003992011334590076
2023-10-02,-0.00039770894247748156,0.008345892804212829,-0.010498705650611395,-0.0008501739296253494
2023-10-03,-0.013386095672356046,-0.017549814778608952,-0.0028882419805683623,-0.011274717477177785
2023-10-04,0.007281836715578471,0.013608653670343251,-0.00011825651470720455,0.006924077957071505
2023-10-05,-0.0003765639277475419,-0.0029464543734812887,-0.0018327868021307259,-0.0017186017011198522
2023-10-06,0.011872775764656618,0.016755395566540043,0.005153083621109555,0.011260418317435406
2023-10-09,0.006402197323481795,0.005099976127337147,0.01838544744893622,0.009962540299918388
2023-10-10,0.005204766020287188,0.00553813287932492,-0.0016780958953311886,0.003021601001426973
2023-10-11,0.0040962567303299835,0.007135256357951425,0.007303045938392039,0.006178186342224482
2023-10-12,-0.006096385366099577,-0.0034750744882542373,-0.0030496507265770356,-0.004207036860310283
2023-10-13,-0.004981093434152872,-0.0125700198146238,0.03214825984540237,0.004865715532208567
2023-10-16,0.01052164398657296,0.011306402035189622,-0.004864928190345896,0.005654372610472229
2023-10-17,-4.589630894502594e-05,-0.0032753036997931195,0.001854273768354009,-0.0004889754134613788
2023-10-18,-0.013325091889134666,-0.013117993224924462,0.014470816805260078,-0.003990756102933016
2023-10-19,-0.008786231059944583,-0.00935678891749081,0.012274016037125302,-0.0019563346467700304
2023-10-20,-0.012288345868891493,-0.014918015771945514,0.0027308974274993236,-0.00815848807111256
2023-10-23,-0.001733079912708213,0.003017577073864075,-0.0033770637265357895,-0.0006975221884599758
2023-10-24,0.007539542282186673,0.009727952772036419,-0.0001093308866343401,0.005719388055862917
2023-10-25,-0.014352264429310146,-0.02447568416545931,0.004208823642007475,-0.011539708317587325
2023-10-26,-0.01197461381870435,-0.01906725791456343,0.0015784524505004782,-0.009821139760922432
2023-10-27,-0.004532891023922403,0.0048014136643697025,0.011629799758344106,0.003966107466263802
2023-10-30,0.011955951039254176,0.011265024979265181,-0.005640547017974562,0.005860143000181598
2023-10-31,0.0062802429185959685,0.004782598812909766,-0.005456562573315615,0.001868759719396706
2023-11-01,0.010664617037739132,0.017356817916715173,-0.003150642851826535,0.008290264034209257
2023-11-02,0.019164415959888492,0.018153310721931826,0.0033240729584833595,0.013547266546767892
2023-11-03,0.009123380342047183,0.011748736603026888,0.003638921283475316,0.00817034607618313
2023-11-06,0.002300490037781655,0.004079265823218048,-0.007792560392528958,-0.0004709348438430849
2023-11-07,0.0028460458234893515,0.00945274404773655,-0.0041451308444235835,0.002717886342267439
2023-11-08,0.0007324116803841818,0.0006439039145613723,-0.00996764391222027,-0.0028637761057582383
2023-11-09,-0.007798828767954014,-0.007695520023957125,0.003982968433291267,-0.003837126786206624
2023-11-10,0.015604788981413709,0.022482314259085756,-0.010909752197912237,0.009059117014195744
2023-11-13,-0.0009531810779693783,-0.003118745874284623,0.005570720464602719,0.0004995978374495726
2023-11-14,0.019400700655952452,0.021526592027886426,0.00891917710567891,0.016615489929839262
2023-11-15,0.002117156551195043,0.0007525885772130536,-0.002635601473798599,7.80478848698325e-05
2023-11-16,0.00122302181503664,0.0008559051343535184,0.011286077178189302,0.00445500137585982
2023-11-17,0.0012439630842404625,0.00023281276623743352,-0.00010890234740634774,0.0004559578343571827
2023-11-20,0.0076975551059770275,0.012175249378165942,-0.0016333808174913145,0.0060798078888838845
2023-11-21,-0.0021796326679317524,-0.005809752045248362,0.010797900632885549,0.0009361719732351448
2023-11-22,0.0038609737464649907,0.004093209672917597,-0.004262252597286853,0.0012306436073652447
2023-11-24,0.0006153992582187406,-0.001410217715326345,0.005201596914642614,0.00146892615251167
2023-11-27,-0.0018009688501096077,-0.0008726706428120456,0.006737817869841178,0.0013547261256398415
2023-11-28,0.0009900731535918972,0.002620776611916842,0.01333185296040651,0.005647567575305082
2023-11-29,-0.0007034327420673003,-0.0009738950669385682,0.0014794398574644596,-6.596265051380301e-05
2023-11-30,0.003937496923179573,-0.0025139469731062514,-0.004167950375202456,-0.0009148001417097115
2023-12-01,0.005915863686980938,0.0028547150962436874,0.017271494075951743,0.00868069095305879
2023-12-04,-0.005249346358470519,-0.009283457915330029,-0.021613426463259477,-0.012048743579020008
2023-12-05,-0.00019712552008965822,0.002510894521322138,-0.0037794459254784085,-0.0004885589747486429
2023-12-06,-0.004029702690346748,-0.0057840100398783845,0.0036868953454944897,-0.002042272461576881
2023-12-07,0.007630426110675437,0.013972431985853628,0.0016503277504122948,0.007751061948980453
2023-12-08,0.004299178458064379,0.004456626530900731,-0.013340391114851191,-0.0015281953752953603
2023-12-11,0.003889530635455385,0.008542359459658977,-0.011042895165362165,0.0004629983099173982
2023-12-12,0.0045672121517017494,0.007964064542842708,-0.0005446421195114404,0.0039955448583443385
2023-12-13,0.013789995407642364,0.01271720006013366,0.022562533466176315,0.016356576311317445
2023-12-14,0.003209432691612335,-0.0008669483487241392,0.0058625529824696265,0.0027350124417859405
2023-12-15,-0.001646461952551359,0.004833958584033127,-0.009166511771857122,-0.001993005046791785
2023-12-18,0.005625154735965587,0.006298640288304291,0.00454548718457537,0.005489760736281749
2023-12-19,0.006080812478451492,0.005109732961513513,0.006813940578695332,0.006001495339553445
2023-12-20,-0.013857328835340188,-0.01485974539396373,-0.005445982936103211,-0.011387685721802376
2023-12-21,0.009481812259606981,0.01163545793840215,0.007070635455129759,0.009395968551046296
2023-12-22,0.0020097967198260402,0.0014958510092326627,0.004434417088942322,0.0026466882726670082
2023-12-26,0.004222468662692824,0.006121843577133301,0.00762073325107937,0.005988348496968498
2023-12-27,0.0018081012134820718,0.0020356539939485607,0.004537842226414401,0.0027938658112816777
2023-12-28,0.0003778442228825618,-0.00048604625609083296,-0.005815437657636924,-0.001974546563615065
2023-12-29,-0.0028949201685946058,-0.004327742298939952,-0.001566841018672216,-0.0029298344954022575
2024-01-02,-0.0055964492589130055,-0.016922133836284936,-0.002353909884146743,-0.008290830993114895
2024-01-03,-0.008166680634763557,-0.010581593958651547,-0.008336809604204354,-0.009028361399206486
2024-01-04,-0.0032211423681619555,-0.005146479870348886,0.0010046128932528209,-0.00245433644841934
2024-01-05,0.0013697360128013258,0.0011860426112166866,0.0001584554095515056,0.000904744677856506
2024-01-08,0.014275917445046193,0.02066805546071393,-0.007816271130823171,0.009042567258312317
2024-01-09,-0.0015170617781710138,0.00197540251547057,0.0003193567900841021,0.0002592325091278862
2024-01-10,0.0056553985717209265,0.00677767327603962,-0.00228804710551489,0.003381674914081885
2024-01-11,-0.000440607070651744,0.0020806585668213806,0.0019733072916665595,0.001204452929278732
2024-01-12,0.0006927820257085493,0.0005130026141222377,0.009794068475553752,0.0036666177051281794
2024-01-16,-0.00367124070788305,-9.763951009578165e-05,-0.009488181898979708,-0.004419020705652846
2024-01-17,-0.0055587608851758175,-0.00564068610499413,-0.011015950635288596,-0.007405132541819515
2024-01-18,0.008892810925040795,0.01419408963903912,0.008232882099906247,0.010439927554662054
2024-01-19,0.012466215601009356,0.019830988067168986,0.00298872590696031,0.011761976525046217
2024-01-22,0.002114386856159056,0.001305889101641755,-0.003777957126316789,-0.00011922705617199258
2024-01-23,0.0029164132980590285,0.0041496493276813595,0.0038991332271092194,0.0036550652842832023
2024-01-24,0.0010931979808126435,0.005549170552989757,-0.008246890539639784,-0.0005348406686124609
2024-01-25,0.0054387768102091005,0.0012212517412732993,0.003969986681303217,0.0035433384109285386
2024-01-26,-0.001270334286663788,-0.0059576474513935995,-0.0006946931881828267,-0.002640891642080071
2024-01-29,0.007919179310970748,0.0102405646037107,0.007058485444586982,0.008406076453089476
2024-01-30,-0.0007732362847030494,-0.0066566134601820925,0.0013805262268791196,-0.002016441172668674
2024-01-31,-0.01631726054723548,-0.019586265493191868,-0.0007423479101067443,-0.012215291316844698
2024-02-01,0.01308811352749828,0.011775466925497247,0.01040067256889099,0.011754751007295505
2024-02-02,0.010527360256687768,0.016900665657840985,-0.009453300862028113,0.005991575017500214
2024-02-05,-0.003641195932157837,-0.0013054840639605825,-0.005513988032274764,-0.0034868893427977277
2024-02-06,0.0029033178002926263,-0.0020072366486315607,0.005224693124019186,0.002040258091893417
2024-02-07,0.008340368497273154,0.010290283212254447,-0.0002651978305409086,0.006121817959662231
2024-02-08,0.00044162427096816614,0.001851897459277163,-0.0009018470501077624,0.0004638915600458555
2024-02-09,0.005779525577980893,0.009842998668758263,-0.003876152075833028,0.003915457390302042
2024-02-12,-0.00043895545913064105,-0.003912410077300699,-0.002611969494785926,-0.002321111677072422
2024-02-13,-0.013773176866540005,-0.015597157036136622,-0.013788690196348319,-0.014386341366341647
2024-02-14,0.009087795281126798,0.01089732861731596,-0.0005961123453055439,0.0064630038510457375
2024-02-15,0.0068997302180955344,0.00297773916701094,0.0067238125229134305,0.005533760636006635
2024-02-16,-0.004979973581171526,-0.009067628763189672,0.0036625695484679976,-0.0034616775986310664
2024-02-20,-0.00550544426846955,-0.007548166474691254,0.0060642100730936566,-0.0023298002233557154
2024-02-21,0.0009058194580877643,-0.0040018559961506606,5.331256612173263e-05,-0.001014241323980388
2024-02-22,0.020695616160753882,0.02927578049733648,0.00042672195902415666,0.016799372872371505
2024-02-23,0.0006895959594583889,-0.0029447716412935865,0.005651511902278639,0.001132112073481147
2024-02-26,-0.0036624551393661386,-0.0005266692700376385,-0.0022266895335479875,-0.0021386046476505882
2024-02-27,0.0018576859355734499,0.002405407984554575,-0.0010626830578386315,0.0010668036207631313
2024-02-28,-0.0013217647956973444,-0.0053246007026530595,0.001808491158992842,-0.001612624779785854
2024-02-29,0.0035950303728897737,0.008569414101615491,0.005150266749304189,0.005771570407936483
2024-03-01,0.009388268828250945,0.015056822024536842,0.018910791174389097,0.014451960675725626
2024-03-04,-0.0010723989436863812,-0.0035681020972748723,0.016174996770490502,0.0038448319098430823
2024-03-05,-0.009994130268758838,-0.0179496002245626,0.006020141664404788,-0.007307862942972218
2024-03-06,0.0050672532385653835,0.00628365859379354,0.008215401882095241,0.0065221045714847214
2024-03-07,0.009926389913529787,0.015178282886485261,0.005683843351386164,0.010262838717133736
2024-03-08,-0.0060022091803608735,-0.01443499814275473,0.008452547868211147,-0.003994886484968151
2024-03-11,-0.0008598627660008074,-0.0037126081584811788,0.00183502012710135,-0.0009124835991268787
2024-03-12,0.010757288621670469,0.014334724818721112,-0.01094062729637224,0.004717128714673113
2024-03-13,-0.0015673472009857248,-0.007685862745848482,0.00700740378557585,-0.0007486020537527853
2024-03-14,-0.001976821879233648,-0.002521265671151962,-0.004175139558116436,-0.0028910757028340153
2024-03-15,-0.00686664601516096,-0.011886943778670944,-0.0031944066391379478,-0.0073159988109899494
2024-03-18,0.00594315559991454,0.009537327263302142,0.0016022835845583838,0.0056942554825916885
2024-03-19,0.005556966854544987,0.00249158927120563,-0.0011498061737871268,0.0022995833173211633
2024-03-20,0.009249465371919285,0.011856745766335886,0.011911859798154678,0.011006023645469949
2024-03-21,0.003304611474516772,0.004732072305792201,-0.0010386361790747367,0.0023326825337447454
2024-03-22,-0.0018956335070942076,0.0011438317115426422,-0.008020968992406341,-0.002924256929319302
2024-03-25,-0.0027628935483237083,-0.0036292047398729377,0.003194406639138503,-0.001065897216352714
2024-03-26,-0.001847032185524733,-0.003237555757904742,0.003233961285236342,-0.0006168755527310443
2024-03-27,0.008403925839191917,0.0034060161921454224,0.007240660177973091,0.006350200736436809
2024-03-28,-0.00019121870051796996,-0.0018432832229980933,0.012900024807740218,0.003621840961408051
2024-04-01,-0.0017396320708727986,0.0021169391864142018,0.010208079384865787,0.0035284621668023966
2024-04-02,-0.006358075428034238,-0.008630142197254664,0.014772360490971526,-7.19523781057916e-05
2024-04-03,0.001098353997264434,0.0022443596747949712,0.008772374739768996,0.0040383628039428
2024-04-04,-0.012206030849658323,-0.015290598500785846,-0.005734705223284009,-0.011077111524576059
2024-04-05,0.01044697939882111,0.011783805167988604,0.017114197447370083,0.013114994004726599
2024-04-08,0.0005592536529976933,0.0002950734100291008,0.006228485366236658,0.0023609374764211504
2024-04-09,0.0011565506249191504,0.003699597323979953,0.0054970549930351,0.003451067647311401
2024-04-10,-0.010012865355765843,-0.0087285506243574,-0.009463856185613961,-0.009401757388579068
2024-04-11,0.007546862480315886,0.015968302951052893,0.019433247203493043,0.01431613754495394
2024-04-12,-0.013803148699223167,-0.0159419502877457,-0.013239324939518515,-0.014328141308829125
2024-04-15,-0.012528106121352023,-0.01645095981374567,0.01871915519396472,-0.003419970247044324
2024-04-16,-0.0018237876332101166,9.28619870961267e-05,0.0012220152803359419,-0.0001696367885926826
2024-04-17,-0.005918237768831047,-0.012201333319863839,-0.007368252752093074,-0.008495941280262653
2024-04-18,-0.002057705799538345,-0.005706383555577066,0.0034154561341945833,-0.0014495444069736094
2024-04-19,-0.008728397426554513,-0.020689110331125526,0.003131535140574737,-0.008761990872368433
2024-04-22,0.009209134257071705,0.010056611971531515,-0.02470249054532203,-0.0018122481055729365
2024-04-23,0.011866637582815809,0.014922888857358041,-0.002458663172418052,0.008110287755918598
2024-04-24,-0.0004745904155173397,0.003387742755351031,-0.0018600907225296837,0.0003510205391013359
2024-04-25,-0.0037989601429470055,-0.004829934120671897,0.005963468053189924,-0.0008884754034763262
2024-04-26,0.009474016544795072,0.015431676527784433,0.003241927353549112,0.00938254014204287
2024-04-29,0.003541303574626342,0.004060267504107928,-0.002031218037689575,0.0018567843470148986
2024-04-30,-0.0158409823589144,-0.018856161458737364,-0.019937078844561418,-0.01821140755407106
2024-05-01,-0.0032472746143802356,-0.007230525334808946,0.00906215232545482,-0.00047188254124478713
2024-05-02,0.009353324390745765,0.012763382239872278,-0.0030870874411647042,0.006343206396484446
2024-05-03,0.012395271255430496,0.020098456688050437,-0.0007976266365629092,0.010565367102306008
2024-05-06,0.01032704199886858,0.010953451589795327,0.010518361024399514,0.010599618204354472
2024-05-07,0.0011033019458037696,0.00015897586429280963,-0.004600326433150892,-0.0011126828743514374
2024-05-08,9.660297516567162e-05,-0.0005904179867539661,-0.002941061869504713,-0.0011449589603643358
2024-05-09,0.00576216839035415,0.0021813521379236978,0.015778607960932778,0.007907376163070207
2024-05-10,0.0012879876369575882,0.0023582738553131755,0.008112513438038427,0.003919591643436396
2024-05-13,0.00013436762911100963,0.00230731011993357,-0.011202103844459965,-0.0029201420318051285
2024-05-14,0.0045878605621059165,0.0064323237618295614,0.008462045119477235,0.00649407648113757
2024-05-15,0.012383188358821906,0.015630123329071877,0.012838750510223651,0.013617354066039143
2024-05-16,-0.002057402828565036,-0.0020311940780571858,-0.0038933433506626036,-0.002660646752428275
2024-05-17,0.0014374246623611864,-0.00048689610532315353,0.016497772589880277,0.005816100382306103
2024-05-20,0.0011520539555727183,0.006972808800970398,0.004023937591649318,0.004049600116064145
2024-05-21,0.0024524666807941298,0.001956427776752756,-0.001469548604571047,0.000979781950991946
2024-05-22,-0.002878924842779851,-0.00019746308053658623,-0.018373969565577908,-0.007150119162964781
2024-05-23,-0.007304396053435136,-0.0044984250327447795,-0.019944570339717638,-0.010582463808632517
2024-05-24,0.006616393611422522,0.009456420739133442,0.0009271136061119734,0.005666642652222646
2024-05-28,0.0006989882429324634,0.003777619161087875,0.010513172896031486,0.004996593433350608
2024-05-29,-0.007002628129910593,-0.007048266224474187,-0.009303812074717088,-0.007784902143033955
2024-05-30,-0.00663387507686275,-0.01071342221508842,0.0018967600627464165,-0.005150179076401583
2024-05-31,0.009108153680295716,-0.0018602438139676547,-0.00586417430627717,0.0004612451866836307
2024-06-03,0.0008152404198553675,0.005369441461726021,0.008917780500373507,0.005034154127318298
2024-06-04,0.001118008704648954,0.002736534324839335,-0.008977059834655354,-0.0017075056017223553
2024-06-05,0.011885179878577512,0.020159619133930162,0.011845603201318777,0.014630134071275482
2024-06-06,-1.8991947297153366e-05,-0.000345161695927354,0.007391356612921562,0.0023424009898990183
2024-06-07,-0.001215390475404421,-0.0008847989028867298,-0.0356833014337965,-0.012594496937362549
2024-06-10,0.0030896534756781335,0.004039093989227416,0.009168181127878539,0.005432309530928029
2024-06-11,0.0024084559716648357,0.006862797930063946,0.0028566106093963484,0.004042621503708377
2024-06-12,0.008212991690934146,0.013097818235789482,0.0026617200115086614,0.007990843312744095
2024-06-13,0.002013509619053,0.005420193132854356,-0.008150148984962247,-0.00023881541101829695
2024-06-14,0.0006082700460166013,0.005181183329170613,0.012959545903254766,0.006249666426147327
2024-06-17,0.007958943634686966,0.012249915788314691,-0.005191652247571565,0.0050057357251433645
2024-06-18,0.0025406055795478277,0.00030914656762948134,0.004007271832187298,0.0022856746597882025
2024-06-20,-0.0027164444541963872,-0.007708006299421144,0.012484347826456244,0.0006866323576129041
2024-06-21,-0.001340607764340862,-0.0026791902538135792,-0.01549323810998593,-0.00650434537604679
2024-06-24,-0.0032507395346381696,-0.011384728474422068,0.003957566385821121,-0.003559300541079705
2024-06-25,0.003850869326469164,0.011435609470292984,-0.004962237629221655,0.0034414137225134978
2024-06-26,0.0012481564062454265,0.002065126457876598,-0.009228168111804491,-0.0019716284158941555
2024-06-27,0.001576461654494432,0.002581368210531787,0.011336925587312363,0.00516491848411286
2024-06-28,-0.003935179546855183,-0.005190935437044186,9.297647872497095e-05,-0.003011046168391466
2024-07-01,0.0020580239686431856,0.005864948428990546,0.002604589701364013,0.003509187366332581
2024-07-02,0.006729892212882227,0.010499844506471234,-4.643394389247657e-05,0.005727767591820328
2024-07-03,0.00446263401814706,0.008337075794269344,0.011273000380832787,0.008024236731083063
2024-07-05,0.005766483695770486,0.0104268527993856,0.013486798057396943,0.009893378184184343
2024-07-08,0.001153871456714528,0.002378330725825162,-0.012402074526820739,-0.0029566241147603494
2024-07-09,0.0009723971750748017,0.0008644752984647841,0.0016957473442755777,0.0011775399392717212
2024-07-10,0.009895394053725859,0.010426509220498259,0.0036603361122538036,0.00799407979549264
2024-07-11,-0.00862278725723753,-0.021930116870412353,0.017733403441032136,-0.004273166895539248
2024-07-12,0.006307627031391316,0.005874839348842142,-0.0006270969301161999,0.0038517898167057525
2024-07-15,0.0027500647684435275,0.0026877755011955884,0.0032271131671974818,0.0028883178122788658
2024-07-16,0.005930226787752568,0.00038292979643195224,0.019925798233449088,0.008746318272544535
2024-07-17,-0.014021015983044616,-0.02935489378495748,-0.004643206403117328,-0.016006372057039808
2024-07-18,-0.007684865542338271,-0.004732507245661544,-0.006381186355259083,-0.006266186381086299
2024-07-19,-0.006640753333208238,-0.008863542553789516,-0.017937829186175036,-0.01114737502439093
2024-07-22,0.010309854435858412,0.014897757737892592,0.00031573231212611574,0.008507781495292372
2024-07-23,-0.0015685071166898767,-0.0035246653044883614,0.003516676143213937,-0.0005254987593214335
2024-07-24,-0.02266253442422783,-0.035870378542730674,-0.0035043524704835294,-0.02067908847914734
2024-07-25,-0.0052103090560375875,-0.01102768931153919,-0.01564473026582147,-0.01062757621113275
2024-07-26,0.011199553271160845,0.010255881587600602,0.010534525866662925,0.010663320241808123
2024-07-29,0.0005879168006492907,0.0020088387840766497,-0.0014050562105476505,0.00039723312472609657
2024-07-30,-0.00506655567459402,-0.013731286532019715,0.009985461488319247,-0.0029374602394314957
2024-07-31,0.01625473240430919,0.029593753239423037,0.018110725786084192,0.02131973714327214
2024-08-01,-0.014161096725278322,-0.02422154593196657,-0.003442943141866328,-0.013941861933037073
2024-08-02,-0.018618373566652413,-0.02373496199503855,-0.0019046282784819235,-0.014752654613390962
2024-08-05,-0.029123754853959127,-0.029816187819319717,-0.012691935106198926,-0.023877292593159252
2024-08-06,0.009219669304118439,0.009555223343128194,-0.00800071383261225,0.003591392938211461
2024-08-07,-0.006683984946629917,-0.010829826947843513,-0.0006796279952806517,-0.00606447996325136
2024-08-08,0.023117240661508554,0.030590864992666722,0.01568801363501282,0.023132039763062696
2024-08-09,0.004409693130006165,0.00522244460538368,0.0024552612171107047,0.00402913298416685
2024-08-12,0.0005254051316678776,0.0021535878170533262,0.017144665770273848,0.006607886239665017
2024-08-13,0.016445613272904724,0.024812749115035837,-0.001532358906807585,0.013242001160377657
2024-08-14,0.0031548955749161056,0.00032425572844019257,-0.008155751250824572,-0.001558866649156091
2024-08-15,0.017140163092787875,0.025263155790226977,0.0031388449312386157,0.01518072127141782
2024-08-16,0.0022418806808854885,0.0012857785713928926,0.022387738526589374,0.008638465926289252
2024-08-19,0.009561657695156933,0.01313593392569845,-0.0016380226467287429,0.00701985632470888
2024-08-20,-0.0016263953231449024,-0.0020986015965186455,0.0036699887797402297,-1.8336046641105998e-05
2024-08-21,0.003436795813040572,0.004664106089246722,-0.0013336178629831386,0.0022557613464347184
2024-08-22,-0.00784851342649362,-0.015854823219219605,-0.011975011209935715,-0.011892782618549647
2024-08-23,0.010625273593212858,0.010845414623353422,0.011553425520716143,0.011008037912427474
2024-08-26,-0.0023838081109496256,-0.00970819957779434,0.0031893380775305236,-0.002967556537071148
2024-08-27,0.0013730708321384455,0.0029872286664962555,0.002706671669018279,0.0023556570558843264
2024-08-28,-0.005805297076289628,-0.011347426992678655,-0.007026862307456638,-0.008059862125474973
2024-08-29,8.964094270047518e-05,-0.0014637977957066006,0.005177980359189593,0.0012679411687278226
2024-08-30,0.009546072545585815,0.011919391576386662,-0.0071260085162319076,0.004779818535246856
2024-09-03,-0.020579248523403093,-0.03036095051398424,-0.0043235765879541255,-0.018421258541780484
2024-09-04,-0.0020466049659708663,-0.0025984378789514206,0.000607926500195255,-0.0013457054482423438
2024-09-05,-0.00243218058308603,0.0009335443493485585,0.008332306942507417,0.0022778902362566482
2024-09-06,-0.016830090287505373,-0.026787278368773593,-0.00740263040895639,-0.01700666635507845
2024-09-09,0.01119602096035166,0.01285965261226707,0.004205876079289794,0.009420516550636174
2024-09-10,0.004355801507269996,0.009241720487981775,0.004404097525006145,0.006000539840085972
2024-09-11,0.010258849578428375,0.021715428925810354,-0.001590555949419148,0.010127907518273192
2024-09-12,0.008423348989226254,0.009816094238294992,0.017567284525531468,0.011935575917684238
2024-09-13,0.005222895000991157,0.0044799990407635715,0.009943683944142245,0.006548859328632324
2024-09-16,0.0014767043578509664,-0.0044179792422445185,-8.374817448175698e-05,-0.0010083410196251032
2024-09-17,0.00040862256895390914,0.0005283397107047616,-0.005530911354914458,-0.001531316358418596
2024-09-18,-0.002965714357998861,-0.0043295377612582175,-0.00771046540528908,-0.005001905841515386
2024-09-19,0.01706426753929513,0.025284314609187453,0.01554075728197235,0.01929644647681831
2024-09-20,-0.001728493464093095,-0.0019033631995182265,0.012710660066880486,0.0030262678010897215
2024-09-23,0.0024986851621617845,0.0026505756710046846,0.0019404068737312041,0.002363222568965891
2024-09-24,0.002861487494578041,0.004823539064437998,0.01396907347432852,0.007218033344448186
2024-09-25,-0.002205573781180359,0.0009272503426829282,-0.001381767735032069,-0.0008866970578431665
2024-09-26,0.003964690509809632,0.007513056001196672,0.005086884066794806,0.005521543525933703
2024-09-27,-0.0014505077756773455,-0.0055571011345976196,-0.007935830791900522,-0.0049811465673918285
2024-09-30,0.004007307218167,0.002711864363887928,-0.007999374253898517,-0.0004267342239478631
2024-10-01,-0.00895838840635721,-0.013932446625201877,0.010491249392624136,-0.0041331952129783165
2024-10-02,0.0004220737216988901,0.0014129942232512516,0.00020358719772617384,0.0006795517142254385
2024-10-03,-0.0018282874847113106,-0.0007469363628748171,-0.0006920058878574498,-0.0010890765784811924
2024-10-04,0.009087535362690247,0.011898082135791244,-0.001996030315693398,0.0063298623942626975
2024-10-07,-0.009040591890144833,-0.010711609114197884,-0.0033877625757333663,-0.007713321193358694
2024-10-08,0.00945766211928345,0.014934589311888402,-0.007371925565205384,0.005673441955322156
2024-10-09,0.0069263742769880565,0.00786832528629211,-0.005446185963701722,0.003116171199859482
2024-10-10,-0.0017499289570287457,-0.0011355476752369364,0.007342892553628744,0.0014858053071210207
2024-10-11,0.005988125594301508,0.0015631921602958787,0.010913408354139564,0.006154908702912316
2024-10-14,0.008178455361924408,0.008391423844988699,-0.001629502157067031,0.004980125683282026
2024-10-15,-0.00776970892320461,-0.013366792198276745,0.003468359323146597,-0.0058893805994449195
2024-10-16,0.0043464140096862725,0.0001222112634995387,0.005001609209081437,0.0031567448274224157
2024-10-17,8.589742862885608e-05,0.0006925922364304782,0.005988310835030708,0.0022556001666966807
2024-10-18,0.003846334035071841,0.0065547308902624835,0.010618185005035086,0.00700641664345647
2024-10-21,-0.0016420670930010761,0.0019213229732646386,-0.0001990012771425631,2.6751534373666507e-05
2024-10-22,-0.0005312863972004589,0.0010899417305403336,0.01078732362833379,0.003781992987224555
2024-10-23,-0.009137259973135414,-0.015323909129218882,-0.012050555849465017,-0.01217057498393977
2024-10-24,0.0021628023642212835,0.008108835304873718,0.007693259346016168,0.005988299005037057
2024-10-25,-0.00034551232929502795,0.006093693969362102,0.0020569789010425055,0.0026017201803698597
2024-10-28,0.0030914301936280086,0.00016145709024462107,3.945407605776552e-05,0.0010974471199767983
2024-10-29,0.0016184868692048493,0.00960828515991996,0.010894858433216914,0.007373876820780573
2024-10-30,-0.00302542299657671,-0.0075574725134403,0.005505891218995584,-0.0016923347636738082
2024-10-31,-0.019602980971893724,-0.025242769642891405,-0.01549516696374409,-0.02011363919284307
2024-11-01,0.004220588343223586,0.007398918184909675,-0.0041023758773531815,0.002505710216926693
2024-11-04,-0.0021541105300423302,-0.0029132167562273548,0.0014259144001700363,-0.0012138042953665495
2024-11-05,0.012091924203754711,0.012756963609997118,0.002254447895035039,0.00903444523626229
2024-11-06,0.02486559313993597,0.02716323271567589,-0.030386729020158265,0.007214032278484529
2024-11-07,0.007731744997430123,0.0157441131795657,0.01607650385553039,0.013184120677508737
2024-11-08,0.004332131323064425,0.0011685353317782976,-0.006769426092267272,-0.00042291981247484945
2024-11-11,0.000952677373292854,-0.0005834359881596862,-0.02347155656813127,-0.007700771727666034
2024-11-12,-0.003106440394440191,-0.0018101209276325525,-0.008631355179477884,-0.004515972167183542
2024-11-13,0.00048587310384529125,-0.001286625447421974,-0.010081225320474285,-0.003627325888016989
2024-11-14,-0.006429998524105307,-0.006949694563313513,-0.0026091417886489054,-0.005329611625355908
2024-11-15,-0.012808639480448747,-0.023826045970627985,-0.0017720694429750328,-0.012802251631350587
2024-11-18,0.0040973033512390344,0.006947690711734955,0.019020246289590537,0.010021746784188174
2024-11-19,0.0036554745910837294,0.006879614657329114,0.008959325127211315,0.006498138125208053
2024-11-20,0.00033893325927181195,-0.0005758115477800807,0.005632045702723465,0.001798389138071732
2024-11-21,0.005368141194877163,0.0035971929691422933,0.00833950039098208,0.005768278185000511
2024-11-22,0.0030994993753996614,0.0016039309052275907,0.012892210445830887,0.005865213575486046
2024-11-25,0.003392209664099921,0.0015817578870540583,-0.029458856541119016,-0.008161629663321679
2024-11-26,0.005221275893982025,0.005369118867815326,0.0019383092584317474,0.0041762346734096996
2024-11-27,-0.0030300883971953185,-0.007873296382444717,0.002222714763140843,-0.0028935566721663974
2024-11-29,0.006212050385417278,0.008786842078480461,0.008624546377060671,0.007874479613652802
2024-12-02,0.0017925343116806935,0.0108877918762329,-0.00875440338997513,0.001308640932646155
2024-12-03,0.00046363585237330085,0.0030662881550702625,0.002012776164397767,0.00184756672394711
2024-12-04,0.006209614402377772,0.012362783199092897,0.003033679807253664,0.007202025802908111
2024-12-05,-0.0016457396510601852,-0.0027709389683684416,-0.007397709454119217,-0.003938129357849281
2024-12-06,0.0018957974675537503,0.00894966594846025,0.0003705687954560499,0.0037386774038233503
2024-12-09,-0.005149570589002672,-0.007787494175756859,0.009919751769426055,-0.001005770998444492
2024-12-10,-0.003109093733479562,-0.0034076690060813597,0.01316431251835759,0.002215849926265556
2024-12-11,0.007730636209670516,0.01790248683047424,0.009533812345188464,0.011722311795111072
2024-12-12,-0.005152844723640637,-0.0064538436282386424,-0.014663722649505995,-0.008756803667128424
2024-12-13,-0.00019841206444304316,0.007654429444666322,-0.012091578404740733,-0.0015451870081724843
2024-12-16,0.00426995333865432,0.014400609235112771,0.002415209844427002,0.007028590806064697
2024-12-17,-0.004120094133105434,-0.0044038036522239254,-0.0038386247250202787,-0.004120840836783213
2024-12-18,-0.029803464225586662,-0.03607692358092229,-0.019185077837713282,-0.028355155214740742
2024-12-19,-0.0003070465374180875,-0.0044533666802193395,0.0014210967336203417,-0.0011131054946723618
2024-12-20,0.012010907432213225,0.008732464025787756,0.010434056495473909,0.010392475984491629
2024-12-23,0.0059884194905495125,0.00974262077757615,-0.004708795377563857,0.0036740816301872683
2024-12-24,0.011114888892345354,0.013559997337533769,0.001992014086009908,0.00888896677196301
2024-12-26,6.659180165091705e-05,-0.0006792207641523884,0.006751179863859091,0.002046183633785873
2024-12-27,-0.0105262755816794,-0.013293050868435352,-0.0068705038771270655,-0.010229943442413939
2024-12-30,-0.011411688320766777,-0.013299985703115524,-0.0031896811646237033,-0.009300451729502002
2024-12-31,-0.0036380299989984266,-0.00849471940688773,0.006233636577161361,-0.001966370942908265
2025-01-02,-0.002457123996579935,-0.0019561958389703316,0.013587714119632333,0.0030581314280273553
2025-01-03,0.012503510745669022,0.01636535904800196,-0.007864039973028758,0.007001609940214074
2025-01-06,0.005760614778799633,0.011492798651683733,-0.0012320959587240887,0.005340439157253092
2025-01-07,-0.011304148528351265,-0.01784426687360907,0.005633435188264313,-0.007838326737898674
2025-01-08,0.0014610115160782478,0.00017467674209914463,0.005315681488123669,0.0023171232487670204
2025-01-10,-0.015267427998534089,-0.015680988453539046,0.009558310004399662,-0.007130035482557825
2025-01-13,0.001550370850589733,-0.0032138985609743154,-0.009951255605703535,-0.0038715944386960386
2025-01-14,0.001376057202634895,-0.000949417432792754,0.005249423200524239,0.0018920209901221265
2025-01-15,0.01819002884394938,0.023006233931550213,0.007488993695735191,0.016228418823744928
2025-01-16,-0.0019231016950377322,-0.007005906067711343,0.006910965874952435,-0.0006726806292655465
2025-01-17,0.010039795288152353,0.01687846693660333,-0.005307269747253152,0.00720366415916751
2025-01-21,0.009153584329701925,0.005864924993096654,0.015485219016293739,0.010167909446364105
2025-01-22,0.005621537753287331,0.012785796662902804,0.005135652699768123,0.007847662371986086
2025-01-23,0.005457955612408583,0.0021261219029773404,-0.0014148699521492336,0.0020564025210788963
2025-01-24,-0.002919264959769352,-0.005651280233795131,0.006218705580031125,-0.0007839465378444528
2025-01-27,-0.014145356222404648,-0.029114342742158295,-0.0104048052682425,-0.017888168077601813
2025-01-28,0.008592315317060173,0.014779743596473827,0.008656417783572623,0.01067615889903554
2025-01-29,-0.004482967158625062,-0.0018779996646303143,-0.0038404097330004827,-0.003400458852085286
2025-01-30,0.0053671859760371365,0.004262463076519785,0.01514551884715587,0.008258389299904263
2025-01-31,-0.005322013686878346,-0.0014531541474319676,0.0019763991077348386,-0.0015995895755251583
2025-02-03,-0.006729450249601476,-0.008003213576513124,0.005337271410283728,-0.0031317974719436243
2025-02-04,0.006708265236212485,0.012275361548277353,0.00984841707528572,0.009610681286591852
2025-02-05,0.004054526223509436,0.0045379425742630985,0.006209542410714253,0.004934003736162262
2025-02-06,0.0034756291897781733,0.005219813630104708,-0.0026502562908058414,0.002015062176359013
2025-02-07,-0.00915361540214743,-0.012613600661151914,0.0017841598670260694,-0.006661018732091091
2025-02-10,0.006791224986284927,0.01210518511602543,0.016938239196991,0.011944883099767118
2025-02-11,0.0007605411933127026,-0.0023804622016666555,-0.0036516022155236305,-0.0017571744079591942
2025-02-12,-0.003221485072722685,0.0005868403127036181,0.0010471549570203464,-0.0005291632676662401
2025-02-13,0.010557604278849553,0.014385973815199904,0.009862831092105617,0.011602136395385022
2025-02-14,-4.927878362037674e-05,0.004198362833554237,-0.014871773334245608,-0.0035742297614372496
2025-02-18,0.0029358976669520143,0.0022670526555856885,0.01656090548123368,0.0072546186012571266
2025-02-19,0.0023549188372289365,0.0002781662414941266,0.000554096378723612,0.0010623938191488917
2025-02-20,-0.0041602448320542385,-0.004244502587309351,0.0005168326664386491,-0.0026293049176416465
2025-02-21,-0.01710420781148192,-0.02075465629750306,-0.0009225433005247696,-0.012927135803169917
2025-02-24,-0.004550406866907997,-0.011804199799453019,0.005429568123388684,-0.0036416795143241103
2025-02-25,-0.004973286891179596,-0.012599343766067417,-0.013188334192659745,-0.010253654949968919
2025-02-26,0.0005050065539069504,0.0024155840780002436,0.0015263333689308212,0.0014823080002793383
2025-02-27,-0.015961909523318774,-0.027771218594090707,-0.015239958822878874,-0.019657695646762785
2025-02-28,0.015605382783750565,0.015791459371779393,-0.006265820058134697,0.008377007365798422
2025-03-03,-0.01751987501654706,-0.0218824743274727,0.013180390342641513,-0.008740653000459415
2025-03-04,-0.011836867992038314,-0.0030178191056544623,0.008697635934455272,-0.0020523503877458342
2025-03-05,0.010747839611165988,0.01303602192405795,0.0020813110966888537,0.008621724210637597
2025-03-06,-0.017751050248379863,-0.027509353238894807,-0.005081207410422395,-0.016780536965899023
2025-03-07,0.005604668443293992,0.007353556116459936,0.0005219558189655249,0.00449339345957315
2025-03-10,-0.026635514522396653,-0.03875633537819212,-0.008755937163287819,-0.024715929021292198
2025-03-11,-0.008312891177371884,-0.0023904220267163545,0.011727541035094546,0.0003414092770021031
2025-03-12,0.005306600218026203,0.011280777454300006,0.004346793335703092,0.006978057002676433
2025-03-13,-0.013330547411436466,-0.017990386810303183,0.017756144523255468,-0.004521596566161394
2025-03-14,0.020655793553070456,0.024170365724559773,0.00039975774946587883,0.015075305675698703
2025-03-17,0.007711337640769589,0.0064837982920580295,0.0054135329342379634,0.006536222955688527
2025-03-18,-0.010808379622018083,-0.017047471088211696,0.011671955843306048,-0.00539463162230791
2025-03-19,0.010890735339307511,0.013381434972633555,0.004107707999658539,0.009459959437199867
2025-03-20,-0.00289148032955977,-0.0033896036002503127,-0.0012805854303336028,-0.0025205564533812286
2025-03-21,0.00032989191840537835,0.003296759199296284,-0.008049901213267985,-0.0014744166985221077
2025-03-24,0.017908376041436913,0.021944368604828846,-0.004452548665506595,0.01180006532691972
2025-03-25,0.0024039293468809397,0.005706524221397835,0.004400365088198743,0.004170272885492506
2025-03-26,-0.011938334576674592,-0.01840067223498909,-0.0008259812019960622,-0.010388329337886582
2025-03-27,-0.002655735881150312,-0.005697991794587631,0.013405732882559862,0.0016840017356073065
2025-03-28,-0.02013843063199028,-0.02632782144787804,0.007412123023167849,-0.013018043018900156
2025-03-31,0.006712801372924737,-4.2617491711305355e-05,0.014363222998346137,0.007011135626519855
2025-04-01,0.002824553701041621,0.00806107222453889,-0.0019782303576065807,0.00296913185599131
2025-04-02,0.0063284086265045225,0.007298463725373239,0.0020516615880092903,0.00522617797996235
2025-04-03,-0.04928091072982521,-0.053533530892642234,-0.006038278082531101,-0.036284239901666175
2025-04-04,-0.058542941635117196,-0.06210889281094045,-0.02339226273628292,-0.04801469906078019
2025-04-07,-0.001781127314375297,0.002413241582797765,-0.02148580630415131,-0.006951230678576281
2025-04-08,-0.01566275431689801,-0.018008497525872302,0.005443793790763651,-0.00940915268400222
2025-04-09,0.10501925332407813,0.12003067095820041,0.03699125081478161,0.08734705836568671
2025-04-10,-0.043818954699414436,-0.04253214567294317,0.0244235794430141,-0.020642506976447834
2025-04-11,0.017842893761116585,0.01842318284164235,0.019086664805096243,0.01845091380261839
2025-04-14,0.009701505859365467,0.0067781000511559775,-0.005705977012200658,0.003591209632773595
2025-04-15,-0.00280102140040972,0.0011148081252354558,0.005232379352138938,0.0011820553589882248
2025-04-16,-0.022228193519776007,-0.030153574074574307,0.0325408102664011,-0.006613652442649739
2025-04-17,0.0014268351928818923,-0.00018011074253454495,-0.004390692094044635,-0.0010479892145657623
2025-04-21,-0.023802651133915886,-0.024746669321117465,0.03093558529908469,-0.005871245051982887
2025-04-22,0.02601770108691892,0.026252034443891903,-0.014195668551963636,0.01269135565961573
2025-04-23,0.015495599517855618,0.02267815180822441,-0.023978630729734163,0.004731706865448623
2025-04-24,0.021048912949868326,0.02813716865498339,0.014556277018207942,0.02124745287435322
2025-04-25,0.007225424527655733,0.011147936184712881,-0.010841679678267213,0.0025105603447004663
2025-04-28,0.0003812727202627819,-0.00031741005865071337,0.01424210344049559,0.004768655367369219
2025-04-29,0.006299276475910887,0.006604433415682953,-0.009738925467677184,0.001054928141305552
2025-04-30,0.00039694175083582195,-0.0001262097820908803,-0.007482221012837353,-0.002403829681364137
2025-05-01,0.007086979683865069,0.01306071334121195,-0.02077228754256477,-0.00020819817249591744
2025-05-02,0.014844024038501491,0.014843904055049206,0.0017481999132260562,0.010478709335592251
2025-05-05,-0.005734324797424639,-0.005932493604820288,0.029867754776654154,0.006066978791469741
2025-05-06,-0.008358326594873233,-0.009301682951692758,0.02802400275899264,0.003454664404142216
2025-05-07,0.004205416800135087,0.003925869653398806,-0.014993060801348546,-0.0022872581159382177
2025-05-08,0.006967983937040012,0.010324912017485754,-0.0196942722998793,-0.0008004587817845117
2025-05-09,-0.0012742212112867302,-0.0006552983540776269,0.007254674259445482,0.0017750515646937082
2025-05-12,0.03304742941467098,0.040740195739510376,-0.028190568373488878,0.015199018926897493
2025-05-13,0.006603966987809073,0.015240810143960948,0.004258992599597278,0.008701256577122432
2025-05-14,0.0012780825092013615,0.005993088186767803,-0.021037827999516923,-0.004588885767849252
2025-05-15,0.004884179285025159,0.0010989799278726675,0.015963953531585195,0.007315704248161007
2025-05-16,0.006334043929497213,0.004352310089560163,-0.012087047232674286,-0.0004668977378723036
2025-05-19,0.0010938196429841618,0.0009589205274451729,0.012880671121226372,0.004977803763885236
2025-05-20,-0.003362153676216839,-0.0033333054969783005,0.0186222454642182,0.00397559543034102
2025-05-21,-0.016850775346555102,-0.013896771091742255,0.007378683875855163,-0.0077896208541473975
2025-05-22,0.00039460189702000825,0.0018712361880994788,-0.008861493387459118,-0.002198551767446544
2025-05-23,-0.006825745833528796,-0.009260704288703403,0.021906288045034472,0.0019399459742674248
2025-05-27,0.02079068471986001,0.023525145789181634,-0.016949152542372836,0.009122225988889602
2025-05-28,-0.005785451740996206,-0.004431865327271023,-0.0022660178699712707,-0.0041611116460795
2025-05-29,0.003947442276660329,0.001965668190524017,0.0059247154716217665,0.003945941979602037
2025-05-30,-0.0011185059286688004,-0.0015769599933492806,-0.006576942326457891,-0.0030908027494919903
2025-06-02,0.005632816282124864,0.007897963272625708,0.026581051258171673,0.01337061027097408
2025-06-03,0.005702662290135274,0.007817063762803667,-0.008855551213511115,0.0015547249464759423
2025-06-04,-0.00026851243178294126,0.0027878859294374614,0.006441974072654677,0.0029871158567697322
2025-06-05,-0.004832756264298466,-0.007526905817360152,-0.00504987891618125,-0.005803180332613289
2025-06-06,0.010269030973764526,0.009775312763678379,-0.013416073696802311,0.0022094233468801976
2025-06-09,0.0009012287764704752,0.0014720363493916366,0.004718534884218695,0.002363933336693602
2025-06-10,0.005669821601985259,0.006613906279393067,0.000293510988597534,0.00419241295665862
2025-06-11,-0.0028521799815779403,-0.003369470348270176,0.005412290790508978,-0.0002697865131130459
2025-06-12,0.003974378714497684,0.002347817673546748,0.0124202002480438,0.0062474655453627435
2025-06-13,-0.011180059785133145,-0.012554913725739247,0.013100564311248064,-0.0035448030665414434
2025-06-16,0.009514239842613348,0.013909972990988395,-0.01425909653729851,0.0030550387654344107
2025-06-17,-0.00854517139843114,-0.009751236371642769,0.0005131941200071655,-0.00592773788335558
2025-06-18,-0.0001507130904417897,-0.00017012447169739708,-0.005385627565021256,-0.0019021550423868143
2025-06-20,-0.002348474253184407,-0.0040832177891801935,-0.00041901914110908933,-0.0022835703944912296
2025-06-23,0.00987738189722287,0.010282412342111469,0.0030631724583116693,0.007740988899215336
2025-06-24,0.011047392828865465,0.015292076656950204,-0.015719378751237634,0.003540030244859344
2025-06-25,0.000560282661534961,0.002556421065045944,0.003037305817845004,0.002051336514808636
2025-06-26,0.007823809728070064,0.009350208927673131,-0.0011070472235482631,0.005355657144064977
2025-06-27,0.0049683222933454285,0.0034237285395219974,-0.018123728993798327,-0.0032438927203103
2025-06-30,0.004781279687299023,0.006476879755932252,0.01198454729743359,0.007747568913554954
2025-07-01,-0.0003237141327537829,-0.008429252270324872,0.008923010663382636,5.668142010132682e-05
2025-07-02,0.00453326557880418,0.006965298187708413,0.005527596405484614,0.005675386723999068
2025-07-03,0.007881400243543668,0.009840272609489498,-0.006822911403597365,0.003632920483145267
2025-07-07,-0.007451971921066947,-0.007532999876067148,0.000748780548875283,-0.004745397082752937
2025-07-08,-0.0005477352950125081,0.0005617086252047709,-0.010443411868664265,-0.0034764795128240005
2025-07-09,0.005996656078344209,0.007078818462555203,0.004471282664348264,0.005848919068415891
2025-07-10,0.0028203571621754353,-0.001438160900480101,0.0022257895319868215,0.0012026619312273852
2025-07-11,-0.003515605355253415,-0.0022503351874316735,0.009601575193336043,0.0012785448835503184
2025-07-14,0.0019082832595347377,0.0036267392257969266,-0.0036553174266280575,0.0006265683529012023
2025-07-15,-0.004273212189356279,0.000916943103989043,-0.004155705135267751,-0.002503991406878329
2025-07-16,0.0033432733845384366,0.0010238410431149259,0.004988096125243757,0.0031184035176323732
2025-07-17,0.006119538410830128,0.008092771167205415,-0.0021735334020257513,0.004012925392003264
2025-07-18,-0.0007322363413652111,-0.0009612012034828643,0.002600924347578637,0.00030249560091018723
2025-07-21,0.0018960449732978724,0.005184771900194951,0.015370115792427752,0.007483644221973525
2025-07-22,0.0001431954391026835,-0.0051758566122592775,0.009484882235462067,0.0014840736874351577
2025-07-23,0.008507280087369118,0.004561247383473077,-0.01240118112003663,0.0002224487836018545
2025-07-24,0.00033122432439824934,0.002128533024350787,-0.006118276977772341,-0.001219506543007768
2025-07-25,0.004224338152491125,0.002406989267270232,-0.0092499926477293,-0.0008728884093226474
2025-07-28,-0.0002511658677887274,0.0031250917034661985,-0.00647361832754334,-0.0011998974972886232
2025-07-29,-0.0026375650574512743,-0.0015489342427812414,0.002750389076383808,-0.0004787034079495691
2025-07-30,-0.0012593696215839056,0.0013399730145824407,-0.017273497289540862,-0.0057309646321807755
2025-07-31,-0.003751164153554032,-0.00529916645018691,0.0066454015709211944,-0.0008016430109399155
2025-08-01,-0.01639041762130744,-0.019698886999479193,0.020299689958884537,-0.005263204887300698
2025-08-04,0.015199764160073403,0.018451662351475884,0.005823229257701401,0.013158218589750229
2025-08-05,-0.005070024116712868,-0.006789473483936326,0.0008040912066364925,-0.0036851354646709003
2025-08-06,0.007659857740445197,0.01258315667750276,-0.00212110700071233,0.006040635805745209
2025-08-07,-0.0008377338742812102,0.003384387236945674,0.008437987494967825,0.003661546952544096
2025-08-08,0.007797554830949682,0.009328221927688896,-0.00022357985855403495,0.005634065633361514
2025-08-11,-0.0019775013459851776,-0.002959018853778028,-0.014374701087597641,-0.006437073762453616
2025-08-12,0.010645981802730908,0.012568803224037195,-0.0009074665058316222,0.0074357728403121595
2025-08-13,0.0034232287352642388,0.0005001064179936954,0.0030492830145867345,0.0023242060559482227
2025-08-14,9.301357079483097e-05,-0.000775464383009683,-0.006338706734070332,-0.002340385848761728
2025-08-15,-0.002341293610408912,-0.004397285397021111,0.0005858183101099534,-0.0020509202324400233
2025-08-18,-0.00021752076014103228,-0.0003985637682377696,-0.0015612675411803556,-0.0007257840231863858
2025-08-19,-0.005425196437217061,-0.013567517023556408,-0.005473279447945512,-0.008155330969572994
2025-08-20,-0.002657080804944645,-0.005937379408595511,0.010122175284489776,0.0005092383569832064
2025-08-21,-0.004011809805612443,-0.00462964919724318,-0.0034698951143765644,-0.004037118039077395
2025-08-22,0.015356833041096918,0.015427327600079588,0.01070642694476942,0.013830195861981975
2025-08-25,-0.0044010200352035955,-0.002884656934054597,-0.0024148368614391735,-0.003233504610232455
2025-08-26,0.004186872705103539,0.004015232915554501,0.007262047243691283,0.005154717621449774
2025-08-27,0.002278548623544596,0.001536842612600342,0.0020187288833615202,0.0019447067065021526
2025-08-28,0.0035414199062957508,0.006259849188709143,0.007419038046796889,0.005740102380600594
2025-08-29,-0.005963734491660877,-0.01157535527697362,0.00964990177666114,-0.002629729330657785
2025-09-02,-0.0074102526816088865,-0.008380282606327838,0.023642559312442524,0.0026173413415019322
2025-09-03,0.005419546163007771,0.007867545064627945,0.007831992196408066,0.00703969447468126
2025-09-04,0.008357513412322604,0.009051496036850626,-0.004418882618094533,0.004330042277026232
2025-09-05,-0.002896288899897903,0.0014429502116075632,0.01334594055214322,0.003964200621284293
2025-09-08,0.0024565777359784047,0.004877924660135369,0.011388067271604019,0.00624085655590593
2025-09-09,0.0023119797320374502,0.002833109098061337,-0.002269905468609168,0.000958394453829873
2025-09-10,0.0028907101289483705,0.0003272942715684124,0.0035922056391106683,0.0022700700132091503
2025-09-11,0.008310195838581613,0.005820615665316886,-0.0014913797811720864,0.00421314390757547
2025-09-12,-0.0003344427624296653,0.004417191261504527,0.0019715725978484144,0.002018107032307759
2025-09-15,0.005323774557475458,0.008556867421086078,0.01040483601055886,0.008095159329706798
2025-09-16,-0.0013767915798059693,-0.0008450788899231343,0.0020064107533963593,-7.18199054442481e-05
2025-09-17,-0.001242457061691904,-0.001995857239824539,-0.007715171664187115,-0.0036511619885678526
2025-09-18,0.004672405917850231,0.009016938060095958,-0.0040063094596702875,0.0032276781727586332
2025-09-19,0.004952962095531754,0.0067692575224016505,0.010607227252210416,0.007443148956714606
2025-09-22,0.004731049353107419,0.005920073936714676,0.01730643093326134,0.009319184741027811
2025-09-23,-0.005443562937222368,-0.006642261760471446,0.004086375052867464,-0.0026664832149421165
2025-09-24,-0.003181571733739008,-0.0035106152024937387,-0.009063049726670935,-0.005251745554301227
2025-09-25,-0.004613467564511753,-0.004311291858417277,0.004165188877066628,-0.001586523515287467
2025-09-26,0.005728940562627516,0.004110948441042206,0.00577227044053652,0.005204053148068747
2025-09-29,0.0028105400319002882,0.004631078168035652,0.016496514338703028,0.007979377512879655
2025-09-30,0.003766742028707082,0.00273923660495079,0.008540004081594166,0.005015327571750679
2025-10-01,0.0034075725394382417,0.004796919882163131,0.0015753722020723782,0.0032599548745579163
2025-10-02,0.001151824796685963,0.004111020294430778,-0.003482825151325697,0.000593339979930348
2025-10-03,-1.4713447336833774e-05,-0.004209680647392355,0.008032937892485048,0.001269514599251953
2025-10-06,0.0035861796762737264,0.007510154587375251,0.01884573861512795,0.009980690959592309
2025-10-07,-0.00370742225752696,-0.005265670505592235,0.005159462258136571,-0.0012712101683275412
2025-10-08,0.005962962748359724,0.011463840686581905,0.016490956878444818,0.011305920104462148
2025-10-09,-0.002896974724933221,-0.0012102542195092658,-0.018452848086064733,-0.007520025676835739
2025-10-10,-0.027027862178845674,-0.03471419340226101,0.01009770001194199,-0.01721478518972156
2025-10-13,0.015344118135168339,0.02122127961769138,0.02430104394061705,0.020288813897825587
2025-10-14,-0.0012216462876413203,-0.006660944590322959,0.007141189222626965,-0.0002471338851124383
2025-10-15,0.004439529909605389,0.007056768737883523,0.017332403569977117,0.009609567405822009
2025-10-16,-0.006810227081276099,-0.0037029302513930107,0.02338727694573106,0.004291373204353984
2025-10-17,0.0056762988463516795,0.006566773461732511,-0.01881705572696668,-0.0021913278062941632
2025-10-20,0.010400500262923273,0.012600750316114295,0.03640197438905224,0.019801074989363267
2025-10-21,-1.494287878323064e-05,-0.00026154446867010517,-0.06426889260666147,-0.021515126651371598
2025-10-22,-0.0051990077413519575,-0.009633987432361102,0.00010605594835544352,-0.004908979741785871
2025-10-23,0.0059300554070227385,0.008406409230690803,0.004002358382396931,0.00611294100670349
2025-10-24,0.008172554694480416,0.010678280603591661,-0.0033528327110016187,0.005166000862356819
2025-10-27,0.011797664492784632,0.01780922314180522,-0.027839530498784404,0.0005891190452684825
2025-10-28,0.002656016019079832,0.007690008216966859,-0.007166030388359279,0.0010599979492291372
2025-10-29,0.0004802810674313651,0.004502990798896933,-0.0037872684129753864,0.00039866781778430394
2025-10-30,-0.010998009070644743,-0.015288652640875422,0.01964188672951095,-0.0022149249940030718
2025-10-31,0.0032802217906446884,0.00482403254913244,-0.005430550723012573,0.0008912345389215184
2025-11-03,0.0018766494782573861,0.004784708098236612,0.0017929035935666526,0.0028180870566868834
2025-11-04,-0.01185363741888057,-0.020298093418214203,-0.017517195825319964,-0.016556308887471578
2025-11-05,0.003465476656154154,0.006508048824858337,0.011564369498527016,0.007179298326513169
2025-11-06,-0.010729273044794985,-0.018627361947175403,-0.0012005195756800147,-0.0101857181892168
2025-11-07,0.000984473178775147,-0.0031552922350828183,0.006119021470095909,0.0013160674712627456
2025-11-10,0.015604278627143309,0.022124205427511257,0.02734111859838051,0.02168986755101169
2025-11-11,0.002289357854538432,-0.002663596308138949,0.003937814406542062,0.0011878586509805147
2025-11-12,0.000556300212536609,-0.0007883320159972618,0.016110762091908537,0.005292910096149295
2025-11-13,-0.01659390636118807,-0.020415947108225807,-0.008083098515826892,-0.015030983995080256
2025-11-14,-0.0001638243733123046,0.0007559594991779495,-0.018047911171504505,-0.005818592015212953
2025-11-17,-0.009316347515515466,-0.008540477422004478,-0.011463979297139493,-0.009773601411553146
2025-11-18,-0.008397553343794883,-0.012175916656679608,0.007264932736103624,-0.004436179088123623
2025-11-19,0.0038631766432766224,0.005970176852466702,0.0016294519610446923,0.0038209351522626714
2025-11-20,-0.015242227316648038,-0.023671889336544405,-0.0002933255655774847,-0.013069147406256643
2025-11-21,0.009961138168965045,0.007512843732892183,-0.0015473311468576778,0.005308883584999849
2025-11-24,0.014718606876234608,0.025573261083649657,0.01584423909859045,0.018712035686158236
2025-11-25,0.009405928065710611,0.006163769755954451,-0.0003156907704157108,0.005084669017083117
2025-11-26,0.006903490619724062,0.008835636476900666,0.007998338908444147,0.007912488668356291
2025-11-28,0.0054584342293309,0.008107146974362323,0.012424331348639184,0.008663304184110801
2025-12-01,-0.004565470301164498,-0.0033589323116032244,0.004821066034977672,-0.0010344455259300167
2025-12-02,0.0018521864059071191,0.007826073319548543,-0.006440050713598433,0.00107940300395241
2025-12-03,0.003462839691083186,0.0024437255207652164,-0.0009296182229129313,0.001658982329645157
2025-12-04,0.000731139787988333,-0.0009300911758545194,0.0006461951944911615,0.00014908126887499168
2025-12-05,0.001899394752821859,0.004077349973276911,-0.0017823532991587676,0.0013981304756466677
2025-12-08,-0.0030042091058060105,-0.001918502477041395,-0.002639449868615862,-0.002520720483821089
2025-12-09,-0.000863028073573191,0.0012333456873967474,0.005137202012788666,0.0018358398755374075
2025-12-10,0.00663205445836712,0.004095732190410706,0.004259147967165866,0.00499564487198123
2025-12-11,0.0023270357445543954,-0.0032344464150966257,0.010769830543307934,0.003287473290921901
2025-12-12,-0.010751986278262682,-0.019118307600878626,0.005594579039939429,-0.008091904946400625
2025-12-15,-0.0015108084138407696,-0.005019386618356658,0.0009103412637565533,-0.0018732845894802912
2025-12-16,-0.002732375302379353,0.001981802971139146,0.00022745542760316262,-0.00017437230121234812
2025-12-17,-0.011003593983400228,-0.01853694722260213,0.008588228474273762,-0.006984104243909532
2025-12-18,0.00755126270975226,0.014490095003568904,-0.0018032036998044676,0.006746051337838899
2025-12-19,0.009063506223587092,0.013035461532133308,0.0011289903434383852,0.007742652699719595
2025-12-22,0.006229803850433591,0.004793430010699984,0.02308160549906857,0.011368279786734048
2025-12-23,0.004570492347330646,0.004683320360612031,0.013252341857567629,0.007502051521836768
2025-12-24,0.003517674396244841,0.002925661929782386,-0.004134082564786645,0.0007697512537468603
2025-12-26,-0.00010140966545213459,-6.42258301777332e-05,0.011676735474757116,0.0038370333263757495
2025-12-29,-0.0035636535074947684,-0.004840585173137457,-0.0435283019531133,-0.017310846877915176
2025-12-30,-0.0012212136133650242,-0.002319387022803987,0.0007275678386380324,-0.000937677599176993
2025-12-31,-0.0074088529688375315,-0.008265617813153048,-0.006467991163222386,-0.007380820648404321
2026-01-02,0.0018329931020035772,-0.0019370300896959236,0.004970859258759619,0.0016222740903557575
2026-01-05,0.0066602071082446646,0.007942867947986931,0.026313174195160993,0.013638749750464196
2026-01-06,0.005947158299371091,0.008786595304206557,0.010813149047262716,0.008515634216946788
2026-01-07,-0.003223412281198157,0.0009625073552126384,-0.009559953917112063,-0.0039402862810325266
2026-01-08,-0.00010152731427326422,-0.005688999652936455,0.005522515913727544,-8.933701782739179e-05
2026-01-09,0.006613382996888628,0.00996023105487942,0.007242001159325273,0.007938538403697773
2026-01-12,0.00157043300066384,0.0008297496946161331,0.018722729613168898,0.007040970769482957
2026-01-13,-0.0019995067653818532,-0.0014828295247444334,-0.0014210408732292512,-0.0016344590544518458
2026-01-14,-0.004915252903138989,-0.010682829260153182,0.010222226854541994,-0.0017919517695833926
2026-01-15,0.0027232975079871657,0.0035994606388298767,-0.006127660830587689,6.503243874311782e-05
2026-01-16,-0.000837905189162047,-0.0008363469702494797,-0.004818883830700504,-0.0021643786633706768
2026-01-20,-0.02035680001149731,-0.021247109479646253,0.03783617488689295,-0.001255911534750206
2026-01-21,0.0115411092816613,0.013518379690002691,0.014568979615140476,0.013209489528934821
2026-01-22,0.005223257672714476,0.00726938199084981,0.01846258414950319,0.010318407937689159
2026-01-23,0.00036273518897367296,0.003157420737031069,0.013745304981574558,0.005755153635859766
2026-01-26,0.00507823176187272,0.004400109641689687,0.014628847613605389,0.008035729672389264
2026-01-27,0.003984165378470905,0.009065284269015539,0.02453194232197564,0.01252713065648736
2026-01-28,-0.0001006645803248718,0.003311530790538031,0.038773348494905324,0.013994738235039494
2026-01-29,-0.001984377154833794,-0.005985273573928751,0.0027094717415592218,-0.001753392995734441
2026-01-30,-0.0029824841055743345,-0.012010841842685638,-0.10274245274560034,-0.039245259564620105
2026-02-02,0.00497122273706152,0.006866398739876489,-0.04004945911975233,-0.009403945880938108
2026-02-03,-0.008455385901172563,-0.015363995860281365,0.06358720612372104,0.013255941454089036
2026-02-04,-0.004843853725993386,-0.017469018639871603,-0.0007044119795716064,-0.007672428115145531
2026-02-05,-0.012489284060324235,-0.014395283656200686,-0.026631707613677613,-0.017838758443400844
2026-02-06,0.01918478647681998,0.021137860808890796,0.03073229479090611,0.023684980692205627
2026-02-09,0.004821726716577324,0.0076601288352324826,0.02540290594406658,0.012628253831958794
2026-02-10,-0.002637057770699447,-0.004639335369521991,-0.009913720520981939,-0.005730037887067792
2026-02-11,-0.00023112214366449724,0.002682115083918246,0.011310577541873812,0.004587190160709187
2026-02-12,-0.01544885969788623,-0.02033890829654672,-0.03472828959819363,-0.023505352530875524
2026-02-13,0.0007044991031190939,0.002131048155454618,0.024878663914389865,0.009238070390987858
2026-02-17,0.0016134830190519533,-0.001030123515214476,-0.03117025433910059,-0.01019563161175437
2026-02-18,0.005037707550576753,0.00746716866302255,0.022489929267582198,0.011664935160393833
2026-02-19,-0.002637344323549562,-0.003829676015125183,0.0027930496262249527,-0.0012246569041499309
2026-02-20,0.00723184928909637,0.008848879268683163,0.019714504323102178,0.011931744293627236
2026-02-23,-0.010211366038766267,-0.012154960293414563,0.027015500392687075,0.0015497246868354155
2026-02-24,0.00726847527019836,0.010741494985549327,-0.01385890426498504,0.0013836886635875496
2026-02-25,0.008438306300538434,0.014493229135896346,-0.0025072627221415233,0.006808090904764418
2026-02-26,-0.005554445579207146,-0.012064622965899163,0.008575889154321725,-0.003014393130261528
2026-02-27,-0.004801940858611298,-0.0032007554722836007,0.01313141674919538,0.0017095734727668272
2026-03-02,0.0005685229860479257,0.0013173960348162872,0.012919896640826822,0.004935271887230345
2026-03-03,-0.008814250912485666,-0.010705593463318008,-0.04461221500318879,-0.021377353126330823
2026-03-04,0.007055355958297538,0.015243155519400808,0.007818116439543665,0.010038875972414003
2026-03-05,-0.005575670491907769,-0.003012835076103726,-0.012017768242597482,-0.006868757936869659
2026-03-06,-0.013107129910862048,-0.015043184992000858,0.01583250339069653,-0.004105937170722124
2026-03-09,0.00875996152231262,0.01335559691185173,-0.0020696732193965506,0.006681961738255933
2026-03-10,-0.0016070155764896787,1.6508821196747903e-05,0.01127967872100144,0.003229723988569503
2026-03-11,-0.0012551345486657706,-0.00013166574175171863,-0.003390104145245987,-0.001592301478554492
2026-03-12,-0.015184966271003186,-0.01716329879806977,-0.019653925633074443,-0.017334063567382464
2026-03-13,-0.00566013575260893,-0.005927196401479651,-0.012936961278600778,-0.008174764477563119
2026-03-16,0.01017686501045656,0.011217471974352744,-0.0008896876689684641,0.006834883105280279
2026-03-17,0.002630544991105488,0.0048802389046711525,-0.00251939204778584,0.0016637972826636
2026-03-18,-0.013953644515257158,-0.013939679228373136,-0.03163716142328721,-0.019843495055639166
2026-03-19,-0.002464381043311259,-0.003160260480330801,-0.041215062676522196,-0.015613234733388085
2026-03-20,-0.014335696266852715,-0.018481707498242073,-0.0305574415876555,-0.02112494845091676
2026-03-23,0.010499991225476402,0.011478971108489944,-0.02259421410703788,-0.0002050839243571776
2026-03-24,-0.0033568144771775055,-0.006836798962342794,0.00022274115430986896,-0.003323624095070143
2026-03-25,0.0055726882440485515,0.006575620525403059,0.030089336389747867,0.014079215053066491
2026-03-26,-0.017858729983344035,-0.023867934697473725,-0.0375939695290467,-0.02644021140328815
2026-03-27,-0.01705189415742525,-0.019536656388718376,0.03509384246336822,-0.000498236027591803
2026-03-30,-0.0033433906874337227,-0.007643371872404492,-0.00028942761329309175,-0.0037587300577104354
2026-03-31,0.029067865784757174,0.03385390473424077,0.037893826237359374,0.03360519891878577
2026-04-01,0.00753449141030349,0.012353199234057088,0.017499822514495333,0.012462504386285302
2026-04-02,0.0009004595313388819,0.0011466275764089318,-0.019208815315471583,-0.005720576069241256
2026-04-06,0.004726845083763864,0.006017365534718655,-0.004098669687746526,0.002215180310245331
2026-04-07,0.0004400005646272298,0.00015293726768694782,0.009727589667910319,0.0034401758334081656
2026-04-08,0.02546963651219092,0.029732043596962132,0.00629906958171822,0.02050024989695709
2026-04-09,0.005769017699185586,0.006764706060259584,0.007778530578574028,0.006770751446006399
2026-04-10,-0.0006617754265585418,0.0014421643720912147,-0.0017811851128632927,-0.00033359872244353994
2026-04-13,0.009772447246481741,0.010342492251355084,-0.004049183335572026,0.005355252054088266
2026-04-14,0.012184877209840739,0.01815697886050316,0.022349346089928224,0.01756373405342404
2026-04-15,0.007890969227043909,0.013999468879074328,-0.010402401583740839,0.003829345507459132
2026-04-16,0.002457347646937613,0.004816377928118731,-0.0008627455164704756,0.002136993352861956
2026-04-17,0.012085686101644066,0.013084122492198702,0.013293051904224695,0.01282095349935582
2026-04-20,-0.0019997351150194964,-0.003174848913578998,-0.008611208936292858,-0.0045952643216304505
2026-04-21,-0.006546892848539487,-0.00380336112828894,-0.02832000071791463,-0.012890084898247684
2026-04-22,0.01012671209511895,0.01673059200687632,0.013245809401008168,0.013367704501001146
2026-04-23,-0.0038807408683984024,-0.005632679633709281,-0.00969535708776803,-0.006402925863291904
2026-04-24,0.007749309237231605,0.019127488040923124,0.005127114447075254,0.01066797057507666
2026-04-27,0.001722787837563633,0.0005271940263615882,-0.007755303754327758,-0.0018351072968008455
2026-04-28,-0.004865992267119479,-0.010056759402575555,-0.0185629131043068,-0.01116188825800061
2026-04-29,-0.00015450932498595193,0.006113568281962856,-0.010665781709228828,-0.0015689075840839748
2026-04-30,0.009949633527564838,0.00932627116139395,0.014973287523456946,0.011416397404138579
2026-05-01,0.0027690952923506984,0.009599622702352262,-0.0011330099187528697,0.003745236025316696
2026-05-04,-0.0036633921467564834,-0.0018838683316975136,-0.02001512681908013,-0.00852079576584471
2026-05-05,0.008022228723942426,0.012974053527471385,0.008584306218673232,0.00986019615669568
2026-05-06,0.013899399692774095,0.02077436440402569,0.030339261182306565,0.021671008426368783
2026-05-07,-0.0030660824190705815,-0.001192941202506459,0.001670691560653248,-0.000862777353641264
2026-05-08,0.00825609701116825,0.023440839756069476,0.004841540894530816,0.012179492553922847
2026-05-11,0.002277563042387465,0.0028963917525772764,0.0020287362083613036,0.0024008970011086816
2026-05-12,-0.0015149526145865622,-0.008481790799397704,-0.003957209812161411,-0.004651317742048558
2026-05-13,0.00559483781461112,0.010562260792936318,-0.005612899814961825,0.0035147329308618707
2026-05-14,0.0078943149045545,0.00710766178035227,-0.007642296271595517,0.002453226804437085
2026-05-15,-0.012029343756796207,-0.015087656778261405,-0.02322039069444226,-0.01677913040983329
2026-05-18,-0.0007035093177317764,-0.004302314727548051,0.00273187497307803,-0.0007579830240672658
2026-05-19,-0.0066607880874933745,-0.006162420032059024,-0.016561892782745558,-0.009795033634099318
2026-05-20,0.010248994582563453,0.016563787343382597,0.014337773746013083,0.013716851890653043
2026-05-21,0.0019830877010671433,0.001906965251198045,-0.0009822799906678004,0.0009692576538657959
2026-05-22,0.003931549076803931,0.004240666390677106,-0.007602059964016306,0.0001900518344882438
2026-05-26,0.006638641352187502,0.01775519084548005,0.0004349540200947466,0.008276262072587432
2026-05-27,-0.0001732421647460125,-0.0011365676760621835,-0.013309202332427494,-0.00487300405774523
2026-05-28,0.005516578600909927,0.008430926296197239,0.010477609933210896,0.008141704943439354
2026-05-29,0.0024914048034492264,0.0036840758744198787,0.010538571648365469,0.005571350775411524
2026-06-01,0.0027231134609038143,0.00600023569930852,-0.014048680044494555,-0.00177511029476074
2026-06-02,0.0013579397972762752,0.004604508800567064,0.001677776649860796,0.0025467417492347115
2026-06-03,-0.00701718232049986,-0.002613320951729392,-0.009904155768766798,-0.00651155301366535
2026-06-04,0.0037786857621391334,-0.004837372714978083,0.008335974543818736,0.0024257625303265953
2026-06-05,-0.025809371248925683,-0.04800098739080161,-0.036545333189379026,-0.0367852306097021
2026-06-08,0.002264172608771542,0.015615708159669062,0.002599431669397134,0.006826437479279245
2026-06-09,-0.0029354505508077944,-0.01150725833784727,-0.01633647245916592,-0.010259727115940327
2026-06-10,-0.015765562508027298,-0.019976509699805467,-0.04145558180468856,-0.025732551337507105
2026-06-11,0.016996847886747934,0.03377582954055702,0.0313418259725633,0.027371501133289417
2026-06-12,0.005408247901529384,0.005884685554236491,0.0005694792310317887,0.003954137562265887
2026-06-15,0.01763396989375332,0.03141376689991193,0.02589636008372853,0.024981365625797926
2026-06-16,-0.005961562844234103,-0.019005421591015037,0.002723533282284807,-0.007414483717654778
2026-06-17,-0.012487870885051433,-0.010070407460121666,-0.02270955075927472,-0.015089276368149274
2026-06-18,0.010396992441959574,0.02506543768170255,-0.003808571701190089,0.010551286140824012
2026-06-22,-0.003146979693962715,-0.002510106841037363,-0.0065354381359996605,-0.004064174890333246
2026-06-23,-0.014521954010491611,-0.03292904314791367,-0.018903219228002754,-0.02211807212880268
2026-06-24,-0.0004635170636431152,-0.00424581964999271,-0.030213064971899795,-0.011640800561845206
2026-06-25,0.0014456352254532678,0.008105611726665796,0.009674185334065832,0.006408477428728299
2026-06-26,-0.007231373616869652,-0.013763624451209266,0.011286779419095394,-0.003236072882994508
2026-06-29,0.016474862380159383,0.024854210883145544,-0.013516094115971211,0.00927099304911124
2026-06-30,0.007786800986842035,0.017014704222517052,-0.0005425733809176769,0.00808631060948047
2026-07-01,-0.001352504438058455,-0.015249920059198452,0.006026389031102086,-0.0035253451553849398
2026-07-02,-0.001314069480687241,-0.017333877050142776,0.020318398961908235,0.0005568174770260725
2026-07-06,0.008727409093039817,0.014341891788415717,0.01057837238078907,0.011215891087414867
2026-07-07,-0.004751899671231685,-0.0185246873533641,-0.012142502784779907,-0.011806363269791897
2026-07-08,-0.0030894297130047432,0.0028332742996159954,-0.008053135463158223,-0.002769763625515657
2026-07-09,0.00846525000257925,0.01664234062582648,0.009961224054354512,0.011689604894253414
2026-07-10,0.0043101596888019955,0.0030831495111482976,-0.003093719744077905,0.001433196485290796
2026-07-13,-0.007656174850540931,-0.01897977883957569,-0.02620621369961662,-0.017614055796577745
2026-07-14,0.00355064169730146,0.011169826504217273,0.013673600487310367,0.009464689562943033
2026-07-15,0.003963635929681075,-0.002709516875899598,0.0005374505181017231,0.0005971898572944
2026-07-16,-0.005418617756386079,-0.01644047698821338,-0.01984695723728025,-0.013902017327293237
2026-07-17,-0.009897156017872222,-0.015029585113280453,0.009453124418586922,-0.005157872237521918
2026-07-20,-0.0016143782471810253,0.001049833101992581,-0.0021986307389650905,-0.0009210586280511782
2026-07-21,0.008341309298597777,0.018547213156642428,0.019613686984128575,0.015500736479789593
2026-07-22,-0.0011627413779321527,-0.005105992167196205,0.011499153135369422,0.0017434731967470212
2026-07-23,-0.012349287272575782,-0.01898341826999872,-0.020046439653404247,-0.017126381731992914
2026-07-24,0.0010160123647910968,-0.011171225588826994,0.0010228383237773642,-0.0030441249667528445
2026-07-27,0.0002165755636849287,-0.003083737064717651,0.007340712640850455,0.0014911837132725778
2026-07-28,0.002394780651586048,-0.009719704641810822,-0.01404054586409964,-0.0071218232847748055
2026-07-29,-0.015387473482586067,-0.0203704125369063,0.004629481218515252,-0.010376134933659038
2026-07-30,0.01676579949601198,0.032974185798204436,0.016384653740035837,0.02204154634475075
2026-07-31,0.007199809675054292,0.00649550511403274,-0.014900824749758845,-0.0004018366535572717
2026-08-03,0.01424300656734756,0.017558419833591632,0.00045750903333918735,0.010752978478092793
2026-08-04,0.018029002715958642,0.03396798607700635,0.00659119276681408,0.019529393853259688
2026-08-05,-0.0019966020100066206,-0.009048819525989127,0.04137270374924307,0.010109094071082441
2026-08-06,-0.001597813044932006,-0.0036943586003114204,7.699101265035146e-05,-0.0017383935441976914
2026-08-07,0.006115348472417681,0.011726026161803071,0.022583179330530445,0.013474851321583731
2026-08-10,-0.00029741673673222557,-0.0029874750593527066,0.01021408716277361,0.002309731788896226
2026-08-11,-0.0031952597501651026,-0.0033570309855425196,-0.003925118140567174,-0.0034924696254249317
2026-08-12,0.0025046624297864195,0.007307397746256994,0.009876351898066904,0.006562804024703439
2026-08-13,0.006977455651952402,0.011565558900105577,-0.014719010607066263,0.0012746679816639048
2026-08-14,-0.0019797115463531245,-0.0013659895774928987,0.006316471789712619,0.0009902568886221985
2026-08-17,-0.004727366641364417,-0.0016414463662972612,0.009987992274373525,0.001206393088903949
2026-08-18,-0.006755757074274671,-0.01693450262957852,-0.017115101749848316,-0.013601787151233835
2026-08-19,0.00209783741736147,-0.0019929933468779693,0.038364092367917824,0.01282297881280044
2026-08-20,-0.008399893367440514,-0.007191967784539344,0.003431310265562093,-0.004053516962139255
2026-08-21,0.0040912604472485015,0.0035306004690811577,0.019505792504578512,0.009042551140302724
2026-08-24,-0.0029384110198065194,-0.009979809224073155,0.007865686897826407,-0.0016841777820177555
2026-08-25,0.003195937672779925,0.006229419148941817,0.0032342095547504,0.004219855458824046
2026-08-26,0.0002220155779071309,0.0009145998999007254,-0.015768448815633995,-0.00487727777927538
2026-08-27,0.006552786111251541,0.01369187666225713,0.0030380678748824774,0.007760910216130382
2026-08-28,-0.002269485222937795,-0.006489984566639517,-0.03244200486764748,-0.013733824885741595
2026-08-31,-0.002989520850009919,0.0004606410859646637,-0.0011494563424524484,-0.0012261120354992345
2026-09-01,-0.0068704238054380085,-0.012723917340435431,-0.028573559189207676,-0.01605596677836037
2026-09-02,0.004436902672253051,0.0022610021378346445,0.015198484635909004,0.0072987964819989
2026-09-03,0.01046841189654324,0.011885952275470846,0.01847162834290339,0.013608664171639157
2026-09-04,-0.0038542371465761782,0.001797537995484877,-0.008410151130527455,-0.0034889500938729183
2026-09-08,-0.0054921259109329545,-0.0008345896889334625,-0.017331632085403892,-0.007886115895090102
2026-09-09,-0.004647758964528403,-0.002853705432890319,0.009081369137713402,0.0005266349134315602
2026-09-10,-0.005994238166152965,-0.010637845546144553,-0.017329913589140267,-0.011320665767145927
2026-09-11,0.008524287494320992,0.008734428904149771,0.006080340476276369,0.007779685624915711
