Date,SPY,QQQ,GLD,Equal Weight Portfolio
2019-01-02,0.0,0.0,0.0,0.0
2019-01-03,-0.023862734003634034,-0.032670756771135734,0.0,-0.015822440116987746
2019-01-04,0.0,0.0,-0.00808623590052937,0.0
2019-01-07,0.0,0.0,-0.004655719132593328,0.0
2019-01-08,0.0,0.0,-0.007351151871563211,0.0
2019-01-09,0.0,0.0,-0.0009801743550018616,0.0
2019-01-10,0.0,0.0,-0.006861095852252808,0.0
2019-01-11,0.0,-0.003658110135304593,-0.005145775151903953,-0.0005148584468993578
2019-01-14,-0.006101189407893615,-0.012462564989496827,-0.002777129514315302,-0.004698394401920103
2019-01-15,0.0,0.0,-0.004492387898283323,0.0
2019-01-16,0.0,-0.00018463378440003453,-0.0013068991400027041,0.0
2019-01-17,0.0,0.0,-0.002613735963624686,0.0
2019-01-18,0.0,0.0,-0.011516814984846135,0.0
2019-01-22,-0.013510547283458796,-0.020030289432353632,-0.008004601441564563,-0.009995900793929868
2019-01-23,-0.011446187842050315,-0.01875942918152773,-0.009393135040531964,-0.00933928705679743
2019-01-24,-0.010920832081076748,-0.012405611475168943,-0.01094506219018998,-0.00754286045607333
2019-01-25,-0.002551755416071111,-0.0006052083897473137,0.0,0.0
2019-01-28,-0.010132638406790018,-0.012949796136260017,0.0,-0.005484139761530615
2019-01-29,-0.011446187842050315,-0.02226901890091526,0.0,-0.007198652881039935
2019-01-30,0.0,0.0,0.0,0.0
2019-01-31,0.0,0.0,0.0,0.0
2019-02-01,0.0,-0.00422197485404141,-0.002004008016031955,-0.0019148244573066187
2019-02-04,0.0,0.0,-0.006332672669557726,0.0
2019-02-05,0.0,0.0,-0.0037675448553355917,0.0
2019-02-06,-0.0013182745125080997,-0.0029818030681240115,-0.01050098243361719,-0.0036863265418470847
2019-02-07,-0.010838618579220305,-0.01637155746159047,-0.008096209508861363,-0.010505235836486881
2019-02-08,-0.009630143024071947,-0.01444208951781878,-0.004328664653525549,-0.008202484926974174
2019-02-11,-0.009080835953550026,-0.0153775296643196,-0.0092184491052415,-0.009956492756877044
2019-02-12,0.0,-0.0008185451686489875,-0.007134263644476113,-0.00013870059639609078
2019-02-13,0.0,-0.0001169884190805881,-0.011062102231806925,-0.0001412461454028957
2019-02-14,-0.0022176072382620315,0.0,-0.005531081694638784,0.0
2019-02-15,0.0,0.0,0.0,0.0
2019-02-19,0.0,0.0,0.0,0.0
2019-02-20,0.0,-0.0001742093857671767,-0.0017363346220006237,0.0
2019-02-21,-0.003555850719211384,-0.0038309367483567724,-0.01302284085419858,-0.006173117566384723
2019-02-22,0.0,0.0,-0.009471167933274738,-0.0004758464147012198
2019-02-25,0.0,0.0,-0.010497192057577265,0.0
2019-02-26,-0.0007153636720836909,0.0,-0.008839740680065211,0.0
2019-02-27,-0.0011445330575453605,-0.0006337296535795511,-0.015864203277424438,-0.002716772363394182
2019-02-28,-0.0030052230762418475,-0.002936427936069186,-0.021389101418682333,-0.005968228069930692
2019-03-01,0.0,0.0,-0.03804261887072713,-0.007242172283213111
2019-03-04,-0.003637296823870595,0.0,-0.04056826766734789,-0.0092578626010692
2019-03-05,-0.004992143966833562,0.0,-0.03930541316092884,-0.009026085103864934
2019-03-06,-0.011019005754846045,-0.0056715830579835425,-0.04017361058003788,-0.013198878462994945
2019-03-07,-0.019292368823771167,-0.01787465147725653,-0.04096286453844111,-0.02025796199329244
2019-03-08,-0.021253776786956058,-0.01936409895065727,-0.03046567248086407,-0.017831792381177825
2019-03-11,-0.007060788866044332,0.0,-0.035201256447501494,-0.007874356455553122
2019-03-12,-0.003316559238126904,0.0,-0.029360644679638614,-0.0028082029802116715
2019-03-13,0.0,0.0,-0.022573012464395914,0.0
2019-03-14,-0.0006398625259546042,-0.0016948197669505172,-0.033859458480376525,-0.004627260371504516
2019-03-15,0.0,0.0,-0.029439588140344086,0.0
2019-03-18,0.0,0.0,-0.02888710434783992,0.0
2019-03-19,0.0,0.0,-0.02620362884602534,0.0
2019-03-20,-0.003010058846334762,0.0,-0.019889476746363877,0.0
2019-03-21,0.0,0.0,-0.023835806754597955,0.0
2019-03-22,-0.019246004563520436,-0.021964469110081652,-0.021546928123876152,-0.012955235201432047
2019-03-25,-0.01998354928156776,-0.023826449771695568,-0.014048925194718342,-0.011307757134921381
2019-03-26,-0.012678480781937895,-0.019280368502661793,-0.018942335866549698,-0.008952055813325699
2019-03-27,-0.017841293808268044,-0.025579385296486623,-0.024072576920497135,-0.014528767851646474
2019-03-28,-0.014118321234661058,-0.02333338750639813,-0.037884731949316075,-0.01717551088573388
2019-03-29,-0.007902273356640954,-0.015939113669244942,-0.037016534530207146,-0.01233399359461973
2019-04-01,0.0,-0.002903239391996437,-0.040805037833247404,-0.005363702169970064
2019-04-02,0.0,0.0,-0.03725330469610655,-0.0027168008676787814
2019-04-03,0.0,0.0,-0.038673985907719644,-0.0007739803677387913
2019-04-04,0.0,-0.00038122835734843985,-0.0362272805718038,0.0
2019-04-05,0.0,0.0,-0.037253304696106326,0.0
2019-04-08,0.0,0.0,-0.033070204521972846,0.0
2019-04-09,-0.005124572521057247,-0.003510901631765595,-0.02801890692873077,-0.0011371386280676354
2019-04-10,-0.001731320590330765,0.0,-0.025019717800311092,0.0
2019-04-11,-0.0020082895455804106,-0.0023724918922944926,-0.03749013507822241,-0.005146790478042673
2019-04-12,0.0,0.0,-0.038437215741819686,-0.0017954779981660396
2019-04-15,-0.0006547976688079382,0.0,-0.040252554040742794,-0.002587767919845829
2019-04-16,0.0,0.0,-0.04885552455490849,-0.004205353896364117
2019-04-17,-0.00244712192779728,0.0,-0.05067086285383171,-0.004494302962288255
2019-04-18,-0.00048237776066450966,0.0,-0.0499604921399166,-0.0031667938195709677
2019-04-22,0.0,0.0,-0.0499604921399166,-0.001940677269427482
2019-04-23,0.0,0.0,-0.05193365714403364,0.0
2019-04-24,-0.0022193666119265654,-0.0031527242246437437,-0.049171238181513366,-0.0008194502307985463
2019-04-25,-0.0028343368879767405,0.0,-0.04838198422311013,0.0
2019-04-26,0.0,0.0,-0.04206783212344867,0.0
2019-04-29,0.0,0.0,-0.04632987575828762,-0.0003136304702128223
2019-04-30,0.0,-0.007747792226620032,-0.043409630090573414,-0.0017048053362108684
2019-05-01,-0.007516681210237519,-0.01094132635762557,-0.04972372197401753,-0.007473545243735891
2019-05-02,-0.009659403198384098,-0.01523402882189373,-0.053354338355646735,-0.010887747046630203
2019-05-03,0.0,0.0,-0.04775055696990049,-0.00045061763942566557
2019-05-06,-0.004115378453214968,-0.0061222924281517654,-0.04648776267969834,-0.0034197969916568427
2019-05-07,-0.020746465218311805,-0.0254829800587687,-0.04333068662986783,-0.014338583991853504
2019-05-08,-0.022106860762239666,-0.027942214093592876,-0.04569844850507787,-0.016437308108814164
2019-05-09,-0.02506560844519512,-0.033174951939261454,-0.04340963009057319,-0.018407832516759592
2019-05-10,-0.02016820758963711,-0.031971294523533866,-0.041594291791650084,-0.015735942026858907
2019-05-13,-0.04479157485796803,-0.06556452158833004,-0.03180741023177047,-0.0320160925341455
2019-05-14,-0.03615311513483621,-0.05530872602378256,-0.03346486160928264,-0.0261091245952626
2019-05-15,-0.030507075107995774,-0.041965574229310576,-0.0340173454017868,-0.01980786969245618
2019-05-16,-0.021528718646475098,-0.032337733917087386,-0.040962864538440336,-0.015847779835191256
2019-05-17,-0.027854436637183455,-0.042227340502245414,-0.04775055696990027,-0.023643122343287137
2019-05-20,-0.03428226804054657,-0.058395915310931024,-0.04782950043060574,-0.03131609624033249
2019-05-21,-0.025575713456826743,-0.04855872875747047,-0.05003943560062207,-0.02578105250723861
2019-05-22,-0.028568652961213914,-0.05279707195726091,-0.050986576480436474,-0.028548867830078706
2019-05-23,-0.04043829756610828,-0.06729146113576301,-0.04364640025647237,-0.03495607034321191
2019-05-24,-0.03826180331131612,-0.06776240670715927,-0.04262031591595283,-0.03404371534099704
2019-05-28,-0.047206198977225555,-0.07126828847678279,-0.0463298757582874,-0.03949675024896504
2019-05-29,-0.053600242854342395,-0.07890758991141389,-0.04601416213168241,-0.04417289820006798
2019-05-30,-0.05101535270538737,-0.07503535221962465,-0.03954218332682746,-0.03980177480953084
2019-05-31,-0.06380320943380069,-0.08979142419967368,-0.02659822571711734,-0.04490732862175639
2019-06-03,-0.06618369948808123,-0.10983248711431248,-0.01254930052239922,-0.048131724991802516
2019-06-04,-0.045913782780975354,-0.08476828300940686,-0.012233586895794346,-0.03220919326308247
2019-06-05,-0.03764923834829903,-0.07796578224000927,-0.009707938099173363,-0.026192200490370632
2019-06-06,-0.03139155746172362,-0.07064008281029421,-0.006471978804854617,-0.02044175967407913
2019-06-07,-0.02169875365035201,-0.05269239883664223,-0.0008681974191084851,-0.00902693521428577
2019-06-10,-0.017209459906681324,-0.04165163833884222,-0.010812905684181917,-0.006949062562239816
2019-06-11,-0.017447532014691403,-0.04034347474527222,-0.011996816729895388,-0.006973582504960718
2019-06-12,-0.019181842849074537,-0.045889981538632885,-0.00686657567594795,-0.007752198562403612
2019-06-13,-0.01513496355163324,-0.040238885096041566,-0.0007892539584031244,-0.002404557489072645
2019-06-14,-0.016222979653208847,-0.04432030208629212,-0.0011049675850077767,-0.004291088107852947
2019-06-17,-0.01584906436275313,-0.03856436558030585,-0.0017363346220001796,-0.00237571326849384
2019-06-18,-0.005544042127095583,-0.024593508947673537,0.0,0.0
2019-06-19,-0.003299164229439877,-0.02093053402573375,0.0,0.0
2019-06-20,0.0,-0.01182589237382825,0.0,0.0
2019-06-21,-0.0014533490454217146,-0.01329114911971463,0.0,0.0
2019-06-24,-0.0026756087047112853,-0.013259513463642736,0.0,0.0
2019-06-25,-0.012457474329619744,-0.030198445712671496,0.0,-0.008344511342250116
2019-06-26,-0.013442904677637313,-0.025688236201991566,-0.009165393111100095,-0.010166712123845678
2019-06-27,-0.009944075909362193,-0.02196491146648938,-0.010134132945443297,-0.008058269766434645
2019-06-28,-0.004849547952195832,-0.02070624640603491,-0.007451564998065319,-0.00503527399460324
2019-07-01,0.0,-0.0074908058352842755,-0.02667661633729701,-0.003972715137231075
2019-07-02,0.0,-0.003558134858544948,-0.005886686319653944,0.0
2019-07-03,0.0,0.0,-0.004247332923930869,0.0
2019-07-05,-0.0011380875400962553,-0.0020372698239706777,-0.015350205703717368,-0.004775196296440187
2019-07-08,-0.006626155833040714,-0.009036804468740667,-0.021684081432816305,-0.011058635257155669
2019-07-09,-0.005388523810757273,-0.004074373360562267,-0.01825631150488871,-0.007842163638673294
2019-07-10,-0.0006358403799703316,0.0,-0.0027570426646897905,0.0
2019-07-11,0.0,-0.0007269955304032294,-0.011177347497098311,-0.002275542216249371
2019-07-12,0.0,0.0,-0.0049925349044810385,0.0
2019-07-15,0.0,0.0,-0.0049925349044810385,0.0
2019-07-16,-0.0032248968555598223,-0.005150673979454901,-0.013412839736889559,-0.005612708421933399
2019-07-17,-0.01000813782126897,-0.010043756871725873,0.0,-0.004041008227558263
2019-07-18,-0.006383823526271537,-0.008910421674642177,0.0,0.0
2019-07-19,-0.011903179144790443,-0.01617322779258623,-0.014727392803034478,-0.009203437330857378
2019-07-22,-0.009476218085518351,-0.008344082008738263,-0.01487396573010935,-0.005813168065178287
2019-07-23,-0.0023938073888630784,-0.0018541311355071421,-0.020442507132712673,-0.003148048707365625
2019-07-24,0.0,0.0,-0.01546014563602316,0.0
2019-07-25,-0.004776879731664074,-0.009479829171075371,-0.02242085033987362,-0.007108905653605335
2019-07-26,0.0,0.0,-0.020808883549206958,-0.0009384661800257987
2019-07-29,-0.001821551315739689,-0.0034307726113287362,-0.014287785824195431,-0.0004697883428408378
2019-07-30,-0.004271625130200851,-0.007732014219616445,-0.010990621680517343,-0.0016111311426179054
2019-07-31,-0.015165343609646387,-0.021455186169519136,-0.023959474765810396,-0.014218629806209693
2019-08-01,-0.02374138537505599,-0.026319705983610442,-0.0005128375411836972,-0.010820011856326861
2019-08-02,-0.031091718734838847,-0.0406573410204113,-0.004322951028430944,-0.019414782657409035
2019-08-05,-0.06022993671911048,-0.07455583259870524,0.0,-0.036224143899318384
2019-08-06,-0.04705155686343565,-0.061600759883572165,0.0,-0.024610602355324085
2019-08-07,-0.04648850545833072,-0.056531500545102586,0.0,-0.017723515849184857
2019-08-08,-0.027780560143817246,-0.03599764223528612,0.0,-0.002524764651123945
2019-08-09,-0.03440287732586078,-0.045061033895476,-0.0033161732510501585,-0.009018180329007697
2019-08-12,-0.04615779249826635,-0.05601932571580592,0.0,-0.013626446840416251
2019-08-13,-0.031323497597882555,-0.03533215727646877,-0.005959518154781129,-0.003267074530659775
2019-08-14,-0.0599649186854615,-0.06416090048876666,0.0,-0.02074665314029034
2019-08-15,-0.057481941449592844,-0.06523619051469154,0.0,-0.01808722145257824
2019-08-16,-0.043574762001383105,-0.050233152023660965,-0.006402214255277094,-0.010099944917550285
2019-08-19,-0.032052073357618394,-0.03512701022915177,-0.018023635301978924,-0.004735853129826717
2019-08-20,-0.039468996975011605,-0.042603181547882674,-0.010368756200542228,-0.007262328111886318
2019-08-21,-0.031654322474346186,-0.03410298658890898,-0.013500365223424349,-0.0026792518536458143
2019-08-22,-0.03195257967860077,-0.037226649913670085,-0.016005588730709674,-0.004700975743747948
2019-08-23,-0.056819620198268805,-0.06769412436687205,0.0,-0.017223004438802647
2019-08-26,-0.0463895713613095,-0.05361241373554415,0.0,-0.008606896589210433
2019-08-27,-0.05013116042421217,-0.055609683657873554,0.0,-0.0074381362033393295
2019-08-28,-0.043442588733756504,-0.05222985141387637,-0.002816539407023644,-0.004856189799814503
2019-08-29,-0.031224115835263744,-0.03773866173379181,-0.009960926936011805,0.0
2019-08-30,-0.031654322474346075,-0.04004295943810088,-0.012502625765245523,-0.0018020043191614432
2019-09-03,-0.0373168446156068,-0.04936235700835123,0.0,-0.002348591421477253
2019-09-04,-0.026389775049156183,-0.03563910355386102,0.0,0.0
2019-09-05,-0.013873604528405803,-0.017973310181683355,-0.02400111949111028,0.0
2019-09-06,-0.0131123491800611,-0.01894606743624383,-0.032319687541291664,-0.0029139094673532595
2019-09-09,-0.012615664199768006,-0.020994033212141217,-0.03593347975500216,-0.00468165055359282
2019-09-10,-0.012847331146412122,-0.02381083176409804,-0.04418390034448305,-0.008553361499804124
2019-09-11,-0.005827934579492489,-0.014644907332543533,-0.03838814088525122,-0.0010963862268807967
2019-09-12,-0.002384043138847658,-0.010548242239458827,-0.036410720063756896,0.0
2019-09-13,-0.0030467001393695847,-0.014081629126739936,-0.04438844676850984,-0.004171491113845072
2019-09-16,-0.006125856034549071,-0.01848524049721678,-0.036410720063756785,-0.003908186873980313
2019-09-17,-0.0036091919624776647,-0.0137741123172338,-0.03450155074488814,-0.000815872727333633
2019-09-18,-0.0030133490523645,-0.014183998888928961,-0.04057000408884748,-0.0028485183895657906
2019-09-19,-0.0030796035607767447,-0.012545349152612406,-0.03668351799040925,-0.0009716797995059645
2019-09-20,-0.007789940976409948,-0.022991466143645556,-0.025296649537897564,-0.002131629899519316
2019-09-23,-0.008022615170648173,-0.02256038837914054,-0.019841835466019142,-0.00020138492446686307
2019-09-24,-0.015806736494292428,-0.035541705571522586,-0.0146598193207933,-0.005480687353844327
2019-09-25,-0.009985181149562483,-0.024715532687903052,-0.032933326813372465,-0.005946517915620064
2019-09-26,-0.012047352723893678,-0.02830711385082363,-0.033206124740024934,-0.00795041607630409
2019-09-27,-0.01736976092754494,-0.04036457654128345,-0.03818359446122377,-0.015537762685716383
2019-09-30,-0.01281252514621567,-0.031231661467759797,-0.053116107666745016,-0.0159874864787386
2019-10-01,-0.024555465263891296,-0.039133205229855195,-0.04793398747959454,-0.020769397837725134
2019-10-02,-0.041785890274251836,-0.05565491870406314,-0.03681991695373543,-0.028337262648124084
2019-10-03,-0.033935738274993965,-0.045290224796172396,-0.03245608650461751,-0.020661558696543403
2019-10-04,-0.02086255983470353,-0.031231661467759797,-0.03245608650461751,-0.011436877882097463
2019-10-07,-0.025087291993578842,-0.034156372093871346,-0.040706403052173434,-0.016663351721559083
2019-10-08,-0.04022264200820069,-0.04862555553526915,-0.03231968754129111,-0.02379683847275238
2019-10-09,-0.03110839427834089,-0.039338678295522955,-0.03143325034255762,-0.017232265537633018
2019-10-10,-0.024555465263891296,-0.03189877651833184,-0.0398882173560654,-0.015339281687294593
2019-10-11,-0.014442251753477797,-0.019430367696535944,-0.045206632464617535,-0.009527266075612939
2019-10-14,-0.01554037546385123,-0.019533226486251776,-0.04138829382688003,-0.008609423659605708
2019-10-15,-0.005793800077692035,-0.0070651436828068626,-0.0480703864429205,-0.0034388872961940153
2019-10-16,-0.0073906232635467806,-0.00952772329648821,-0.042615572371042076,-0.0028927586123332905
2019-10-17,-0.0044633379222784875,-0.006911018507408939,-0.04125189486355352,-0.0005610781898550687
2019-10-18,-0.008820691014377546,-0.0164547982076807,-0.04227462698368878,-0.005576203270166169
2019-10-21,-0.002101566146900491,-0.007732258733378905,-0.04684310789875834,-0.001970670761299864
2019-10-22,-0.0053615789434214856,-0.01563363948629881,-0.044047501381155985,-0.004730831817357339
2019-10-23,-0.002467532772758574,-0.013735316133474118,-0.041797386674934045,-0.002344868963089719
2019-10-24,-0.0008376942490970762,-0.004140433056695203,-0.034978895095567175,0.0
2019-10-25,0.0,0.0,-0.032728780389345236,0.0
2019-10-28,0.0,0.0,-0.04104734843952673,0.0
2019-10-29,-0.0002968437390596934,-0.007744464977285093,-0.0437065559938028,-0.003604780643742145
2019-10-30,0.0,-0.0029360335912409496,-0.038456288345951384,0.0
2019-10-31,-0.0026632191023441276,-0.00248063763152917,-0.02884229429090679,0.0
2019-11-01,0.0,0.0,-0.027955857092173297,0.0
2019-11-04,0.0,0.0,-0.030751463609775653,0.0
2019-11-05,-0.0011063051182291783,0.0,-0.04643391100877947,-0.005578882559773568
2019-11-06,-0.0008783014018669544,-0.0022478289539507035,-0.04234287848631413,-0.004826214272237728
2019-11-07,0.0,0.0,-0.057207140189209915,-0.0076959143548570585
2019-11-08,0.0,0.0,-0.06320744607246864,-0.007665050146129726
2019-11-11,-0.0019096150396858969,-0.0013416556611852704,-0.06545756077869058,-0.009535007970118636
2019-11-12,0.0,0.0,-0.0629347521877407,-0.006995059463790754
2019-11-13,0.0,0.0,-0.05918456101070391,-0.005481007750741895
2019-11-14,0.0,-0.0007937375345659081,-0.05522982340964011,-0.003868064056606002
2019-11-15,0.0,0.0,-0.05761623303726371,0.0
2019-11-18,0.0,0.0,-0.054820730561586206,0.0
2019-11-19,-0.0002884400557945366,0.0,-0.05434338621090651,0.0
2019-11-20,-0.004006135847826164,-0.005998837115571587,-0.053866145902151774,-0.0030709800020324307
2019-11-21,-0.005608460793286696,-0.008211738696557003,-0.05904816204737773,-0.006165470871860923
2019-11-22,-0.0033971229748811504,-0.007572417831060996,-0.06082093240292019,-0.005839358623054958
2019-11-25,0.0,0.0,-0.06532116181536418,-0.000934776616643429
2019-11-26,0.0,0.0,-0.06082093240292019,0.0
2019-11-27,0.0,0.0,-0.06579850616604366,0.0
2019-11-29,-0.00370870221550601,-0.004561963744523112,-0.06000274670681194,-0.0006888981475525746
2019-12-02,-0.012171765296823511,-0.014754219693109194,-0.060480091057491525,-0.007098262125503907
2019-12-03,-0.01879679402444212,-0.02247121017860987,-0.051479632232603434,-0.008739649622998003
2019-12-04,-0.012742425106898825,-0.017520756349102884,-0.05277516227939116,-0.005478812018588575
2019-12-05,-0.010967524860387878,-0.01557938527746705,-0.05222967046801097,-0.004036860778002249
2019-12-06,-0.0019334820326412094,-0.005047364334929583,-0.061639222140952965,-0.0007485788936406612
2019-12-09,-0.005071524438072017,-0.009561065568399085,-0.06191191602568069,-0.003403698925394827
2019-12-10,-0.00618106371372551,-0.010386076959431167,-0.059252708471404736,-0.003109191651426313
2019-12-11,-0.00335975829874946,-0.005144583227004396,-0.05277516227939116,0.0
2019-12-12,0.0,0.0,-0.056116260608373825,0.0
2019-12-13,0.0,0.0,-0.05188872508065756,0.0
2019-12-16,0.0,0.0,-0.05195697658328313,0.0
2019-12-17,0.0,0.0,-0.05216152300731014,0.0
2019-12-18,0.0,0.0,-0.05209327150468457,0.0
2019-12-19,0.0,0.0,-0.04963861037443551,0.0
2019-12-20,0.0,0.0,-0.0486840257150013,0.0
2019-12-23,0.0,0.0,-0.045752124275997286,0.0
2019-12-24,0.0,0.0,-0.03675166545110897,0.0
2019-12-26,0.0,0.0,-0.0291831356363349,0.0
2019-12-27,-0.0002474655771961265,-0.0008417984593322991,-0.029524081023688198,-0.0004801527919743309
2019-12-30,-0.005759509904117666,-0.00739024016464096,-0.027478512741493044,-0.003798414890286095
2019-12-31,-0.003344258311349546,-0.0055191403127673455,-0.025637594925249974,-0.001737205299771838
2020-01-02,0.0,0.0,-0.018478157958529806,0.0
2020-01-03,-0.007572574542401789,-0.009160088941274291,-0.005454814071877201,-0.001154713918891992
2020-01-06,-0.003785978102398113,-0.0027758400793468363,0.0,0.0
2020-01-07,-0.006587665793058695,-0.002914503758914666,0.0,0.0
2020-01-08,-0.0012929439331652581,0.0,-0.007501524641443824,0.0
2020-01-09,0.0,0.0,-0.01311078208692229,0.0
2020-01-10,-0.002877744591122444,-0.0025571350938038417,-0.00716359768770114,0.0
2020-01-13,0.0,0.0,-0.014529930923482093,0.0
2020-01-14,-0.0015245886627324179,-0.003937441694498833,-0.015408520379047386,-0.002117857959525571
2020-01-15,0.0,-0.0035302537220109897,-0.009664174648734258,0.0
2020-01-16,0.0,0.0,-0.011218514890956932,0.0
2020-01-17,0.0,0.0,-0.00939379183740896,0.0
2020-01-21,-0.0019580627221530422,-0.000447958733016951,-0.008312466833763632,-0.00043814746165493634
2020-01-22,-0.0018374362146997836,0.0,-0.007974643000849047,0.0
2020-01-23,-0.0006924929767334609,0.0,-0.005744448851141226,0.0
2020-01-24,-0.009579620655857157,-0.008415534788847157,0.0,-0.0038210828066433944
2020-01-27,-0.02545552139597551,-0.02889721072247564,0.0,-0.013736266428413302
2020-01-28,-0.015243115867408452,-0.013981146226595076,-0.008926785569624784,-0.00817627175262925
2020-01-29,-0.016056537926446457,-0.012378086396554355,-0.0035572773995312668,-0.006120667642025457
2020-01-30,-0.012863062085737287,-0.008860727243187982,-0.0034901956727881878,-0.0038432418622107445
2020-01-31,-0.030787495428598488,-0.02457803935069347,0.0,-0.0132148869905383
2020-02-03,-0.023587726837844714,-0.009840249448925809,-0.006495688802043542,-0.00793824211742511
2020-02-04,-0.008705986201376525,0.0,-0.0194201374118671,0.0
2020-02-05,0.0,0.0,-0.018214700243427417,0.0
2020-02-06,0.0,0.0,-0.012924448609823447,0.0
2020-02-07,-0.005329337157488401,-0.004300720904580335,-0.010312787290153391,-0.002328066830736053
2020-02-10,0.0,0.0,-0.007768054964746862,0.0
2020-02-11,0.0,0.0,-0.011183272942262956,-0.0005120787495931367
2020-02-12,0.0,0.0,-0.011986931781779564,0.0
2020-02-13,-0.001066848284886568,-0.0012807297500548875,-0.006361728631845809,0.0
2020-02-14,0.0,0.0,-0.002209882990747425,0.0
2020-02-18,-0.0025768416275753214,0.0,0.0,0.0
2020-02-19,0.0,0.0,0.0,0.0
2020-02-20,-0.0041083480567774,-0.009283234775771088,0.0,-0.003102307913898983
2020-02-21,-0.014364375185846767,-0.028314561679982475,0.0,-0.007914922745166808
2020-02-24,-0.047053340345832195,-0.0657859436901902,0.0,-0.02866389292763516
2020-02-25,-0.07592963026549693,-0.09118895996561516,-0.017874260693127697,-0.05306651876399393
2020-02-26,-0.07932828440004291,-0.08650500377136427,-0.013581876910281232,-0.05122109541311515
2020-02-27,-0.12067755385168755,-0.13224723481777556,-0.01338968791674755,-0.08119969500904667
2020-02-28,-0.12437168289585188,-0.1315722886960805,-0.04939452646528453,-0.09342487641197128
2020-03-02,-0.08645164418527429,-0.08675843463600608,-0.0441411977147691,-0.06307400326211576
2020-03-03,-0.11260879309978,-0.11604357833679124,-0.01409441347848972,-0.07221383749973309
2020-03-04,-0.07530869756025382,-0.0791627323793479,-0.012364614780330574,-0.04576870695184332
2020-03-05,-0.10604709292171344,-0.1071398544414578,0.0,-0.05913529616802626
2020-03-06,-0.12082519235307765,-0.12220444319352874,0.0,-0.0694918659560595
2020-03-09,-0.189483923285372,-0.18317981558607166,0.0,-0.11474821096349352
2020-03-10,-0.14754400087474806,-0.13870360180172026,-0.02110133630677158,-0.0896383945922925
2020-03-11,-0.18909973663547464,-0.17621725573234326,-0.024586559424867094,-0.11872853539510098
2020-03-12,-0.2666845607432984,-0.25175115777907353,-0.06349410320940263,-0.1854869595436891
2020-03-13,-0.20399603592602822,-0.1883702321939068,-0.0920727393960068,-0.1475643513052174
2020-03-16,-0.29109775459848897,-0.2855936425707135,-0.10246497952667089,-0.2159460916175524
2020-03-17,-0.2528224236364095,-0.23141194300808732,-0.09029846157059263,-0.17847107311625887
2020-03-18,-0.29065429485051353,-0.2547893182870268,-0.10842152509379976,-0.2061212799989558
2020-03-19,-0.2891470363698344,-0.2503164541510525,-0.12527726112612392,-0.20897355248604144
2020-03-20,-0.3197806400604012,-0.27968594103481814,-0.112160175033716,-0.22671213274457358
2020-03-23,-0.33717269301235475,-0.27916583588742927,-0.07293577520373717,-0.22172871947480244
2020-03-24,-0.2771184566433119,-0.22334616629465842,-0.027945020786607433,-0.16554503097490902
2020-03-25,-0.26629676229360166,-0.22909748847939693,-0.041252104477213614,-0.16724862117616757
2020-03-26,-0.223455918478215,-0.1885013286559546,-0.028958824764779956,-0.1328635768260662
2020-03-27,-0.24658578544029064,-0.2164110965663899,-0.035232226377352016,-0.15328146157041667
2020-03-30,-0.22211806825114166,-0.18790912045443953,-0.03098662610290459,-0.13260739952784073
2020-03-31,-0.2337127372346377,-0.19484439084055816,-0.061846490449453895,-0.1485940635465579
2020-04-01,-0.26819943863725304,-0.22905508278708175,-0.052975101322383145,-0.17074147134713302
2020-04-02,-0.25131274079696087,-0.21340885381359975,-0.037450122004564435,-0.15422157953387317
2020-04-03,-0.2621345835768,-0.22457258707430383,-0.03269757139558582,-0.16090591112530073
2020-04-06,-0.21257490155371717,-0.16913376608097141,-0.0058931163435063105,-0.11437217390662924
2020-04-07,-0.21177204298734442,-0.16947200833024423,-0.011216046510638455,-0.11577205061192519
2020-04-08,-0.18531244294716942,-0.1518379958079904,-0.020024103104976376,-0.10224548967009328
2020-04-09,-0.17291506382742938,-0.150611441256445,0.0,-0.08944140502986575
2020-04-13,-0.18046679296421408,-0.14143522400071262,0.0,-0.0837312530753761
2020-04-14,-0.15629643079964772,-0.10409533976825258,0.0,-0.05903720413563074
2020-04-15,-0.17422327750546374,-0.11437129581428429,-0.005101958505246418,-0.07089950880024332
2020-04-16,-0.17023956128012097,-0.09821733559416812,-0.005962539990072679,-0.06402437730739907
2020-04-17,-0.1478232474236243,-0.0895907201897852,-0.02526423368947195,-0.05866931338565806
2020-04-20,-0.16283675703917544,-0.10037400616675118,-0.018318145203498837,-0.06567788067281854
2020-04-21,-0.1882558618768596,-0.13356970382165623,-0.025018393463670408,-0.08875192968193901
2020-04-22,-0.1702395612801212,-0.10785881151826915,-0.005839666775345642,-0.06702172399105044
2020-04-23,-0.17029908176174713,-0.1097618505683603,0.0,-0.06461152366180156
2020-04-24,-0.15873385142045193,-0.09572228900041169,-0.004285520778353313,-0.05668439230480404
2020-04-27,-0.1466041412995457,-0.08844877636502035,-0.010897507158104114,-0.05170953322386296
2020-04-28,-0.1505286339035199,-0.10561786464865541,-0.015305498077937907,-0.06052555486922617
2020-04-29,-0.12829033724809602,-0.0739018848661378,-0.009856744498885961,-0.03948954498625623
2020-04-30,-0.13640659564120128,-0.07428259969367601,-0.027794743405903044,-0.04840256996053749
2020-05-01,-0.1592690904647005,-0.10037400616675118,-0.021795014316208228,-0.06378275966855462
2020-05-04,-0.15695021604005266,-0.08988648986079262,-0.018366597693525666,-0.05819023194442663
2020-05-05,-0.14916080079044025,-0.07956819500839551,-0.014203453639306307,-0.050398961144037746
2020-05-06,-0.15492869663998754,-0.0739018848661378,-0.026876450888165482,-0.05466536495959018
2020-05-07,-0.14473124993506215,-0.061976655064407304,-0.011938269817322267,-0.0419680793477174
2020-05-08,-0.13057992146067154,-0.049121443013539046,-0.01787681054495005,-0.034227071868302095
2020-05-11,-0.13040131053908366,-0.040621576484452304,-0.023999009776125235,-0.03329002705450268
2020-05-12,-0.14773379353270155,-0.06070829679409662,-0.020203276146347537,-0.04520625621030128
2020-05-13,-0.16280677415316924,-0.07246423825631576,-0.010775037016623523,-0.05175578139147019
2020-05-14,-0.15278803732325086,-0.06193451691589191,-0.002020336956369162,-0.04158760827538721
2020-05-15,-0.14889352760528285,-0.055845019367830706,0.0,-0.03624215357787963
2020-05-18,-0.12296911713264658,-0.038253546309792275,-0.007564144999551381,-0.022901339685260313
2020-05-19,-0.1319769458324036,-0.04066404906271748,0.0,-0.023919801287357823
2020-05-20,-0.11723120416910537,-0.021507511660060707,0.0,-0.011123210760889735
2020-05-21,-0.123326240022403,-0.03216424941958085,-0.0145763375976391,-0.02179377355386447
2020-05-22,-0.1216608539779026,-0.028823296215867655,-0.008745746954126776,-0.018119472939898462
2020-05-26,-0.11083911015148273,-0.03144542611466983,-0.02283628694939288,-0.019623099097764607
2020-05-27,-0.097609433823169,-0.02615956325615032,-0.02107501578703186,-0.012388329180776703
2020-05-28,-0.09927442405399267,-0.027427854640510896,-0.017795279589401747,-0.012321535045320076
2020-05-29,-0.09526057651251496,-0.013176933470485652,-0.010567812322355152,-0.0036077527303571832
2020-06-01,-0.09160395081421313,-0.010216962638110672,-0.0060126952388313,0.0
2020-06-02,-0.084082501423692,-0.003577662580849683,-0.012450579222356817,0.0
2020-06-03,-0.07189312239103096,0.0,-0.030671047556453,-0.00021447134679986046
2020-06-04,-0.07433093882551167,-0.00701320231258995,-0.0204676297729246,0.0
2020-06-05,-0.0506062628608519,0.0,-0.040327966205835564,0.0
2020-06-08,-0.03913063484060808,0.0,-0.02994225847879939,0.0
2020-06-09,-0.04629535715504951,0.0,-0.02058912551056502,0.0
2020-06-10,-0.05161726994443261,0.0,-0.006559287047071871,0.0
2020-06-11,-0.10629041937943318,-0.04954919970750704,-0.0137260527823454,-0.03813736968706494
2020-06-12,-0.0955880133765229,-0.04199488773305837,-0.012329176158811017,-0.031295411751195434
2020-06-15,-0.08714471393308632,-0.030338916536277627,-0.01409044732117204,-0.0249280064607742
2020-06-16,-0.06957424796638312,-0.013687143678392522,-0.014576337597639433,-0.013250624646495068
2020-06-17,-0.07343897270518307,-0.01055986138768683,-0.01269357069763788,-0.012945528285370878
2020-06-18,-0.07308224562910315,-0.007879232762961874,-0.014637039129412388,-0.01257512497071911
2020-06-19,-0.07837961797053394,-0.008041757396204052,-0.003765533800003218,-0.010878682947444762
2020-06-22,-0.07246705222217131,0.0,0.0,-0.0026787511346982873
2020-06-23,-0.06819711323190192,0.0,0.0,0.0
2020-06-24,-0.09196631823518475,-0.02061551884136148,-0.0034839130582626776,-0.0165360885774003
2020-06-25,-0.08223147876484271,-0.011292284995915502,-0.004084530833927569,-0.010098479203358601
2020-06-26,-0.1040302243323481,-0.03464088389025943,0.0,-0.024255397061980988
2020-06-29,-0.09086110749656184,-0.024111993274058663,0.0,-0.01575166580450793
2020-06-30,-0.07921567540903562,-0.0049831613512164585,0.0,-0.003661264343662096
2020-07-01,-0.0727659905014606,0.0,-0.004481089931769877,0.0
2020-07-02,-0.06765949930559378,0.0,-0.0023301631178002102,0.0
2020-07-06,-0.053266625535028034,0.0,0.0,0.0
2020-07-07,-0.06303115103111878,-0.006888849277900344,0.0,-0.003630833815700063
2020-07-08,-0.05586474650855178,0.0,0.0,0.0
2020-07-09,-0.06123959937718659,0.0,-0.0027044004055615245,0.0
2020-07-10,-0.051654278523198704,0.0,-0.0052912805918139405,0.0
2020-07-13,-0.059865928012376446,-0.020570687749433825,-0.004056690318433143,-0.009329483301401265
2020-07-14,-0.04768258513828427,-0.013637846242060103,0.0,-0.001172575130444109
2020-07-15,-0.0389337175364749,-0.011630382359631763,0.0,0.0
2020-07-16,-0.04209864369495975,-0.018373369858995403,-0.009451688651900159,-0.006522387619133596
2020-07-17,-0.03932201075326758,-0.01723687768754245,-0.0012915417719436828,-0.0024509716810977578
2020-07-20,-0.03155792757896081,0.0,0.0,0.0
2020-07-21,-0.029497915298841493,-0.010420410140297709,0.0,0.0
2020-07-22,-0.023973148000175803,-0.006934392798515598,0.0,0.0
2020-07-23,-0.03561907485479798,-0.032873261903713535,0.0,-0.009742222490795815
2020-07-24,-0.04182998516193448,-0.042056934889955544,0.0,-0.012170753520248101
2020-07-27,-0.03484258737463186,-0.02496414551263748,0.0,0.0
2020-07-28,-0.04096404379084573,-0.037371467167043426,0.0,-0.0035754342292644292
2020-07-29,-0.029169093086965248,-0.02627604806608297,0.0,0.0
2020-07-30,-0.03263295752473905,-0.02117799924148034,-0.007400261112961215,-0.001910859610490756
2020-07-31,-0.024989003801295095,-0.003710684944997711,0.0,0.0
2020-08-03,-0.018210199821586448,0.0,0.0,0.0
2020-08-04,-0.014418007939032251,0.0,0.0,0.0
2020-08-05,-0.008296650476237621,0.0,0.0,0.0
2020-08-06,-0.0016674640663022489,0.0,0.0,0.0
2020-08-07,-0.0009505465444717975,-0.011542112249890324,-0.01588530528005716,-0.008903100859079194
2020-08-10,0.0,-0.015765784152692697,-0.019289316132535372,-0.010470119991613513
2020-08-11,-0.008254913205007153,-0.03440844389431441,-0.07194799624609705,-0.03715134376743079
2020-08-12,0.0,-0.010122071741366145,-0.07628033076842866,-0.026102266364192106
2020-08-13,-0.001807662615736172,-0.007864379807368649,-0.054463858846953705,-0.01828148407126451
2020-08-14,-0.0017779064483777196,-0.009029732888655384,-0.058538378148664805,-0.020066247115031466
2020-08-17,0.0,0.0,-0.03811439173196973,-0.008149975584433977
2020-08-18,0.0,0.0,-0.029449722687306612,-0.001275085112371066
2020-08-19,-0.004163918919884102,-0.006727266138150889,-0.06008558426508681,-0.015409253351092889
2020-08-20,-0.001063413477999875,0.0,-0.05358708248158961,-0.007565516862237498
2020-08-21,0.0,0.0,-0.0611687072447572,-0.006749601280505946
2020-08-24,0.0,0.0,-0.06648099143960595,-0.003200721376864779
2020-08-25,0.0,0.0,-0.06534632115544659,0.0
2020-08-26,0.0,0.0,-0.05430913823531147,0.0
2020-08-27,0.0,-0.0031167915304953775,-0.06524314784829333,-0.004163945839408378
2020-08-28,0.0,0.0,-0.0489968540404625,0.0
2020-08-31,-0.0036224582391239935,0.0,-0.046727513472143656,0.0
2020-09-01,0.0,0.0,-0.0455928431879844,0.0
2020-09-02,0.0,0.0,-0.05812576361822719,0.0
2020-09-03,-0.034414324292099674,-0.050700257118530545,-0.06575893568588409,-0.03107293948147305
2020-09-04,-0.04229804711612484,-0.06335091438175089,-0.06318015389428067,-0.03712250471924605
2020-09-08,-0.06846502532531784,-0.10836976045765023,-0.06498533262767292,-0.061936924338467425
2020-09-09,-0.05006985735499614,-0.08217779843913997,-0.05590797035439743,-0.04354126438821326
2020-09-10,-0.06656408630646693,-0.10047586380759688,-0.058950913980927444,-0.056460841326771205
2020-09-11,-0.06608864310530005,-0.10671832331724318,-0.059002539983591396,-0.058500536481823406
2020-09-14,-0.05378817152530657,-0.09116166654863,-0.051575635832065925,-0.04642465043236199
2020-09-15,-0.049007614224719664,-0.07828028996787151,-0.05384497640038477,-0.041074134078090685
2020-09-16,-0.052781514116132966,-0.09297800750505325,-0.05116302130162842,-0.04653354532461118
2020-09-17,-0.061112609352168,-0.10714784508470332,-0.05637213218932424,-0.05603887373344196
2020-09-18,-0.07192180867783904,-0.11854320985851541,-0.05513436729618637,-0.06326456456864116
2020-09-21,-0.08225084001604954,-0.11642908244116468,-0.07411416350726285,-0.072262949303601
2020-09-22,-0.07290391572685873,-0.10001327783414216,-0.07860129733941135,-0.06486664731661795
2020-09-23,-0.09440438000659424,-0.12749385730677731,-0.09850949591851588,-0.08834850601691768
2020-09-24,-0.09199075535343748,-0.12343149717123725,-0.09515703237052675,-0.08499362773826835
2020-09-25,-0.07731065905302847,-0.10305215998444628,-0.09773581416212995,-0.07384081005963372
2020-09-28,-0.06198558310208879,-0.08442355685953462,-0.08865853058702933,-0.0591955840425753
2020-09-29,-0.06709391087144578,-0.08855220186229695,-0.08097373251670859,-0.05967314631363996
2020-09-30,-0.06002081314683805,-0.08230942944218378,-0.08649236332586363,-0.057032014343265325
2020-10-01,-0.05398624197816959,-0.06774355151502376,-0.0783434034206163,-0.0472211445023224
2020-10-02,-0.06296806072258265,-0.0939687863465063,-0.07916863248149131,-0.05945504232128196
2020-10-05,-0.0463512652560798,-0.07464666932362407,-0.0746814986493427,-0.045681558783998266
2020-10-06,-0.05990834470447304,-0.09116166654862978,-0.0855639609578357,-0.05962224824745954
2020-10-07,-0.04354464955472559,-0.07543979305353354,-0.0859765754882732,-0.048884973328499504
2020-10-08,-0.03506791972940082,-0.07051823292783954,-0.082727285247437,-0.04326048540082583
2020-10-09,-0.026451113886896804,-0.056315539749172916,-0.06606837690916867,-0.02974764442783495
2020-10-12,-0.010789188466073574,-0.027183470984386005,-0.06875033200792502,-0.01548935425509912
2020-10-13,-0.01724454354349103,-0.027216535190380475,-0.08339779369666978,-0.02280380051721831
2020-10-14,-0.023419746586549883,-0.03534156837192781,-0.0805611179862713,-0.026563120739152457
2020-10-15,-0.02462669787743088,-0.041815477323534855,-0.07720873313645704,-0.02795866082528231
2020-10-16,-0.025216277092595663,-0.047067157991728115,-0.08040639737462929,-0.031053167222035327
2020-10-19,-0.04003626412444705,-0.06262433627778596,-0.07994223553970259,-0.041073430522716614
2020-10-20,-0.0361908439385481,-0.06060950578190738,-0.07550672771021794,-0.03756499424297233
2020-10-21,-0.038015259948014024,-0.0613358752788945,-0.06854398539361928,-0.036004162881938195
2020-10-22,-0.032738414800846605,-0.06136904378837771,-0.07767289497138385,-0.03740216590901846
2020-10-23,-0.029454595683823803,-0.059519534322471035,-0.0786528446439011,-0.036021504536732474
2020-10-26,-0.04738997709775605,-0.07362293057966551,-0.0791170064788278,-0.04693998365463936
2020-10-27,-0.05067388885764734,-0.0663895879250771,-0.07669294529886672,-0.044718321299551334
2020-10-28,-0.08312103447991503,-0.10278764633649118,-0.09159830090640675,-0.07315671457754258
2020-10-29,-0.07380208833701285,-0.08709883704738941,-0.09536337898483338,-0.06589483171081145
2020-10-30,-0.08345788394979858,-0.11025243843304033,-0.09123731237863308,-0.07561788117929835
2020-11-02,-0.07318471626129652,-0.10827088075013402,-0.08241784402415298,-0.06848761808882808
2020-11-03,-0.05682083582581188,-0.09284606359154268,-0.07720873313645715,-0.055871624971527645
2020-11-04,-0.03574152602629932,-0.052351798562427,-0.07772444227587294,-0.03496574162485011
2020-11-05,-0.016935764862764158,-0.027645848350862923,-0.056526931499141564,-0.012912280520024577
2020-11-06,-0.017160331176019783,-0.026919478853876022,-0.05518591460067601,-0.01227398069217378
2020-11-09,-0.004810573589981826,-0.046803061557729064,-0.09701375840840842,-0.029440408782377303
2020-11-10,-0.006269884054669994,-0.06387942016021664,-0.09402236208636772,-0.034638858648345705
2020-11-11,0.0,-0.04293851298896589,-0.09794216077643658,-0.026442353033100385
2020-11-12,-0.009701056149266196,-0.047430551347199756,-0.09247507727177062,-0.029146879955169736
2020-11-13,0.0,-0.03907396442020272,-0.08628601671155778,-0.019620619521571347
2020-11-16,0.0,-0.03157631672463712,-0.08633764271422173,-0.013010000684352985
2020-11-17,-0.0053781119092979335,-0.03464815877744665,-0.0896900275640361,-0.017030105264213113
2020-11-18,-0.01734827530456373,-0.04178272602800781,-0.09489913845173181,-0.02526997365379602
2020-11-19,-0.013211322164543016,-0.03428476542197523,-0.09660114387797092,-0.021970695659931816
2020-11-20,-0.01996860052202587,-0.04089103550104889,-0.09386764147472537,-0.025446857515399546
2020-11-23,-0.014093715589114209,-0.04085724117063183,-0.11171284609981713,-0.02988562000270889
2020-11-24,0.0,-0.02738185622035294,-0.12532881081155545,-0.02508852801314465
2020-11-25,-0.001541629587438642,-0.02140349314470591,-0.12574142534199295,-0.023745326185270255
2020-11-27,0.0,-0.012385935008288107,-0.13461244100096237,-0.023142468190512577
2020-11-30,-0.004427121220385799,-0.01037152172636524,-0.1403888870307377,-0.02609336796454409
2020-12-01,0.0,0.0,-0.12228586718502543,-0.011545419359845321
2020-12-02,0.0,0.0,-0.11568411339620033,-0.007950549280198782
2020-12-03,-0.0002727497448651306,0.0,-0.10872144977777631,-0.004969054761337244
2020-12-04,0.0,0.0,-0.11124860556671567,-0.0016996298070601767
2020-12-07,-0.0020551586409518485,0.0,-0.09799370808092567,0.0
2020-12-08,0.0,0.0,-0.09484759114724284,0.0
2020-12-09,-0.008969200433912694,-0.022641178170968557,-0.11032028189686272,-0.016234798566299613
2020-12-10,-0.009293226185489223,-0.018716372675011583,-0.11202228732310171,-0.01565250339506974
2020-12-11,-0.010455135808162486,-0.020889376740969245,-0.1103718292013518,-0.016154057544291
2020-12-14,-0.014885211603795412,-0.013785781993628343,-0.11527157756393791,-0.01704915013481567
2020-12-15,-0.0015670755597022579,-0.003243731486597401,-0.10289337774533724,-0.004532992194048013
2020-12-16,0.0,0.0,-0.09794216077643658,-0.0003559296808148815
2020-12-17,0.0,0.0,-0.08845218397272347,0.0
2020-12-18,-0.003993040885110322,-0.0030228444590661985,-0.08999946878732046,-0.0029044370603963365
2020-12-21,-0.007554262679543067,-0.004887930351713976,-0.09288769180220813,-0.005769461322443159
2020-12-22,-0.009226918804089879,-0.0021818905521133747,-0.10005670203493833,-0.008045973640601667
2020-12-23,-0.008336413849741708,-0.007207102922929032,-0.09407398808903134,-0.007215881364361354
2020-12-24,-0.00447841618333833,-0.0028262631062696553,-0.09046363062224694,-0.003149325246304513
2020-12-28,0.0,0.0,-0.09376446816757211,0.0
2020-12-29,-0.0019076611466772864,0.0,-0.09046363062224694,0.0
2020-12-30,-0.0004837592705073668,0.0,-0.08350096700382292,0.0
2020-12-31,0.0,0.0,-0.08009695615134471,0.0
2021-01-04,-0.013614108348513176,-0.014119804941409186,-0.05962142243016044,-0.001825184210347719
2021-01-05,-0.006820679534515484,-0.005992095738498571,-0.05683637272242581,0.0
2021-01-06,-0.0008828354392280691,-0.01976155799311785,-0.07215434286040334,-0.008038299288133488
2021-01-07,0.0,0.0,-0.07432051012156904,0.0
2021-01-08,0.0,0.0,-0.10598794737453043,-0.005218021198940548
2021-01-11,-0.0067407216481515375,-0.014449950963023706,-0.10774150010525874,-0.012895123306281064
2021-01-12,-0.00653090111625565,-0.016017395232495346,-0.1019650540754834,-0.011218762959377626
2021-01-13,-0.0038555600285853364,-0.009372158735547531,-0.10583322676288831,-0.009524993059727538
2021-01-14,-0.0073438910243536215,-0.014669495918064324,-0.10629738859781501,-0.012618044034068743
2021-01-15,-0.014583044190755845,-0.022474407994360845,-0.11738611882243932,-0.02170901766948774
2021-01-19,-0.0068456319140994815,-0.00821277957152955,-0.10990766736642466,-0.011627889236370814
2021-01-20,0.0,0.0,-0.09541492628932202,0.0
2021-01-21,0.0,0.0,-0.09598226143140187,0.0
2021-01-22,-0.00353954127182432,-0.002880193790101293,-0.10309972435964276,-0.004764293424002641
2021-01-25,0.0,0.0,-0.10232604260325706,-0.00042753043354737397
2021-01-26,-0.0015611817989749088,0.0,-0.10454383586708671,-0.0012833720222270584
2021-01-27,-0.02596337930407655,-0.02787672473402303,-0.11021710858970912,-0.020809181321617132
2021-01-28,-0.017586316663484536,-0.0221249252701593,-0.10939195822700898,-0.015768157760326362
2021-01-29,-0.037253924052126464,-0.0426976954429954,-0.10975294675478264,-0.029371307297110683
2021-02-01,-0.02122844717944583,-0.01877733538905957,-0.10139771893340399,-0.012864750445617412
2021-02-02,-0.00738857352410438,-0.002769512834346677,-0.11233172854638596,-0.0068476979928357995
2021-02-03,-0.006608110877681095,-0.006725781583958201,-0.11367266674667675,-0.008400860376129526
2021-02-04,0.0,0.0,-0.13275571496308092,-0.007851349578008815
2021-02-05,0.0,0.0,-0.12419414052739608,-0.0021633742738713657
2021-02-08,0.0,0.0,-0.11537467217291586,0.0
2021-02-09,-0.0006657220315111623,-0.00020996889209767833,-0.11248644915802797,0.0
2021-02-10,-0.0011010924574283987,-0.002488254215442187,-0.10923715891719188,0.0
2021-02-11,0.0,0.0,-0.1169735042920017,-0.0005235476231060243
2021-02-12,0.0,0.0,-0.11965545939075817,0.0
2021-02-16,-0.0008661008286341421,-0.002704812739733553,-0.13229147442997935,-0.005974800613557041
2021-02-17,-0.000636747753302358,-0.0074900921125992115,-0.142142439761466,-0.011250276757976407
2021-02-18,-0.004890159129181448,-0.011829409980749661,-0.1421939870659552,-0.014113786561759434
2021-02-19,-0.006647388731531811,-0.016139028311716208,-0.1386353343000094,-0.014763985723142192
2021-02-22,-0.014287859538149816,-0.041640718608877525,-0.12574142534199295,-0.02088639009618931
2021-02-23,-0.013091038271327515,-0.044494029034529925,-0.12775287199151653,-0.022212718062609826
2021-02-24,-0.0022160194585160164,-0.03661765555975793,-0.12837175443808535,-0.016165791366368754
2021-02-25,-0.02625824854942571,-0.07020361609197745,-0.1447727688575584,-0.041671593326350176
2021-02-26,-0.031275723747067,-0.06630988497097534,-0.16545464919304864,-0.0497049282340255
2021-03-01,-0.007793651875179219,-0.03822255484038273,-0.16689876070049248,-0.03304566856140778
2021-03-02,-0.015535908572163581,-0.0536483258127296,-0.16236007956385456,-0.038974372385151
2021-03-03,-0.028575719076300077,-0.08111159090489606,-0.17159216244877218,-0.056044520078030735
2021-03-04,-0.04059700103275876,-0.09615089313628689,-0.17974112235401962,-0.06818335975132728
2021-03-05,-0.022947110008951777,-0.08253838665181001,-0.17922533451642897,-0.05759601219865862
2021-03-08,-0.02781182266554172,-0.10851536323330335,-0.18773528294944997,-0.07131148404850274
2021-03-09,-0.013931525216366203,-0.07335420295764283,-0.1704574921646126,-0.048097478541455296
2021-03-10,-0.007793651875179108,-0.07599924186544182,-0.16622825225125937,-0.04541043271541223
2021-03-11,0.0,-0.05471853973465479,-0.16695030800498134,-0.03513134874112844
2021-03-12,0.0,-0.06238682907035664,-0.16710502861662346,-0.03736698840175856
2021-03-15,0.0,-0.052370308819910005,-0.16344320254352462,-0.030614744395668247
2021-03-16,-0.0012611356721150546,-0.047169142237079686,-0.1626695207871388,-0.028949886092549892
2021-03-17,0.0,-0.0432458052682857,-0.15668680684123182,-0.02420074414626916
2021-03-18,-0.014549425082522993,-0.07255184700672235,-0.16158647650564317,-0.04078612418451932
2021-03-19,-0.016373087824298138,-0.06928208723475482,-0.1580792923460117,-0.03891307474712691
2021-03-22,-0.008518506292558792,-0.05182822199926229,-0.15931713593732422,-0.030818100651990532
2021-03-23,-0.016322373073097918,-0.055964796023672436,-0.1654546491930481,-0.037128840680060615
2021-03-24,-0.021323029551973627,-0.07188599649957705,-0.16256642617816042,-0.04306264617012667
2021-03-25,-0.0158172938625305,-0.07349333170438721,-0.16560936980469032,-0.042979644844726606
2021-03-26,0.0,-0.0595952599538655,-0.16323685592921822,-0.03214658546601801
2021-03-29,-0.0005049749630369194,-0.05986330530365358,-0.17319099456785791,-0.03623931880133202
2021-03-30,-0.003156589890176309,-0.06459499434444016,-0.18732266841901202,-0.0441992618642677
2021-03-31,0.0,-0.05028056693699523,-0.1749960946030753,-0.033199870103433615
2021-04-01,0.0,-0.03409132111130242,-0.16457787282768377,-0.02015659684489024
2021-04-05,0.0,-0.014807327297425621,-0.16488731405096835,-0.009068913140867219
2021-04-06,-0.00059058783885646,-0.01549172830413681,-0.15818246565316463,-0.006841498324994144
2021-04-07,0.0,-0.01311089348106409,-0.1605549795286365,-0.006590729536351869
2021-04-08,0.0,-0.002814148259902449,-0.15152924325802497,0.0
2021-04-09,0.0,0.0,-0.15792457173436936,0.0
2021-04-12,0.0,-0.0013050976507215095,-0.16303058801308679,-0.00233472374172472
2021-04-13,0.0,0.0,-0.1570994213716692,0.0
2021-04-14,-0.0034152955060176016,-0.01200818569776696,-0.16076124744476805,-0.0065892655775793285
2021-04-15,0.0,0.0,-0.1471968300375187,0.0
2021-04-16,0.0,0.0,-0.1420392664543122,0.0
2021-04-19,-0.004913041003507312,-0.009151890565027965,-0.1444117803297842,-0.005610075269842696
2021-04-20,-0.012198636683919184,-0.016373860109905936,-0.14136883670325417,-0.009273967914233405
2021-04-21,-0.002851776177494214,-0.007953030917673631,-0.13285880957205842,-4.88392759813161e-05
2021-04-22,-0.011959025933624301,-0.01991152702998633,-0.1384806136883664,-0.009271991494143705
2021-04-23,-0.0012461800260259448,-0.007572956325848645,-0.1417814512336918,-0.0027991230895879626
2021-04-26,0.0,-0.0011111359646204244,-0.13951211066537295,0.0
2021-04-27,-0.0002154062199682949,-0.005438592179410673,-0.14167827792653875,-0.002355015726285603
2021-04-28,-0.0005027452526499276,-0.008800903784057068,-0.13915104343942464,-0.0025956836424948504
2021-04-29,0.0,-0.005233872903019465,-0.14270977490354508,-0.0006549102846201693
2021-04-30,-0.0065703293906937965,-0.011754237086093466,-0.14559799791843275,-0.006149314308526055
2021-05-03,-0.004427895099641921,-0.01701738190003599,-0.13450926769380867,-0.0028996838334586217
2021-05-04,-0.010569846812672923,-0.03470672905081584,-0.14085304886566385,-0.013367424510815407
2021-05-05,-0.010260163987623194,-0.03795213711183987,-0.1372943174015432,-0.013007940252474648
2021-05-06,-0.0023565841368308194,-0.030701079756107696,-0.1229047496315937,-0.002413502212572305
2021-05-07,0.0,-0.02283540432103104,-0.11501368364514175,0.0
2021-05-10,-0.0099023869984054,-0.04751309802951231,-0.1123317285463854,-0.010708756756364624
2021-05-11,-0.0187387845469712,-0.048829045320558095,-0.11217700793474328,-0.014049944495528877
2021-05-12,-0.039585567887331585,-0.07344801110712529,-0.12099647628922339,-0.03280320709089257
2021-05-13,-0.028048808596146446,-0.066284861534196,-0.11738611882243899,-0.02511380686452802
2021-05-14,-0.013124102637648738,-0.045671452992302575,-0.1093403322243447,-0.009987462004034775
2021-05-17,-0.015635262117694837,-0.051460755802580915,-0.09897365775344236,-0.008988075726378053
2021-05-18,-0.02411638158666196,-0.05786338799172308,-0.09722010502271405,-0.013421086637336987
2021-05-19,-0.02667480282959056,-0.05678216828826599,-0.09660114387797036,-0.013680360818553061
2021-05-20,-0.01620356735511297,-0.03853702303008988,-0.09247507727177007,-0.00228212542094941
2021-05-21,-0.017009267884250723,-0.04385843551577506,-0.09206254143950743,-0.004244005191991751
2021-05-24,-0.0069885324648343294,-0.027777018364994355,-0.0904636306222465,0.0
2021-05-25,-0.009191675628164253,-0.02643198326309426,-0.08221157610802077,0.0
2021-05-26,-0.007225229306856096,-0.023040491797559293,-0.08381040822710684,0.0
2021-05-27,-0.0067042634378423616,-0.02669506226126228,-0.08344934100115853,-0.000940635137909207
2021-05-28,-0.004927407406717488,-0.02362519361574078,-0.07999378284419112,0.0
2021-06-01,-0.00580396177741771,-0.02687041757669606,-0.08246947002681604,-0.0022985297325036624
2021-06-02,-0.004240443326200438,-0.024969860517503162,-0.07798233619466755,0.0
2021-06-03,-0.007936095888141148,-0.03511570735342584,-0.09603380873589062,-0.011231764712005599
2021-06-04,0.0,-0.018742215443657395,-0.08628601671155722,0.0
2021-06-07,-0.0009704399149323972,-0.015818246102578204,-0.08262419063845838,0.0
2021-06-08,-0.0007572671562405819,-0.015350447828019309,-0.0854607876506821,-0.0008011268730309107
2021-06-09,-0.002248081154481829,-0.015116640740774234,-0.08721441907958527,-0.001857611295387529
2021-06-10,0.0,-0.004853706261160329,-0.0832946203895164,0.0
2021-06-11,0.0,-0.002251635890197612,-0.09360974755592955,-0.0023284473114106863
2021-06-14,0.0,0.0,-0.0989220317507784,-0.00034615956806482995
2021-06-15,-0.0018340670423183658,-0.006530985605952222,-0.10232604260325673,-0.004392345858796776
2021-06-16,-0.007407061046415753,-0.010159219560516242,-0.11748929212959214,-0.013063103280335109
2021-06-17,-0.007736143931240225,0.0,-0.14461804824591595,-0.019107884086238203
2021-06-18,-0.02112223734455998,-0.007847262086793871,-0.14936307599685983,-0.027898306238449466
2021-06-21,-0.007108791165788553,-0.0016812175581396582,-0.13894477552329354,-0.01727702949998533
2021-06-22,-0.001800634932764611,0.0,-0.14255505429190318,-0.013845711100597624
2021-06-23,-0.0030038057141482666,0.0,-0.14312238943398303,-0.014298593627504519
2021-06-24,0.0,0.0,-0.14363817727157357,-0.010521144593167664
2021-06-25,0.0,-0.0012290990917555034,-0.1408015015611751,-0.008662395937786838
2021-06-28,0.0,0.0,-0.14085304886566408,-0.0039972664286273
2021-06-29,0.0,0.0,-0.14987878513627562,-0.00610499526835484
2021-06-30,0.0,-0.001577548200081269,-0.14575271853007543,-0.004740827928604752
2021-07-01,0.0,-0.0011831832954396493,-0.14281294821069845,-0.0016313620529295747
2021-07-02,0.0,0.0,-0.13719122279256524,0.0
2021-07-06,-0.001821111310027379,0.0,-0.13291043557472282,0.0
2021-07-07,0.0,0.0,-0.12960959802939764,0.0
2021-07-08,-0.008148122873665842,-0.006039689612904908,-0.13017693317147727,-0.004946543116784663
2021-07-09,0.0,0.0,-0.12728863145841463,0.0
2021-07-12,0.0,0.0,-0.12837175443808502,0.0
2021-07-13,-0.003409082589683421,0.0,-0.12723708415392565,-0.0007024334062196713
2021-07-14,-0.0019221566163944992,0.0,-0.11785035935554056,0.0
2021-07-15,-0.005331164501195973,-0.007023479240016339,-0.11769556004572346,-0.0034211909139233443
2021-07-16,-0.013132894158272235,-0.015065840624972071,-0.1262571344814084,-0.011940757869770668
2021-07-19,-0.027706696082460902,-0.023136003877364475,-0.12522563750440208,-0.019114332165362957
2021-07-20,-0.013773488522267008,-0.011788251623702561,-0.12636030778856144,-0.011054831821011413
2021-07-21,-0.005788657199167324,-0.0041588475718878914,-0.12960959802939764,-0.007066909165771906
2021-07-22,-0.0037066321350816,0.0,-0.12790759260315854,-0.0035387501808596955
2021-07-23,0.0,0.0,-0.13064109500640408,0.0
2021-07-26,0.0,0.0,-0.13270408896041685,0.0
2021-07-27,-0.004557304922080285,-0.011017936232815218,-0.1312599774529729,-0.004636722524992143
2021-07-28,-0.004965695830066563,-0.007218594909333187,-0.1268760956261522,-0.0018239384265665848
2021-07-29,-0.0008386969190844473,-0.00545443824116143,-0.11717985090630789,0.0
2021-07-30,-0.005691189395577778,-0.010637677822648572,-0.1241425145247319,-0.005985024874245792
2021-08-02,-0.00777719625426454,-0.010556608368057385,-0.1252256375044022,-0.007062751979218018
2021-08-03,0.0,-0.004559004781135134,-0.125844519950971,-0.002598042705489245
2021-08-04,-0.004918638623503613,-0.003120917992955885,-0.12563825203483958,-0.003674572901992579
2021-08-05,0.0,0.0,-0.12909381019180688,-0.0007773264520922751
2021-08-06,0.0,-0.004382320224112779,-0.15085873480879264,-0.01001051326913327
2021-08-09,-0.0008137730423293243,-0.0025427290682707993,-0.1659188110279749,-0.015522028729173187
2021-08-10,0.0,-0.0076554927056459166,-0.16566091710917963,-0.016694401268776415
2021-08-11,0.0,-0.00935949205984099,-0.1541595723541178,-0.011924450768037498
2021-08-12,0.0,-0.005788851240567161,-0.1539533044379865,-0.00966988485964626
2021-08-13,0.0,-0.002299361349004103,-0.1418329985381811,-0.0031814671400781647
2021-08-16,0.0,-0.0018664713373476305,-0.13755221132033868,-0.0005974339717764732
2021-08-17,-0.006555168006999068,-0.010658077030944457,-0.13884160221614028,-0.006213493452442154
2021-08-18,-0.0174284350510715,-0.020180126137803622,-0.1381710937669074,-0.012769513098158769
2021-08-19,-0.01590712880090983,-0.015446151893610982,-0.1406983282540215,-0.011635068136844895
2021-08-20,-0.008076620361002318,-0.005247674928097745,-0.1402341664190948,-0.005422957328154232
2021-08-23,0.0,0.0,-0.12976431864103943,0.0
2021-08-24,0.0,0.0,-0.13017693317147683,0.0
2021-08-25,0.0,0.0,-0.13621127312004755,-0.0012301514511086076
2021-08-26,-0.00590312597716558,-0.006349938539373934,-0.1352313234475303,-0.0049317876340773115
2021-08-27,0.0,0.0,-0.1222342411823607,0.0
2021-08-30,0.0,0.0,-0.12656657570469232,0.0
2021-08-31,-0.0014815177430503867,-0.0008149583180451225,-0.12481302297396402,-9.627378271759301e-05
2021-09-01,-0.0009509034882778655,0.0,-0.12476147566947493,0.0
2021-09-02,0.0,-0.00047319534680501096,-0.12708236354228308,-1.606546301924361e-05
2021-09-03,-0.00024280609490845428,0.0,-0.11774718604838696,0.0
2021-09-07,-0.0038173152879653616,0.0,-0.13502497683322423,-0.007248060679383439
2021-09-08,-0.0050310575653623735,-0.003480811427285735,-0.1371912227925648,-0.009631859150813327
2021-09-09,-0.009289602682769682,-0.006908954360033581,-0.13337459740964908,-0.01072017684119042
2021-09-10,-0.017101042207336548,-0.014446062811952598,-0.13775855793464464,-0.0174911001935808
2021-09-13,-0.014585657523228046,-0.015126391631239411,-0.1348702562215821,-0.0157819907109793
2021-09-14,-0.019903471248155946,-0.01792662735567019,-0.1293000781079381,-0.016372922686267555
2021-09-15,-0.01171694313899152,-0.01062521041680764,-0.13440609438665552,-0.013119344334135086
2021-09-16,-0.013283510771512574,-0.009944799302998186,-0.15400485174247547,-0.020862870315956017
2021-09-17,-0.02289531786271859,-0.02166921765971308,-0.15534578994276627,-0.02842456145346728
2021-09-20,-0.03918767888036567,-0.04188453798661651,-0.14931144999419554,-0.03820283316347284
2021-09-21,-0.04009535578946277,-0.040705833537766356,-0.14363817727157313,-0.035973204290470795
2021-09-22,-0.030731470292494345,-0.03174535902096487,-0.14683584150974527,-0.03103684051917943
2021-09-23,-0.018954870344427444,-0.02281146563500036,-0.1566868068412317,-0.027861742253775024
2021-09-24,-0.017338876901488942,-0.02189437547386186,-0.15776985112272723,-0.027440015066682366
2021-09-27,-0.02015016800452607,-0.029701821432900344,-0.15601629839199893,-0.030280237822096656
2021-09-28,-0.039896283611352557,-0.05715905975874347,-0.16421680560173557,-0.0490819230400632
2021-09-29,-0.038280146069841314,-0.05870455089533544,-0.16798180498198756,-0.05049582623828042
2021-09-30,-0.050034626887006994,-0.06216314280148805,-0.15302490206995822,-0.04983750021258471
2021-10-01,-0.03874500806519743,-0.05634664823049895,-0.1511166287275878,-0.04339561375545897
2021-10-04,-0.05114137597421464,-0.07615387001925755,-0.14714528273302974,-0.05270899962969933
2021-10-05,-0.0412686063679466,-0.0636827111634245,-0.1511166287275878,-0.04663132888730137
2021-10-06,-0.03728384853856681,-0.057682782101303065,-0.14884728815926873,-0.042424553230986706
2021-10-07,-0.028960642933247627,-0.04903708413388719,-0.15333434329324258,-0.03841909837160451
2021-10-08,-0.030731470292494456,-0.05377905912178382,-0.15297335476546903,-0.04046527028178082
2021-10-11,-0.037748854632495554,-0.061036283901948374,-0.1545721868845552,-0.045837753825343386
2021-10-12,-0.04011747492036433,-0.06431127672792336,-0.15075556150163938,-0.04629415820876048
2021-10-13,-0.03666422467618913,-0.05681819584565695,-0.1356439379779678,-0.036947883818942096
2021-10-14,-0.020460196083573856,-0.0394481263471097,-0.1335293180212912,-0.024850769058270106
2021-10-15,-0.013000285026976921,-0.03339602255758678,-0.14730000334467186,-0.02549321788721992
2021-10-18,-0.01007811007228887,-0.023675805007078332,-0.14941462330134858,-0.022070489155265216
2021-10-19,-0.002441245968482497,-0.01628764964127405,-0.14668112089810303,-0.01604135731394951
2021-10-20,0.0,-0.017571526490154032,-0.13920266944208837,-0.012306710380309616
2021-10-21,0.0,-0.011571844311600632,-0.13997627250029954,-0.009733225259521805
2021-10-22,-0.001036154695025715,-0.019877089838543527,-0.13471553560993987,-0.010829670165682592
2021-10-25,0.0,-0.009842342622217726,-0.1287328216640331,-0.003405931482704072
2021-10-26,0.0,-0.006724861512719671,-0.13517977614304144,-0.004519064413825102
2021-10-27,-0.0044304502261409695,-0.004419380458852706,-0.1329104355747227,-0.00434827296410889
2021-10-28,0.0,0.0,-0.13311670349085403,0.0
2021-10-29,0.0,0.0,-0.1404920603378903,-0.0005199143587771848
2021-11-01,0.0,0.0,-0.1360049265057417,0.0
2021-11-02,0.0,0.0,-0.13786165254362304,0.0
2021-11-03,0.0,0.0,-0.14503066277635313,0.0
2021-11-04,0.0,0.0,-0.13533449675468356,0.0
2021-11-05,0.0,0.0,-0.12403941991575329,0.0
2021-11-08,0.0,-0.0013547751133988761,-0.12089330298207013,0.0
2021-11-09,-0.003305303853215036,-0.008228651239892582,-0.11656096845973862,-0.001753465049809777
2021-11-10,-0.011323655469913319,-0.022804776921919512,-0.10696789704704746,-0.005707594037573038
2021-11-11,-0.011003751531325934,-0.020095305497769056,-0.10196505407548306,-0.002824690746633718
2021-11-12,-0.0035399741106164617,-0.009784136696115331,-0.10026304864924385,0.0
2021-11-15,-0.0031988311602677566,-0.010010063886094156,-0.1016556128521986,-0.000477850194850693
2021-11-16,0.0,-0.0029600638427524917,-0.10815411463569591,0.0
2021-11-17,-0.002429290083563629,-0.0024333469478037273,-0.10000515473044858,0.0
2021-11-18,0.0,0.0,-0.10289337774533636,0.0
2021-11-19,-0.0017883832004229605,0.0,-0.10975294675478209,-0.001286320120458484
2021-11-22,-0.00459852148311779,-0.011609196948387246,-0.1297126926383757,-0.013552131026074776
2021-11-23,-0.0032785408566916585,-0.016114105269148915,-0.13724277009705432,-0.017459827998116073
2021-11-24,-0.0006173767654309437,-0.012945818952912913,-0.13806799915792922,-0.015844010536511077
2021-11-26,-0.022906895287773343,-0.03165907127512946,-0.13946048466270922,-0.02991006525839124
2021-11-29,-0.010921194038538196,-0.010643681733902954,-0.14064678094953265,-0.01937145664343587
2021-11-30,-0.030166372991187185,-0.02517376047183184,-0.14642322697930799,-0.03272955549675671
2021-12-01,-0.04093831567700479,-0.041758416399545695,-0.14301921612682966,-0.040510278489429896
2021-12-02,-0.0262493218209775,-0.03485223799631232,-0.14776416517959878,-0.03507754485396719
2021-12-03,-0.034722003765236154,-0.05163515965094967,-0.1405951549468687,-0.04076352494639279
2021-12-06,-0.02328986289524093,-0.04403567321360824,-0.14270977490354542,-0.03520121477527072
2021-12-07,-0.003086745246510647,-0.01524795617192276,-0.1396668312770155,-0.017722870330076246
2021-12-08,-0.0004472690259097467,-0.010841869709561025,-0.13920266944208892,-0.01521430694860626
2021-12-09,-0.00719552273657964,-0.025396673349906362,-0.14446332763427394,-0.02426678079087974
2021-12-10,0.0,-0.014802441420835977,-0.14085304886566408,-0.01629712000551231
2021-12-13,-0.00885849821140905,-0.029035199319645266,-0.13868688160449827,-0.023112148319349157
2021-12-14,-0.015677594113721827,-0.039085094639229156,-0.14673266820259245,-0.031764693902021746
2021-12-15,-0.00029744740757164934,-0.017178520093298455,-0.14307084212949384,-0.017978873453078692
2021-12-16,-0.009113354358389336,-0.042451646682388544,-0.13270408896041674,-0.025323029260019947
2021-12-17,-0.019659254704104456,-0.04722899543732251,-0.13456081499829808,-0.03109729532744132
2021-12-20,-0.030083534875501083,-0.05647121061130622,-0.13822271976957168,-0.03903097557951862
2021-12-21,-0.012858619624158574,-0.03535474442498154,-0.13858370829734523,-0.02630755513439753
2021-12-22,-0.0029886481153610367,-0.023606683716482335,-0.13048637439476174,-0.016058729347720235
2021-12-23,0.0,-0.01624550490777643,-0.12852647504972725,-0.01080607171122594
2021-12-27,0.0,0.0,-0.1264634810957146,0.0
2021-12-28,-0.0008170631435611142,-0.00463476978463806,-0.13022848047596647,-0.0032539660538729587
2021-12-29,0.0,-0.004783428250831112,-0.13048637439476174,-0.002977110095588209
2021-12-30,-0.002764426154866495,-0.00775729732688446,-0.12424568783188494,-0.0025036483580517244
2021-12-31,-0.005277794023658133,-0.013953603008499016,-0.11826289518780331,-0.003146533162309062
2022-01-03,0.0,-0.004461153490177283,-0.13182731259505254,-0.0031355713859644307
2022-01-04,-0.00033471903392334745,-0.01737391398459409,-0.1254319054205334,-0.005108973651500204
2022-01-05,-0.019530617999288458,-0.047560990401265824,-0.12806231321480055,-0.022662435796439118
2022-01-06,-0.02045174033868813,-0.04823057550108467,-0.13873842890898735,-0.02718640732197597
2022-01-07,-0.0243243648774224,-0.05854080208395496,-0.13481870891709324,-0.030505334713756382
2022-01-10,-0.025538451239414228,-0.05792113264067189,-0.13218837982100085,-0.029712271185552863
2022-01-11,-0.016662625822616017,-0.04376911100993208,-0.12171853204294536,-0.01800567997761915
2022-01-12,-0.0140042913288555,-0.03997730936884214,-0.11939756547196267,-0.014957777580543397
2022-01-13,-0.027589878340833818,-0.06399311568241073,-0.12238896179400349,-0.02881121697890754
2022-01-14,-0.027192085476785532,-0.05816876716725372,-0.12491619628111772,-0.027596598690423635
2022-01-18,-0.04442027104637569,-0.08161474194383078,-0.12636030778856144,-0.04194085691060723
2022-01-19,-0.054342415942239874,-0.09170190307716808,-0.11248644915802786,-0.043692966296764224
2022-01-20,-0.06480907334359376,-0.10349949182440643,-0.1147042424218575,-0.05215809571719077
2022-01-21,-0.0831673599922218,-0.12835818853127934,-0.11759246543674529,-0.06815183880138687
2022-01-24,-0.07927409557796761,-0.12436796826794849,-0.11274434307682302,-0.06370429883376971
2022-01-25,-0.0905151556772793,-0.14466637992376752,-0.10990766736642454,-0.07375175547030854
2022-01-26,-0.0927969482314579,-0.146004772620967,-0.12429731383454878,-0.08000087776269904
2022-01-27,-0.09727654805686092,-0.15460480484066808,-0.1355923119753043,-0.08855882510096713
2022-01-28,-0.07485709432239773,-0.12808551842618587,-0.13817109376690762,-0.0723895069956072
2022-01-31,-0.05819433271112695,-0.10020303698672417,-0.13306515618636494,-0.05510069950719931
2022-02-01,-0.051830393723956814,-0.09408137153918139,-0.13234310043264308,-0.05056725008057217
2022-02-02,-0.04261998506188991,-0.08672067820604712,-0.12919698349896003,-0.04377406181762655
2022-02-03,-0.06512301671334264,-0.12374814332417772,-0.1304347483920978,-0.064641981351938
2022-02-04,-0.060727130593584366,-0.11269454666009848,-0.129093810191807,-0.058762066981668526
2022-02-07,-0.06374143504573448,-0.11983240779443105,-0.12264685571279865,-0.05997031251417695
2022-02-08,-0.05603821255690644,-0.10994350978284673,-0.1199649006140423,-0.05291389168336824
2022-02-09,-0.04222212430351435,-0.0910825446348601,-0.11697350429200148,-0.04053035937817251
2022-02-10,-0.059429194737293245,-0.11165354864552879,-0.12032596783999061,-0.054728783059323716
2022-02-11,-0.0779760918273491,-0.13983342476762017,-0.10356388619456913,-0.0649331773631262
2022-02-14,-0.08099059996248126,-0.13876770217551404,-0.09876731113913617,-0.0638982948019503
2022-02-15,-0.06616974355837268,-0.11735380777154125,-0.10732888557482101,-0.05407191312437121
2022-02-16,-0.06512301671334253,-0.11757710647180597,-0.09814842869256712,-0.050555531741059756
2022-02-17,-0.08509325048233796,-0.1438236450309509,-0.08582185487663041,-0.06240364750892613
2022-02-18,-0.09101750580547374,-0.15358860915387829,-0.08649236332586319,-0.06822112954013382
2022-02-22,-0.10077229118437603,-0.16208974306343427,-0.0845840112853179,-0.07402494514745794
2022-02-23,-0.11672331656184987,-0.1835531643727234,-0.08045802337729246,-0.08601532624026886
2022-02-24,-0.10343103304410073,-0.1561165805815966,-0.08638919001871004,-0.07315752254592411
2022-02-25,-0.08364900235056905,-0.14303043704345042,-0.08943213364523994,-0.0625789992859036
2022-02-28,-0.08599346136890806,-0.14047789653868348,-0.0799937828441909,-0.059208833549378226
2022-03-01,-0.09991397109779176,-0.15363821380943832,-0.06328332720143337,-0.06309053629542916
2022-03-02,-0.08335583464499474,-0.13943682077386976,-0.07303111922576688,-0.055355045703030514
2022-03-03,-0.08791935185902433,-0.15172998957524708,-0.06751248841661184,-0.059546157281710976
2022-03-04,-0.09532967821958749,-0.164022925125893,-0.05265875881173576,-0.06164251211694949
2022-03-07,-0.12199877369265877,-0.19485478431460324,-0.0385785535668961,-0.07775026701795373
2022-03-08,-0.1286554730194388,-0.19859737005135225,-0.012275026511447296,-0.07309935860449246
2022-03-09,-0.10529398549274716,-0.1697482198304171,-0.041621497193425894,-0.06287317392400549
2022-03-10,-0.10933410533709809,-0.17896792149340157,-0.03863017956955983,-0.06677757587743982
2022-03-11,-0.1206589470363818,-0.19599452513883064,-0.045386575271852525,-0.07937015613565801
2022-03-14,-0.12708534880473032,-0.2114355680619413,-0.05977614304180212,-0.09213225235413403
2022-03-15,-0.10788958562801976,-0.1867006497432374,-0.0773634537480985,-0.08164577582517518
2022-03-16,-0.08810775861747022,-0.1565382201538582,-0.07158700771832316,-0.06158846078774871
2022-03-17,-0.07669927110686947,-0.1463268918811328,-0.06704832658168525,-0.05235890810502075
2022-03-18,-0.06658654683408383,-0.1288536908351744,-0.07524883379142178,-0.045210156034640625
2022-03-21,-0.06685934624144774,-0.13127592193129112,-0.06818299686584461,-0.04375632045548472
2022-03-22,-0.05594037683116926,-0.11420313464103027,-0.07493939256813731,-0.03607345972259479
2022-03-23,-0.06809828192725609,-0.12693333756294667,-0.06230337752891624,-0.04044008916555775
2022-03-24,-0.054050470334557565,-0.10752788745745512,-0.05549535582395981,-0.026186951328983965
2022-03-25,-0.04943087240612232,-0.10827226829183334,-0.05936352851136473,-0.02620187045980904
2022-03-28,-0.042669412132213425,-0.0944750987739097,-0.07648667738273462,-0.024779580921518662
2022-03-29,-0.03082646882078577,-0.07889130640313691,-0.07607406285229723,-0.015018513836841607
2022-03-30,-0.03681081062364233,-0.0890654700593142,-0.06864715870077165,-0.018033157594832594
2022-03-31,-0.0516356727930658,-0.10035628271730279,-0.06828617017299776,-0.027001328197431174
2022-04-01,-0.04894794005555492,-0.10206849858681166,-0.07421733681441567,-0.028764080991528385
2022-04-04,-0.040800620771413665,-0.08358135661113442,-0.06973028168044182,-0.017756094276878964
2022-04-05,-0.05291649927886011,-0.10392968392348889,-0.07555827501470647,-0.031212923076160193
2022-04-06,-0.06238687532041853,-0.1233847386845407,-0.07339210775354066,-0.04069664638486814
2022-04-07,-0.05766224486754501,-0.12130009914711104,-0.06988500229208394,-0.0371146270774414
2022-04-08,-0.06018214282780232,-0.133583704668498,-0.06405693025964454,-0.040448591441672455
2022-04-11,-0.07624560121139756,-0.15408076819728922,-0.05941515451402857,-0.05189601605607019
2022-04-12,-0.07966829004266529,-0.15765416940347543,-0.052194518278634305,-0.05197588550839649
2022-04-13,-0.06912715256418844,-0.14053177745765433,-0.04765591584017148,-0.040419724399163526
2022-04-14,-0.08071814002675404,-0.1601852508409468,-0.050802032773854644,-0.05277345915079734
2022-04-18,-0.08034030809495207,-0.159540079317689,-0.0478621837563028,-0.05142320944849654
2022-04-19,-0.06549446657837221,-0.14075523165840664,-0.062251751526252286,-0.04403046756062834
2022-04-20,-0.06618739608348823,-0.15328678270735074,-0.0576615230851254,-0.04735434951992201
2022-04-21,-0.0801511544989052,-0.17080608964789734,-0.061013986633114525,-0.05980290316697079
2022-04-22,-0.10539107438088302,-0.19251932249059556,-0.07014289621087921,-0.07965587003944008
2022-04-25,-0.1002045588189262,-0.18214666246193378,-0.08685335185363674,-0.07944964044430514
2022-04-26,-0.1262632842889604,-0.21301646376963068,-0.08546078765068199,-0.09945032015965594
2022-04-27,-0.12380666384180983,-0.21395949647698131,-0.09237198266279156,-0.10123451513862047
2022-04-28,-0.10167460679509488,-0.1860425716795051,-0.08747231299838032,-0.08140968393035031
2022-04-29,-0.13487276025949457,-0.22266946754145056,-0.0875754076073586,-0.10653837007254052
2022-05-02,-0.12966506166739888,-0.20969124134173323,-0.1044922098644222,-0.10529497726832382
2022-05-03,-0.1256754552026097,-0.2088475734459906,-0.10211977468712496,-0.10281939734086132
2022-05-04,-0.09904960841607191,-0.18209698005612984,-0.09330030633264463,-0.08066269149650107
2022-05-05,-0.13107203581344262,-0.22328991448717217,-0.09675586448961215,-0.10815644269350955
2022-05-06,-0.13625861926972693,-0.2325954524193391,-0.09526020567767901,-0.1130002770624361
2022-05-09,-0.16391333669319685,-0.26262174133178107,-0.1083603825518269,-0.1383164087248221
2022-05-10,-0.16198147150227227,-0.25366343598853547,-0.11589046001050551,-0.13658894530484844
2022-05-11,-0.1752943948955411,-0.2757985416542268,-0.10866982377511136,-0.14734630061915488
2022-05-12,-0.17615522707223807,-0.2775106020232482,-0.12233741448951363,-0.15267305496661754
2022-05-13,-0.15645874323119002,-0.2507352063056072,-0.12945487741775463,-0.13774361954515435
2022-05-16,-0.1598814999567849,-0.2594205305427839,-0.12115119690086495,-0.1395000116816394
2022-05-17,-0.14260008523453815,-0.24023845688780088,-0.12666974901184513,-0.12797150522143497
2022-05-18,-0.17716325415066836,-0.2775355598515158,-0.12620558717691854,-0.15380408807200863
2022-05-19,-0.1822027105995465,-0.281406666741307,-0.11336322552339118,-0.15289737605806797
2022-05-20,-0.18184565433191913,-0.2836399647449296,-0.11274434307682246,-0.1534545595297664
2022-05-23,-0.16653792770625564,-0.271728860641707,-0.10861827647062239,-0.14217075762625597
2022-05-24,-0.17290044091255097,-0.2872135214516033,-0.10191342807281889,-0.14828256112444693
2022-05-25,-0.1655931781409321,-0.2772377764176669,-0.10732888557482068,-0.14351287878480878
2022-05-26,-0.14892057185219276,-0.25721203486694133,-0.10897934369657081,-0.1304258347171331
2022-05-27,-0.1280271110196496,-0.23296779833701553,-0.10851510316346935,-0.11369815552553453
2022-05-31,-0.13291984782708588,-0.23500267771839722,-0.11733457151794957,-0.11906236332943865
2022-06-01,-0.13993326394985672,-0.24066048521128158,-0.11171284609981613,-0.12173905230309734
2022-06-02,-0.12355464009862016,-0.21986532724766616,-0.10077875778865941,-0.1045431521361071
2022-06-03,-0.13793846071746207,-0.24016420540494798,-0.1099076673664241,-0.12023850200006425
2022-06-06,-0.13531359812709387,-0.2376330462172327,-0.11382738735831821,-0.11966010682588302
2022-06-07,-0.12701921972987396,-0.23105708609502162,-0.10805094132854265,-0.1124012670838419
2022-06-08,-0.13651057511858888,-0.23659080419876166,-0.10887617038941777,-0.11802097339724449
2022-06-09,-0.15704677600052275,-0.25703834082223653,-0.11171284609981647,-0.13382326395134692
2022-06-10,-0.1814888017472739,-0.28324289424971605,-0.09979888681431714,-0.1485060633070635
2022-06-13,-0.21256627589633903,-0.31656960326227557,-0.12357525808082659,-0.17997645601668943
2022-06-14,-0.2149391147435178,-0.31532870937083235,-0.1305894690037397,-0.1824914429541611
2022-06-15,-0.20374693855991088,-0.29823143075376657,-0.11924284486032011,-0.16824529446519132
2022-06-16,-0.23009971436177523,-0.32654519279572436,-0.10934033222434447,-0.18549009094159985
2022-06-17,-0.2284401054235956,-0.3183562261151248,-0.1166640630687168,-0.18383597413322217
2022-06-21,-0.2090170320388578,-0.30115872743376904,-0.11996490061404197,-0.17114015144823735
2022-06-22,-0.21045109602152134,-0.3021781108805556,-0.11645779515258536,-0.17094302191001576
2022-06-23,-0.202711482173224,-0.29178531353874304,-0.12187325265458726,-0.16581212246234922
2022-06-24,-0.17736265979014787,-0.2675195401912779,-0.12275002901995147,-0.14772174961951212
2022-06-27,-0.18050474136640426,-0.2728896717820105,-0.12372997869246871,-0.15120700671826992
2022-06-28,-0.19724951932513557,-0.29504242675305004,-0.12517409019991255,-0.1660744366820699
2022-06-29,-0.19790307012037844,-0.2943962444766225,-0.12584451995097057,-0.16625897649750476
2022-06-30,-0.2044195676611441,-0.30314773417129415,-0.13115680414581932,-0.17365265106825922
2022-07-01,-0.1960052878817925,-0.2985480297466211,-0.13187885989954118,-0.16915018409830285
2022-07-05,-0.1944868312502107,-0.28653942683764233,-0.15029139966671257,-0.16975985243090252
2022-07-06,-0.19176630555258134,-0.2819647579914809,-0.16375264376680887,-0.1714349624878161
2022-07-07,-0.179661154348859,-0.26659944380585565,-0.16328848193188217,-0.1612349255958161
2022-07-08,-0.18033615975155004,-0.2656798139218963,-0.16292741470593375,-0.16099374713541126
2022-07-11,-0.18969967012183142,-0.2813677916193944,-0.16741454853808235,-0.17166256543365543
2022-07-12,-0.19686978635216734,-0.28832947070121995,-0.17050903946910145,-0.17780685254978357
2022-07-13,-0.20108772143989462,-0.28979646230170564,-0.1665376934745435,-0.17849900607704805
2022-07-14,-0.20302773395010332,-0.28726032709838556,-0.1782453848439114,-0.18203265843057004
2022-07-15,-0.1878014805172813,-0.27433170555422837,-0.1798958429656614,-0.1724253595802142
2022-07-18,-0.19450781059736755,-0.2804730418134589,-0.1791221612092755,-0.17677747021596346
2022-07-19,-0.17274408027662302,-0.2583450114199557,-0.17716234056241575,-0.16026905406589742
2022-07-20,-0.1674718820735278,-0.24658505379072848,-0.1848986859372257,-0.15667851641974606
2022-07-21,-0.1589940532037597,-0.23576976162397223,-0.17339726248398912,-0.14581409469859918
2022-07-22,-0.1667970124594912,-0.2491708713998525,-0.17133426852997646,-0.15273807185228283
2022-07-25,-0.16578477593276397,-0.2534472125604583,-0.17360360909829542,-0.15477691323696707
2022-07-26,-0.17565443851357265,-0.26811619556238897,-0.17458355877081244,-0.16398022103185583
2022-07-27,-0.1542489865583484,-0.23718699306841007,-0.16617670494676973,-0.14212908780929434
2022-07-28,-0.14364151632203337,-0.22972817892756892,-0.15601629839199882,-0.13226201870055565
2022-07-29,-0.13115676793399755,-0.2156808091250172,-0.15364378451652694,-0.12195708923781146
2022-08-01,-0.13372962346960182,-0.21615306410600876,-0.14884728815926862,-0.12134132717844093
2022-08-02,-0.13944469637011747,-0.21849008093489364,-0.1539016784353221,-0.125886069334189
2022-08-03,-0.12596882659116593,-0.19720766219322838,-0.15183868448130933,-0.11267815415159854
2022-08-04,-0.1265592356619567,-0.19345318066917416,-0.1378101052391334,-0.1066025827075231
2022-08-05,-0.1280355978105704,-0.20004204733186004,-0.1475063499589777,-0.11288780614829685
2022-08-08,-0.12904776644297034,-0.20262786494098417,-0.14028571372358345,-0.11168228440674555
2022-08-09,-0.1325063034790882,-0.2116529577436751,-0.13765538462749105,-0.11530365680070931
2022-08-10,-0.11428563863203478,-0.18964940549053522,-0.13982155188865686,-0.10161951365004085
2022-08-11,-0.11428563863203478,-0.19424910991520827,-0.1420908924569757,-0.10410934859820975
2022-08-12,-0.09929124432717384,-0.1785606657162473,-0.13419982647052364,-0.09049247869015031
2022-08-15,-0.0955796651329559,-0.17192219439800116,-0.14534010399963704,-0.09069402182362163
2022-08-16,-0.09380803055461939,-0.17386159647996613,-0.14683584150974482,-0.09134062559917233
2022-08-17,-0.10024027123512147,-0.18328453728030858,-0.152354393620725,-0.09890444025554213
2022-08-18,-0.09762532121654899,-0.18132025512031968,-0.15457218688455476,-0.09809496810145091
2022-08-19,-0.10975151966175511,-0.19728230242729994,-0.1607612474447676,-0.11019733889979977
2022-08-22,-0.12828863996867024,-0.21841559620130913,-0.16633142555841163,-0.12615054305057838
2022-08-23,-0.13039736988238815,-0.21906208947871209,-0.16050335352597223,-0.12505979024672564
2022-08-24,-0.12761377035463384,-0.2167994018829239,-0.15802774504152195,-0.12242116908803724
2022-08-25,-0.1152978072644344,-0.2029509172040761,-0.15544896324991864,-0.11222304260315907
2022-08-26,-0.14524409402522387,-0.23562079215680387,-0.1657125431118427,-0.13796568724097102
2022-08-29,-0.15089595730696004,-0.24315401328098518,-0.16519675527425226,-0.1425199185363919
2022-08-30,-0.16021723740561866,-0.2515826062130526,-0.17215949759085103,-0.15122472261925257
2022-08-31,-0.1666071799201706,-0.2559334321072426,-0.17855482606719542,-0.15720794474192312
2022-09-01,-0.16399209411294347,-0.2556102243436631,-0.18577546230258946,-0.15867381379364776
2022-09-02,-0.17280742568405683,-0.26612695557413224,-0.17860645206985926,-0.16312382244903023
2022-09-06,-0.17592846001882922,-0.27139811110447587,-0.18340294842711746,-0.16780897874636558
2022-09-07,-0.1611241698305983,-0.25667921244600966,-0.1750992679102279,-0.15440098995029172
2022-09-08,-0.15564095605804407,-0.25282544386059136,-0.1800505635773031,-0.15278910351256536
2022-09-09,-0.142523636221922,-0.23649058413447122,-0.17571815035679672,-0.14073578626759253
2022-09-12,-0.1333077960136656,-0.22741596442646383,-0.17154053644610734,-0.13280156266620113
2022-09-13,-0.1709938324114072,-0.2697819167860904,-0.18231990414562205,-0.1649834811704579
2022-09-14,-0.1678303641220299,-0.26398905711968257,-0.185466021079305,-0.16278420976930263
2022-09-15,-0.17727826714122952,-0.2762461498079253,-0.2006808179101296,-0.17581293175161128
2022-09-16,-0.183554622446095,-0.28067177143667466,-0.19624531008064494,-0.1780641930498994
2022-09-19,-0.17722320484173415,-0.27507017737007566,-0.19562634893590136,-0.17359499872278328
2022-09-20,-0.1866674415672559,-0.2808485754911322,-0.20021657737702814,-0.18052469527105885
2022-09-21,-0.2008551154743321,-0.2937259596246088,-0.19650320399944032,-0.18891264346503123
2022-09-22,-0.2075679634098454,-0.30241835913397364,-0.19696736583436691,-0.19466734051904444
2022-09-23,-0.22084476702095457,-0.3137761925021392,-0.21084122446490072,-0.20817359013810033
2022-09-26,-0.22855281000702588,-0.31661578690710723,-0.2200216813471546,-0.21494741171853038
2022-09-27,-0.23052215286665756,-0.31634156179713735,-0.21842284922806865,-0.21497401802361793
2022-09-28,-0.21538151418064622,-0.3027422666497478,-0.20217647672206285,-0.199180575857126
2022-09-29,-0.23177140849022582,-0.3228424929340574,-0.20233119733370497,-0.2125036666957193
2022-09-30,-0.2436510147384321,-0.334324959943074,-0.20227965002921577,-0.22099704435930956
2022-10-03,-0.22368241043329362,-0.318707890467944,-0.1828872392877019,-0.20173708010019242
2022-10-04,-0.19962704288090238,-0.2972874650434899,-0.171179547918334,-0.18131338805800645
2022-10-05,-0.2014903348011855,-0.2976611327153117,-0.175769776359461,-0.1836051774310642
2022-10-06,-0.2097277498577439,-0.30319057455564125,-0.1766981000293143,-0.1888614472636856
2022-10-07,-0.23177140849022593,-0.3297418940705793,-0.18572383629992584,-0.20967005435921615
2022-10-10,-0.23763700311451597,-0.3364420990824223,-0.1981020361185265,-0.2183197287071561
2022-10-11,-0.24246510452229797,-0.34555800416990057,-0.19975241554210166,-0.22408568517864935
2022-10-12,-0.24496381945241685,-0.3457822358730912,-0.19547162832425924,-0.22364387529563878
2022-10-13,-0.2250375133132283,-0.3304393137576874,-0.20104180643790326,-0.21253681267003754
2022-10-14,-0.24269804995949695,-0.3505644201200211,-0.21099594507654285,-0.2296785661391505
2022-10-17,-0.2232377025890342,-0.32911919236778686,-0.208726604508224,-0.21386271499469722
2022-10-18,-0.21411093973828443,-0.32381382673016024,-0.2070245990819849,-0.20814781659911463
2022-10-19,-0.2196801077292866,-0.3262799089637941,-0.21764916747168261,-0.21451743861169614
2022-10-20,-0.22622342352936253,-0.3297170917427994,-0.21888701106299513,-0.21846303120751775
2022-10-21,-0.2074196143045468,-0.3140001909545985,-0.20496160512797235,-0.2013793760555268
2022-10-24,-0.19772111332303255,-0.30645344128799146,-0.20754038691957566,-0.1960568047185367
2022-10-25,-0.18490986111468455,-0.2921068885472021,-0.2057352081861834,-0.18562368471502844
2022-10-26,-0.19105090302510586,-0.3077486048496244,-0.20068081791012982,-0.19193964385736872
2022-10-27,-0.19537047592090295,-0.32035176387313113,-0.2019185828032677,-0.19869888054853768
2022-10-28,-0.1762278740025215,-0.2995541179017134,-0.21006754270851513,-0.18689825403290838
2022-10-31,-0.18217826864169406,-0.30769876694333276,-0.21651449718752336,-0.19421957291796033
2022-11-01,-0.18575697863725316,-0.31477256187675373,-0.20852025789391826,-0.19539877190147703
2022-11-02,-0.20619127013380778,-0.3382602885342646,-0.2140388887030732,-0.2131927638682195
2022-11-03,-0.2143651360999499,-0.35118700519744817,-0.217030285025114,-0.22201484027738105
2022-11-04,-0.2030573358768355,-0.3407509398449471,-0.1929960198398094,-0.20615059504261724
2022-11-07,-0.19543416079997378,-0.33350298436535863,-0.19619368407798154,-0.20175865091230982
2022-11-08,-0.19109320119105622,-0.3286460821341133,-0.1776265023973428,-0.1922378432203441
2022-11-09,-0.20775827120945756,-0.3441383624679044,-0.18175256900354309,-0.2053492787065503
2022-11-10,-0.1642213732564648,-0.2957433452011302,-0.15684152745287416,-0.16318328355563605
2022-11-11,-0.15613251098818726,-0.2827665962560455,-0.15127134933922992,-0.15350111222080343
2022-11-14,-0.16331091032646183,-0.28904321793953114,-0.14941462330134858,-0.15775337206206508
2022-11-15,-0.1561748091541374,-0.2792046243357016,-0.14642322697930787,-0.15048636445531405
2022-11-16,-0.16261207401486477,-0.28904321793953114,-0.14838312632434225,-0.15716195810119238
2022-11-17,-0.1651741343524178,-0.29061237336040247,-0.15457218688455532,-0.16068336728730326
2022-11-18,-0.16138386563278062,-0.29058757103262234,-0.1604002589169946,-0.16133201431398558
2022-11-21,-0.16443313566352513,-0.29788520891801473,-0.16509358196709978,-0.16678696329817433
2022-11-22,-0.15318895242515462,-0.2877728567056781,-0.16411363229458253,-0.15872329944048935
2022-11-23,-0.14785266197702418,-0.28062457703867316,-0.15890452140688682,-0.15239409766230172
2022-11-25,-0.14804330924827303,-0.2853569233793112,-0.15818246565316485,-0.15407339281510823
2022-11-28,-0.16163799410011837,-0.2958429432634695,-0.16483576674647926,-0.16493892427429113
2022-11-29,-0.16307782910060842,-0.30117311122887624,-0.16070970014027897,-0.16614881238555523
2022-11-30,-0.1367142581006927,-0.2693166593270431,-0.14998195844342832,-0.14116992245165627
2022-12-01,-0.1373495453218736,-0.26842004351525584,-0.13435454708216632,-0.13576616437664468
2022-12-02,-0.13834480826675888,-0.27133404490356416,-0.13734594340420714,-0.13824149478188819
2022-12-05,-0.15384542267647439,-0.2835634585050052,-0.15214812570459424,-0.1531589725622915
2022-12-06,-0.1660424349051255,-0.29840854580919896,-0.1498272378317862,-0.16230428911178574
2022-12-07,-0.16746115476980383,-0.30127278704145943,-0.14214243976146546,-0.16139527182645907
2022-12-08,-0.16093902199986676,-0.2930033488585013,-0.1414203840077436,-0.1556618076003069
2022-12-09,-0.16720709419679336,-0.2975116189964364,-0.1383774403812137,-0.15856149897241134
2022-12-12,-0.15520052555640895,-0.28869458584622043,-0.1454949033094548,-0.15331433278640605
2022-12-13,-0.14880549096730455,-0.28104792711629856,-0.13089898892519913,-0.1433231051633056
2022-12-14,-0.15424783235478334,-0.2863780173314615,-0.133013530183701,-0.14796072097383595
2022-12-15,-0.17493618442434855,-0.31033893197288975,-0.14719683003751916,-0.16909052049931717
2022-12-16,-0.18467698357181306,-0.3169146588443693,-0.13977000458416866,-0.17258923570249607
2022-12-19,-0.19159073082200806,-0.3265143259489254,-0.14219398706595487,-0.17958112937654325
2022-12-20,-0.1904845285462038,-0.32703851809279183,-0.12795913990764762,-0.1748816265500508
2022-12-21,-0.1783801920744098,-0.3172765084791298,-0.12940325141509157,-0.16723481419521724
2022-12-22,-0.19010153664552176,-0.33397951560976014,-0.13992472519581078,-0.1813409568468929
2022-12-23,-0.18544283158452257,-0.3324815794122322,-0.13734594340420747,-0.17833931232767608
2022-12-27,-0.18865504800095,-0.3419190595081699,-0.13007375986432412,-0.18098277496062354
2022-12-28,-0.1987383740299853,-0.3506075715053436,-0.13399347985621834,-0.18921021895225054
2022-12-29,-0.18431537838425216,-0.3347784771153035,-0.1291453574962962,-0.17624465091033503
2022-12-30,-0.1864638943738075,-0.33517788011783134,-0.12507091689276006,-0.17584807870270813
2023-01-03,-0.18988882371787852,-0.3396719219611466,-0.11774718604838752,-0.17656207953660474
2023-01-04,-0.18363480564671686,-0.3365262248462405,-0.10944350553149795,-0.17055216406883822
2023-01-05,-0.19295214787438808,-0.3469125689178155,-0.12053223575612215,-0.18147852361672911
2023-01-06,-0.17444483317718762,-0.32888625263728777,-0.10407959533398503,-0.16258669278701787
2023-01-09,-0.17491282877573422,-0.32454195776357897,-0.10206814868446146,-0.16031130313379627
2023-01-10,-0.16912653472580985,-0.3188244380834374,-0.09876731113913628,-0.15495026896116315
2023-01-11,-0.1586179186301424,-0.3070401446278931,-0.09938627228387986,-0.14670798766275017
2023-01-12,-0.15555452657930524,-0.30329507088334184,-0.08896797181031357,-0.1408449142440945
2023-01-13,-0.1522785573894796,-0.29850130185008206,-0.07803396219733139,-0.13432626211287169
2023-01-17,-0.15383150433936432,-0.29707831688760133,-0.08406830214590211,-0.13615816994515062
2023-01-18,-0.16719073166389808,-0.3062161475438382,-0.0866986312419945,-0.14527441997045665
2023-01-19,-0.17325349141486435,-0.31303212266873626,-0.0722058901648921,-0.1456264869742141
2023-01-20,-0.15785207061743323,-0.29423203596166436,-0.07530045979408606,-0.1334772077281794
2023-01-23,-0.14774749366393192,-0.27855276629147474,-0.073546828365183,-0.12304689893661291
2023-01-24,-0.1486620981479041,-0.28002566691049113,-0.07019444351536863,-0.12289964033918166
2023-01-25,-0.14834306270360265,-0.28162382317230916,-0.06591365629752621,-0.12209301061942424
2023-01-26,-0.13898315073267176,-0.26761696124679013,-0.07437205742605801,-0.11582097404028213
2023-01-27,-0.13700471003317283,-0.26032678738480486,-0.07566144832185961,-0.11262058481561421
2023-01-30,-0.14783242946746922,-0.2752818912840107,-0.07803396219733139,-0.12307152325793946
2023-01-31,-0.13530280292904318,-0.2644212707251047,-0.07468149864934237,-0.11333017869840611
2023-02-01,-0.12611289835384132,-0.2486920076481356,-0.06302543328263832,-0.10014592374361686
2023-02-02,-0.11339180981223784,-0.22172767883800049,-0.08246947002681615,-0.09123892455336113
2023-02-03,-0.12281561034522182,-0.23555944721442612,-0.10536898622978663,-0.10740251845898163
2023-02-06,-0.12817641064553187,-0.2420260127435756,-0.1035122601919054,-0.11112023916394409
2023-02-07,-0.11677416941304919,-0.22632170749487424,-0.10268710982920515,-0.10083358091039962
2023-02-08,-0.12643206958679776,-0.2400785246362529,-0.1004693165653755,-0.10869956807428649
2023-02-09,-0.13400513865006158,-0.24679466844807985,-0.10758677949361639,-0.11625170134022766
2023-02-10,-0.1319840603129756,-0.2517381844509461,-0.10588477406737717,-0.11693580727720343
2023-02-13,-0.1217946154502646,-0.23975407286877204,-0.11042345520401498,-0.11026027186504506
2023-02-14,-0.1221986545924304,-0.2341363845017015,-0.1097529467547822,-0.10798165749750666
2023-02-15,-0.11934817915221885,-0.22826911785195325,-0.11862396241375162,-0.10770108689495583
2023-02-16,-0.13147376654847887,-0.2427500230140719,-0.11934601816747337,-0.11762116209738205
2023-02-17,-0.13364346556817308,-0.24809270876873446,-0.11671568907138097,-0.11955260915987653
2023-02-21,-0.15102346285375778,-0.2658944045948526,-0.12001652661670625,-0.1334852233617433
2023-02-22,-0.15219341790296048,-0.2653451768724745,-0.1249677435856068,-0.13529231294464317
2023-02-23,-0.14768353720755167,-0.25892860475010426,-0.1254319054205334,-0.13139445580124565
2023-02-24,-0.1567883022962342,-0.27133723266356147,-0.1317241392878994,-0.1414185185503799
2023-02-27,-0.15391644014290173,-0.26611910279950624,-0.12832020713359593,-0.13727230336191865
2023-02-28,-0.1570436528614645,-0.26706788902489975,-0.12434886113903798,-0.1373968148323237
2023-03-01,-0.1602770523080307,-0.2729601135029158,-0.11929447086298439,-0.13915160404449556
2023-03-02,-0.1537463648528451,-0.26694309988356113,-0.11981018000240018,-0.13471316362298535
2023-03-03,-0.14017428881201321,-0.25178802235723796,-0.11037182920135102,-0.12103161494413672
2023-03-06,-0.13957865187801521,-0.25093906744491534,-0.11485896303349963,-0.12197399921595342
2023-03-07,-0.15276787180681983,-0.2601270470084194,-0.13033165378311928,-0.1351664189694992
2023-03-08,-0.1513850680413189,-0.2564318111701598,-0.1307442683135568,-0.13339290136965187
2023-03-09,-0.16704170361532567,-0.2693150265719233,-0.12218269387787195,-0.14088227141310927
2023-03-10,-0.1790609684949277,-0.2795764260016719,-0.10325444497128455,-0.1428611887333081
2023-03-13,-0.1802309235441304,-0.2742333514957902,-0.08267573794294725,-0.13459275829264883
2023-03-14,-0.1666803021107468,-0.2575556131944029,-0.087988022137796,-0.12486609558971318
2023-03-15,-0.17189207436248455,-0.2536606369797575,-0.0808705592095551,-0.12288360916702024
2023-03-16,-0.1573628919887481,-0.23398655978185123,-0.07901383317167365,-0.10945615809369336
2023-03-17,-0.16721544519906006,-0.23760668888457626,-0.052194518278634194,-0.10568566725891049
2023-03-20,-0.1592076487576597,-0.2349011358999621,-0.05183352975086064,-0.10164774310709934
2023-03-21,-0.14816769165601162,-0.22397365013136672,-0.06973028168044171,-0.09909110624630313
2023-03-22,-0.16268838723882717,-0.23452606872375148,-0.05389652370487352,-0.10318238307424332
2023-03-23,-0.16042485825871078,-0.22544903875818556,-0.04203411172386318,-0.09508126281810025
2023-03-24,-0.15491557306444703,-0.2225982483181067,-0.052813479423377885,-0.09538585443206937
2023-03-27,-0.15333533259496035,-0.2279246065215661,-0.061581321775194264,-0.09967924033702025
2023-03-28,-0.1552356948179865,-0.23202554313210333,-0.05389652370487341,-0.0994892755618969
2023-03-29,-0.14295720939649403,-0.21802249096853177,-0.058589925453153335,-0.09114220649569671
2023-03-30,-0.13793900387208202,-0.21062059000617017,-0.05007997702013223,-0.08376214428785733
2023-03-31,-0.12578863504633275,-0.19749269458709018,-0.05503119398903267,-0.07597016269826262
2023-04-03,-0.12245746776835686,-0.19944313720367823,-0.04822325098225089,-0.07332606455126989
2023-04-04,-0.12732610208957762,-0.20214371417268762,-0.030481219664312387,-0.07032377889790808
2023-04-05,-0.12961094988848765,-0.21002059137457452,-0.031254822722523445,-0.0744418389358007
2023-04-06,-0.1262158261541313,-0.20469423317111524,-0.03816593903645826,-0.07335924224893176
2023-04-10,-0.12531894208960204,-0.20514440708286064,-0.04528340196469938,-0.07550271327916447
2023-04-11,-0.1250839598225819,-0.21024560058020347,-0.039249062016128544,-0.07544988011413933
2023-04-12,-0.12865010936757781,-0.21722212995859957,-0.0345556602678484,-0.07792294316672
2023-04-13,-0.11707616338118165,-0.20189366938854725,-0.02150703069818971,-0.06366745283687636
2023-04-14,-0.11923296247867587,-0.2033940935938776,-0.03883644748569104,-0.07054421775180664
2023-04-17,-0.11607268522268488,-0.20271875497601555,-0.04311723470353346,-0.07054975996177171
2023-04-18,-0.11549599080602235,-0.20266883931948,-0.03940378262777067,-0.06912590080022951
2023-04-19,-0.11564535832623157,-0.2030440619961782,-0.043994011068897554,-0.07080705632027362
2023-04-20,-0.12047142290419266,-0.20912039905157132,-0.040229011688645566,-0.07363902996260385
2023-04-21,-0.11978827018221738,-0.2082951579636152,-0.04971890979418392,-0.07613016779417126
2023-04-24,-0.1188699994045671,-0.20994548463903973,-0.04683068677929625,-0.0755148546800215
2023-04-25,-0.1328569097856166,-0.22484896237634588,-0.04198256441937398,-0.08465227316719492
2023-04-26,-0.13652985710756227,-0.2201477938834815,-0.04719167530706947,-0.0857532021865045
2023-04-27,-0.11933976025562532,-0.19894304763539716,-0.047140128002580495,-0.07138338219700735
2023-04-28,-0.11182311137840395,-0.19341671580482056,-0.04688223408378511,-0.06652216849879788
2023-05-01,-0.11271999544293332,-0.19434171045560367,-0.05116302130162764,-0.06859074335521997
2023-05-02,-0.1226923821410495,-0.20136846649151063,-0.03285365484160918,-0.06879701772651736
2023-05-03,-0.12871420161261293,-0.2065946046306798,-0.024653147631872874,-0.0703269121648894
2023-05-04,-0.13488552439304047,-0.20939547941422332,-0.017793578622427142,-0.07143639846856542
2023-05-05,-0.11886999940456722,-0.19259163021735215,-0.03316309606489387,-0.06397102931000431
2023-05-08,-0.11863508503187459,-0.19059111644374083,-0.031976878476245196,-0.06273197376096751
2023-05-09,-0.12250017330027108,-0.1957173455195953,-0.025117309466799242,-0.06386684328701919
2023-05-10,-0.11840010276485446,-0.18696531157321683,-0.026509873669754103,-0.059458969236088066
2023-05-11,-0.11993770559675387,-0.1843144947602553,-0.03486510149113298,-0.0616744018658123
2023-05-12,-0.12109068706411474,-0.18724046968611263,-0.036515559612883,-0.06374101076723127
2023-05-15,-0.11805845850953944,-0.18283941713441187,-0.03445248696069536,-0.06030612536625479
2023-05-16,-0.1239521613853598,-0.18191403373240966,-0.04652124555601167,-0.0659598254770215
2023-05-17,-0.11331780499540722,-0.1720117626788874,-0.049822083101336956,-0.05948963012829833
2023-05-18,-0.10477635914089567,-0.15663330870205572,-0.06214865691727345,-0.054713904838706306
2023-05-19,-0.10607897970577518,-0.15853375791186441,-0.05286502672786664,-0.05276335651705222
2023-05-22,-0.10571581294868448,-0.1557080030502972,-0.05508274129352164,-0.052314083140751366
2023-05-23,-0.11575235978616327,-0.16641063511375132,-0.05394814970753692,-0.059484502782869875
2023-05-24,-0.12215839325630151,-0.17068650977289423,-0.06158132177519371,-0.06589334415930526
2023-05-25,-0.11455646910390616,-0.15050697823988324,-0.07060705804580525,-0.05861522790233209
2023-05-26,-0.10308938878878693,-0.12880206467327426,-0.06689360597004268,-0.04527999118193704
2023-05-30,-0.10274781242779929,-0.12485110828307511,-0.06111715994026723,-0.041745466298929834
2023-05-31,-0.10772317663164221,-0.1298273571385915,-0.05967296973464853,-0.04484161406719056
2023-06-01,-0.09924568723351124,-0.1197748726140001,-0.052246144281298146,-0.035623895896148894
2023-06-02,-0.08621968526769885,-0.1131734104118145,-0.06622309752081001,-0.033305051145508746
2023-06-05,-0.08797067997051544,-0.11254829845146341,-0.060601372102676576,-0.031755409281995384
2023-06-06,-0.08598483878933338,-0.11269835642204507,-0.059569875125670024,-0.030752844126427537
2023-06-07,-0.08914525183397914,-0.1277518143796893,-0.07086495196460041,-0.04123160223152045
2023-06-08,-0.08363589874538824,-0.11692431542465243,-0.05858992545315289,-0.0311092077337205
2023-06-09,-0.08199163392519393,-0.1135485553382688,-0.06111715994026712,-0.0301621022689188
2023-06-12,-0.07366351204727228,-0.09857020411615924,-0.06194231030296726,-0.022051005181252248
2023-06-13,-0.06755628151187998,-0.09164359039429848,-0.06885350531507706,-0.019798672213524715
2023-06-14,-0.06644593768210616,-0.08504212819211299,-0.0683377174774864,-0.016854083059986258
2023-06-15,-0.05487205959003727,-0.07413952250154154,-0.06178758969132525,-0.006582109611936282
2023-06-16,-0.058091337016510924,-0.07996581477279407,-0.06323170119876897,-0.01030353185266375
2023-06-20,-0.06297816701746617,-0.0812830594036732,-0.0729279459186134,-0.015902144058775103
2023-06-21,-0.06777917858862847,-0.0938030256662874,-0.0742688841189042,-0.022527674623777694
2023-06-22,-0.06441419993562347,-0.08311096763599335,-0.08344934100115797,-0.0207384179437603
2023-06-23,-0.0714872272778233,-0.09220051539081509,-0.08092218521221861,-0.0255420935517765
2023-06-26,-0.07528082281950155,-0.10436990580402339,-0.07932335309313265,-0.030658464200632896
2023-06-27,-0.06514277396260792,-0.08897022601062743,-0.08355251430831112,-0.02304458161724665
2023-06-28,-0.06467145154202036,-0.08719254443581792,-0.08566713426498784,-0.022996371015140515
2023-06-29,-0.060984925354601094,-0.08902021941740668,-0.08664708393750509,-0.022713885965712666
2023-06-30,-0.04990389218489555,-0.07497284961485495,-0.08056111798627041,-0.011675736092171984
2023-07-03,-0.0488107935142732,-0.07279452103361661,-0.07952962100926408,-0.010151321325796103
2023-07-05,-0.05022537182498221,-0.07281947886188422,-0.08277891125010028,-0.011815625773667349
2023-07-06,-0.057662652233510636,-0.07988091150653709,-0.08551241365334583,-0.017885318322239052
2023-07-07,-0.0600418731474619,-0.08293564083616811,-0.0786528446439001,-0.017343105528824898
2023-07-10,-0.057662652233510525,-0.08263521389402917,-0.07793078889017813,-0.016149999284924443
2023-07-11,-0.05166140474313963,-0.07810291893075216,-0.07447523073321072,-0.011212173515540269
2023-07-12,-0.04403103286757715,-0.06645935341653064,-0.06194231030296771,0.0
2023-07-13,-0.03644363810123852,-0.05060903320992638,-0.061271880551909796,0.0
2023-07-14,-0.037043891849497634,-0.05080939558826303,-0.0642632768739505,-0.0013402159560996774
2023-07-17,-0.033700164120958775,-0.041945168040045555,-0.06359276842471773,0.0
2023-07-18,-0.02652006742449986,-0.03410763246153414,-0.05286502672786708,0.0
2023-07-19,-0.024355324690703672,-0.03433326366911338,-0.05271030611622496,0.0
2023-07-20,-0.030828166178971883,-0.05659362497760645,-0.057506802473483054,-0.011583206407346558
2023-07-21,-0.030828166178971883,-0.05942311185087745,-0.0603951041865457,-0.013581046171223354
2023-07-24,-0.026498612817051792,-0.057920666139207655,-0.06441799748559274,-0.012994730584337866
2023-07-25,-0.023840889372237717,-0.05153550511534255,-0.05920880789972249,-0.008034812571032779
2023-07-26,-0.023690842908754672,-0.05469053225950771,-0.054618579458595384,-0.007470593264462977
2023-07-27,-0.030163752291350265,-0.05694412307676855,-0.06947238776164633,-0.01565099571175743
2023-07-28,-0.020668730608957242,-0.03976668395831928,-0.06204548361012063,-0.003843275917131961
2023-07-31,-0.018804080802127032,-0.03926597238808782,-0.05951824912300663,-0.002143214449004449
2023-08-01,-0.02161178281609688,-0.04149444987659323,-0.06926604114733992,-0.007314024107171857
2023-08-02,-0.035222083363236845,-0.06252814558826314,-0.07370154897682446,-0.0207552581767525
2023-08-03,-0.03798694405663772,-0.06403051354968903,-0.0740110688982838,-0.022322872708446684
2023-08-04,-0.04233781623735111,-0.06841236179116506,-0.07065860535029467,-0.024142614969674625
2023-08-07,-0.03397887033480429,-0.06052498830636166,-0.07277322530697128,-0.01928945240099389
2023-08-08,-0.038179763946362244,-0.06851265960569908,-0.07865284464389988,-0.0255633870925267
2023-08-09,-0.0446098999027158,-0.07875407722278471,-0.08303680516889544,-0.03285161512922663
2023-08-10,-0.04426682986652619,-0.07705119138253458,-0.08401667614323782,-0.032484439162937084
2023-08-11,-0.044824106505561456,-0.08293564083616811,-0.08401667614323782,-0.034728686074680826
2023-08-14,-0.03955156883082955,-0.07264430756254703,-0.08680180454914732,-0.03032015780580133
2023-08-15,-0.0507396713547944,-0.08248484492247232,-0.08922586572910829,-0.03837325232753963
2023-08-16,-0.0577054935540805,-0.09220051539081486,-0.09448652392129331,-0.04597116111686972
2023-08-17,-0.06488565814486669,-0.10211631498676255,-0.09587908812424795,-0.05235699824806528
2023-08-18,-0.06443572243739992,-0.10324307152027101,-0.09572436751260571,-0.052547353985545775
2023-08-21,-0.05834845283425383,-0.08879505471129023,-0.09324875902815544,-0.04453961043714649
2023-08-22,-0.060899174819136426,-0.0900970602943798,-0.09175302151804754,-0.045332037927711455
2023-08-23,-0.05043964632215592,-0.07574918579944534,-0.08252101733130468,-0.03353519648087333
2023-08-24,-0.06359973958451981,-0.0955058337562934,-0.082727285247436,-0.04495875091362522
2023-08-25,-0.056998238345889574,-0.0884944722686638,-0.08391358153425943,-0.04065842992404067
2023-08-28,-0.05101830967431209,-0.08163355750283507,-0.08128317373999216,-0.035305386097898794
2023-08-29,-0.03730093977291282,-0.06157671585457947,-0.07230906347204447,-0.020493266836036694
2023-08-30,-0.03333584316030336,-0.05634303594175938,-0.06998809690106189,-0.016510689348996688
2023-08-31,-0.03475028568235772,-0.053513704568976306,-0.07153538171565887,-0.016552875608267126
2023-09-01,-0.03295013548652659,-0.05451536096017062,-0.07107121988073228,-0.01612455398411572
2023-09-05,-0.03712957449063614,-0.05331334219063977,-0.07865284464389988,-0.0198016915666126
2023-09-06,-0.04360241597890424,-0.06165166708962666,-0.08283045855458915,-0.026357451216932004
2023-09-07,-0.04653884563756361,-0.06836244613462983,-0.0818505088820719,-0.029328211583231956
2023-09-08,-0.04510267693075154,-0.06706036280129646,-0.08154106765878744,-0.02827958694894006
2023-09-11,-0.03882279112086284,-0.056067800078619556,-0.07983906223254833,-0.02173267584215044
2023-09-12,-0.04409539668992224,-0.06653446015206554,-0.08458401128531745,-0.02881878194908538
2023-09-13,-0.04298091130617909,-0.06297886375171513,-0.08669863124199417,-0.027956077076514596
2023-09-14,-0.03472896686356419,-0.05531665497302862,-0.08623446940706747,-0.022348040365503308
2023-09-15,-0.046358925670038964,-0.07149243770028324,-0.08020012945849675,-0.029702439716449036
2023-09-18,-0.04579981588416471,-0.07052452491490868,-0.07478467195649485,-0.02727139913797505
2023-09-19,-0.047778528160973166,-0.07250552337731986,-0.07566144832185906,-0.028942106043974736
2023-09-20,-0.0565326190488008,-0.08587125679225982,-0.07499093987262628,-0.0363475625884061
2023-09-21,-0.07212665605297441,-0.10262200257259868,-0.08169578827042989,-0.04987117841133204
2023-09-22,-0.07421291294433341,-0.10249659142930923,-0.07875601795105303,-0.049525132735210864
2023-09-25,-0.07031985221306158,-0.09823385656137273,-0.08350096700382204,-0.04831990066968084
2023-09-26,-0.08397801826099605,-0.11177476127564989,-0.09082469784819458,-0.06027878298747247
2023-09-27,-0.08361247520244752,-0.10969346499870469,-0.10206814868446101,-0.06329352932158594
2023-09-28,-0.0782996761915864,-0.10224592464321813,-0.10655528251660962,-0.06043173480270647
2023-09-29,-0.08053652270104739,-0.10159398884874749,-0.11573573939886339,-0.06418250196699515
2023-10-02,-0.08090220154825056,-0.09409598858501877,-0.1250193695882703,-0.06497810960671002
2023-10-03,-0.09320533261057762,-0.10999443619255056,-0.12754652537720956,-0.0755202172558711
2023-10-04,-0.08660220190809054,-0.09788265871001645,-0.1276496986843627,-0.06911904717041428
2023-10-05,-0.086946154570536,-0.1005407062956537,-0.12924853080344878,-0.07071886075948719
2023-10-06,-0.0761056710026945,-0.08546991003363658,-0.12476147566947493,-0.060254766397136006
2023-10-09,-0.07019071720240788,-0.08080582840707673,-0.1086698237751117,-0.05089251663571126
2023-10-10,-0.06535127744195546,-0.07571520894289419,-0.11016556128521948,-0.04802469251351582
2023-10-11,-0.06152271632168271,-0.06912020001094621,-0.10366705950172217,-0.04214321167066781
2023-10-12,-0.0672440355003161,-0.07235507665551943,-0.10640056190496772,-0.04617295048606784
2023-10-13,-0.07189018011075232,-0.08401559172289474,-0.07767289497138297,-0.04153189939620727
2023-10-16,-0.062124939005435365,-0.07365910374494855,-0.08215995010535682,-0.036112363620141696
2023-10-17,-0.0621679840089866,-0.07669315150972233,-0.08045802337729246,-0.036583680975670885
2023-10-18,-0.07466468179863928,-0.08880508449274416,-0.0671514998888385,-0.040428440530482446
2023-10-19,-0.08279489171228371,-0.09733094297983635,-0.05570170243826578,-0.04230568361832776
2023-10-20,-0.09406582531563723,-0.11079697420931034,-0.053122920646662464,-0.0501190212742999
2023-10-23,-0.09563588163601855,-0.10811373554467374,-0.05632058488483471,-0.05078158433335711
2023-10-24,-0.08881739012712087,-0.09943750808602436,-0.05642375819198786,-0.04535263586438809
2023-10-25,-0.10189492388740529,-0.12147939120936979,-0.0524524121974298,-0.05636898799266665
2023-10-26,-0.11264938534247171,-0.13823037024043994,-0.05095675338549699,-0.0656365200443314
2023-10-27,-0.11667164897872484,-0.13409265776457358,-0.03991957046536154,-0.06193073407027505
2023-10-30,-0.10611061846232928,-0.12433818992456236,-0.04533494926918891,-0.05643351402785135
2023-10-31,-0.10049677600391926,-0.12015025079118524,-0.05054413885505915,-0.054670214986293986
2023-11-01,-0.09090391859578939,-0.10487885890010029,-0.0535355351771003,-0.04683318146912796
2023-11-02,-0.07348162314425433,-0.08862944669194361,-0.05038941824341703,-0.0339203765149555
2023-11-03,-0.06502864359830318,-0.0779219941133723,-0.04693386008644962,-0.02602717165393409
2023-11-06,-0.0628777513072899,-0.074160592817618,-0.054360685539800446,-0.0264858493957586
2023-11-07,-0.06021065844529905,-0.06540886987221484,-0.05828048422986898,-0.023839948581827364
2023-11-08,-0.05952234575444382,-0.06480708298501114,-0.06766720902825418,-0.026635452412474447
2023-11-09,-0.0668569699399919,-0.07200387880416281,-0.06395375695249139,-0.030370375590766385
2023-11-10,-0.05229546986642852,-0.051140378376225315,-0.07416578950992647,-0.021586387362812376
2023-11-13,-0.05319880389205767,-0.054099630406439725,-0.06900822592672018,-0.021097574037807654
2023-11-14,-0.03483019730566983,-0.03373761905117212,-0.0607045454098305,-0.00483263063693784
2023-11-15,-0.03278678173487992,-0.033010421020679304,-0.06318015389428067,-0.004754959928667479
2023-11-16,-0.03160385886914985,-0.032182769675164646,-0.05260713280907203,-0.0003211419058321008
2023-11-17,-0.030399209818662065,-0.031957449468560495,-0.05271030611622518,0.0
2023-11-20,-0.02293565430544242,-0.020171290007164444,-0.054257590930822164,0.0
2023-11-21,-0.025065295671989674,-0.02586385185903839,-0.044045558373387306,0.0
2023-11-22,-0.021301098374061578,-0.021876508354729096,-0.048120077675098294,0.0
2023-11-24,-0.020698807795981544,-0.023255875430424067,-0.043168782008022766,0.0
2023-11-27,-0.0224624987380162,-0.024108251353475052,-0.03672182752901465,0.0
2023-11-28,-0.021494665101387422,-0.021550657082859637,-0.02387954457366226,0.0
2023-11-29,-0.022182977792242653,-0.02250356407117593,-0.022435433066218202,-6.5962650513951e-05
2023-11-30,-0.018332826275866965,-0.024960938277501343,-0.026509873669754547,-0.0009807024495815941
2023-12-01,-0.012525417090131219,-0.02217747954857474,-0.009696244719844205,0.0
2023-12-04,-0.01770901319601126,-0.031255053765847585,-0.031100102110881545,-0.012048743579020083
2023-12-05,-0.017902647817664374,-0.028822637387789785,-0.03476200688215492,-0.01253141603195862
2023-12-06,-0.021860208159936056,-0.03443993700364156,-0.03120327541803436,-0.014548095927668814
2023-12-07,-0.01439658475238903,-0.020948714695168347,-0.02960444329894829,-0.006909797171463561
2023-12-08,-0.010159299781361764,-0.016585448761966326,-0.04254989956145405,-0.008427433026677256
2023-12-11,-0.00630928405364084,-0.008184768167431966,-0.053122920646662464,-0.007968336604008197
2023-12-12,-0.0017708877407375256,-0.000285887646542915,-0.05363862978607825,-0.004004629592011422
2023-12-13,0.0,0.0,-0.03228631969953011,0.0
2023-12-14,0.0,-0.0008669483487241392,-0.026613046976908028,0.0
2023-12-15,-0.001646461952551248,0.0,-0.03553560994036631,-0.001993005046791896
2023-12-18,0.0,0.0,-0.031151649415370852,0.0
2023-12-19,0.0,0.0,-0.02454997432472017,0.0
2023-12-20,-0.013857328835340188,-0.01485974539396373,-0.02986225851956925,-0.011387685721802376
2023-12-21,-0.0045069091661695815,-0.003397187398068491,-0.023002768208298163,-0.0020987155076673814
2023-12-22,-0.0025061704176021493,-0.0019064180750336668,-0.018670354987791682,0.0
2023-12-26,0.0,0.0,-0.011191903531777125,0.0
2023-12-27,0.0,0.0,-0.006704848397803165,0.0
2023-12-28,0.0,-0.00048604625609072194,-0.012481294427578726,-0.001974546563615065
2023-12-29,-0.0028949201685946058,-0.004811685072089067,-0.01402857924217571,-0.004898595964382468
2024-01-02,-0.00847516815367555,-0.021652394929606023,-0.01634946711498375,-0.013148813526253189
2024-01-03,-0.016572634796802044,-0.03200487203688007,-0.02454997432472028,-0.0220584626849738
2024-01-04,-0.019740394348867984,-0.03698663947753811,-0.023570024652203148,-0.02445866024442933
2024-01-05,-0.018397697465113216,-0.035844464596787584,-0.023415304040561136,-0.023576044409256536
2024-01-08,-0.00438442403025785,-0.015917244518319662,-0.03104855480639257,-0.014746665118199886
2024-01-09,-0.0058948343663133285,-0.013973284967709887,-0.030739113583108213,-0.014491255424071703
2024-01-10,-0.0002727734324482478,-0.00729031805177438,-0.03295682814876322,-0.011158585224931072
2024-01-11,-0.0007132603171969842,-0.0052248281476623415,-0.03104855480639268,-0.009967572286313064
2024-01-12,-2.0972425415655138e-05,-0.0047145058840381004,-0.021558578002679796,-0.00633750185820714
2024-01-16,-0.0036921361384768536,-0.004811685072089067,-0.030842208192086717,-0.010728517011926453
2024-01-17,-0.009230373321703289,-0.010425229971955274,-0.041518402584448055,-0.01805420346329556
2024-01-18,-0.00041964636138003275,0.0,-0.033627336597995994,-0.007802760484847515
2024-01-19,0.0,0.0,-0.030739113583108102,0.0
2024-01-22,0.0,0.0,-0.03440093965620694,-0.00011922705617184448
2024-01-23,0.0,0.0,-0.030635940275954954,0.0
2024-01-24,0.0,0.0,-0.03863017956956005,-0.0005348406686125351
2024-01-25,0.0,0.0,-0.034813554186644446,0.0
2024-01-26,-0.001270334286663899,-0.0059576474513935995,-0.035484062635877334,-0.0026408916420800344
2024-01-29,0.0,0.0,-0.028676040930920466,0.0
2024-01-30,-0.0007732362847030494,-0.0066566134601820925,-0.027335102730629557,-0.002016441172668748
2024-01-31,-0.01707787973401642,-0.026112500754857382,-0.02805715848435164,-0.01420710107316614
2024-02-01,-0.0042132834352859305,-0.014644520718340881,-0.01794829923406982,-0.0026193510015212196
2024-02-02,0.0,0.0,-0.02723192942347652,0.0
2024-02-05,-0.003641195932157948,-0.0013054840639605825,-0.032595760922814465,-0.0034868893427977277
2024-02-06,-0.0007484496808295438,-0.0033101002971347437,-0.027541370646760877,-0.0014537454051013476
2024-02-07,0.0,0.0,-0.027799264565556148,0.0
2024-02-08,0.0,0.0,-0.028676040930920355,0.0
2024-02-09,0.0,0.0,-0.03244104031117234,0.0
2024-02-12,-0.00043895545913064105,-0.003912410077300699,-0.03496827479828635,-0.002321111677072385
2024-02-13,-0.014206086514495508,-0.019448544639071863,-0.048274798286740306,-0.016674060738478325
2024-02-14,-0.005247393239358411,-0.008763153203816376,-0.048842133428819934,-0.010318821406197998
2024-02-15,0.0,-0.00581150842132705,-0.042446726254301126,-0.004842162657899052
2024-02-16,-0.004979973581171526,-0.014826440583597944,-0.0389396207928443,-0.008287078250528324
2024-02-20,-0.01045800088263138,-0.022262694616537182,-0.03311154876040512,-0.010597571237124903
2024-02-21,-0.009561654485235827,-0.02617545851474623,-0.03306000145591603,-0.011601064066422806
2024-02-22,0.0,0.0,-0.03264738692547842,0.0
2024-02-23,0.0,-0.0029447716412934755,-0.027180382118987323,0.0
2024-02-26,-0.0036624551393660276,-0.0034698899906003833,-0.02934654938015313,-0.0021386046476505882
2024-02-27,-0.0018115728951946242,-0.0010728285071347488,-0.03037804635715935,-0.0010740824980690622
2024-02-28,-0.0031309432176143126,-0.006391716826364857,-0.028624493626431047,-0.002684975185802907
2024-02-29,0.0,0.0,-0.023621650654866766,0.0
2024-03-01,0.0,0.0,-0.005157563583206182,0.0
2024-03-04,-0.0010723989436864922,-0.0035681020972748723,0.0,0.0
2024-03-05,-0.011055811517701963,-0.021453656315630898,0.0,-0.007307862942972365
2024-03-06,-0.006044580875854688,-0.015304805173713465,0.0,-0.0008334210177957102
2024-03-07,0.0,-0.00035882294967737316,0.0,0.0
2024-03-08,-0.0060022091803607625,-0.014788641483819864,0.0,-0.003994886484968041
2024-03-11,-0.006856910870173705,-0.018446345211275417,0.0,-0.004903724815697008
2024-03-12,0.0,-0.004376043675069052,-0.01094062729637224,-0.00020972760216098063
2024-03-13,-0.0015673472009856138,-0.01202827274986118,-0.004009888903929504,-0.0009581726534001467
2024-03-14,-0.0035410707139799102,-0.014519211949845623,-0.008168286616259568,-0.0038464782065567027
2024-03-15,-0.01038340145003347,-0.0262335666723581,-0.011336600426400167,-0.01113433618756099
2024-03-18,-0.00450195602059289,-0.016946437519693935,-0.009752481290609682,-0.0055034824598504395
2024-03-19,0.0,-0.0144970718103975,-0.010891074001199152,-0.003216554858981202
2024-03-20,0.0,-0.002812214138873892,0.0,0.0
2024-03-21,0.0,0.0,-0.0010386361790747367,0.0
2024-03-22,-0.0018956335070943187,0.0,-0.009051274302894319,-0.002924256929319413
2024-03-25,-0.0046532896218313136,-0.0036292047398729377,-0.00588578111448157,-0.003987037188351361
2024-03-26,-0.006491727031655903,-0.0068550107450754405,-0.002670854217502905,-0.0046014532353131354
2024-03-27,0.0,-0.0034723428305251103,0.0,0.0
2024-03-28,-0.00019121870051808099,-0.0053092255422391155,0.0,0.0
2024-04-01,-0.0019305181212069256,-0.0032035256634248555,0.0,0.0
2024-04-02,-0.008276319169411406,-0.01180602097867156,0.0,-7.195237810575517e-05
2024-04-03,-0.007187055500389339,-0.009588158261280788,0.0,0.0
2024-04-04,-0.01930536092889168,-0.024732148083731365,-0.005734705223284009,-0.011077111524576022
2024-04-05,-0.009060064237981447,-0.013239781730147171,0.0,0.0
2024-04-08,-0.008505877459005329,-0.012948615027661314,0.0,0.0
2024-04-09,-0.007359164311976807,-0.009296922365186866,0.0,0.0
2024-04-10,-0.017298343346355827,-0.01794432433202897,-0.009463856185613961,-0.009401757388579068
2024-04-11,-0.00988202908441227,-0.0022625617881618654,0.0,0.0
2024-04-12,-0.02354877466673322,-0.0181684424283578,-0.013239324939518515,-0.014328141308828979
2024-04-15,-0.03578185924003263,-0.03432051392583624,0.0,-0.017699109738901653
2024-04-16,-0.037540388360867594,-0.03423083900986146,0.0,-0.017865744107357417
2024-04-17,-0.04323645318544478,-0.04601451045314742,-0.007368252752093074,-0.026209899074755794
2024-04-18,-0.04520519108451193,-0.05145831756295671,-0.003977962561958925,-0.027621451069118286
2024-04-19,-0.05353901963753749,-0.0710828010845681,-0.0008588845509348575,-0.03614142303933743
2024-04-22,-0.04482293340029986,-0.06174104126139368,-0.025540158508757904,-0.03788817391947452
2024-04-23,-0.033488193323544024,-0.04773950710071706,-0.02793602703403275,-0.030085170156589403
2024-04-24,-0.033946890563476884,-0.04451349351469047,-0.02974415421185206,-0.029744710130135354
2024-04-25,-0.0376168878221963,-0.04912843039420545,-0.023958064472073604,-0.030606758090277575
2024-04-26,-0.02849925429499256,-0.03445488791258211,-0.020793807423074573,-0.021511387084634626
2024-04-29,-0.02505887523147532,-0.030534516470223316,-0.022782788704054147,-0.01969454474444099
2024-04-30,-0.040502900389913776,-0.048814914156333655,-0.04226564529392385,-0.03754728691757914
2024-05-01,-0.043618650964049044,-0.05569248201761867,-0.03358651068425622,-0.038001451549656395
2024-05-02,-0.03467330596525664,-0.04363992421362439,-0.0365699136300951,-0.031899296203717564
2024-05-03,-0.022707819742588176,-0.024418562652251286,-0.03733837112944982,-0.021670956876109093
2024-05-06,-0.012615282351904122,-0.01373257860635968,-0.02721274857265288,-0.011301042540764361
2024-05-07,-0.011525898871665996,-0.013575785890619918,-0.03168788747922635,-0.012401150938618377
2024-05-08,-0.011430409332622737,-0.014158188489199697,-0.03453575331114067,-0.013531911090096771
2024-05-09,-0.005734104885613767,-0.012007720346005946,-0.019302071462339865,-0.005731536838221141
2024-05-10,-0.004453502704857892,-0.009677763983646726,-0.011346146338421681,-0.0018344104786798265
2024-05-13,-0.004319733482346488,-0.007392783466490971,-0.022421149473364155,-0.004749195771342696
2024-05-14,0.0,-0.0010080124814189073,-0.01414883313236115,0.0
2024-05-15,0.0,0.0,-0.001491735960734708,0.0
2024-05-16,-0.002057402828564925,-0.002031194078057297,-0.005379271471113611,-0.002660646752428386
2024-05-17,-0.000622935527770041,-0.0025171012028946116,0.0,0.0
2024-05-20,0.0,0.0,0.0,0.0
2024-05-21,0.0,0.0,-0.001469548604571047,0.0
2024-05-22,-0.002878924842779962,-0.00019746308053658623,-0.01981651672881346,-0.007150119162964819
2024-05-23,-0.01016229208895536,-0.004694999840416769,-0.039365855156745067,-0.017656917094327707
2024-05-24,-0.0036131362019876656,0.0,-0.038475238170565196,-0.012090329881618622
2024-05-28,-0.002916673498780442,0.0,-0.028366562105636817,-0.007154146911161452
2024-05-29,-0.009898877248802784,-0.007048266224474187,-0.03740645701731726,-0.014883354720575226
2024-05-30,-0.016467084410595745,-0.017686177387615465,-0.035580648028330164,-0.019956881854908293
2024-05-31,-0.007508915465778032,-0.019513520599505063,-0.041236171212638784,-0.019504841683921526
2024-06-03,-0.0066997966173196755,-0.014248855844350095,-0.03268612583581554,-0.014568877935868918
2024-06-04,-0.005589278343608228,-0.011551314002618551,-0.0413697603630796,-0.016251507096904927
2024-06-05,0.0,0.0,-0.03001420692755552,-0.0018591347533174485
2024-06-06,-1.899194729726439e-05,-0.00034516169592746504,-0.02284469602148953,0.0
2024-06-07,-0.0012343593400697683,-0.0012296552001243022,-0.0577128232809877,-0.012594496937362476
2024-06-10,0.0,0.0,-0.049073763770350554,-0.007230604612184499
2024-06-11,0.0,0.0,-0.046357337795183695,-0.003217213706166122
2024-06-12,0.0,0.0,-0.043819008037364715,0.0
2024-06-13,0.0,0.0,-0.05161202557844913,-0.0002388154110183338
2024-06-14,0.0,0.0,-0.03932134808983834,0.0
2024-06-17,0.0,0.0,-0.044308857572221805,0.0
2024-06-18,0.0,0.0,-0.04047914337690006,0.0
2024-06-20,-0.0027164444541964983,-0.007708006299421144,-0.028500151256078077,0.0
2024-06-21,-0.004053410532010582,-0.01036654533788095,-0.04355182973648286,-0.006504345376046938
2024-06-24,-0.007290973484782359,-0.021633253508413386,-0.03976662260806796,-0.01004049499711035
2024-06-25,-0.0034681807444658652,-0.010445033476814358,-0.04453152880619671,-0.00663363477186063
2024-06-26,-0.0022243531702346164,-0.008401477333924157,-0.05334875248390203,-0.008592184124938007
2024-06-27,-0.0006513981232191268,-0.005841796429903678,-0.04261663773367552,-0.003471643571430927
2024-06-28,-0.004584014301502903,-0.011002407478843956,-0.042527623599862174,-0.0064722364607485705
2024-07-01,-0.0025354243441648716,-0.0052019876023114975,-0.040033800908949924,-0.002985761384835861
2024-07-02,0.0,0.0,-0.04007837592557717,0.0
2024-07-03,0.0,0.0,-0.029257179091816576,0.0
2024-07-05,0.0,0.0,-0.016164966700560113,0.0
2024-07-08,0.0,0.0,-0.028366562105636928,-0.0029566241147602756
2024-07-09,0.0,0.0,-0.026718917283718224,-0.0017825657184691313
2024-07-10,0.0,0.0,-0.023156381389278335,0.0
2024-07-11,-0.00862278725723764,-0.021930116870412353,-0.00583361940165672,-0.004273166895539249
2024-07-12,-0.002369549551835992,-0.01618411343508519,-0.006457058086954737,-0.0004378364195669615
2024-07-15,0.0,-0.01353983719748908,-0.0032507825769310106,0.0
2024-07-16,0.0,-0.013162092208158782,0.0,0.0
2024-07-17,-0.014021015983044616,-0.04213061417435804,-0.004643206403117328,-0.016006372057039808
2024-07-18,-0.021598131902786366,-0.046663737983175135,-0.010994763593032086,-0.022172259527531657
2024-07-19,-0.028095457369570087,-0.055113674509631894,-0.028735370587932962,-0.03307247205983099
2024-07-22,-0.018075263009500686,-0.041036986942628806,-0.02842871096080235,-0.02484606393033284
2024-07-23,-0.019615418947524166,-0.04441701060303982,-0.025012009387206602,-0.025358506113884793
2024-07-24,-0.04183341826460796,-0.07869413416170301,-0.02842871096080235,-0.04551320380140411
2024-07-25,-0.04682576228261648,-0.08885400901106633,-0.04362868171183709,-0.05565708497052457
2024-07-26,-0.03615063663060247,-0.07950940361846681,-0.03355376332119597,-0.04558725404948283
2024-07-29,-0.03558397339658248,-0.07766028640807776,-0.03491167460820199,-0.045208129692130394
2024-07-30,-0.04047024088883944,-0.09032519729526944,-0.025274822302175592,-0.048012792848092234
2024-07-31,-0.024873341420516337,-0.06340450565590483,-0.007621841892098136,-0.027716675827855752
2024-08-01,-0.038682204352057825,-0.08609029644183319,-0.011038543465693662,-0.04127211569325806
2024-08-02,-0.05658037818770212,-0.10778190852268321,-0.012922147422137598,-0.055415897038662565
2024-08-05,-0.0840562999777783,-0.13438445071396588,-0.025450075471821876,-0.0779700080439173
2024-08-06,-0.07561160196238281,-0.12611330081125316,-0.03324717053356574,-0.07465863604198697
2024-08-07,-0.08179020009970561,-0.13557734253548948,-0.03390420282098794,-0.08027035020287798
2024-08-08,-0.060563723177654905,-0.10913390572439041,-0.01874807878211504,-0.05899512737250323
2024-08-09,-0.0564210974816729,-0.10448140689622154,-0.016338848995733346,-0.055203693601938
2024-08-12,-0.0559253362841563,-0.10255282896416851,0.0,-0.048960587089603935
2024-08-13,-0.04039944946393792,-0.08028469746525768,-0.001532358906807585,-0.036366922080279696
2024-08-14,-0.03737200993336465,-0.07998647450987673,-0.009675612619561291,-0.03786909754747236
2024-08-15,-0.020872409185940022,-0.05674402948630375,-0.006567137935950207,-0.023263256490722806
2024-08-16,-0.018677321955971937,-0.05553121117207893,0.0,-0.014825749412963218
2024-08-19,-0.00929425042002019,-0.0431247315671508,-0.0016380226467287429,-0.007909967719039512
2024-08-20,-0.01090552961774982,-0.04513283153315317,0.0,-0.007928158728143675
2024-08-21,-0.007506213883238577,-0.040679229758285196,-0.0013336178629831386,-0.0056902814157162585
2024-08-22,-0.015295814689287535,-0.05588909098099304,-0.013292658984059846,-0.01751539075435049
2024-08-23,-0.004833063311979413,-0.04564981672225088,-0.0018928092088883464,-0.006700162927397835
2024-08-26,-0.007205350327405213,-0.054914838768615803,0.0,-0.009647836352174477
2024-08-27,-0.005842172951636693,-0.052091653282705264,0.0,-0.007314906290067258
2024-08-28,-0.011613554478370869,-0.06284797404283049,-0.007026862307456638,-0.015315811279383418
2024-08-29,-0.011524954585641956,-0.06421977511266863,-0.0018852669032817237,-0.01406728965830939
2024-08-30,-0.002088900092615198,-0.05306584418279725,-0.008997840991505468,-0.009354710214911965
2024-09-03,-0.02262516062187181,-0.08181566522756478,-0.013282514724806682,-0.027603643221240204
2024-09-04,-0.024625460821758094,-0.08420151018289734,-0.01268266301730192,-0.02891220229640845
2024-09-05,-0.026997747837183894,-0.08334657167758663,-0.004456031915903047,-0.02670017088347143
2024-09-06,-0.043373463591030115,-0.10790122222974974,-0.011825675967495397,-0.04325275634071113
2024-09-09,-0.03266305283816684,-0.0964291418517963,-0.007669537215878819,-0.03423970309704327
2024-09-10,-0.028449525105681328,-0.08807859253970474,-0.0032992170807431,-0.02844461995950387
2024-09-11,-0.018482534925889804,-0.0682758280300757,-0.004884525440805976,-0.01860479692157302
2024-09-12,-0.010214870778549878,-0.05912993575392156,0.0,-0.0068912799699791805
2024-09-13,-0.005045326975083864,-0.054914838768615915,0.0,-0.0003875506644644977
2024-09-16,-0.003576073073563779,-0.05909020539308951,-8.374817448175698e-05,-0.0013955009008574937
2024-09-17,-0.003168911768775984,-0.05859308538440766,-0.005614196325667065,-0.0029246803059184145
2024-09-18,-0.006125228039642883,-0.06266894216994545,-0.013281373664408624,-0.007911957171927053
2024-09-19,0.0,-0.03896916881080792,0.0,0.0
2024-09-20,-0.0017284934640929839,-0.040798359528495864,0.0,0.0
2024-09-23,0.0,-0.03825592299667435,0.0,0.0
2024-09-24,0.0,-0.0336169128712569,0.0,0.0
2024-09-25,-0.002205573781180359,-0.03272083382255386,-0.001381767735032069,-0.0008866970578431665
2024-09-26,0.0,-0.025453611278271837,0.0,0.0
2024-09-27,-0.0014505077756774565,-0.030869264120755413,-0.007935830791900411,-0.004981146567391792
2024-09-30,0.0,-0.028241113014175867,-0.015871723365278978,-0.005405755165624915
2024-10-01,-0.00895838840635721,-0.041780091839671574,-0.005546988180770818,-0.009516607337230032
2024-10-02,-0.008540095784993373,-0.04042613264483663,-0.005344530278824311,-0.008843522649834124
2024-10-03,-0.010352769519462734,-0.04114287325922861,-0.006032837720261086,-0.009922967954926087
2024-10-04,-0.0013593153158824034,-0.02973431240877822,-0.008016826308975267,-0.003655916582360752
2024-10-07,-0.01038761819100631,-0.040127419191173797,-0.011377429780562998,-0.011341038516863522
2024-10-08,-0.0010281986547974187,-0.025792116405051635,-0.018665481780302584,-0.005731939285279819
2024-10-09,0.0,-0.018126731880456326,-0.024010012059126673,-0.0026336297895405147
2024-10-10,-0.0017499289570287457,-0.019241695787446722,-0.016843422444259404,-0.001151737543537923
2024-10-11,0.0,-0.017708582095156578,-0.0061138332373353865,0.0
2024-10-14,0.0,-0.009465758468222174,-0.007733372889954349,0.0
2024-10-15,-0.007769708923204721,-0.022706023840055156,-0.004291835682769918,-0.005889380599444771
2024-10-16,-0.003457065285233485,-0.022586587508418132,0.0,-0.002751227043766402
2024-10-17,-0.003371464809623248,-0.021909638567143452,0.0,-0.0005018325452482708
2024-10-18,0.0,-0.015498519461591531,0.0,0.0
2024-10-21,-0.001642067093000965,-0.013606974149819928,-0.00019900127714245208,0.0
2024-10-22,-0.002172481082291733,-0.012531863228231965,0.0,0.0
2024-10-23,-0.011289890530991387,-0.027663735224121577,-0.012050555849465017,-0.012170574983939808
2024-10-24,-0.00915150596870229,-0.019779220592097913,-0.004450004554862441,-0.006255157020969793
2024-10-25,-0.009493856339853557,-0.01380605513997657,-0.00240217921929875,-0.0036697110088528273
2024-10-28,-0.006431775740368573,-0.013646827135222583,-0.0023628199190026677,-0.002576291202654013
2024-10-29,-0.0048236986157451645,-0.004169664581946009,0.0,0.0
2024-10-30,-0.007834527883601172,-0.01169562496991794,0.0,-0.0016923347636738084
2024-10-31,-0.027283928754469056,-0.036643164645864035,-0.0154951669637442,-0.021771934945686855
2024-11-01,-0.02317849464290389,-0.029515366238205276,-0.01953397584192973,-0.019320778888595846
2024-11-04,-0.025282676133565496,-0.03234259833494135,-0.018135915219205323,-0.020511131539557526
2024-11-05,-0.013496468133285866,-0.01999822807495588,-0.015922353800060685,-0.011661992997923143
2024-11-06,0.0,0.0,-0.04582525456993336,-0.004532090713356918
2024-11-07,0.0,0.0,-0.030485460596177183,0.0
2024-11-08,0.0,0.0,-0.03704851761604988,-0.00042291981247488675
2024-11-11,0.0,-0.0005834359881596862,-0.05965048780719073,-0.008120434731205828
2024-11-12,-0.003106440394440191,-0.002392500826100097,-0.06776697843977564,-0.012599735241157872
2024-11-13,-0.0026220766264312134,-0.003676048021076239,-0.07716502958131088,-0.01618135778335239
2024-11-14,-0.009035215201698477,-0.010600195173443239,-0.07957283686665684,-0.021424729056152114
2024-11-15,-0.021728125868000547,-0.034173680406571205,-0.08120389771692971,-0.03395269591499228
2024-11-18,-0.017719849239696606,-0.027463417856782746,-0.06372816956158989,-0.02427121445190472
2024-11-19,-0.014129149107266481,-0.020772740931481515,-0.055339805825242894,-0.01793079403067177
2024-11-20,-0.013795004686552259,-0.021336591295154195,-0.05001943643810702,-0.016164651437821864
2024-11-21,-0.008500917024616528,-0.01781615016220428,-0.04209707315685718,-0.010489615459078228
2024-11-22,-0.005427766236225096,-0.016240795130833985,-0.029747587037318057,-0.004685925718584505
2024-11-25,-0.0020539686932060652,-0.01468472624957018,-0.05833011367946028,-0.012809310591561207
2024-11-26,0.0,-0.009394451422530259,-0.05650486622041884,-0.008686570605186406
2024-11-27,-0.0030300883971953185,-0.017193782504574817,-0.054407745657615414,-0.01155499219302003
2024-11-29,0.0,-0.008558019477693857,-0.04625244140625029,-0.00377150212982702
2024-12-02,0.0,0.0,-0.05460193226638388,-0.0024677967392454647
2024-12-03,0.0,0.0,-0.05269905756978199,-0.0006247894344353355
2024-12-04,0.0,0.0,-0.04982524982933911,0.0
2024-12-05,-0.0016457396510601852,-0.0027709389683684416,-0.05685436656174192,-0.003938129357849318
2024-12-06,0.0,0.0,-0.05650486622041906,-0.00021417534926948534
2024-12-09,-0.005149570589002672,-0.007787494175756859,-0.047145628697664144,-0.0012197309363591868
2024-12-10,-0.008242653824833801,-0.011168625979300462,-0.034601955969357,0.0
2024-12-11,-0.0005757385732853004,0.0,-0.025398032179156815,0.0
2024-12-12,-0.005725616605456452,-0.0064538436282386424,-0.03968932512894441,-0.008756803667128499
2024-12-13,-0.005922892638488553,0.0,-0.05130099694705714,-0.010288459776041425
2024-12-16,-0.0016782297750305153,0.0,-0.04900968977548548,-0.003332182343766976
2024-12-17,-0.005791409443485884,-0.0044038036522239254,-0.052660184693568035,-0.007439291787472491
2024-12-18,-0.03542226960490791,-0.04032185154531964,-0.07083497278898676,-0.03558350472889171
2024-12-19,-0.03571843985709644,-0.044595650235382256,-0.06951453940382302,-0.03665700202893063
2024-12-20,-0.024136543299629887,-0.03625261612098163,-0.05980580153974535,-0.026645483057688213
2024-12-23,-0.01829266355541037,-0.0268631908344672,-0.06423298363546737,-0.023069299107330687
2024-12-24,-0.007381095586028619,-0.013667458293126433,-0.06236892255764581,-0.01438539456858523
2024-12-26,-0.007314995304830929,-0.01433739583581306,-0.056038806507888395,-0.012368646093731006
2024-12-27,-0.017764271230053086,-0.02743985897208201,-0.06252429554763339,-0.022472058986146903
2024-12-30,-0.028973239224296954,-0.04037489494317337,-0.06551454414441749,-0.031563510415785756
2024-12-31,-0.03250586370982922,-0.04852664094643622,-0.05968930142597084,-0.03346781578895619
2025-01-02,-0.034883116768658184,-0.050387909172307954,-0.046912628470115236,-0.030512033340220457
2025-01-03,-0.022815767448348567,-0.03484716634958884,-0.0544077456576153,-0.02372405675593725
2025-01-06,-0.01718658551670149,-0.023754859164342723,-0.055572806052791246,-0.018510314480352452
2025-01-07,-0.028296454329676646,-0.041175237991478264,-0.050252436665655376,-0.026203551325332808
2025-01-08,-0.02687678425923834,-0.04100775360580666,-0.04520388112484841,-0.023947144934541864
2025-01-10,-0.041733872889262225,-0.05604569994854758,-0.03607764382964218,-0.030906436424010586
2025-01-13,-0.040248205018682204,-0.05907947331510843,-0.04566988157994545,-0.034658373675327536
2025-01-14,-0.038927531648456415,-0.05997279966601565,-0.04066019891535211,-0.03283192705568261
2025-01-15,-0.021445595728016298,-0.038346313993111725,-0.03347570919296128,-0.01713631849498798
2025-01-16,-0.023327455361558447,-0.045083569386944355,-0.02679609280188122,-0.017797471854745006
2025-01-17,-0.0135218629498296,-0.028966043985622636,-0.03196114845646236,-0.010722014705701222
2025-01-21,-0.004492052132933688,-0.02327100266784843,-0.016970854824029158,-0.000663125733947334
2025-01-22,0.0,-0.010782744313198478,-0.011922358540655376,0.0
2025-01-23,0.0,-0.008679547839079649,-0.01332035990594671,0.0
2025-01-24,-0.002919264959769241,-0.014281777515733451,-0.007184489722390608,-0.0007839465378444155
2025-01-27,-0.01702332713941046,-0.042980315692331406,-0.01751454177411993,-0.018658091248013542
2025-01-28,-0.008577281616877541,-0.02883581014148573,-0.009009737181431943,-0.008181129095894413
2025-01-29,-0.01302179710370377,-0.030659656164340965,-0.012815545832069009,-0.01155376835512556
2025-01-30,-0.007724501534464467,-0.026527878740160493,0.0,-0.0033907945721789456
2025-01-31,-0.013005405318451957,-0.02794248379057862,0.0,-0.00498496026805384
2025-02-03,-0.019647336339986943,-0.03572206770145747,0.0,-0.00810114585403221
2025-02-04,-0.013070870647128197,-0.02388520744946765,0.0,0.0
2025-02-05,-0.009069340611421617,-0.01945565457498455,0.0,0.0
2025-02-06,-0.005625233086604564,-0.01433739583581306,-0.0026502562908058414,0.0
2025-02-07,-0.014727357268529806,-0.026770150311371088,-0.0008708249046911476,-0.0066610187320911285
2025-02-10,-0.008036149078908816,-0.014989022820448672,0.0,0.0
2025-02-11,-0.0072817197080061735,-0.017333804219851312,-0.0036516022155235195,-0.0017571744079591944
2025-02-12,-0.010479746829385683,-0.0167571360822365,-0.0026082710518643415,-0.0022854078434738634
2025-02-13,-3.278357050340297e-05,-0.002612229987933312,0.0,0.0
2025-02-14,-8.206073858918472e-05,0.0,-0.014871773334245608,-0.0035742297614372864
2025-02-18,0.0,0.0,0.0,0.0
2025-02-19,0.0,0.0,0.0,0.0
2025-02-20,-0.0041602448320542385,-0.004244502587309351,0.0,-0.002629304917641684
2025-02-21,-0.021193294951382002,-0.024911065692458934,-0.0009225433005247696,-0.015522451339073373
2025-02-24,-0.02564726370341086,-0.03642121029526091,0.0,-0.01910760306034387
2025-02-25,-0.030492999394219678,-0.04856167071244211,-0.013188334192659745,-0.029165335241611023
2025-02-26,-0.030003392004855023,-0.046263391433015943,-0.011682130618287823,-0.02772625925109129
2025-02-27,-0.04548639009959965,-0.07274981927071633,-0.02674405425158033,-0.046838920532072836
2025-02-28,-0.030590839844804263,-0.05810718571425477,-0.032842300878149655,-0.03885428314857753
2025-03-03,-0.04757476717061915,-0.07871813104209358,-0.020094784880832495,-0.04725532434245383
2025-03-04,-0.05884849892390687,-0.08149839306792783,-0.01157192606945201,-0.04921069024696234
2025-03-05,-0.04873315354053298,-0.06952478598267886,-0.009514699750901578,-0.04101324703584919
2025-03-06,-0.06561913913165274,-0.09512155732511762,-0.014547560998441678,-0.05710555969377151
2025-03-07,-0.06038224420672611,-0.08846748291833295,-0.01403319836359096,-0.05286876398263163
2025-03-10,-0.08540944658665961,-0.1237951428584777,-0.022666261723807257,-0.07627799238588562
2025-03-11,-0.09301233832903699,-0.12588964224890464,-0.011204540203190727,-0.07596262512311514
2025-03-12,-0.08819931740586673,-0.116028997832616,-0.006906450688172527,-0.0695146396486207
2025-03-13,-0.10035411963496799,-0.13193197809069857,0.0,-0.07372191905884895
2025-03-14,-0.0817712200592775,-0.11095045652735558,0.0,-0.059757993847961544
2025-03-17,-0.07469044790568269,-0.10518603861583276,0.0,-0.05361236246344814
2025-03-18,-0.08469154481259755,-0.12044035375185758,0.0,-0.05871777513986409
2025-03-19,-0.07472316267332113,-0.10867058354103543,0.0,-0.04981328347372993
2025-03-20,-0.07739858244784859,-0.11169183694007379,-0.0012805854303336028,-0.05220828273398748
2025-03-21,-0.07709422369628871,-0.10876329883169589,-0.00932017805739227,-0.053605722668645384
2025-03-24,-0.06056648000342746,-0.08920567214710695,-0.013731228176527166,-0.04243820837111245
2025-03-25,-0.05830814819526409,-0.08400820225450267,-0.00939128550541446,-0.03844491439529896
2025-03-26,-0.06955038059023722,-0.10086306709475601,-0.010209509682120421,-0.04843386530108029
2025-03-27,-0.07202140903010634,-0.10598634196066081,0.0,-0.04683142627870229
2025-03-28,-0.09070944151232574,-0.12952377392148484,0.0,-0.059239815775669835
2025-03-31,-0.08460555460292218,-0.12956087143483452,0.0,-0.05264401853204326
2025-04-01,-0.08201997383426296,-0.12254419875240607,-0.0019782303576064697,-0.04983119370850286
2025-04-02,-0.07621062111771681,-0.11614011941638214,0.0,-0.04486544241581514
2025-04-03,-0.12173580303157527,-0.1634562596383723,-0.006038278082531101,-0.07952177384157155
2025-04-04,-0.17315197265491078,-0.2154130651401559,-0.029289291831432696,-0.12371825886256915
2025-04-07,-0.1746246942612525,-0.21351966732363226,-0.05014579408450803,-0.12980949538463982
2025-04-08,-0.18755234489427308,-0.22768299644878176,-0.04497498365621455,-0.13799725070673463
2025-04-09,-0.10222969879017141,-0.13498126832010227,-0.009647413742250532,-0.06270384625283343
2025-04-10,-0.14156905494936456,-0.17177237102573617,0.0,-0.08205198864555707
2025-04-11,-0.12625216279557128,-0.15651378198264343,0.0,-0.06511500901277134
2025-04-14,-0.11777549303332446,-0.15079654800515052,-0.005705977012200658,-0.06175764102760262
2025-04-15,-0.12024662275730413,-0.1498498490968887,-0.000503453496364159,-0.060648586619149514
2025-04-16,-0.1398019510763312,-0.17548491464665616,0.0,-0.06686113038876218
2025-04-17,-0.13857459022727847,-0.1756334186709101,-0.004390692094044635,-0.06783904985980682
2025-04-21,-0.1590787987339891,-0.19603374585844124,0.0,-0.0733119952259692
2025-04-22,-0.1371999622817972,-0.17492799606299025,-0.014195668551963747,-0.06155106817188216
2025-04-23,-0.12383035843332524,-0.1562168879049909,-0.03783390658752872,-0.057110602918278075
2025-04-24,-0.10538793991867101,-0.13247522017174684,-0.023828350394289766,-0.037076604888056974
2025-04-25,-0.09892398799702284,-0.12280410928756436,-0.03441169073032069,-0.03465912759730472
2025-04-28,-0.09858043229476288,-0.12308254008668362,-0.020659682148768566,-0.03005574966478075
2025-04-29,-0.09290214121699159,-0.11729099711163626,-0.030197404511813075,-0.029032528179604666
2025-04-30,-0.09254207620474686,-0.11740240362254051,-0.037453681870079025,-0.031366568608005574
2025-05-01,-0.08611094033484756,-0.10587504942061177,-0.057447970763310874,-0.031568236318239906
2025-05-02,-0.07254514916465449,-0.0926027444409856,-0.05580020138758823,-0.02142032135526384
2025-05-05,-0.07786347651429137,-0.09798587285662097,-0.027599073342466474,-0.015483299199162914
2025-05-06,-0.08557099474264585,-0.10637612228525661,-0.00034850709096878596,-0.012082124397622684
2025-05-07,-0.08172543964140577,-0.10286787142218368,-0.015336342704312722,-0.014341747576474662
2025-05-08,-0.07532691725503471,-0.09360506112655798,-0.03472857689488906,-0.015130726380465531
2025-05-09,-0.07650515531057411,-0.09419902023814608,-0.027725847148310168,-0.013382532635308308
2025-05-12,-0.045986024615887744,-0.05729651102160793,-0.05513480813205163,0.0
2025-05-13,-0.03968574781654266,-0.042928946124038636,-0.05111063427226892,0.0
2025-05-14,-0.038458386967490155,-0.03719313489715714,-0.07107320553901975,-0.004588885767849216
2025-05-15,-0.03376204533942695,-0.036135029477991076,-0.05624386135800019,0.0
2025-05-16,-0.02764185168825939,-0.03193999024181449,-0.06765108638189232,-0.00046689773787234046
2025-05-19,-0.02657826724562029,-0.031011697626658563,-0.055641806655344905,0.0
2025-05-20,-0.02985106070290977,-0.03424163166146732,-0.03805573657273498,0.0
2025-05-21,-0.04619882253170371,-0.0476625546362025,-0.03095785394671291,-0.00778962085414725
2025-05-22,-0.04582245077769498,-0.0458805063451555,-0.03954501451613324,-0.009971046736897193
2025-05-23,-0.05233542420874571,-0.05471632483198041,-0.018505010949834255,-0.008050444054606087
2025-05-27,-0.03263282879328988,-0.03247838856151941,-0.03514051923882011,0.0
2025-05-28,-0.03822948487813038,-0.03676631404463904,-0.03732690806423622,-0.004161111646079463
2025-05-29,-0.03443295128629287,-0.03487291622811539,-0.03162334390233035,-0.0002315891716035967
2025-05-30,-0.03551294375480629,-0.036394883027721536,-0.037992301319772936,-0.003321676124647288
2025-06-02,-0.03008016536048974,-0.02878436520456029,-0.012421125370398078,0.0
2025-06-03,-0.024549040095036778,-0.021192310659932434,-0.021166680672062066,0.0
2025-06-04,-0.024810960804365845,-0.018463506475196123,-0.014861061807500908,0.0
2025-06-05,-0.029523811742413697,-0.025851439218259165,-0.01983589416098841,-0.005803180332613289
2025-06-06,-0.01955796170589552,-0.016328832358330603,-0.032985848039885024,-0.003606578667846083
2025-06-09,-0.018674359127323514,-0.014880832643713537,-0.028422958030328127,-0.001251171042696897
2025-06-10,-0.013110417810121677,-0.008365346796785245,-0.028137789492240883,0.0
2025-06-11,-0.015925204520471525,-0.011706630357070646,-0.022877788600665916,-0.00026978651311304613
2025-06-12,-0.012014118599844026,-0.00938629771717392,-0.010741735068274916,0.0
2025-06-13,-0.023059859820765305,-0.02182336728487,0.0,-0.003544803066541591
2025-06-16,-0.013765017015223813,-0.008216956743386628,-0.01425909653729851,-0.000500593811891159
2025-06-17,-0.022192563983957525,-0.017888067627569115,-0.01375322010179103,-0.006425364306343773
2025-06-18,-0.022339932364496384,-0.018055148901211626,-0.01906477794552419,-0.008315297309615999
2025-06-20,-0.024635941861704924,-0.022064643585212096,-0.019475808579753062,-0.01057987913734959
2025-06-23,-0.015001898570647931,-0.012009109006625551,-0.016472293881886313,-0.0029207889650916252
2025-06-24,-0.004120237608471244,0.0,-0.03193273840669286,0.0
2025-06-25,-0.003562263444629732,0.0,-0.028992422080990288,0.0
2025-06-26,0.0,0.0,-0.030067373324169866,0.0
2025-06-27,0.0,0.0,-0.04764616939228561,-0.0032438927203103374
2025-06-30,0.0,0.0,-0.036232639865475424,0.0
2025-07-01,-0.00032371413275389394,-0.008429252270324872,-0.027632933433974882,0.0
2025-07-02,0.0,-0.0015226663381786576,-0.022258080732012853,0.0
2025-07-03,0.0,0.0,-0.02892912722276142,0.0
2025-07-07,-0.007451971921066947,-0.007532999876067148,-0.028202008241646426,-0.0047453970827529
2025-07-08,-0.007995625508040893,-0.006975522601866402,-0.0383508949227197,-0.008205379319838668
2025-07-09,-0.002046916445999636,0.0,-0.03405108995000172,-0.002404452850990113
2025-07-10,0.0,-0.001438160900480101,-0.03190109097757843,-0.0012046826636721297
2025-07-11,-0.003515605355253415,-0.00368525974383227,-0.022605816508012966,0.0
2025-07-14,-0.001614030866565197,-7.18859941055694e-05,-0.026178502499616174,0.0
2025-07-15,-0.00588034595954845,0.0,-0.03022541749761254,-0.002503991406878292
2025-07-16,-0.0025567321791484243,0.0,-0.025388088660272423,0.0
2025-07-17,0.0,0.0,-0.027506440203581506,0.0
2025-07-18,-0.0007322363413653221,-0.0009612012034828643,-0.024977058026043553,0.0
2025-07-21,0.0,0.0,-0.009990842507630382,0.0
2025-07-22,0.0,-0.0051758566122592775,-0.0006007222367863108,0.0
2025-07-23,0.0,-0.0006382175912161836,-0.012994453691561603,0.0
2025-07-24,0.0,0.0,-0.019033227002474118,-0.0012195065430077312
2025-07-25,0.0,0.0,-0.028107162440367928,-0.002091330459203955
2025-07-28,-0.0002511658677887274,0.0,-0.03439882572600206,-0.003288718574308569
2025-07-29,-0.0028880684589234207,-0.0015489342427812414,-0.03174304680413542,-0.003765847661468813
2025-07-30,-0.004143800934825137,-0.00021103675828559876,-0.04846823066074335,-0.009475230353891528
2025-07-31,-0.007879421010853038,-0.005509084889563254,-0.042144919945994896,-0.010269277612641181
2025-08-01,-0.02414069163117838,-0.02509944904833228,-0.022700758795356046,-0.015478433187821938
2025-08-04,-0.009307860290560077,-0.007110913255904405,-0.017009721260443866,-0.00252388320538377
2025-08-05,-0.0143306933311248,-0.013852107382843148,-0.016219307421100115,-0.00619971781854578
2025-08-06,-0.006780606662918021,-0.001443253942852385,-0.018306011535294764,-0.00019653225024085508
2025-08-07,-0.007612660193309417,0.0,-0.010022489936744594,0.0
2025-08-08,0.0,0.0,-0.010243828968416135,0.0
2025-08-11,-0.0019775013459851776,-0.002959018853778028,-0.024471278076600322,-0.006437073762453616
2025-08-12,0.0,0.0,-0.02535653771722257,0.0
2025-08-13,0.0,0.0,-0.022384573962405674,0.0
2025-08-14,0.0,-0.000775464383009683,-0.028581391446761306,-0.002340385848761728
2025-08-15,-0.002341293610408912,-0.00516933984182355,-0.028012316639089208,-0.004386506136512813
2025-08-18,-0.0025583050905840787,-0.005565843298494633,-0.02952984945954773,-0.005109106503627614
2025-08-19,-0.007969622220138306,-0.019057845648348226,-0.034841503789345474,-0.013222771018704726
2025-08-20,-0.010605527094859069,-0.02488207139661902,-0.025072000313386633,-0.01272026620390998
2025-08-21,-0.014574789542878608,-0.029396525331995105,-0.02845489821636804,-0.016706031026833545
2025-08-22,0.0,-0.014422707558516268,-0.018053121560573038,-0.003106882846029113
2025-08-25,-0.0044010200352035955,-0.017265759929204316,-0.020424363078603625,-0.0063303413362554295
2025-08-26,-0.00023257384076014187,-0.013319853061229514,-0.01331063852451142,-0.0012082548368416157
2025-08-27,0.0,-0.011803480966407265,-0.01131878021159538,0.0
2025-08-28,0.0,-0.005617519788449599,-0.003983716625831524,0.0
2025-08-29,-0.005963734491660988,-0.0171278502780966,0.0,-0.0026297293306577485
2025-09-02,-0.013329794393760586,-0.025364596658655092,0.0,-1.9270888449995915e-05
2025-09-03,-0.007982489666813142,-0.01769660870128531,0.0,0.0
2025-09-04,0.0,-0.008805293447960105,-0.004418882618094533,0.0
2025-09-05,-0.002896288899897903,-0.007375048836396503,0.0,0.0
2025-09-08,-0.00044682612274804523,-0.002533099108849801,0.0,0.0
2025-09-09,0.0,0.0,-0.002269905468609279,0.0
2025-09-10,0.0,0.0,0.0,0.0
2025-09-11,0.0,0.0,-0.0014913797811719753,0.0
2025-09-12,-0.0003344427624296653,0.0,0.0,0.0
2025-09-15,0.0,0.0,0.0,0.0
2025-09-16,-0.0013767915798060804,-0.0008450788899231343,0.0,-7.18199054442481e-05
2025-09-17,-0.002617538037077094,-0.002839249472927019,-0.007715171664187115,-0.0037227196679032737
2025-09-18,0.0,0.0,-0.011690571758636081,-0.0005070572361599579
2025-09-19,0.0,0.0,-0.0012073490577778623,0.0
2025-09-22,0.0,0.0,0.0,0.0
2025-09-23,-0.005443562937222368,-0.006642261760471335,0.0,-0.002666483214942117
2025-09-24,-0.008607815584989464,-0.010129558537849914,-0.009063049726670935,-0.007904225077873583
2025-09-25,-0.01318157127149866,-0.01439717891301362,-0.004935610163518178,-0.009478208354204876
2025-09-26,-0.007528147147207509,-0.010345416532179241,0.0,-0.004323480306159699
2025-09-29,-0.00473876527423045,-0.005762248796784997,0.0,0.0
2025-09-30,-0.0009898729518459382,-0.0030387963546651964,0.0,0.0
2025-10-01,0.0,0.0,0.0,0.0
2025-10-02,0.0,0.0,-0.003482825151325808,0.0
2025-10-03,-1.4713447336833774e-05,-0.004209680647392355,0.0,0.0
2025-10-06,0.0,0.0,0.0,0.0
2025-10-07,-0.003707422257526849,-0.005265670505592235,0.0,-0.0012712101683274302
2025-10-08,0.0,0.0,0.0,0.0
2025-10-09,-0.00289697472493311,-0.0012102542195092658,-0.018452848086064733,-0.00752002567683574
2025-10-10,-0.02984653787017777,-0.03588243462272833,-0.008541479398461838,-0.024605355239909366
2025-10-13,-0.014960388538015068,-0.015422626183529409,0.0,-0.0048157548154360574
2025-10-14,-0.016163758522537264,-0.02198084151540647,0.0,-0.005061698564351236
2025-10-15,-0.011795988102344168,-0.01507918649276141,0.0,0.0
2025-10-16,-0.01852588182599535,-0.018726279568323956,0.0,0.0
2025-10-17,-0.01295474142128017,-0.012282477342297593,-0.01881705572696657,-0.0021913278062941632
2025-10-20,-0.0026889769499151006,0.0,0.0,0.0
2025-10-21,-0.002703879647641738,-0.00026154446867010517,-0.06426889260666147,-0.021515126651371563
2025-10-22,-0.007888829897773952,-0.009893012184907013,-0.0641696527566612,-0.026318489072283957
2025-10-23,-0.002005555689141514,-0.0015697676631667434,-0.06042412432187039,-0.020366431436664834
2025-10-24,0.0,0.0,-0.06357436505231207,-0.015305643576672967
2025-10-27,0.0,0.0,-0.08964401507628184,-0.014725541377535456
2025-10-28,0.0,0.0,-0.09616765372846992,-0.013681152471967883
2025-10-29,0.0,0.0,-0.09959070942412951,-0.013287938889384288
2025-10-30,-0.010998009070644743,-0.015288652640875422,-0.08190497212843895,-0.015473432095422623
2025-10-31,-0.007753863189007282,-0.010538373049714833,-0.086890733745841,-0.014595988013620165
2025-11-03,-0.00589176499405808,-0.00580408799035137,-0.08525361686105493,-0.011819033721833905
2025-11-04,-0.017675563566941888,-0.02598436948832994,-0.1012774083850031,-0.02817966303625552
2025-11-05,-0.014271341163713314,-0.019645428208784788,-0.09088424825889341,-0.021202674917420228
2025-11-06,-0.024847493092447492,-0.0379068476541079,-0.09197565951541764,-0.031172428635070526
2025-11-07,-0.02388748160418175,-0.04094253270713133,-0.08641943908062288,-0.029897386183134755
2025-11-10,-0.00865594989569074,-0.01972414828395519,-0.06144112461535123,-0.008855988978556661
2025-11-11,-0.006386408608034522,-0.02233520742354389,-0.05774525395447361,-0.007678649990697228
2025-11-12,-0.005833661155963954,-0.023105931880445185,-0.04256481191096251,-0.002426382298608365
2025-11-13,-0.02233076429018699,-0.04305014950551356,-0.05030385485880551,-0.017420895380192314
2025-11-14,-0.02249093034003391,-0.042326734175795355,-0.06744388652623401,-0.023138122312648224
2025-11-17,-0.03159774453255437,-0.05050572108022433,-0.07813469050451816,-0.032685580939305736
2025-11-18,-0.03972995413109348,-0.062066684286345764,-0.07143740103928609,-0.03697676093678326
2025-11-19,-0.036020261318654656,-0.0564670565157146,-0.06992435289145682,-0.03329711159020077
2025-11-20,-0.050713459624278645,-0.0788022639392586,-0.07019716785667474,-0.045931094136882455
2025-11-21,-0.04125748523365724,-0.07188144930114027,-0.07163588073928662,-0.04086605338358684
2025-11-24,-0.02714613106327879,-0.048146431287539704,-0.05692665766316751,-0.022918704746694663
2025-11-25,-0.01799553755361183,-0.042279425048612485,-0.05722437721316831,-0.017950569757548718
2025-11-26,-0.011216278958586012,-0.0338173542018938,-0.04968373826749983,-0.01018011476898939
2025-11-28,-0.005819068050248344,-0.025984369488330383,-0.037876694145735135,-0.0016050040157514767
2025-12-01,-0.01035797156904894,-0.029256022061662557,-0.03323823415442062,-0.002637789252458389
2025-12-02,-0.008524970057274817,-0.021658908515806985,-0.03946422895443413,-0.001561233486148672
2025-12-03,-0.005091650970871164,-0.019268111422533707,-0.040357160510957835,0.0
2025-12-04,-0.004364233891494318,-0.02018028149797879,-0.03973704391965216,0.0
2025-12-05,-0.0024731285416259574,-0.016185213594928416,-0.041448571767481956,0.0
2025-12-08,-0.005469907852147515,-0.018072664699596452,-0.04397862020879173,-0.002520720483821126
2025-12-09,-0.006328215241684476,-0.016861608855266774,-0.0390673452522593,-0.0006895082474630554
2025-12-10,0.0,-0.012834937299026627,-0.03497459088920729,0.0
2025-12-11,0.0,-0.016027869797188288,-0.0245814307630976,0.0
2025-12-12,-0.01075198627826257,-0.034839751653097495,-0.019124374480477213,-0.008091904946400663
2025-12-15,-0.012246550500768727,-0.03968426408821979,-0.018231442923953733,-0.009950031095045442
2025-12-16,-0.01494546363102045,-0.03778110750955821,-0.018008134336996662,-0.010122668386438605
2025-12-17,-0.02578460380073122,-0.05561770833624413,-0.009574563834804373,-0.017036074859110628
2025-12-18,-0.018428047408145187,-0.04193351921034827,-0.011360502645677895,-0.010404949756866455
2025-12-19,-0.00953156390693033,-0.02944468045478832,-0.010244338200023129,-0.0027428589694723504
2025-12-22,-0.0033611398300248396,-0.02479239145903589,0.0,0.0
2025-12-23,0.0,-0.02022518181013222,0.0,0.0
2025-12-24,0.0,-0.017358691924794556,-0.004134082564786645,0.0
2025-12-26,-0.00010140966545213459,-0.017421802878572534,0.0,0.0
2025-12-29,-0.0036647017840368834,-0.022178056331006668,-0.0435283019531133,-0.017310846877915176
2025-12-30,-0.004881440013694283,-0.02444600385776552,-0.0428324039070469,-0.01823229248375191
2025-12-31,-0.012254127111194224,-0.0325095603459713,-0.0490233554602989,-0.02547854385132431
2026-01-02,-0.010443595739656475,-0.03438361843907434,-0.04429618440192462,-0.023897602942518636
2026-01-05,-0.0038529451419927474,-0.026713855031922917,-0.01914858342311232,-0.010584786618223374
2026-01-06,0.0,-0.018161983560897155,-0.008542490862447627,-0.00215928857238179
2026-01-07,-0.003223412281198046,-0.017216957248447184,-0.01802077896057741,-0.006091066638275744
2026-01-08,-0.0033246123310797238,-0.02280800963757257,-0.012597783085437464,-0.006179859498374296
2026-01-09,0.0,-0.013074951628585296,-0.005447015085821905,0.0
2026-01-12,0.0,-0.012256050871090052,0.0,0.0
2026-01-13,-0.0019995067653818532,-0.013720706761746193,-0.0014210408732292512,-0.001634459054451809
2026-01-14,-0.006904931587087493,-0.024256960054235055,0.0,-0.0034234819522402926
2026-01-15,-0.004200438262084272,-0.020744811388337947,-0.006127660830587689,-0.003358672150877595
2026-01-16,-0.005034823882229755,-0.021563808498434422,-0.01091701617559171,-0.005515781375907691
2026-01-20,-0.025289130990863384,-0.04235274937811628,0.0,-0.006764765577204845
2026-01-21,-0.014039886333605867,-0.02940691023512254,0.0,0.0
2026-01-22,-0.008889962604907486,-0.02235129830794247,0.0,0.0
2026-01-23,-0.00853045211819925,-0.019264450023688373,0.0,0.0
2026-01-26,-0.0034955399692162548,-0.014949106074289675,0.0,0.0
2026-01-27,0.0,-0.006019339701405335,0.0,0.0
2026-01-28,-0.0001006645803248718,-0.0027277421396273427,0.0,0.0
2026-01-29,-0.0020848419786652084,-0.008696689430611304,0.0,-0.001753392995734404
2026-01-30,-0.005061108076175436,-0.02060307671199091,-0.10274245274560034,-0.040929840197118095
2026-02-02,-0.00011504523465688532,-0.01387814691208722,-0.1386771322042546,-0.049948884075927014
2026-02-03,-0.008569458383974382,-0.029028918980662843,-0.08390801747065202,-0.03735506210484574
2026-02-04,-0.01337180290704476,-0.04599083089376588,-0.0845533236375352,-0.04474088619125505
2026-02-05,-0.025694082722464318,-0.059724063493666435,-0.10893323185833326,-0.061781522773346476
2026-02-06,-0.007002231736392472,-0.039848641625846115,-0.08154870526142355,-0.03955983625516246
2026-02-09,-0.0022142678676542182,-0.032493758519376637,-0.058217373406973416,-0.0274311540769846
2026-02-10,-0.004845486486066863,-0.036982344445711024,-0.06755394315853291,-0.03300401041190526
2026-02-11,-0.00507548873050756,-0.03439942026566922,-0.05700743972901301,-0.0285682159230215
2026-02-12,-0.020445937915097967,-0.054038681907978225,-0.089755958451046,-0.05140206246744816
2026-02-13,-0.01975584295690247,-0.05202279278592681,-0.06711030286127373,-0.042638847947776615
2026-02-17,-0.018174235654988435,-0.05299932639896532,-0.09618871199141432,-0.052399749573505905
2026-02-18,-0.0132280845885967,-0.04592791264519058,-0.07586206005285889,-0.041346054094307805
2026-02-19,-0.015830541898345096,-0.04958169963483361,-0.0732808969251092,-0.042520076267851814
2026-02-20,-0.00871317670242222,-0.04117156284015522,-0.05501108916123787,-0.031095670651598017
2026-02-23,-0.018835569304519684,-0.05282608442202974,-0.029481740869388262,-0.029594135693225
2026-02-24,-0.011703999904011275,-0.04265202055740602,-0.042932060510099346,-0.02825139609970484
2026-02-25,-0.003364455539604405,-0.028776956928556974,-0.04533168127733922,-0.021635643267773896
2026-02-26,-0.008900213433613136,-0.04049439675900712,-0.037144551596830944,-0.024584818063600244
2026-02-27,-0.01365941599368714,-0.043565539569267564,-0.024500895434615533,-0.022917274143627764
2026-03-02,-0.01309865869960758,-0.04230553660353442,-0.011897547830411748,-0.018095105235210407
2026-03-03,-0.021797454747697897,-0.05255822419072742,-0.05597898687177938,-0.03908563290707001
2026-03-04,-0.014895887591630297,-0.03811622185648944,-0.048598520669767,-0.029439132755713415
2026-03-05,-0.020388503522642765,-0.041014219042415534,-0.060032243154022225,-0.036105680415812746
2026-03-06,-0.0332283986691454,-0.05544041955005874,-0.04515020045661289,-0.04006336993124138
2026-03-09,-0.02475951664062248,-0.0428252625343416,-0.04712642751527407,-0.03364911009797167
2026-03-10,-0.02632674328820428,-0.042809460707746605,-0.036378319755913435,-0.030528063447479603
2026-03-11,-0.02754883423181509,-0.04293548991010032,-0.03964509760855783,-0.03207175504546933
2026-03-12,-0.042315472384202746,-0.05936187406580162,-0.05851984144151767,-0.048849884772176
2026-03-13,-0.047736096818681295,-0.06493722098093335,-0.07069973379735972,-0.056625312946970596
2026-03-16,-0.038045035621674606,-0.054448180463026574,-0.07152652078496924,-0.0501774572364827
2026-03-17,-0.03551456980846013,-0.04983366168693959,-0.07386570948508364,-0.04859714507082025
2026-03-18,-0.04897265664149775,-0.06307867565662162,-0.10316596953374568,-0.06747630291852846
2026-03-19,-0.051316350398140975,-0.06603959109112323,-0.1401290403098504,-0.08203601429550833
2026-03-20,-0.06491639105216251,-0.08330077418351567,-0.16640449693350334,-0.1014279561733138
2026-03-23,-0.05509802136312347,-0.07277801025519315,-0.18523893220845167,-0.10161223885437942
2026-03-24,-0.05826988200452543,-0.07911724059254188,-0.185057451387725,-0.10459814206403917
2026-03-25,-0.05302191364690567,-0.07306186501829237,-0.1605363709042119,-0.0919915867472435
2026-03-26,-0.06993373959122928,-0.09518596389263378,-0.19209514099718195,-0.11599952114961054
2026-03-27,-0.08579313102311203,-0.11286300481175282,-0.16374265514994735,-0.11643996203658225
2026-03-30,-0.08884968175523744,-0.11964372276774415,-0.16398469111736602,-0.1197610257090671
2026-03-31,-0.062364486594759794,-0.08984022522613244,-0.13230487227079524,-0.09018041988195236
2026-04-01,-0.055299879873012436,-0.07859684019352631,-0.11712036153884176,-0.07884178937400277
2026-04-02,-0.054449215645587135,-0.07754033392150195,-0.13407943345983242,-0.08411134498969497
2026-04-06,-0.0499797435691125,-0.07198955691967313,-0.1376285558379069,-0.08208248647473915
2026-04-07,-0.04956173411987563,-0.07184762953812351,-0.12923976028777484,-0.07892468882764747
2026-04-08,-0.025354416960631676,-0.04425176279492726,-0.12375478094883385,-0.06004241477469674
2026-04-09,-0.019731669341644498,-0.03778640690262369,-0.11693888071811509,-0.05367819559534781
2026-04-10,-0.020380386834307762,-0.036398736740316906,-0.11851177603752838,-0.053993887340317626
2026-04-13,-0.010807105843027243,-0.026432698141657607,-0.1220810834645002,-0.048927786162316855
2026-04-14,0.0,-0.00875565722253846,-0.10246016975995353,-0.032223406732870497
2026-04-15,0.0,0.0,-0.11179673951151314,-0.02851745578321896
2026-04-16,0.0,0.0,-0.11256303289221414,-0.02644140404380635
2026-04-17,0.0,0.0,-0.10076628722672265,-0.013959454556153883
2026-04-20,-0.0019997351150194964,-0.003174848913578998,-0.10850977660997163,-0.0184905714943131
2026-04-21,-0.00853353591203554,-0.006966134944921709,-0.13375678037639105,-0.03114231135618195
2026-04-22,0.0,0.0,-0.12228268779434104,-0.018190908070868428
2026-04-23,-0.0038807408683984024,-0.005632679633709392,-0.1307924705582909,-0.02447735889839664
2026-04-24,0.0,0.0,-0.12633594407658377,-0.01407051206780352
2026-04-27,0.0,0.0,-0.13311147420950775,-0.015879798465239015
2026-04-28,-0.004865992267119479,-0.010056759402575444,-0.14920345058487738,-0.02686443818721107
2026-04-29,-0.005019749750924785,-0.004004673805915515,-0.15827786085990414,-0.02839119795048095
2026-04-30,0.0,0.0,-0.14567451325570024,-0.017298925744924643
2026-05-01,0.0,0.0,-0.1466424725060249,-0.013618478279507018
2026-05-04,-0.0036633921467564834,-0.0018838683316975136,-0.1637225316408335,-0.022023233773290518
2026-05-05,0.0,0.0,-0.15654366976866163,-0.012380191021604259
2026-05-06,0.0,0.0,-0.13095382786990317,0.0
2026-05-07,-0.0030660824190705815,-0.001192941202506348,-0.12950191976430747,-0.0008627773536412642
2026-05-08,0.0,0.0,-0.12528736771023574,0.0
2026-05-11,0.0,0.0,-0.12351280652119856,0.0
2026-05-12,-0.0015149526145865622,-0.008481790799397815,-0.12698125024346663,-0.004651317742048633
2026-05-13,0.0,0.0,-0.13188141702243317,-0.001152932950826746
2026-05-14,0.0,0.0,-0.13851583643242538,0.0
2026-05-15,-0.012029343756796207,-0.015087656778261516,-0.15851983528753932,-0.016779130409833254
2026-05-18,-0.01272439031910888,-0.019325059657848254,-0.15622101668521982,-0.01752439513789128
2026-05-19,-0.019300423939144107,-0.025368390555151055,-0.17019559373921334,-0.027147776732197704
2026-05-20,-0.009249239296974188,-0.009224799838167819,-0.15829804590880137,-0.013803306874140775
2026-05-21,-0.007284493648601065,-0.007335425959710262,-0.1591248328964111,-0.012847428181111287
2026-05-22,-0.003381583916076236,-0.003125866663361787,-0.16551721633898475,-0.012659818023917357
2026-05-26,0.0,0.0,-0.16515425469753153,-0.004488331923087285
2026-05-27,-0.0001732421647460125,-0.0011365676760621835,-0.17626538563812832,-0.009339464321158952
2026-05-28,0.0,0.0,-0.16763461566036075,-0.0012737985405523178
2026-05-29,0.0,0.0,-0.15886267341987814,0.0
2026-06-01,0.0,0.0,-0.1706795425944838,-0.001775110294760851
2026-06-02,0.0,0.0,-0.16928812809579696,0.0
2026-06-03,-0.00701718232049986,-0.002613320951729392,-0.17751562787410002,-0.006511553013665239
2026-06-04,-0.003265012285285529,-0.007438052059240086,-0.17065941908536975,-0.004101585964653487
2026-06-05,-0.028990115620007972,-0.05508200560693399,-0.2009679469423682,-0.040735938788780346
2026-06-08,-0.02679158163694828,-0.04032644197167201,-0.19889091771878675,-0.034187582648802395
2026-06-09,-0.02964838682468296,-0.05136965352390499,-0.21197821417826146,-0.04409655449601235
2026-06-10,-0.04494652583696346,-0.07031997684181457,-0.2446461157842713,-0.06869438898114366
2026-06-11,-0.02871362721290427,-0.03891926285236258,-0.22097194579748225,-0.04320315639370231
2026-06-12,-0.02346066972549432,-0.033263604922014856,-0.22052830550022273,-0.03941985005494131
2026-06-15,-0.006240404575367675,-0.002894773153373831,-0.20034282582438245,-0.015423246116279876
2026-06-16,-0.01216476485555229,-0.021845178360198725,-0.19816493289609738,-0.022723374426732
2026-06-17,-0.024500723727740592,-0.03169559597319416,-0.21637424705305996,-0.03746977151813946
2026-06-18,-0.014358465125200892,-0.007424622277142023,-0.21935874192005744,-0.02731383965823464
2026-06-22,-0.01746025902097814,-0.009916092523009512,-0.22446057456864787,-0.03126700632727031
2026-06-23,-0.03172865595295593,-0.0425186082323743,-0.2391207663475361,-0.052693512554874755
2026-06-24,-0.032177466243158315,-0.04658390154004355,-0.2621092600696473,-0.06372091844616556
2026-06-25,-0.030778347896371905,-0.038855880831974665,-0.2549707682952701,-0.05772079508503736
2026-06-26,-0.037787151780293016,-0.05208470753169159,-0.2465617876962406,-0.06077007926827238
2026-06-29,-0.021934827525452172,-0.028525020953325764,-0.2567453294843073,-0.05206248520165113
2026-06-30,-0.014318828675231488,-0.011995661525270651,-0.2571485996837718,-0.04439716801861282
2026-07-01,-0.015651966833958975,-0.027062648705151515,-0.2526718881531673,-0.047765997832810436
2026-07-02,-0.016945468542716946,-0.04392742512998793,-0.23748737742121373,-0.04723577729818529
2026-07-06,-0.008365949485922619,-0.030215535719330222,-0.22942123495452327,-0.03654967754437621
2026-07-07,-0.0130780950045426,-0.04818048972027922,-0.2387779897549802,-0.04792452204368536
2026-07-08,-0.016127120862250766,-0.04548372396393063,-0.2449082137210209,-0.050561546071274166
2026-07-09,-0.007798390969592339,-0.029598338965243,-0.23738657525629325,-0.039462985673436646
2026-07-10,-0.0035218435911849033,-0.026606445558406078,-0.2397458874655216,-0.0380863474005122
2026-07-13,-0.011151054591395537,-0.045081239945576,-0.25966926920461253,-0.055029548148889496
2026-07-14,-0.00764000629349515,-0.03441496307014591,-0.24954628256323785,-0.046085696175964586
2026-07-15,-0.003706652567261881,-0.037031232022823435,-0.24914295082399007,-0.04551602822899292
2026-07-16,-0.009105185390230308,-0.052862897893120375,-0.26404517857029686,-0.05878528094317714
2026-07-17,-0.018912225967723795,-0.06709797558318153,-0.25708810607686294,-0.0636399462121473
2026-07-20,-0.02049607272869669,-0.06611858415703298,-0.2587214950031851,-0.0645023887186511
2026-07-21,-0.012325727512135565,-0.04879768647436633,-0.2441822904381148,-0.050001486768706194
2026-07-22,-0.013474137256676233,-0.053654518036647225,-0.2354910268534386,-0.048345189823937984
2026-07-23,-0.025657028537519166,-0.07161939014868102,-0.2508167098481071,-0.0646435933801005
2026-07-24,-0.02466708403096607,-0.08199053937362288,-0.2500504164674062,-0.06749093517030436
2026-07-27,-0.024455850754909525,-0.0848214391731178,-0.2445452520795679,-0.0661003928403513
2026-07-28,-0.02211963650152937,-0.09371670447887259,-0.25515224911599665,-0.072751460808263
2026-07-29,-0.037166744664003715,-0.1121780690839449,-0.2517039904426258,-0.08237271676795477
2026-07-30,-0.021024075356947947,-0.08290286377819833,-0.2394434194309777,-0.06214679247738786
2026-07-31,-0.013975635023057653,-0.07694585463980497,-0.25077633975031255,-0.06252365627182677
2026-08-03,0.0,-0.06073848242643343,-0.2504335631577569,-0.05244299332399649
2026-08-04,0.0,-0.02883366027482659,-0.24549302628099567,-0.0339377793422051
2026-08-05,-0.0019966020100066206,-0.0376215692127152,-0.2142770327805813,-0.024171765475056617
2026-08-06,-0.003591224858201514,-0.04117694024524843,-0.21421653917367245,-0.025868138978200617
2026-08-07,0.0,-0.02993375596202419,-0.1964710503628666,-0.012741856983314426
2026-08-10,-0.00029741673673222557,-0.032831804672007636,-0.188263735633461,-0.01046155546654215
2026-08-11,-0.003491726163169395,-0.03607861827195502,-0.19144989637008236,-0.013917488427265479
2026-08-12,-0.0009958093287190106,-0.02903486133954658,-0.18346437101941482,-0.007446022151626153
2026-08-13,0.0,-0.01780510683841996,-0.19548296760342765,-0.006180845375989619
2026-08-14,-0.0019797115463531245,-0.0191467748255455,-0.1904012584639514,-0.005196709112078479
2026-08-17,-0.006697719365393762,-0.02075679278787912,-0.18231499248814687,-0.003996585297132316
2026-08-18,-0.01340822827468413,-0.03733978945540961,-0.1963097545910376,-0.017544011745822763
2026-08-19,-0.011338519140297931,-0.039258364850329075,-0.16547690778097368,-0.0049459994239303695
2026-08-20,-0.019643170156015244,-0.04616798773959119,-0.1626134001277939,-0.008979467693510101
2026-08-21,-0.015632275033884535,-0.04280038798968,-0.14627951086457214,-1.811384903860347e-05
2026-08-24,-0.018524752004466905,-0.05235305750689978,-0.13956441279877363,-0.0017022611241143126
2026-08-25,-0.015388018284496985,-0.04644976749689711,-0.13678158380140015,0.0
2026-08-26,-0.015169419086362157,-0.04557765054969942,-0.15039319921394045,-0.00487727777927538
2026-08-27,-0.008716034933815342,-0.032509817457324175,-0.14781203608619065,0.0
2026-08-28,-0.010965739244268247,-0.038788813810401335,-0.17545872215963298,-0.013733824885741597
2026-08-31,-0.013922477788171683,-0.038346040445753626,-0.17640649636106054,-0.014943097713254971
2026-09-01,-0.02069724827078312,-0.05058204593722426,-0.19993949408513467,-0.030759138611165526
2026-09-02,-0.01635217727469107,-0.04843540991338957,-0.18777978677818996,-0.023684846821851346
2026-09-03,-0.00605494670526463,-0.03712515860859211,-0.17277675686696303,-0.010398501776567537
2026-09-04,-0.009885846651328745,-0.03539435449629469,-0.17973382936039684,-0.01385117201669106
2026-09-08,-0.015323678247716521,-0.036199404421919046,-0.19395038084202565,-0.021628055963974657
2026-09-09,-0.019900216449299513,-0.03894980741774312,-0.18663034670713874,-0.02111281113992325
2026-09-10,-0.025775167978497326,-0.049173310928525615,-0.2007259725147329,-0.0321944658287493
2026-09-11,-0.01747059542623952,-0.040868382812662696,-0.19586611429377787,-0.024665243026843475
