Date,Actual excess return,Fitted excess return,Residual
2019-01-03,-0.03278806048497018,-0.02769168510632971,-0.005096375378640473
2019-01-04,0.04266759023622324,0.0388437327832892,0.0038238574529340374
2019-01-07,0.011788180331460563,0.009134904184244005,0.002653276147216558
2019-01-08,0.008927989166416683,0.010887634620262024,-0.001959645453845341
2019-01-09,0.008032314161686704,0.00540999325437112,0.0026223209073155847
2019-01-10,0.002742765835711314,0.004081206418616763,-0.0013384405829054494
2019-01-11,-0.003775413849139042,0.0004371295486852211,-0.004212543397824263
2019-01-14,-0.008954084485330527,-0.0070883950462380056,-0.0018656894390925213
2019-01-15,0.019409082509477926,0.013283356278957782,0.006125726230520144
2019-01-16,-0.0003019374982345946,0.00279606970657583,-0.0030980072048104245
2019-01-17,0.007767010718472189,0.008789443812687286,-0.0010224330942150972
2019-01-18,0.009782906983182738,0.015428477616156214,-0.0056455706329734765
2019-01-22,-0.02014759314618808,-0.015683207769108098,-0.004464385377079983
2019-01-23,0.0011795325425532077,0.002416390936596752,-0.0012368583940435443
2019-01-24,0.00635798674532273,0.0006054156018798247,0.005752571143442906
2019-01-25,0.01183132947255694,0.009804221704282237,0.0020271077682747028
2019-01-28,-0.012469367032698409,-0.008827328117002844,-0.0036420389156955647
2019-01-29,-0.009558791824749058,-0.0015503573253967443,-0.008008434499352313
2019-01-30,0.025320152944061647,0.018352902083760052,0.006967250860301595
2019-01-31,0.014851330370091231,0.010176144522877068,0.0046751858472141635
2019-02-01,-0.004339278567875748,0.0005474980039683269,-0.004886776571844075
2019-02-04,0.012304362379244038,0.008150086738204552,0.004154275641039486
2019-02-05,0.008730595359087046,0.004851480230091685,0.0038791151289953602
2019-02-06,-0.0030991067819585716,-0.0015402411460420876,-0.001558865635916484
2019-02-07,-0.01354710312438756,-0.011069172519211882,-0.0024779306051756784
2019-02-08,0.0018442783839669463,0.0014061347970328692,0.0004381435869340771
2019-02-11,-0.001066451538180191,0.000632338727776854,-0.001698790265957045
2019-02-12,0.014669058505491162,0.014906056836749438,-0.00023699833125827643
2019-02-13,0.0005848277620612574,0.0037546310348166613,-0.003169803272755404
2019-02-14,0.0011104707920792656,-0.002583461959939239,0.003693932752018505
2019-02-15,0.004088393611110908,0.012629367869178409,-0.008540974258067501
2019-02-19,0.0018598576189796656,0.0019965063340425682,-0.00013664871506290262
2019-02-20,-0.00029151309960162575,0.0023270170309083412,-0.002618530130509967
2019-02-21,-0.0037746682236488027,-0.004135816737442019,0.0003611485137932167
2019-02-22,0.007282569251877868,0.0071804149320846625,0.00010215431979320594
2019-02-25,0.0035268921065989556,0.0015683385054222868,0.001958553601176669
2019-02-26,0.0009202066370928019,-0.0008408680223434593,0.0017610746594362613
2019-02-27,-0.0007510333674140002,-0.0005092406754270059,-0.0002417926919869943
2019-02-28,-0.002421462209889591,-0.0021719132073945544,-0.0002495490024950367
2019-03-01,0.006811781928486749,0.007231538520703517,-0.0004197565922167681
2019-03-04,5.433961663992015e-05,-0.0042302937526315105,0.004284633369271431
2019-03-05,0.0006280667430706988,-0.0015884024862715055,0.0022164692293422045
2019-03-06,-0.0057888867718181025,-0.007037251239484807,0.001248364467666705
2019-03-07,-0.01238997762252414,-0.009715032292929316,-0.0026749453295948234
2019-03-08,-0.0016338590859578117,-0.002331030175632665,0.0006971710896748534
2019-03-11,0.02068054904481098,0.01681025066187445,0.003870298382936531
2019-03-12,0.005377219872172212,0.004363119768992187,0.0010141001031800248
2019-03-13,0.007396040982570851,0.00766730666759924,-0.0002712656850283896
2019-03-14,-0.0018121234807849662,-0.0007532871250186688,-0.0010588363557662976
2019-03-15,0.009163235208212939,0.005720232567135661,0.0034430026410772778
2019-03-18,0.0022641585687026566,0.0041947463423641475,-0.0019305877736614909
2019-03-19,0.003245223368967931,0.0002769054099421178,0.0029683179590258135
2019-03-20,0.0038478991497785664,-0.0035027012891373564,0.007350600438915923
2019-03-21,0.015514917649367188,0.01309046039071727,0.002424457258649919
2019-03-22,-0.02208177282391599,-0.02233630538296744,0.00025453255905144925
2019-03-25,-0.002021100255785946,-0.0008833869037644569,-0.001137713352021489
2019-03-26,0.004539738333627863,0.008635577702088114,-0.004095839368460251
2019-03-27,-0.006540155456087882,-0.006076788156475153,-0.00046336729961272884
2019-03-28,0.0021876534639977407,0.004386026148713149,-0.002198372684715408
2019-03-29,0.007453625549606269,0.0073027888285378305,0.00015083672106843814
2019-04-01,0.013129716321536478,0.013745462075930245,-0.0006157457543937671
2019-04-02,0.0036732335257665394,0.0005575334412317891,0.00311570008453475
2019-04-03,0.005629005419840238,0.0018144147309959704,0.0038145906888442677
2019-04-04,-0.0004985320711828889,0.0030668686793303463,-0.003565400750513235
2019-04-05,0.005053992319548506,0.005603469121787411,-0.0005494768022389048
2019-04-08,0.002428089198423411,0.0008731156551783297,0.0015549735432450812
2019-04-09,-0.003628205345600155,-0.005955525047876545,0.0023273197022763903
2019-04-10,0.005248929743348896,0.003945377559575458,0.0013035521837734378
2019-04-11,-0.0024897956061289417,-0.00033288986782692214,-0.0021569057383020195
2019-04-12,0.004206513577468929,0.007837590705350552,-0.0036310771278816236
2019-04-15,4.425297153054508e-05,-0.0007706118052365109,0.000814864776767056
2019-04-16,0.003325907040497844,0.0007490089750012864,0.0025768980654965576
2019-04-17,0.0033678933508540787,-0.0028496976860080884,0.006217591036862168
2019-04-18,0.0011653522090262491,0.0022736326272097167,-0.0011082804181834676
2019-04-22,0.0027109185786660106,0.0009886478180552317,0.001722270760610779
2019-04-23,0.012600840273463643,0.010419259356576756,0.0021815809168868865
2019-04-24,-0.0032700279384781927,-0.0025855028233191875,-0.0006845251151590052
2019-04-25,0.00394167922550448,-0.0007259989909662105,0.00466767821647069
2019-04-26,0.0007751093430998779,0.005390863369849635,-0.0046157540267497575
2019-04-29,0.0018233195564918425,0.0018074700683180193,1.584948817382327e-05
2019-04-30,-0.00786509594045448,0.0005815273566441465,-0.008446623297098627
2019-05-01,-0.0033357738829983274,-0.008730357434372301,0.005394583551373974
2019-05-02,-0.0044574936122351305,-0.002515420047810357,-0.0019420735644247737
2019-05-03,0.015831101691552663,0.011343005229703029,0.004488096461849634
2019-05-06,-0.0062395961419862145,-0.00478486570602727,-0.0014547304359589447
2019-05-07,-0.019597253292256256,-0.019382737529558772,-0.00021451576269748349
2019-05-08,-0.002640845103570655,-0.0016225338905186512,-0.0010183112130520036
2019-05-09,-0.005500458832322863,-0.003520769508118858,-0.001979689324204005
2019-05-10,0.0011276551524483924,0.005815964368040261,-0.004688309215591869
2019-05-13,-0.03482002159270314,-0.029161936463774525,-0.005658085128928618
2019-05-14,0.010858088168738345,0.010479397237025163,0.00037869093171318154
2019-05-15,0.014007047978661369,0.006783985566849719,0.00722306241181165
2019-05-16,0.009932272849636048,0.010731516123091986,-0.0007992432734559383
2019-05-17,-0.010337405222174745,-0.007510296070212409,-0.0028271091519623355
2019-05-20,-0.016998736534399872,-0.007680938301751582,-0.00931779823264829
2019-05-21,0.010329960389431347,0.010447029929429398,-0.00011706953999805064
2019-05-22,-0.004571959327265507,-0.0035739670904602183,-0.0009979922368052885
2019-05-23,-0.015419609850548688,-0.014184691904258504,-0.0012349179462901837
2019-05-24,-0.0006222262612035623,0.0026200685859326736,-0.003242294847136236
2019-05-28,-0.0038780207186487337,-0.010799274962123436,0.006921254243474702
2019-05-29,-0.008342823893501716,-0.007795582743654136,-0.00054724114984758
2019-05-30,0.004086658504697693,0.0031572280028799825,0.0009294305018177108
2019-05-31,-0.016070423668698597,-0.015642325902344798,-0.0004280977663537987
2019-06-03,-0.022135403133538567,-0.002960595550179427,-0.01917480758335914
2019-06-04,0.02803942380327551,0.025168406706143454,0.002871017097132056
2019-06-05,0.007315241119473015,0.010037123650376994,-0.002721882530903979
2019-06-06,0.007827845488450391,0.00753180656480344,0.0002960389236469508
2019-06-07,0.01919457281719139,0.011596939559186387,0.007597633258005004
2019-06-10,0.01153758059643728,0.005312008528602734,0.0062255720678345465
2019-06-11,0.0012477151518550667,-0.00029204836581606726,0.0015397635176711338
2019-06-12,-0.0058969828463120155,-0.0020585649765431837,-0.003838417869768832
2019-06-13,0.00580559441452233,0.004775114013075465,0.0010304804014468656
2019-06-14,-0.004369837940186083,-0.001292537977339619,-0.0030772999628464644
2019-06-17,0.005905568299196418,0.0004298419238199615,0.005475726375376456
2019-06-18,0.014413941158387233,0.012135223624054902,0.0022787175343323314
2019-06-19,0.003638027992014514,0.0026075126767044496,0.0010305153153100646
2019-06-20,0.009181976846248663,0.01107133367604924,-0.0018893568298005772
2019-06-21,-0.0016000957993366205,-0.0016969268310257025,9.683103168908204e-05
2019-06-24,-8.524191967529404e-05,-0.0014309280439439714,0.0013456861242686774
2019-06-25,-0.017283856095289374,-0.011388399724248852,-0.0058954563710405215
2019-06-26,0.0045333482579437145,-0.0011685635121603277,0.005701911770104042
2019-06-27,0.003704188414094034,0.00410287417957372,-0.0003986857654796859
2019-06-28,0.0011696287032241237,0.005957928993268331,-0.004788300290044207
2019-07-01,0.013377564932320452,0.010519753082490238,0.002857811849830213
2019-07-02,0.003845048473793522,0.003010085881937601,0.0008349625918559209
2019-07-03,0.007408962616392012,0.009263322315650087,-0.001854359699258075
2019-07-05,-0.0021545735378051267,-0.0013312252894741288,-0.0008233482483309979
2019-07-08,-0.0071311274099712385,-0.006384431528348901,-0.0007466958816223371
2019-07-09,0.004890380860685051,0.0014341720721182526,0.0034562087885667983
2019-07-10,0.00984807804479737,0.00553190365583331,0.0043161743889640605
2019-07-11,-0.0008442992442377895,0.002707921846626559,-0.0035522210908643485
2019-07-12,0.005651191640721365,0.005182449930498703,0.0004687417102226619
2019-07-15,0.0030862523312480405,0.0003744406836612041,0.0027118116475868363
2019-07-16,-0.005267977693289461,-0.0037519121500586587,-0.001516065543230802
2019-07-17,-0.005035719763673452,-0.007905028213780347,0.0028693084501068954
2019-07-18,0.0010275299138644556,0.004235634989440719,-0.0032081050755762633
2019-07-19,-0.007445406316039183,-0.0064546057019454215,-0.000990800614093761
2019-07-22,0.00784054618923502,0.0028381249212442086,0.005002421267990812
2019-07-23,0.006427255498172801,0.00828310281255502,-0.001855847314382219
2019-07-24,0.00690051335425701,0.0054402305918722985,0.0014602827623847112
2019-07-25,-0.009597132884909931,-0.0055522034024500615,-0.00404492948245987
2019-07-26,0.010177465174689093,0.007761084897090492,0.0024163802775986013
2019-07-29,-0.0035480763251631853,-0.0021240393569240726,-0.0014240369682391126
2019-07-30,-0.004433352704789395,-0.00285830828424545,-0.001575044420543945
2019-07-31,-0.013947410244087854,-0.012701911939437318,-0.0012454983046505368
2019-08-01,-0.005088481063443284,-0.01011240005495793,0.005023918991514645
2019-08-02,-0.014842501630348504,-0.008744744890073302,-0.0060977567402752016
2019-08-05,-0.035452427468625425,-0.0348958445377243,-0.0005565829309011269
2019-08-06,0.013881458363311339,0.016255530041054563,-0.0023740716777432246
2019-08-07,0.005284724678516595,0.0006743345725794955,0.004610390105937099
2019-08-08,0.021646918750063637,0.022748098007174405,-0.0011011792571107674
2019-08-09,-0.009519139287354816,-0.007912404323034186,-0.0016067349643206306
2019-08-12,-0.011592688224566161,-0.014132503182547674,0.002539814957981513
2019-08-13,0.021797518276588157,0.018029352058777006,0.003768166217811151
2019-08-14,-0.03000193543422658,-0.03430927513398161,0.004307339699755032
2019-08-15,-0.0012663153617625822,0.0030529198406774997,-0.0043192352024400815
2019-08-16,0.015932781172626198,0.017105065880242323,-0.0011722847076161245
2019-08-19,0.015787801656705458,0.01396416948495165,0.0018236321717538077
2019-08-20,-0.007865651318120226,-0.008899533515114053,0.0010338821969938274
2019-08-21,0.008761141247698445,0.009426414706356098,-0.0006652734586576527
2019-08-22,-0.0033512544160215763,-0.00036833656320249975,-0.0029829178528190765
2019-08-23,-0.03176283529244539,-0.029808789555207202,-0.0019540457372381886
2019-08-26,0.0149868707844385,0.012816609441503916,0.0021702613429345832
2019-08-27,-0.002227718042294713,-0.004562407672505652,0.002334689630210939
2019-08-28,0.003461547303071688,0.008157135233696716,-0.004695587930625028
2019-08-29,0.015172468496972513,0.014805999356028656,0.00036646914094385676
2019-08-30,-0.002511973033565096,-0.0005261717082050874,-0.0019858013253600086
2019-09-03,-0.009825443949771917,-0.006794261483527537,-0.0030311824662443802
2019-09-04,0.014318536856609665,0.013155626729763548,0.0011629101268461166
2019-09-05,0.018201350057051036,0.014901165931872861,0.0033001841251781745
2019-09-06,-0.0011078646269400139,0.000884425059274924,-0.0019922896862149377
2019-09-09,-0.0022048197085418053,0.0005727565551651033,-0.0027775762637069087
2019-09-10,-0.002994506353568016,-0.0002832161430363342,-0.002711290210531682
2019-09-11,0.009272192430768822,0.008237379893024102,0.0010348125377447198
2019-09-12,0.004040248343865516,0.004007262564180993,3.2985779684522806e-05
2019-09-13,-0.0036883589568695863,-0.0007815655266766472,-0.002906793430192939
2019-09-16,-0.0045838107803134465,-0.0035937689397788695,-0.000990041840534577
2019-09-17,0.004682550933658991,0.002926259194877625,0.001756291738781366
2019-09-18,-0.0005329149615357354,0.0006826277243686305,-0.0012155426859043659
2019-09-19,0.001544923044982216,-8.813739859050433e-05,0.0016330604435727204
2019-09-20,-0.010696135847612753,-0.005491893521187586,-0.005204242326425168
2019-09-23,0.0003239183938206214,-0.00028307000886943135,0.0006069884026900527
2019-09-24,-0.013398244078892452,-0.009113612791312804,-0.004284631287579648
2019-09-25,0.011107829551295412,0.006850377397322365,0.004257452153973047
2019-09-26,-0.003799902261537147,-0.0024272840112572317,-0.0013726182502799152
2019-09-27,-0.012526021388246655,-0.00626030022585781,-0.0062657211623888456
2019-09-30,0.009399763758109136,0.005368763236327639,0.004031000521781497
2019-10-01,-0.008273581585246714,-0.013809587682709689,0.005536006097462975
2019-10-02,-0.01731189672520006,-0.020501394577102382,0.0031894978519023225
2019-10-03,0.010858232785669664,0.009492182152257066,0.0013660506334125973
2019-10-04,0.014608180086109979,0.015686468797603898,-0.0010782887114939195
2019-10-07,-0.0031363026940681715,-0.005016134242745816,0.0018798315486776443
2019-10-08,-0.015098179523685529,-0.018019759380729704,0.0029215798570441757
2019-10-09,0.009644233705820682,0.011004499449456298,-0.001360265743635616
2019-10-10,0.007627258921403923,0.00783436826130322,-0.00020710933989929667
2019-10-11,0.01276193713347551,0.012015537994271006,0.0007463991392045038
2019-10-14,-0.00022220069037459655,-0.001303533849173485,0.0010813331587988884
2019-10-15,0.012599172907563405,0.011473393974145662,0.0011257789334177433
2019-10-16,-0.0025974056037157967,-0.001874150442647411,-0.0007232551610683857
2019-10-17,0.0025245721373383656,0.00340986669020239,-0.0008852945528640245
2019-10-18,-0.009727499656123184,-0.005088216008450183,-0.004639283647673001
2019-10-21,0.008751164617266882,0.007852457700899436,0.0008987069163674463
2019-10-22,-0.008080256074689984,-0.003800610451978455,-0.004279645622711529
2019-10-23,0.0018111686811730365,0.003364122992016778,-0.0015529543108437414
2019-10-24,0.009611203484824804,0.001884229765842063,0.007726973718982741
2019-10-25,0.007868653258769509,0.004739105406159963,0.0031295478526095462
2019-10-28,0.00974821782136237,0.006527469502217754,0.003220748319144617
2019-10-29,-0.00786176869111943,-0.00035538729573515493,-0.007506381395384276
2019-10-30,0.004728657045592222,0.0035471259503307654,0.0011815310952614563
2019-10-31,0.000339433240918785,-0.0031003691714947975,0.0034398024124135825
2019-11-01,0.008965226456416842,0.01073464939229845,-0.001769422935881608
2019-11-04,0.006067837234675633,0.004649831398822901,0.0014180058358527316
2019-11-05,0.00043235999819124515,-0.001294357862037727,0.001726717860228972
2019-11-06,-0.0023651326677852635,0.0002537256711777332,-0.0026188583389629965
2019-11-07,0.003236708640140362,0.004068211874806019,-0.0008315032346656566
2019-11-08,0.0038744335184870415,0.002849458748579537,0.0010249747699075046
2019-11-11,-0.0014589593750198304,-0.00222619277260578,0.0007672333975859494
2019-11-12,0.0027685701670980833,0.0024340022620136085,0.00033456790508447484
2019-11-13,0.00013097326364630568,0.00036457306150260643,-0.00023359979785630075
2019-11-14,-0.0009110412484002461,0.0016775711562913066,-0.0025886124046915525
2019-11-15,0.007230265628747734,0.008383095226994413,-0.001152829598246679
2019-11-18,0.0006711919527664367,0.0008445016119840896,-0.00017330965921765287
2019-11-19,0.0013599608443397582,-0.00034563907125209457,0.0017055999155918527
2019-11-20,-0.006116140829406147,-0.004324800353795424,-0.0017913404756107233
2019-11-21,-0.0023435602451286064,-0.0018772141282803214,-0.00046634611684828503
2019-11-22,0.0005273105556022895,0.002568556577340426,-0.0020412460217381365
2019-11-25,0.011724152338059124,0.00897934185918217,0.002744810478876954
2019-11-26,0.0017927541533895308,0.0026165168285076958,-0.000823762675118165
2019-11-27,0.006871363293755595,0.005160012304881741,0.0017113509888738538
2019-11-29,-0.004679267458357672,-0.004313123598188379,-0.00036614386016929276
2019-12-02,-0.010356269452903466,-0.009864699237330125,-0.0004915702155733406
2019-12-03,-0.007949857417436257,-0.007790738194194418,-0.00015911922324183918
2019-12-04,0.00494695002585499,0.007146522450095494,-0.0021995724242405033
2019-12-05,0.001858688231218375,0.0020743975306676144,-0.0002157092994492394
2019-12-06,0.01058139639974054,0.010584595720399978,-3.1993206594388424e-06
2019-12-09,-0.004653902815813127,-0.0036582132091196634,-0.0009956896066934634
2019-12-10,-0.0009502792384744607,-0.0013046700907339845,0.0003543908522595238
2019-12-11,0.0051791999128751876,0.003282002442530738,0.0018971974703444494
2019-12-12,0.007346737865207675,0.009986857681014923,-0.002640119815807248
2019-12-13,0.0031756159895850455,0.0006837716821888444,0.0024918443073962014
2019-12-16,0.009921930745757646,0.007958137969389168,0.001963792776368477
2019-12-17,0.0004560954386976235,0.0002433915364221576,0.0002127039022754659
2019-12-18,0.0006467903586480084,6.124763441320031e-05,0.0005855427242348081
2019-12-19,0.0061341294795498325,0.004743827413607162,0.00139030206594267
2019-12-20,0.003913685210362727,0.005074435061700383,-0.0011607498513376557
2019-12-23,0.002524193262006147,0.0017611912040062187,0.0007630020579999282
2019-12-24,0.0004019707686402363,2.5220676199741114e-05,0.00037675009244049517
2019-12-26,0.008706678429821535,0.0061637622475606575,0.0025429161822608775
2019-12-27,-0.0009591021731668592,-0.0002981089106248189,-0.0006609932625420403
2019-12-30,-0.006671262531578348,-0.006406572796382351,-0.0002646897351959972
2019-12-31,0.0017677269674918339,0.002806857532383559,-0.001039130564891725
2020-01-02,0.016579869877725084,0.010837612724499733,0.005742257153225351
2020-01-03,-0.00927739265510874,-0.008795193379737064,-0.000482199275371676
2020-01-06,0.006325966072407541,0.004414895743487404,0.0019110703289201367
2020-01-07,-0.00025635337301921357,-0.00327334290986235,0.0030169895368431362
2020-01-08,0.00739904093811683,0.0061715255347662085,0.0012275154033506213
2020-01-09,0.00835590361203975,0.00785416088478065,0.0005017427272590996
2020-01-10,-0.0026744388076382908,-0.0033492175104866836,0.0006747787028483928
2020-01-13,0.01141963142280722,0.007966701862347582,0.0034529295604596374
2020-01-14,-0.004054745408333282,-0.0017795643793149629,-0.0022751810290183192
2020-01-15,0.0002914938753255658,0.0026104278452316197,-0.002318933969906054
2020-01-16,0.009466363965577429,0.00963825426713045,-0.00017189030155302133
2020-01-17,0.0048314184878428534,0.0035991519361509437,0.0012322665516919097
2020-01-21,-0.000565262446851289,-0.0022823918069424056,0.0017171293600911166
2020-01-22,0.002525367785259469,0.00012915032205747308,0.0023962174632019963
2020-01-23,0.003098844089624242,0.0013195221865061712,0.0017793219031180707
2020-01-24,-0.008532838502681606,-0.010327211362656918,0.0017943728599753121
2020-01-27,-0.02077280675186055,-0.018605128454604842,-0.002167678297255709
2020-01-28,0.01524261972637908,0.012144712988875431,0.0030979067375036494
2020-01-29,0.0015084865273014003,-0.0009692206928678742,0.0024777072201692743
2020-01-30,0.003444139288713899,0.003753814125194543,-0.0003096748364806441
2020-01-31,-0.01597512767412268,-0.021074227285801626,0.005099099611678946
2020-02-03,0.014991839299469456,0.008605935504354437,0.006385903795115019
2020-02-04,0.022771526965312816,0.017668709026901742,0.005102817938411074
2020-02-05,0.003179574401181773,0.013384743448316704,-0.010205169047134931
2020-02-06,0.008514839750032754,0.003891966917689671,0.0046228728323430834
2020-02-07,-0.004418024618414784,-0.006193050854019107,0.0017750262356043224
2020-02-10,0.011968180150886853,0.008648362903116285,0.003319817247770569
2020-02-11,5.529918988478322e-05,0.0019993545240663733,-0.00194405533418159
2020-02-12,0.009623649417192626,0.007462246084087988,0.0021614033331046377
2020-02-13,-0.0013980334638893366,-0.0012485881612198453,-0.00014944530266949125
2020-02-14,0.0027462022748818704,0.0018474695532239532,0.0008987327216579172
2020-02-18,0.00026626215715275237,-0.0030001717952066746,0.003266433952359427
2020-02-19,0.009468233928735525,0.005535025560222608,0.003933208368512918
2020-02-20,-0.009400538489605537,-0.004776710486403218,-0.004623828003202319
2020-02-21,-0.01932695835201348,-0.011957061391228737,-0.0073698969607847425
2020-02-24,-0.038680588221826406,-0.038482683701215305,-0.00019790452061110159
2020-02-25,-0.027309162050635827,-0.03516131882015447,0.007852156769518642
2020-02-26,0.005036634770532622,-0.0042774129401181304,0.009314047710650752
2020-02-27,-0.05019117520219296,-0.052108790482419454,0.0019176152802264923
2020-02-28,0.0006605055295083595,-0.004884312124187834,0.005544817653696193
2020-03-02,0.0514861325615783,0.050223766253500696,0.001262366308077606
2020-03-03,-0.0321845516485173,-0.03322455539772573,0.001040003749208429
2020-03-04,0.041605167047846336,0.048747487099403915,-0.007142320051557578
2020-03-05,-0.03049956890429517,-0.038571337968686135,0.008071769064390964
2020-03-06,-0.016989586374235865,-0.019187128339114377,0.002197541964878511
2020-03-09,-0.06958151086291009,-0.09060024158924113,0.021018730726331036
2020-03-10,0.054333130583725575,0.06001252153904112,-0.005679390955315548
2020-03-11,-0.04367217519489097,-0.056558737947997484,0.012886562753106512
2020-03-12,-0.09180883594407063,-0.11099627978407135,0.01918744384000072
2020-03-13,0.08458837440929057,0.09915272845527226,-0.014564354045981692
2020-03-16,-0.11990518512632886,-0.12694194461353636,0.0070367594872075
2020-03-17,0.07572426600230453,0.06261982037037987,0.013104445631924658
2020-03-18,-0.030533304933569094,-0.05874508543040606,0.028211780496836966
2020-03-19,0.005884843391320782,0.002453772179472057,0.003431071211848725
2020-03-20,-0.039293149370827396,-0.05000001667641732,0.010706867305589923
2020-03-23,0.0006047495918251045,-0.029670132395688633,0.030274881987513737
2020-03-24,0.07732029895791359,0.10508807539713727,-0.02776777643922368
2020-03-25,-0.007522561932028715,0.017354317021816473,-0.02487687895384519
2020-03-26,0.052543258700687545,0.06772087600569102,-0.015177617305003471
2020-03-27,-0.03451017322304739,-0.03456222888873222,5.2055665684828945e-05
2020-03-30,0.03625633045461485,0.037660673121569975,-0.001404342666955126
2020-03-31,-0.008657321291669406,-0.017301270150243964,0.008643948858574557
2020-04-01,-0.042606844316102066,-0.05221650656815057,0.009609662252048505
2020-04-02,0.020177569012021834,0.02675645152607003,-0.006578882514048194
2020-04-03,-0.014309852555540625,-0.016778098880009557,0.0024682463244689312
2020-04-06,0.07137722958382287,0.07790146085448421,-0.006524231270661346
2020-04-07,-0.0005243996282722208,0.001171679811676134,-0.0016960794399483547
2020-04-08,0.021114987911642347,0.038928173241106034,-0.017813185329463688
2020-04-09,0.0013288286824333362,0.01764097927086322,-0.016312150588429882
2020-04-13,0.010686017288400462,-0.010602420246126803,0.021288437534527263
2020-04-14,0.04337374702138819,0.03420047590599046,0.00917327111539773
2020-04-15,-0.01158722512642496,-0.024658379391555994,0.013071154265131033
2020-04-16,0.018122800907626413,0.005584999972242475,0.012537800935383939
2020-04-17,0.009448876414574592,0.03132666427329182,-0.021877787858717225
2020-04-20,-0.011961741392692349,-0.02044763827856399,0.00848589688587164
2020-04-21,-0.037016746240456366,-0.03523239610041614,-0.0017843501400402265
2020-04-22,0.02955720376448534,0.025734507463668364,0.003822696300816976
2020-04-23,-0.0022504179278859393,-9.425911497185202e-05,-0.002156158812914087
2020-04-24,0.015653264618821217,0.01615815083531854,-0.0005048862164973231
2020-04-27,0.00792614637557576,0.016714208842476142,-0.008788062466900382
2020-04-28,-0.018952326736643932,-0.005345490200757038,-0.013606836535886895
2020-04-29,0.03534402598955744,0.0303564204458983,0.004987605543659138
2020-04-30,-0.0005283992784584912,-0.010811450527413573,0.010283051248955082
2020-05-01,-0.02830237019788384,-0.030720366692281217,0.002417996494397376
2020-05-04,0.011540336658774075,0.0031884051547306563,0.008351931504043418
2020-05-05,0.011220067655170807,0.010706794967115841,0.0005132726880549658
2020-05-06,0.006038839643586202,-0.00787472905262211,0.013913568696208313
2020-05-07,0.012759549836403927,0.013986561255469517,-0.0012270114190655896
2020-05-08,0.013587272105385573,0.019182285198331973,-0.0055950130929464
2020-05-11,0.00882165748855579,0.0002272553115108855,0.008594402177044904
2020-05-12,-0.02105452704228772,-0.023131578498227057,0.0020770514559393383
2020-05-13,-0.012633055127473813,-0.020526437475872135,0.007893382348398321
2020-05-14,0.011235057860482511,0.013870664279074433,-0.002635606418591922
2020-05-15,0.006374244752527014,0.005321274094293256,0.0010529706582337577
2020-05-18,0.018514672411801048,0.03532197648654789,-0.016807304074746843
2020-05-19,-0.0026236844170606233,-0.011925145796397224,0.0093014613793366
2020-05-20,0.01985123534064437,0.019694619815824856,0.00015661552481951307
2020-05-21,-0.011008279256835007,-0.008020176468130975,-0.002988102788704032
2020-05-22,0.003334679953548747,0.002192549720816426,0.0011421302327323211
2020-05-26,-0.0028172551115411837,0.014280878947022404,-0.017098134058563585
2020-05-27,0.005340171787329595,0.017248310771960033,-0.011908138984630438
2020-05-28,-0.0014196642818564698,-0.002151342066269752,0.0007316777844132822
2020-05-29,0.014535512776974846,0.005158160316953167,0.009377352460021679
2020-06-01,0.0028821912643126613,0.00467722215384446,-0.0017950308895317985
2020-06-02,0.006590530030171626,0.009593613089825042,-0.003003083059653416
2020-06-03,0.004381085058277501,0.015426595518543036,-0.011045510460265535
2020-06-04,-0.007130506026424399,-0.0030579548519403268,-0.004072551174484072
2020-06-05,0.01970980909018194,0.029719324741461824,-0.010009515651279884
2020-06-08,0.0076428818844545,0.014010174334176706,-0.006367292449722206
2020-06-09,0.007127639634338934,-0.008660547445970376,0.01578818708030931
2020-06-10,0.011884314514021499,-0.006484111302473432,0.01836842581649493
2020-06-11,-0.04966650342134149,-0.06688335652559703,0.01721685310425554
2020-06-12,0.007830832025673473,0.013880184624116504,-0.00604935259844303
2020-06-15,0.01204961590645759,0.010818283240772344,0.0012313326656852447
2020-06-16,0.01705547257043527,0.022316300260331035,-0.005260827689895765
2020-06-17,0.0030533761274165183,-0.004829337546727878,0.007882713674144396
2020-06-18,0.00259193408652858,0.0004355488913566308,0.002156385195171949
2020-06-19,-0.00028111908652816986,-0.006640464317032611,0.006359345230504441
2020-06-22,0.011875428167904323,0.0074307799764006515,0.004444648191503671
2020-06-23,0.008393739505686115,0.005329034747996317,0.0030647047576897986
2020-06-24,-0.02073282255519593,-0.029601151485267815,0.008868328930071886
2020-06-25,0.009402179211212891,0.012425006122242904,-0.003022826911030013
2020-06-26,-0.0237325729587472,-0.027563117573559656,0.003830544614812456
2020-06-29,0.0107894049301267,0.017038743788411085,-0.006249338858284385
2020-06-30,0.019484158534911256,0.014847663489987454,0.004636495044923802
2020-07-01,0.011554721019254366,0.008114194029850813,0.003440526989403553
2020-07-02,0.006669475266540381,0.006377305320204659,0.00029216994633572257
2020-07-06,0.02446721716333311,0.017896196261713578,0.006571020901619533
2020-07-07,-0.007006152991734793,-0.01197513009962427,0.004968977107889476
2020-07-08,0.013054635471641651,0.008861163832799855,0.004193471638841796
2020-07-09,0.008305849316921021,-0.006614763589719742,0.014920612906640762
2020-07-10,0.006710265210916555,0.011833204479553966,-0.005122939268637411
2020-07-13,-0.020687991463268274,-0.01005534759186505,-0.010632643871403225
2020-07-14,0.006961146380173089,0.015021495008975441,-0.008060348628802352
2020-07-15,0.001917916184638102,0.010645728857499006,-0.008727812672860904
2020-07-16,-0.006939637564466028,-0.0038310742186169005,-0.0031085633458491275
2020-07-17,0.001040460487499173,0.003351381893774231,-0.002310921406275058
2020-07-20,0.028253522450422563,0.009363883007940516,0.018889639442482047
2020-07-21,-0.010537713854132158,0.0024564204574835007,-0.012994134311615658
2020-07-22,0.0034054218733781116,0.006592437300517964,-0.0031870154271398526
2020-07-23,-0.02623729912712358,-0.013852071598224663,-0.012385227528898918
2020-07-24,-0.009613135670997974,-0.0074817708160844106,-0.0021313648549135637
2020-07-27,0.017725916828040367,0.008448138936734965,0.009277777891305402
2020-07-28,-0.012842293874251953,-0.007368248481836317,-0.005474045392415636
2020-07-29,0.01140886523142548,0.014255438095643402,-0.0028465728642179215
2020-07-30,0.005118316519679755,-0.004149837858316018,0.009268154377995774
2020-07-31,0.017727937078614753,0.009155007892179035,0.008572929186435718
2020-08-03,0.013389671951653082,0.008053857567786859,0.005335814383866223
2020-08-04,0.0035947266642075704,0.0044694616356824625,-0.0008747349714748921
2020-08-05,0.0023608448856167197,0.00719356556739079,-0.00483272068177407
2020-08-06,0.013127089001982561,0.007743101518009217,0.005383987483973345
2020-08-07,-0.011659415963724773,0.0008219589768715834,-0.012481374940596356
2020-08-10,-0.004390294961257535,0.003455779779167085,-0.007846074740424619
2020-08-11,-0.019058587649561587,-0.009586702322503497,-0.00947188532705809
2020-08-12,0.025034502968172223,0.016162295095346137,0.008872207872826086
2020-08-13,0.002163474420060485,-0.00210792854442195,0.004271402964482435
2020-08-14,-0.0012918942209875217,2.3529234235344938e-05,-0.0013154234552228666
2020-08-17,0.011493430709847763,0.003673324711924084,0.007820105997923679
2020-08-18,0.0095078942853557,0.0024956295737878077,0.007012264711567892
2020-08-19,-0.006844569851985338,-0.004841172369507214,-0.002003397482478124
2020-08-20,0.013754779995840183,0.0036005567457222144,0.010154223250117968
2020-08-21,0.00681273159458895,0.004103770653462216,0.0027089609411267337
2020-08-24,0.006126668874663288,0.01174365581410419,-0.005616986939440903
2020-08-25,0.007745085491855708,0.004047980750774666,0.0036971047410810417
2020-08-26,0.021221839158900524,0.011618223166267674,0.00960361599263285
2020-08-27,-0.0032340952443298265,0.002525720308127725,-0.005759815552457552
2020-08-28,0.00496744076158917,0.007481458471470821,-0.0025140177098816503
2020-08-31,0.007916309669857347,-0.0042130810792647575,0.012129390749122105
2020-09-01,0.016974384842187717,0.010914685582336586,0.006059699259851132
2020-09-02,0.009352058238482952,0.01676695090103876,-0.007414892662555808
2020-09-03,-0.050817560832364994,-0.03993146944133853,-0.010886091391026462
2020-09-04,-0.013443608032448373,-0.009482062077482267,-0.0039615459549661065
2020-09-08,-0.04818103085256753,-0.03170519564988732,-0.016475835202680207
2020-09-09,0.02925805936487169,0.022895539540637402,0.006362519824234289
2020-09-10,-0.02005369808012769,-0.020152753639997453,9.905555986976233e-05
2020-09-11,-0.00705703913446476,0.0005797898672540719,-0.007636829001718832
2020-09-14,0.017297871336418025,0.015267141314695028,0.0020307300217229964
2020-09-15,0.014056148380599875,0.005849602649943052,0.008206545730656822
2020-09-16,-0.016063276635113866,-0.004614349229194997,-0.011448927405918869
2020-09-17,-0.015739678581144,-0.010213577899144372,-0.0055261006819996294
2020-09-18,-0.012880183560266767,-0.013365803413809605,0.00048561985354283847
2020-09-21,0.002281143312719669,-0.012921187936454743,0.015202331249174411
2020-09-22,0.018461628979397293,0.011803047912523998,0.006658581066873295
2020-09-23,-0.030651731384613856,-0.026912701461000436,-0.0037390299236134197
2020-09-24,0.004538663661937337,0.003080606459494609,0.0014580572024427275
2020-09-25,0.023131691796527853,0.018742974304118677,0.004388717492409176
2020-09-28,0.020651577478397076,0.019255456452811334,0.001396121025585742
2020-09-29,-0.004626643194654889,-0.006328256970571317,0.0017016137759164277
2020-09-30,0.006731988623991825,0.008783782328633477,-0.002051793704641652
2020-10-01,0.015755015774319592,0.007435995496531625,0.008319020277787966
2020-10-02,-0.028248227210369792,-0.011024482399890581,-0.01722374481047921
2020-10-05,0.02120880153696314,0.02055963342455032,0.0006491681124128207
2020-10-06,-0.017964537497425215,-0.016501539872409262,-0.0014629976250159528
2020-10-07,0.017181563330419092,0.020180377458398444,-0.0029988141279793518
2020-10-08,0.005205832723054193,0.010269573997488866,-0.005063741274434673
2020-10-09,0.015162924131198574,0.010347653382967283,0.004815270748231291
2020-10-12,0.030753257360196296,0.01865030727153068,0.012102950088665614
2020-10-13,-0.00015129183493256537,-0.007580897706347623,0.007429605871415058
2020-10-14,-0.008469659068823465,-0.0072999440863731405,-0.0011697149824503247
2020-10-15,-0.006828393089460261,-0.0014446821416146875,-0.005383710947845573
2020-10-16,-0.00559816939670299,-0.0007122264259924333,-0.004885942970710557
2020-10-19,-0.016442880501881474,-0.017646859842980415,0.0012039793410989416
2020-10-20,0.002032133885044418,0.004635651734246127,-0.0026035178492017086
2020-10-21,-0.000890538594810808,-0.002206829488724728,0.0013162908939139198
2020-10-22,-0.00015263957957145635,0.006351951056270953,-0.006504590635842409
2020-10-23,0.0018531293447250352,0.003927089576247932,-0.002073960231522897
2020-10-26,-0.015113251818970608,-0.021447388713910075,0.006334136894939467
2020-10-27,0.007690901922251303,-0.004009873230364965,0.011700775152616267
2020-10-28,-0.039103649560728315,-0.03965865158819209,0.0005550020274637732
2020-10-29,0.01736886801021842,0.011778863775301681,0.005590004234916738
2020-10-30,-0.025479963249467996,-0.012104219004716572,-0.013375744244751424
2020-11-02,0.0021097972848089785,0.01299087895448636,-0.010881081669677382
2020-11-03,0.017180345118769536,0.02046984595522002,-0.003289500836450486
2020-11-04,0.04452149837243313,0.0259139061383988,0.018607592234034333
2020-11-05,0.02595349996002394,0.02261211136366977,0.0033413885963541716
2020-11-06,0.0006297178273961812,-0.0002760335909603114,0.0009057514183564927
2020-11-09,-0.02055094951370473,0.014564722944764972,-0.0351156724584697
2020-11-10,-0.018032131084549707,-0.0017120247060090367,-0.016320106378540672
2020-11-11,0.02225257856653884,0.008606019611253922,0.013646558955284917
2020-11-12,-0.004810877135394631,-0.011264219859805384,0.006453342724410753
2020-11-13,0.008655376261169634,0.016048348060994276,-0.007392971799824642
2020-11-16,0.007685219496020856,0.01446885126409356,-0.006783631768072704
2020-11-17,-0.0032893059127274693,-0.006249629286920942,0.002960323374193473
2020-11-18,-0.007507943008131179,-0.013971451878514347,0.006463508870383168
2020-11-19,0.007707602818012971,0.004872513105668352,0.002835089712344619
2020-11-20,-0.006958109204451168,-0.007954396579487506,0.0009962873750363373
2020-11-23,-8.20685824074463e-05,0.006942638059587372,-0.007024706641994818
2020-11-24,0.013932101159664922,0.018680575145337133,-0.00474847398567221
2020-11-25,0.0060293666047088745,-0.001799331754428073,0.007828698359136948
2020-11-27,0.009097483047867394,0.0032191608286012137,0.00587832221926618
2020-11-30,0.0019223728696897702,-0.005146485531461502,0.007068858401151272
2020-12-01,0.012699029725633304,0.01267614688796676,2.288283766654388e-05
2020-12-02,0.0011676650652121534,0.002429668131456328,-0.0012620030662441745
2020-12-03,0.0012981102575975179,-0.00032743840038875616,0.001625548657986274
2020-12-04,0.0039576110366532635,0.009985512388200026,-0.006027901351546763
2020-12-07,0.005545447248640034,-0.0023950225169509965,0.00794046976559103
2020-12-08,0.0032675257995191664,0.0033837365534392593,-0.00011621075392009286
2020-12-09,-0.022758481884803006,-0.010415271419297554,-0.012343210465505452
2020-12-10,0.0038984225560856345,-0.0003903200211868567,0.004288742577272491
2020-12-11,-0.002331754261512775,-0.0013715017523553096,-0.0009602525091574655
2020-12-14,0.007137846601761311,-0.005204207991213468,0.012342054592974779
2020-12-15,0.010572108702406657,0.015671347121035375,-0.0050992384186287175
2020-12-16,0.005382315795448234,0.001809601520250811,0.0035727142751974224
2020-12-17,0.006420571843010148,0.006475413955993332,-5.48421129831847e-05
2020-12-18,-0.0031401481729006475,-0.004642954827312756,0.0015028066544121085
2020-12-21,-0.0019880445650989342,-0.004158608523683363,0.0021705639585844283
2020-12-22,0.0026020279897365217,-0.0019660906763211377,0.00456811866605766
2020-12-23,-0.005153504523615626,0.0010315503834344097,-0.006185054907050036
2020-12-24,0.004295338469200161,0.004501826156824468,-0.0002064876876243073
2020-12-28,0.009961708508142708,0.009954017936396648,7.690571746059652e-06
2020-12-29,0.0007780046826582065,-0.002223926267900303,0.0030019309505585094
2020-12-30,-8.537500208638527e-05,0.0016438247086826348,-0.00172919971076902
2020-12-31,0.00234294152508685,0.005883037954651384,-0.0035400964295645336
2021-01-04,-0.014237108655243746,-0.015803338011764985,0.0015662293565212385
2021-01-05,0.008126810777610016,0.007978052794093552,0.0001487579835164638
2021-01-06,-0.013969771280326726,0.0069241174599097444,-0.02089388874023647
2021-01-07,0.024074759299423487,0.017223215846188984,0.006851543453234504
2021-01-08,0.01274070279527928,0.006598443001883501,0.0061422597933957785
2021-01-11,-0.014567254676858266,-0.007830248784114735,-0.006737005892743531
2021-01-12,-0.001707729558775739,0.0002339921207809806,-0.0019417216795567197
2021-01-13,0.006636104796388098,0.003112731197628479,0.003523373598759619
2021-01-14,-0.005464758087573185,-0.004073155937035182,-0.0013916021505380027
2021-01-15,-0.008038414492363088,-0.008470552152188431,0.0004321376598253428
2021-01-19,0.014472215516623699,0.009097128668432188,0.005375086848191511
2021-01-20,0.02314383892749583,0.01604152508542592,0.007102313842069909
2021-01-21,0.007882264792754334,0.0010468114071426025,0.006835453385611732
2021-01-22,-0.002997497503935742,-0.004116897871832128,0.0011194003678963857
2021-01-25,0.008148764973112455,0.004563833159860135,0.003584931813252319
2021-01-26,0.001345855137565577,-0.0018220122078891348,0.0031678673454547117
2021-01-27,-0.02799402844785759,-0.02836172022997468,0.00036769178211709316
2021-01-28,0.005799435047810775,0.009965314598149278,-0.004165879550338503
2021-01-29,-0.02115554336680825,-0.023233764248795665,0.002078220881987416
2021-02-01,0.024869954689356266,0.01929773936343072,0.005572215325925545
2021-02-02,0.0161968552758176,0.01639132082832256,-0.00019446555250495975
2021-02-03,-0.004084559830177303,0.0009010208491190243,-0.004985580679296327
2021-02-04,0.011709503141997146,0.01317363799369855,-0.0014641348517014045
2021-02-05,0.0032738854368801196,0.004554236794677062,-0.0012803513577969421
2021-02-08,0.006582696638141261,0.008366295798219707,-0.0017835991600784456
2021-02-09,-0.00032727260593201635,-0.0007832840034388087,0.00045601139750679233
2021-02-10,-0.002396067506687971,-0.0005164138912376119,-0.0018796536154503593
2021-02-11,0.005382219409474809,0.0018622392348689092,0.0035199801746059
2021-02-12,0.0054718848499839545,0.005719289771541903,-0.00024740492155794856
2021-02-16,-0.002822116453568002,-0.0010157222610893911,-0.001806394192478611
2021-02-17,-0.004915561475422159,0.0002552286212509193,-0.005170790096673078
2021-02-18,-0.004489368751841805,-0.004948126778569475,0.0004587580267276705
2021-02-19,-0.004478512572400728,-0.0020594435065303604,-0.0024190690658703676
2021-02-22,-0.026037317853028208,-0.008933262067822256,-0.017104055785205952
2021-02-23,-0.0030945905008008534,0.0013973790004313206,-0.004491969501232174
2021-02-24,0.008125840457010813,0.012771242801887342,-0.004645402344876528
2021-02-25,-0.03497984891828709,-0.027961837869328682,-0.007018011048958411
2021-02-26,0.004070420812084086,-0.0059882433886242654,0.010058664200708351
2021-03-01,0.029964764928093413,0.028107444986693007,0.0018573199414004052
2021-03-02,-0.016156119190305573,-0.009062568086656442,-0.007093551103649131
2021-03-03,-0.029137451129700787,-0.015375862111890862,-0.013761589017809925
2021-03-04,-0.016484146610678874,-0.01436586774662579,-0.0021182788640530838
2021-03-05,0.014943292552849208,0.02132906706306114,-0.006385774510211932
2021-03-08,-0.028431269337630738,-0.005786621767388354,-0.022644647570242385
2021-03-09,0.03932382496695319,0.016550625725033474,0.022773199241919718
2021-03-10,-0.002971726532392971,0.007209440127497618,-0.010181166659890589
2021-03-11,0.02291374030148674,0.01175032529411094,0.0111634150073758
2021-03-12,-0.008229479460462708,0.0015512096753343466,-0.009780689135797055
2021-03-15,0.010565694948092785,0.006906627413454515,0.0036590675346382705
2021-03-16,0.005371302891930663,-0.0014739604182613787,0.006845263310192041
2021-03-17,0.004000254965998096,0.003944112548815054,5.614241718304193e-05
2021-03-18,-0.03074799433406672,-0.016888300069258885,-0.013859694264807834
2021-03-19,0.0034082408262183783,-0.0021577214304448226,0.005565962256663201
2021-03-22,0.018635816856968246,0.009251882163898266,0.00938393469306998
2021-03-23,-0.004479987902908489,-0.009141266859585183,0.004661278956676694
2021-03-24,-0.016982353246779436,-0.005908035948725328,-0.011074317298054108
2021-03-25,-0.0018491332075690758,0.006514720835972153,-0.00836385404354123
2021-03-26,0.014883205431003521,0.018682017717833083,-0.003798812286829562
2021-03-29,-0.0004023356137957679,-0.0005968183241600755,0.00019448271036430758
2021-03-30,-0.005150283563977176,-0.00308846241077034,-0.002061821153206836
2021-03-31,0.015185615685675335,0.00469079976853666,0.010494815917138675
2021-04-01,0.016929042040594977,0.012515846627063369,0.004413195413531608
2021-04-05,0.019847310162566023,0.016638464260165724,0.0032088459024002987
2021-04-06,-0.000811991185305172,-0.0006961287700439109,-0.00011586241526126114
2021-04-07,0.002300994731714967,0.001331658735058243,0.0009693359966567242
2021-04-08,0.010316234515685085,0.005495075115221838,0.004821159400463248
2021-04-09,0.005940930725303772,0.008422039427297101,-0.002481108701993329
2021-04-12,-0.0014224013645559586,0.00041180893282823306,-0.0018342102973841917
2021-04-13,0.011555931723188584,0.0034269019834639197,0.008129029739724665
2021-04-14,-0.012125489411601409,-0.003972773494706152,-0.008152715916895257
2021-04-15,0.015037966375711198,0.012450517523441588,0.00258744885226961
2021-04-16,0.001053838091366277,0.003865985127181538,-0.002812147035815261
2021-04-19,-0.009269194278862414,-0.005710149698371307,-0.0035590445804911065
2021-04-20,-0.007405978411913261,-0.008504025880033158,0.0010980474681198966
2021-04-21,0.00844370219149182,0.010965149094419938,-0.002521446902928118
2021-04-22,-0.01217166856248153,-0.010605621187834764,-0.001566047374646766
2021-04-23,0.012471938017320161,0.012566201350673304,-9.426333335314264e-05
2021-04-26,0.006393825141849829,0.0024103437776925216,0.003983481364157307
2021-04-27,-0.004449573669580986,-0.000260920239755309,-0.004188653429825677
2021-04-28,-0.0034980015553226496,-0.0003444337036116218,-0.0031535678517110276
2021-04-29,0.0034813990035664766,0.007381301565055959,-0.0038999025614894827
2021-04-30,-0.0066719742092022916,-0.007632594740826315,0.0009606205316240232
2021-05-03,-0.005443048595779376,0.002490597908705705,-0.007933646504485081
2021-05-04,-0.01811288860522564,-0.0071673665045061405,-0.010945522100719501
2021-05-05,-0.0034793991087735954,0.0003520176185750688,-0.003831416727348664
2021-05-06,0.007419802947328691,0.009252098553316443,-0.0018322956059877524
2021-05-07,0.007997505114279768,0.00843117136663003,-0.00043366625235026143
2021-05-10,-0.025371691580122646,-0.011497762492345031,-0.013873929087777615
2021-05-11,-0.0014988946714878937,-0.010363737144515205,0.008864842473027311
2021-05-12,-0.026000101822260757,-0.024654997213282716,-0.0013451046089780413
2021-05-13,0.007613670542114592,0.013923116380628094,-0.006309445838513502
2021-05-14,0.02195946005778393,0.01780113376220204,0.004158326295581889
2021-05-17,-0.006183666109081609,-0.0029627188820306872,-0.003220947227050922
2021-05-18,-0.006867295586400202,-0.010005364009032732,0.0031380684226325305
2021-05-19,0.0010303214709594943,-0.003052144442256238,0.004082465913215733
2021-05-20,0.019226208086684737,0.01246841009752003,0.006757797989164708
2021-05-21,-0.0056520071950394435,-0.0009610516713122496,-0.004690955523727194
2021-05-24,0.016701771774694896,0.011814082315723567,0.004887689458971329
2021-05-25,0.0012661598817678144,-0.0025846695377046047,0.003850829419472419
2021-05-26,0.0033662653920019103,0.0022911775499534185,0.0010750878420484919
2021-05-27,-0.003858063113809207,0.0005976652776337867,-0.004455728391442993
2021-05-28,0.0030367629373155847,0.0020640042796334452,0.0009727586576821394
2021-06-01,-0.0034410518684730995,-0.001032883297738115,-0.0024081685707349845
2021-06-02,0.0018357322368969253,0.0018132101334476756,2.252210344924968e-05
2021-06-03,-0.010522978805383665,-0.004316241996328169,-0.006206736809055496
2021-06-04,0.01685208011234196,0.010598153019467283,0.006253927092874678
2021-06-07,0.0028625140130651427,-0.0011367550039356096,0.003999269017000752
2021-06-08,0.00035801324129747236,0.0002364691248991457,0.00012154411639832667
2021-06-09,0.00012014836922324967,-0.0017416965234148224,0.001861844892638072
2021-06-10,0.010303153067294568,0.005381147435990118,0.00492200563130445
2021-06-11,0.0024974579421492837,0.0019055934306818699,0.0005918645114674139
2021-06-14,0.009465418104278367,0.0025861125208698245,0.0068793055834085425
2021-06-15,-0.006648289319786671,-0.0021385575281125807,-0.00450973179167409
2021-06-16,-0.0037693893873639306,-0.006487569772331443,0.0027181803849675125
2021-06-17,0.012580293344925053,-0.0003956331492338135,0.012975926494158867
2021-06-18,-0.00796456580062821,-0.015659903775319756,0.007695337974691546
2021-06-21,0.006097510087539781,0.016595228862708308,-0.010497718775168526
2021-06-22,0.009204320113931352,0.006190465870703325,0.003013854243228028
2021-06-23,0.0003719721163195633,-0.0014092391044970506,0.001781211220816614
2021-06-24,0.006065373504495319,0.0068514709656482525,-0.000786097461152933
2021-06-25,-0.0013464028055898414,0.004109439680607636,-0.005455842486197477
2021-06-28,0.01204465939067223,0.002327165295004798,0.009717494095667432
2021-06-29,0.0035015442734802615,0.0006130861928167575,0.002888458080663504
2021-06-30,-0.001694851913915607,0.0009652989714833197,-0.002660150885398927
2021-07-01,0.0002776843034428822,0.006411243040775593,-0.00613355873733271
2021-07-02,0.01136138315915236,0.008855347673231448,0.002506035485920913
2021-07-06,0.004204443292551208,-0.0021235289528166107,0.006327972245367818
2021-07-07,0.001992802446243669,0.004088283698535763,-0.002095481252292094
2021-07-08,-0.006156993326739246,-0.009462826149438797,0.0033058328226995507
2021-07-09,0.00612623058550521,0.012371653143125879,-0.006245422557620669
2021-07-12,0.0037885444490945996,0.004144264436910248,-0.0003557199878156487
2021-07-13,-0.00011730371383444904,-0.003965566547322594,0.0038482628334881447
2021-07-14,0.0016760524434533686,0.0017196755471095828,-4.362310365621427e-05
2021-07-15,-0.007140782953850899,-0.003973095561682847,-0.003167687392168052
2021-07-16,-0.008216549986848398,-0.00910951742620988,0.0008929674393614809
2021-07-19,-0.008310910540826,-0.017141550107458683,0.008830639566632683
2021-07-20,0.011499208204614142,0.016611959432944447,-0.005112751228330305
2021-07-21,0.0076031105236509244,0.00938066505328905,-0.0017775545296381257
2021-07-22,0.006492907185151386,0.0024181486987751768,0.00407475848637621
2021-07-23,0.011559931061121409,0.011922816894871817,-0.00036288583375040755
2021-07-26,0.0006702871608039729,0.002836505959861136,-0.002166218799057163
2021-07-27,-0.011135239946649556,-0.005297497880227115,-0.00583774206642244
2021-07-28,0.0037243648691220876,-0.00048695019429351134,0.004211315063415599
2021-07-29,0.0016596802819632828,0.004800135741523844,-0.003140455459560561
2021-07-30,-0.00532897000725252,-0.005644638626836815,0.0003156686195842943
2021-08-02,-3.5362596031651705e-05,-0.002444656386334104,0.0024092937903024522
2021-08-03,0.005944289741279807,0.009425831820861503,-0.003481542079581696
2021-08-04,0.0013273693457305225,-0.005716642905525014,0.007044012251255537
2021-08-05,0.006225739188464141,0.0073350134256242976,-0.0011092742371601565
2021-08-06,-0.004499623937947117,0.0019056494201566897,-0.0064052733581038065
2021-08-09,0.0017303846038900783,-0.0009550223285114997,0.0026854069324015782
2021-08-10,-0.005243100864622985,0.0014320182995508873,-0.006675119164173873
2021-08-11,-0.0018344486586290287,0.0028715008744582744,-0.004705949533087303
2021-08-12,0.0034870722334992,0.003465553519781893,2.1518713717306927e-05
2021-08-13,0.003392503932073909,0.002099789212222392,0.0012927147198515173
2021-08-16,0.0003165839623744393,0.0027203442128333434,-0.002403760250458904
2021-08-17,-0.008925349372190583,-0.007615007622527379,-0.0013103417496632044
2021-08-18,-0.009741932859522628,-0.01270720320339104,0.002965270343868412
2021-08-19,0.004714170285087915,0.0017849578957250876,0.0029292123893628276
2021-08-20,0.01024117183844564,0.009219120219763028,0.0010220516186826116
2021-08-23,0.014839022431936133,0.01019285519114855,0.004646167240787582
2021-08-24,0.002937102169551231,0.00183050676018195,0.0011065954093692812
2021-08-25,0.0010314247933889131,0.002422908827605563,-0.00139148403421665
2021-08-26,-0.006467242253208494,-0.006858642600351895,0.0003914003471434009
2021-08-27,0.009602937083346808,0.010360373934413634,-0.0007574368510668266
2021-08-30,0.011104470215357765,0.005089969231826545,0.00601450098353122
2021-08-31,-0.0009322620318795716,-0.0017296023590311744,0.0007973403271516028
2021-09-01,0.0015409228477836212,0.0006053724817853023,0.0009355503659983189
2021-09-02,-0.00059049906063946,0.0035579266159973524,-0.004148425676636812
2021-09-03,0.0029587235346864027,-0.0002927039378430151,0.003251427472529418
2021-09-07,0.0012976100991328732,-0.004158467478477011,0.0054560775776098846
2021-09-08,-0.003598115141120184,-0.0014243794749067595,-0.0021737356662134243
2021-09-09,-0.003557421046304521,-0.004975916746080741,0.0014184956997762201
2021-09-10,-0.007706847980706755,-0.009157239859192933,0.0014503918784861784
2021-09-13,-0.0008076046640065337,0.0029575476962346923,-0.003765152360241226
2021-09-14,-0.002960547456621665,-0.006270989061724543,0.0033104416051028783
2021-09-15,0.007317392249057475,0.009678123682463239,-0.002360731433405764
2021-09-16,0.0005704145512490655,-0.0018498043207774853,0.002420218872026551
2021-09-17,-0.011959490238849346,-0.011310791700508608,-0.0006486985383407379
2021-09-20,-0.020780376666058142,-0.01935293436168241,-0.001427442304375734
2021-09-21,0.0011129284404125528,-0.001106893842961118,0.0022198222833736707
2021-09-22,0.009223391591179908,0.011304712866417467,-0.002081321275237559
2021-09-23,0.009109497798762689,0.01408286500860778,-0.00497336720984509
2021-09-24,0.0008211949779604044,0.0018997111200572947,-0.0010785161420968903
2021-09-27,-0.008099515208447872,-0.0033296730365483997,-0.004769842171899472
2021-09-28,-0.028415036238068292,-0.023387470117987908,-0.005027566120080384
2021-09-29,-0.001756489148650675,0.0019415620123078706,-0.003698051160958546
2021-09-30,-0.0037915931300239736,-0.01418891131245344,0.010397318182429467
2021-10-01,0.0060847286826786195,0.01377460296690981,-0.00768987428423119
2021-10-04,-0.021107237942984303,-0.014970364836573633,-0.0061368731064106695
2021-10-05,0.01338186941805164,0.012058562579731688,0.0013233068383199514
2021-10-06,0.006290704697050176,0.004810212823105544,0.0014804918739446315
2021-10-07,0.009057629953084234,0.010017732207138417,-0.0009601022540541831
2021-10-08,-0.005103802039668426,-0.002126463587860703,-0.0029773384518077227
2021-10-11,-0.0077869974044316725,-0.008409265422842281,0.0006222680184106086
2021-10-12,-0.0036051837775972206,-0.002866423294751441,-0.0007387604828457796
2021-10-13,0.007890787754943007,0.004162117199248549,0.0037286705556944582
2021-10-14,0.018299155787439902,0.019500921469690135,-0.0012017656822502325
2021-10-15,0.0061833490208349495,0.008823153405045494,-0.0026398043842105444
2021-10-18,0.009938745896294066,0.0034233035409094743,0.006515442355384591
2021-10-19,0.0074500139903610485,0.008937856454582272,-0.0014878424642212236
2021-10-20,-0.0014224381348995063,0.004545143879428366,-0.005967582014327872
2021-10-21,0.005989687624800899,0.003014639984513794,0.002975047640287105
2021-10-22,-0.00851978140444487,-0.0012129837726780797,-0.007306797631766791
2021-10-25,0.010120950195231737,0.006209574664987374,0.003911375530244363
2021-10-26,0.003031165710473349,0.0010332160998317431,0.001997949610641606
2021-10-27,0.0022037863492654353,-0.005150347159081542,0.007354133508346977
2021-10-28,0.01098787885072805,0.011181852596821798,-0.0001939737460937476
2021-10-29,0.004801875074671891,0.0023425533652180965,0.0024593217094537943
2021-11-01,0.003301423220395394,0.001984364430198086,0.001317058790197308
2021-11-02,0.0040640377935483585,0.004679215024541151,-0.0006151772309927923
2021-11-03,0.010498483133347225,0.007070806710578413,0.0034276764227688123
2021-11-04,0.012701034693910485,0.005455540108132435,0.007245494585778049
2021-11-05,0.0008369604658977625,0.004013442567605425,-0.0031764821017076627
2021-11-08,-0.0014720788272334362,0.0009793861553133098,-0.0024514649825467458
2021-11-09,-0.007000505030172022,-0.003845183807071331,-0.0031553212231006907
2021-11-10,-0.014814366398947953,-0.009343137618507974,-0.00547122878043998
2021-11-11,0.0026553985673083425,0.0003642866659444985,0.002291111901363844
2021-11-12,0.010405320434722753,0.008743218625734461,0.0016621018089882922
2021-11-15,-0.0003454632478829822,0.0003860794408543564,-0.0007315426887373386
2021-11-16,0.007003980842870794,0.004580104121641766,0.002423876721229028
2021-11-17,0.0004109769255338236,-0.002829012848770302,0.0032399897743041256
2021-11-18,0.010243821331093805,0.003928832872547527,0.006314988458546279
2021-11-19,0.005458444366025272,-0.002085564533018345,0.007544008899043617
2021-11-22,-0.011726500662221695,-0.003276634696053288,-0.008449865966168407
2021-11-23,-0.004675124675799003,0.0015271933594915687,-0.006202318035290572
2021-11-24,0.003102872866807216,0.0030860387881258534,1.68340786813625e-05
2021-11-26,-0.019075991779331614,-0.025882736731572466,0.006806744952240852
2021-11-29,0.021585165858426514,0.01421824352541924,0.007366922333007274
2021-11-30,-0.014803699777280688,-0.02258184773796993,0.007778147960689243
2021-12-01,-0.017130239204513398,-0.01289510738516529,-0.004235131819348108
2021-12-02,0.007089833318649985,0.017755428237452804,-0.010665594918802819
2021-12-03,-0.01750626975131997,-0.010104252528080884,-0.0074020172232390855
2021-12-06,0.007895948268962005,0.013727186831428529,-0.005831238562466524
2021-12-07,0.029996494714669142,0.023983275116053852,0.0060132195986152895
2021-12-08,0.0043570068397478234,0.003060207238811201,0.0012967996009366225
2021-12-09,-0.01483163825210665,-0.007842488693361556,-0.006989149558745094
2021-12-10,0.010752997709704504,0.010908445746512957,-0.00015544803680845286
2021-12-13,-0.014563906605680299,-0.010286857474877066,-0.004277049130803233
2021-12-14,-0.010467725595803778,-0.007991860463242522,-0.002475865132561256
2021-12-15,0.02268031803572712,0.018113988889224757,0.004566329146502363
2021-12-16,-0.02583217371391755,-0.010240494578086906,-0.015591679135830644
2021-12-17,-0.005106449941679525,-0.01235674498244086,0.007250295040761336
2021-12-20,-0.00981765682043001,-0.012345644515776985,0.002527987695346975
2021-12-21,0.022263005635290822,0.020589489903129844,0.001673515732160978
2021-12-22,0.012061329457896841,0.01158719765289242,0.00047413180500442166
2021-12-23,0.0074218495002873475,0.007206416461351532,0.00021543303893581563
2021-12-27,0.016409832835732274,0.01640532971866083,4.503117071445739e-06
2021-12-28,-0.004752073498472509,-0.0009588388271071167,-0.003793234671365392
2021-12-29,-0.00026665438601014557,0.0014727421182482128,-0.0017393965042583584
2021-12-30,-0.003105466451947425,-0.0032177687730893037,0.0001123023211418786
2021-12-31,-0.006362051762796361,-0.002934624603743299,-0.003427427159053062
2022-01-03,0.009509474039508525,0.006705264194184073,0.002804209845324452
2022-01-04,-0.013087928154745687,-0.0003993224209706481,-0.01268860573377504
2022-01-05,-0.030838120966999005,-0.022285638904715573,-0.008552482062283432
2022-01-06,-0.0008203252123983873,-0.0011008309898054218,0.0002805057774070345
2022-01-07,-0.010949997344750884,-0.004597064527850268,-0.006352932816900615
2022-01-10,0.0005408973475125034,-0.0014544943485876318,0.001995391696100135
2022-01-11,0.01490481611187433,0.010554689036465316,0.004350127075409015
2022-01-12,0.0038480582973161592,0.003124854953396045,0.0007232033439201141
2022-01-13,-0.02513317734675835,-0.015994084492389597,-0.009139092854368754
2022-01-14,0.006105245086544642,0.0004634794032302705,0.005641765683314371
2022-01-18,-0.02501133351369411,-0.020554259604986677,-0.004457073908707435
2022-01-19,-0.011100887177148633,-0.012055708525205539,0.000954821348056906
2022-01-20,-0.013105978673307206,-0.012850013193908725,-0.00025596547939848134
2022-01-21,-0.027845895588769487,-0.022782344138433486,-0.005063551450336001
2022-01-24,0.0044605173714198365,0.004914782699848814,-0.0004542653284289773
2022-01-25,-0.023298743999507265,-0.014173316472019143,-0.009125427527488123
2022-01-26,-0.0016820647214518258,-0.0029213420759982697,0.0012392773545464439
2022-01-27,-0.010187655331717727,-0.005738886098925925,-0.0044487692327918014
2022-01-28,0.03125179628381125,0.02879781467453114,0.00245398160928011
2022-01-31,0.03186115521614408,0.020881622613951174,0.010979532602192903
2022-02-01,0.006686081604384775,0.007827225782685339,-0.0011411441783005637
2022-02-02,0.008007811613179427,0.011256998470034264,-0.0032491868568548365
2022-02-03,-0.04066072152099298,-0.027276490830975258,-0.013384230690017724
2022-02-04,0.012497330514745109,0.005443360137611704,0.007053970377133405
2022-02-07,-0.008161727544957031,-0.0037336914877130747,-0.004428036057243957
2022-02-08,0.011117940686387273,0.009532994866861379,0.0015849458195258941
2022-02-09,0.021073446935469864,0.016966949806376096,0.0041064971290937675
2022-02-10,-0.022749726371406376,-0.02085106307545339,-0.0018986632959529862
2022-02-11,-0.031839022283346785,-0.022884707761760038,-0.008954314521586747
2022-02-14,0.0011216686233761486,-0.0038035898545417924,0.004925258477917941
2022-02-15,0.024746945406949106,0.01869616708992337,0.006050778317025735
2022-02-16,-0.0003702914933443324,0.0012891829915832045,-0.001659474484927537
2022-02-17,-0.02986102268536217,-0.02479009313940248,-0.0050709295459596924
2022-02-18,-0.011522622333361765,-0.007522310029974975,-0.00400031230338679
2022-02-22,-0.010161041311762653,-0.012459579545339597,0.0022985382335769435
2022-02-23,-0.025732721512585766,-0.020587705035179014,-0.005145016477406752
2022-02-24,0.03348755895924738,0.017445510163094112,0.016042048796153265
2022-02-25,0.015389747659642072,0.025583235529153054,-0.010193487869510982
2022-02-28,0.0028612624046175927,-0.002978863953525859,0.005840126358143452
2022-03-01,-0.01542850655289818,-0.0176780043974124,0.0022494978445142186
2022-03-02,0.01666203730472504,0.02132840273474703,-0.004666365430021989
2022-03-03,-0.014402331354027131,-0.005786087121196493,-0.008616244232830639
2022-03-04,-0.01460907567273051,-0.009435585442582385,-0.005173490230148124
2022-03-07,-0.036998529426098714,-0.03420693061782306,-0.002791598808275654
2022-03-08,-0.004765640018687178,-0.008805722614902643,0.0040400825962154645
2022-03-09,0.03588101865601323,0.031089382424959257,0.004791636231053973
2022-03-10,-0.011222009398538013,-0.005249101435248589,-0.005972907963289424
2022-03-11,-0.020855352921849923,-0.014760409836807039,-0.006094943085042884
2022-03-14,-0.01932245020338652,-0.00848852238295115,-0.01083392782043537
2022-03-15,0.03124971883613359,0.02549771554639349,0.0057520032897400986
2022-03-16,0.03696920026512096,0.02571088474846505,0.01125831551665591
2022-03-17,0.011989146770013281,0.014501388391436316,-0.0025122416214230347
2022-03-18,0.020350953842576125,0.012694130082748636,0.007656823759827489
2022-03-21,-0.0028978137965081086,-0.0003500701741527073,-0.0025477436223554015
2022-03-22,0.01953541194269026,0.013562404036041543,0.005973007906648719
2022-03-23,-0.014488773539207411,-0.014949831634179525,0.0004610580949721138
2022-03-24,0.022109464230005926,0.01747510812019637,0.0046343561098095565
2022-03-25,-0.0009513699260073061,0.005653847271624318,-0.006605217197631624
2022-03-28,0.01535509781336053,0.00824006477017957,0.00711503304318096
2022-03-29,0.01709237472755598,0.01433900459673361,0.002753370130822372
2022-03-30,-0.011162866226601342,-0.007173650155689673,-0.003989216070911669
2022-03-31,-0.012512061280795628,-0.017865024788745538,0.00535296350794991
2022-04-01,-0.0020205192163897934,0.0032764569807853324,-0.005296976197175125
2022-04-04,0.020471284554403946,0.009926201477173281,0.010545083077230665
2022-04-05,-0.022321486768325238,-0.014663217491095145,-0.007658269277230094
2022-04-06,-0.021828830601854476,-0.011610430871201333,-0.010218399730653143
2022-04-07,0.002260751551027562,0.005834158321753945,-0.003573406770726383
2022-04-08,-0.014096599158688994,-0.0031129818034324576,-0.010983617355256537
2022-04-11,-0.02377459598688525,-0.01983778544042487,-0.003936810546460379
2022-04-12,-0.004341585503209289,-0.00430905355509986,-3.2531948109428346e-05
2022-04-13,0.020209729820237277,0.013275093208868476,0.0069346366113688
2022-04-14,-0.022984319465919723,-0.014454998369619453,-0.00852932109630027
2022-04-18,0.0006509270464658545,0.00046571633288617666,0.00018521071357967787
2022-04-19,0.0222333726206565,0.018714453676026137,0.003518918944630363
2022-04-20,-0.01470168235733893,-0.0008711781334985288,-0.013830504223840401
2022-04-21,-0.020808260914861987,-0.017357014279034987,-0.0034512466358270003
2022-04-22,-0.026303256808301922,-0.03184036952835882,0.0055371127200569
2022-04-25,0.012728403084568907,0.006714042898534826,0.00601436018603408
2022-04-26,-0.037862214556434126,-0.03360532179529361,-0.004256892761140517
2022-04-27,-0.0013155914338898178,0.003250419250547479,-0.004566010684437297
2022-04-28,0.0353985821372802,0.029289628514962713,0.006108953622317486
2022-04-29,-0.0451158436712874,-0.04287933415175017,-0.0022365095195372303
2022-05-02,0.01657858774776777,0.0069716226710847765,0.009606965076682994
2022-05-03,0.0009502131098115818,0.005306351650474822,-0.004356138540663241
2022-05-04,0.033694882777683066,0.035314310381048736,-0.0016194276033656696
2022-05-05,-0.05048138530613533,-0.041240659373243935,-0.009240725932891394
2022-05-06,-0.012098013254927764,-0.006934992595909691,-0.0051630206590180736
2022-05-09,-0.03924437040519513,-0.03715100282357648,-0.002093367581618648
2022-05-10,0.012031556437569035,0.0026692371592210453,0.00936231927834799
2022-05-11,-0.029775646521961074,-0.01843894224921253,-0.011336704272748546
2022-05-12,-0.0024813701614939676,-0.0012218585644871388,-0.0012595115970068288
2022-05-13,0.036942611341836074,0.02772209712575594,0.009220514216080132
2022-05-16,-0.011709099178228488,-0.004717848149514595,-0.006991251028713893
2022-05-17,0.025784134884027088,0.023850276631589805,0.001933858252437283
2022-05-18,-0.04920784179363169,-0.04677228431552336,-0.0024355574781083286
2022-05-19,-0.005475500843918235,-0.007115425047927997,0.0016399242040097623
2022-05-20,-0.0032251783631788156,0.0004954117127782199,-0.0037205900759570355
2022-05-23,0.016509955648814634,0.021692526035787096,-0.005182570386972462
2022-05-24,-0.02137952319920411,-0.008866256924165922,-0.012513266275038187
2022-05-25,0.013878114737778446,0.010237272200749622,0.0036408425370288242
2022-05-26,0.027589929588245132,0.02316724521004866,0.004422684378196474
2022-05-27,0.032522208055291824,0.028466074397772694,0.004056133657519129
2022-05-31,-0.002770229336735208,-0.006519907082481512,0.003749677745746304
2022-06-01,-0.0075131563895143305,-0.009393715211606158,0.0018805588220918278
2022-06-02,0.027268546170984953,0.022079223806294766,0.0051893223646901875
2022-06-03,-0.026137013984712354,-0.019048346072160795,-0.0070886679125515585
2022-06-06,0.0032138886381449794,0.003520977841057963,-0.0003070892029129837
2022-06-07,0.008508411356292767,0.011116025918314655,-0.0026076145620218885
2022-06-08,-0.007313830274743527,-0.012622917745597852,0.005309087470854325
2022-06-09,-0.026901807667856215,-0.027598968282918173,0.0006971606150619584
2022-06-10,-0.03538770172667427,-0.033645905843331235,-0.001741795883343035
2022-06-13,-0.04661382079778287,-0.04405405442862355,-0.002559766369159319
2022-06-14,0.001698380659243659,-0.003506556477162849,0.005204937136406507
2022-06-15,0.02485421013678213,0.016526342638058113,0.008327867498724016
2022-06-16,-0.04046359917755049,-0.038402198199739314,-0.002061400977811177
2022-06-17,0.01204233430938273,0.002489451306325243,0.009552883003057486
2022-06-21,0.02511214800306827,0.029190381935457668,-0.004078233932389399
2022-06-22,-0.0015759803644609383,-0.0021141372751384223,0.0005381569106774841
2022-06-23,0.014775891102577488,0.011359882835364467,0.0034160082672130207
2022-06-24,0.03414599781230909,0.03686956222418182,-0.002723564411872728
2022-06-27,-0.007448736953889812,-0.004441674135657087,-0.003007062818232725
2022-06-28,-0.030584145005075336,-0.02371325765506878,-0.006870887350006558
2022-06-29,0.0007993220533750733,-0.0009554473021166,0.0017547693554916732
2022-06-30,-0.012520142596374573,-0.009435222778226159,-0.003084919818148414
2022-07-01,0.006483384337603537,0.012257371616673672,-0.005773987279070135
2022-07-05,0.017002333008607096,0.002179761415771225,0.01482257159283587
2022-07-06,0.006294639732296936,0.003906693559356112,0.002387946172940824
2022-07-07,0.021281804974263796,0.01736252152025634,0.003919283454007456
2022-07-08,0.0011366220927282455,-0.0009655368181402075,0.002102158910868453
2022-07-11,-0.021481250933214624,-0.013262358778752127,-0.008218892154462497
2022-07-12,-0.009804705698659655,-0.010275508356914792,0.00047080265825513723
2022-07-13,-0.0021786390369805675,-0.006103188835199855,0.003924549798219288
2022-07-14,0.003453693991329665,-0.002827884429759191,0.006281578421088856
2022-07-15,0.01802202826908128,0.022150783442322592,-0.0041287551732413115
2022-07-18,-0.008580311270091179,-0.009589132854172382,0.0010088215840812036
2022-07-19,0.030636277012694002,0.03133103216583455,-0.0006947551531405471
2022-07-20,0.015739068602547368,0.0073817281928694155,0.008357340409677953
2022-07-21,0.01423772364681497,0.011801443216442418,0.0024362804303725526
2022-07-22,-0.01765273885227825,-0.010773623465677576,-0.006879115386600673
2022-07-25,-0.005812795534428483,0.001398196461720964,-0.007210991996149448
2022-07-26,-0.019766259887772253,-0.013735029115036705,-0.006031230772735548
2022-07-27,0.042142413342953544,0.030110057805112337,0.012032355537841207
2022-07-28,0.009660733725306958,0.014537681649386158,-0.0048769479240792
2022-07-29,0.018119595804304334,0.016900368197052113,0.0012192276072522205
2022-08-01,-0.0007194246188001463,-0.003446074648176729,0.0027266500293765825
2022-08-02,-0.0030987746131490024,-0.007663917110607259,0.004565142497458256
2022-08-03,0.02711513214203376,0.018153885498183822,0.008961246643849938
2022-08-04,0.004559474261290886,-0.0007946277355483236,0.005354101996839209
2022-08-05,-0.008286533949163455,-0.0019717689592182778,-0.006314764989945177
2022-08-08,-0.003349745619686373,-0.0013575614417519236,-0.0019921841779344494
2022-08-09,-0.011435849228373929,-0.004617368503217865,-0.006818480725156064
2022-08-10,0.027793693694316612,0.024353238506980464,0.0034404551873361486
2022-08-11,-0.0057934943106432435,-1.1050257624417177e-05,-0.005782444053018827
2022-08-12,0.019353285015282662,0.01962667079680381,-0.0002733857815211474
2022-08-15,0.00796420765429895,0.004768975019453432,0.0031952326348455174
2022-08-16,-0.002459356681375313,0.002261218388290642,-0.004720575069665955
2022-08-17,-0.011523311182065954,-0.008244804938099067,-0.003278506243966887
2022-08-18,0.002287796042018897,0.0033602131541777026,-0.0010724171121588057
2022-08-19,-0.019614607032760745,-0.015599165831068759,-0.004015441201691986
2022-08-22,-0.026444484287918235,-0.02416492855160285,-0.002279555736315386
2022-08-23,-0.0009444610550771726,-0.002817156431339369,0.0018726953762621965
2022-08-24,0.0027800938453106383,0.0037020934317242484,-0.0009219995864136101
2022-08-25,0.017564609083655203,0.01636523607047563,0.0011993730131795721
2022-08-26,-0.04110583962448,-0.039275699434097734,-0.0018301401903822664
2022-08-29,-0.009972649132553357,-0.007681227215144494,-0.0022914219174088634
2022-08-30,-0.011253774118607285,-0.012745215935488542,0.0014914418168812567
2022-08-31,-0.00593067193631136,-0.008837495702339392,0.002906823766028032
2022-09-01,0.00031707645794898376,0.0036288713903322015,-0.003311794932383218
2022-09-02,-0.014245293611595211,-0.012242674013328939,-0.002002619598266272
2022-09-06,-0.007299956858517698,-0.004387760198289313,-0.0029121966602283847
2022-09-07,0.020084261616689636,0.020828028684167887,-0.0007437670674782515
2022-09-08,0.005067225832419364,0.007571116685680223,-0.0025038908532608586
2022-09-09,0.021744869712574832,0.01800973844910385,0.003735131263470984
2022-09-12,0.011768102699549754,0.012456141072279768,-0.0006880383727300137
2022-09-13,-0.054953995140128,-0.050450625342289813,-0.0045033697978381845
2022-09-14,0.007815750533345822,0.00441546096842262,0.003400289564923202
2022-09-15,-0.016770714653997376,-0.013180857167059414,-0.0035898574869379623
2022-09-16,-0.006232119721479745,-0.008860380396400353,0.0026282606749206076
2022-09-19,0.007669953680174313,0.008984540115663164,-0.0013145864354888511
2022-09-20,-0.008088279580289237,-0.013326035081206734,0.005237755500917497
2022-09-21,-0.018023663479819763,-0.020245848862726335,0.0022221853829065726
2022-09-22,-0.01242470709049659,-0.00975504703488866,-0.0026696600556079288
2022-09-23,-0.016399030042046125,-0.019446175894175962,0.0030471458521298365
2022-09-26,-0.0042553041357695776,-0.011486665594419191,0.0072313614586496135
2022-09-27,0.00028397144692582366,-0.002972272326816457,0.0032562437737422806
2022-09-28,0.019774639963681118,0.02281358890888975,-0.0030389489452086332
2022-09-29,-0.028944845271143715,-0.02424216885014335,-0.004702676421000366
2022-09-30,-0.017074166613824993,-0.017948777906334076,0.0008746112925090838
2022-10-03,0.023343196583419212,0.030614318640425058,-0.007271122057005846
2022-10-04,0.03132357916849737,0.03593311619899472,-0.004609537030497345
2022-10-05,-0.0006490541142238904,-0.002711551245835807,0.0020624971316119166
2022-10-06,-0.00799020111122184,-0.011977535735871726,0.003987334624649886
2022-10-07,-0.038221437420128845,-0.03236764360422281,-0.005853793815906033
2022-10-10,-0.010113758739994871,-0.00886786223185438,-0.0012458965081404913
2022-10-11,-0.013855223305889286,-0.0073573800490738025,-0.0064978432568154835
2022-10-12,-0.0004599340838585819,-0.0038372700569368357,0.003377335973078254
2022-10-13,0.023335012864392102,0.030602583438921433,-0.007267570574529331
2022-10-14,-0.030174484154459114,-0.026446034877952676,-0.0037284492765064375
2022-10-17,0.0329040280650581,0.029797260091033315,0.0031067679740247843
2022-10-18,0.007790756223595041,0.013618592554043853,-0.005827836330448812
2022-10-19,-0.003764349943290224,-0.008231298276187049,0.004466948332896825
2022-10-20,-0.005219100179067793,-0.009738098033671164,0.004518997854603371
2022-10-21,0.023330856152073975,0.028178367368790494,-0.0048475112167165185
2022-10-24,0.010883792156889838,0.014183353017121602,-0.0032995608602317643
2022-10-25,0.020568478027239268,0.018512407699529658,0.0020560703277096096
2022-10-26,-0.02221345926240459,-0.008750664594221814,-0.013462794668182775
2022-10-27,-0.01832334722894935,-0.0062051109861448695,-0.012118236242804479
2022-10-28,0.03048329945985717,0.027585884709800515,0.0028974147500566566
2022-10-31,-0.011745110015187743,-0.008390095265637434,-0.003355014749550309
2022-11-01,-0.010335102838918364,-0.005087074714243735,-0.005248028124674629
2022-11-02,-0.0343945748077078,-0.02912233588581056,-0.005272238921897241
2022-11-03,-0.01965174669678793,-0.011955536851171905,-0.007696209845616026
2022-11-04,0.015967554999078537,0.016684980090844126,-0.0007174250917655889
2022-11-07,0.010876956145836392,0.011084904132227269,-0.00020794798639087696
2022-11-08,0.0071699040565118555,0.006247590182229147,0.0009223138742827089
2022-11-09,-0.02319347847280262,-0.023909212388667098,0.0007157339158644777
2022-11-10,0.07367115180382178,0.06373534251045306,0.009935809293368722
2022-11-11,0.0183088607485955,0.011215647373235079,0.0070932133753604226
2022-11-14,-0.008868460102705478,-0.009878597295632927,0.0010101371929274496
2022-11-15,0.013721221850709231,0.009882513090406988,0.0038387087603022427
2022-11-16,-0.013766938459010336,-0.00886026508450827,-0.004906673374502067
2022-11-17,-0.002324407521640759,-0.0035601524521313953,0.0012357449304906364
2022-11-18,-8.234070228940737e-05,0.005255545088030321,-0.005337885790319729
2022-11-21,-0.01040417998976162,-0.0042288748808579565,-0.006175305108903663
2022-11-22,0.01428540128651612,0.015598937104311653,-0.0013135358177955338
2022-11-23,0.009919213055157972,0.007298805218948343,0.0026204078362096284
2022-11-25,-0.00669571352544196,-0.0002705708046874911,-0.006425142720754468
2022-11-28,-0.014790390499679007,-0.018521095169972836,0.0037307046702938287
2022-11-29,-0.007686876317579694,-0.002003268830131271,-0.005683607487448423
2022-11-30,0.04546830899470389,0.03652949378865126,0.008938815206052629
2022-12-01,0.0011097884639637012,-0.0008646836541698814,0.0019744721181335825
2022-12-02,-0.004100465584903401,-0.0013493667364522415,-0.0027510988484511596
2022-12-05,-0.016900595860127376,-0.020878590033243247,0.003977994173115871
2022-12-06,-0.02083803254937988,-0.016731948242507694,-0.004106084306872187
2022-12-07,-0.0041997953336391225,-0.0019844203556303864,-0.002215374978008736
2022-12-08,0.011717698601223292,0.00907637758115738,0.0026413210200659128
2022-12-09,-0.006493953632410787,-0.00867660384581332,0.002182650213402533
2022-12-12,0.012433840744412894,0.01671285648745937,-0.004279015743046476
2022-12-13,0.010632872761370482,0.008769972625551398,0.001862900135819084
2022-12-14,-0.007530997082551005,-0.0074277861380014345,-0.00010321094454957078
2022-12-15,-0.033693784292288864,-0.028386230238374024,-0.00530755405391484
2022-12-16,-0.009652026168576522,-0.013706077283757945,0.004054051115181423
2022-12-19,-0.014170697230251439,-0.009847528650640093,-0.0043231685796113455
2022-12-20,-0.000895630802387748,0.0015762500823306629,-0.0024718808847184106
2022-12-21,0.014388741395903626,0.017333844947645595,-0.002945103551741969
2022-12-22,-0.024582562838611155,-0.016559692921532285,-0.00802286991707887
2022-12-23,0.002131780560051366,0.006661479013426803,-0.0045296984533754366
2022-12-27,-0.01425546051200588,-0.004585502242221922,-0.009669958269783958
2022-12-28,-0.013320105166616414,-0.014427360417313906,0.001107255250697492
2022-12-29,0.024257933346956584,0.020869261299057976,0.0033886720478986075
2022-12-30,-0.00071770972715135,-0.0030664790143562727,0.0023487692872049227
2023-01-03,-0.006877069535272118,-0.004894543942295623,-0.001982525592976495
2023-01-04,0.004646535988770184,0.008944047975279572,-0.0042975119865093885
2023-01-05,-0.015771794457146826,-0.0132503011766391,-0.002521493280507726
2023-01-06,0.027484385466828076,0.026590072652610115,0.0008943128142179617
2023-01-09,0.006355957921440725,-0.00066863467744468,0.0070245925988854045
2023-01-10,0.008347351857089125,0.008123930154129962,0.0002234217029591628
2023-01-11,0.017182632036044643,0.014660178307045088,0.0025224537289995543
2023-01-12,0.005287156177337993,0.004212378458208471,0.0010747777191295214
2023-01-13,0.006763326568683725,0.0044890692023567495,0.0022742573663269757
2023-01-17,0.0019111889494216605,-0.002136052035225767,0.0040472409846474275
2023-01-18,-0.013117088577172864,-0.01832492900020314,0.005207840423030276
2023-01-19,-0.009941653330459044,-0.008455680827849303,-0.0014859725026097406
2023-01-20,0.027249458732331977,0.021598427107441663,0.005651031624890314
2023-01-23,0.02209859509301193,0.013907230624270066,0.008191364468741864
2023-01-24,-0.0021588953233068198,-0.0012559113265260182,-0.0009029839967808016
2023-01-25,-0.002337044318975412,0.00042365291764356254,-0.0027606972366189747
2023-01-26,0.01938064510091131,0.012737562279441414,0.006643082821469895
2023-01-27,0.009836741473224775,0.002654379447199896,0.007182362026024879
2023-01-30,-0.020335832172274193,-0.014565118755531964,-0.0057707134167422295
2023-01-31,0.014868689361663856,0.017044627011539838,-0.002175937649875982
2023-02-01,0.02126621711265053,0.012317238463930217,0.008948978648720315
2023-02-02,0.03577254317269629,0.0168748722627665,0.018897670909929793
2023-02-03,-0.017889705481603957,-0.012340684469609741,-0.005549021011994216
2023-02-06,-0.008576516801870882,-0.007100207036181865,-0.0014763097656890168
2023-02-07,0.02060148810848772,0.015160063167455126,0.005441424941032594
2023-02-08,-0.01789835983838306,-0.012695358765868178,-0.005203001072514882
2023-02-09,-0.00895524819831195,-0.01006718494119357,0.0011119367428816217
2023-02-10,-0.0066806082946456735,0.0026961705430516413,-0.009376778837697315
2023-02-13,0.015898629924821606,0.013605862950668636,0.00229276697415297
2023-02-14,0.007272000413408808,-0.0005447330388388069,0.007816733452247615
2023-02-15,0.007543677342082056,0.0037557874342966794,0.0037878899077853764
2023-02-16,-0.018881494051549375,-0.01598286980897202,-0.002898624242577353
2023-02-17,-0.007172682937387487,-0.002908876881710916,-0.004263806055676571
2023-02-21,-0.023792690338916178,-0.023281720660766503,-0.0005109696781496753
2023-02-22,0.0006308553055434096,-0.001609611702630145,0.0022404670081735546
2023-02-23,0.008616828180997516,0.006159503146420429,0.0024573250345770866
2023-02-24,-0.016861477072830255,-0.012402545490042757,-0.004458931582787498
2023-02-27,0.007043937532414057,0.003939729443096296,0.0031042080893177613
2023-02-28,-0.0014101377813416915,-0.004298509587641169,0.0028883718062994775
2023-03-01,-0.008156553720464532,-0.004460539085916623,-0.003696014634547909
2023-03-02,0.008158739638264079,0.009010449137805198,-0.0008517094995411194
2023-03-03,0.02055650417736188,0.01859274636310715,0.0019637578142547296
2023-03-06,0.0010173411965521684,0.0007925258914616198,0.0002248153050905486
2023-03-07,-0.012383301263811153,-0.017792361301134055,0.005409060037322902
2023-03-08,0.004877115697387913,0.0018822259758094727,0.00299488972157844
2023-03-09,-0.017443509427446213,-0.021412521007051103,0.00396901157960489
2023-03-10,-0.014160837935711656,-0.0167493173712972,0.0025884794355855445
2023-03-13,0.007299269950222342,-0.0016642073227822577,0.0089634772730046
2023-03-14,0.022862173692243415,0.019163426735287,0.003698746956956416
2023-03-15,0.005128848434212241,-0.007265920140100985,0.012394768574313226
2023-03-16,0.026243462142451435,0.020341089679136625,0.00590237246331481
2023-03-17,-0.004843237898088382,-0.01357430924198802,0.008731071343899638
2023-03-20,0.003431459037842588,0.011143092767837853,-0.007711633729995265
2023-03-21,0.014165145628773024,0.015220162328764705,-0.0010550166999916816
2023-03-22,-0.013715319546893534,-0.019784805715635984,0.0060694861687424495
2023-03-23,0.011740748656978717,0.0031247962062043453,0.008615952450774372
2023-03-24,0.0035632681048465287,0.007600822666266192,-0.004037554561419663
2023-03-27,-0.0069687909814356575,0.002158046510149976,-0.009126837491585634
2023-03-28,-0.005428879040774048,-0.0026146894379122446,-0.002814189602861804
2023-03-29,0.018116443565575846,0.016849241680403828,0.001267201885172018
2023-03-30,0.009348315024394038,0.006781013973978883,0.0025673010504151557
2023-03-31,0.016513349749982975,0.016338556498517853,0.0001747932514651225
2023-04-03,-0.002547739678008587,0.004409087856602145,-0.006956827534610732
2023-04-04,-0.003490676792639036,-0.0064467359777523325,0.0029560591851132967
2023-04-05,-0.009989855126673497,-0.0030481645498166344,-0.006941690576856863
2023-04-06,0.006625097601064667,0.0045137356377377875,0.002111361963326879
2023-04-10,-0.0006833425010802641,0.0011796103334391931,-0.0018629528345194572
2023-04-11,-0.006535065056648026,0.00030058114468874337,-0.006835646201336769
2023-04-12,-0.008951099870616264,-0.004739176007766308,-0.004211923862849956
2023-04-13,0.019464829553731855,0.015396894629677102,0.004067934924054753
2023-04-14,-0.001997284047007386,-0.002844674748593463,0.0008473907015860769
2023-04-17,0.0007304663220528695,0.004151121316311721,-0.003420654994258852
2023-04-18,-5.469637564980978e-05,0.0007457565646333315,-0.0008004529402831413
2023-04-19,-0.0005879019987152789,-0.00020694023283014188,-0.0003809617658851371
2023-04-20,-0.007741736591030612,-0.006341324359414525,-0.0014004122316160876
2023-04-21,0.0009261434644294297,0.0008899474673072277,3.6195997122202015e-05
2023-04-24,-0.002201826363941728,0.001199100447719991,-0.003400926811661719
2023-04-25,-0.01898116367227931,-0.018424605541088053,-0.0005565581311912579
2023-04-26,0.005947538187527801,-0.004924423744403236,0.010871961931931037
2023-04-27,0.027073420479508448,0.023082294790272025,0.003991125689236423
2023-04-28,0.006781496445459778,0.009889782409880818,-0.00310828596442104
2023-05-01,-0.0012641098390149264,-0.0011824164508025508,-8.169338821237553e-05
2023-05-02,-0.008839060973826918,-0.013048548483977759,0.004209487510150841
2023-05-03,-0.006661170215336187,-0.00797322449913951,0.0013120542838033229
2023-05-04,-0.003647497483489359,-0.008227296996115668,0.0045797995126263084
2023-05-05,0.02113712724289818,0.021463468819432945,-0.0003263415765347652
2023-05-08,0.0023603938782152944,0.0002982109495052016,0.002062182928710093
2023-05-09,-0.006450603458867499,-0.005098024098523616,-0.0013525793603438828
2023-05-10,0.010764485042423777,0.005408960330035846,0.005355524712387931
2023-05-11,0.003143094459447493,-0.0020342021307385035,0.005177296590185997
2023-05-12,-0.003704439818450367,-0.0015307743847980655,-0.0021736654336523015
2023-05-15,0.005297646695914926,0.00399091867637,0.0013067280195449256
2023-05-16,0.0010151339262156611,-0.007762881050800573,0.008778014977016234
2023-05-17,0.011986890052867016,0.014070135717869796,-0.0020832456650027795
2023-05-18,0.018455972189924008,0.01116322205093064,0.007292750138993368
2023-05-19,-0.002370711667240677,-0.0016989328489791157,-0.0006717788182615612
2023-05-22,0.0032408284609690696,0.0004602121356020638,0.002780616325367006
2023-05-23,-0.012793761742716736,-0.01302966005600768,0.00023589831329094355
2023-05-24,-0.00524677733628931,-0.00841476186269713,0.0031679845264078205
2023-05-25,0.024215511042964932,0.010034256815951369,0.014181254227013563
2023-05-26,0.025433128144495942,0.015011644088563963,0.01042148405593198
2023-05-30,0.00441778094372669,0.0004307179838647302,0.00398706295986196
2023-05-31,-0.005803477692474468,-0.0064433488647761715,0.0006398711723017035
2023-06-01,0.011434983762746764,0.011010012844412696,0.0004249709183340687
2023-06-02,0.007382439246003347,0.01676387660367439,-0.009381437357671042
2023-06-05,0.0005875826390222549,-0.002233842540893952,0.0028214251799162067
2023-06-06,-0.00028639231924243447,0.002514706702368237,-0.0028010990216106716
2023-06-07,-0.017082738260921104,-0.004021991428487992,-0.013060746832433112
2023-06-08,0.012296019848812678,0.0070052364323125015,0.005290783416500177
2023-06-09,0.0037054264839819773,0.002070368882084886,0.0016350576018970913
2023-06-12,0.0167796750347593,0.010512354608176457,0.0062673204265828435
2023-06-13,0.007566726427491455,0.007636659353370445,-6.993292587899064e-05
2023-06-14,0.0071501764650647726,0.0013702582987515223,0.00577991816631325
2023-06-15,0.01179866097318305,0.01437015472803583,-0.0025714937548527803
2023-06-16,-0.006410144171820509,-0.0039622014480561706,-0.0024479427237643382
2023-06-20,-0.0015490381559126742,-0.006029356544211087,0.004480318388298413
2023-06-21,-0.013744968241809374,-0.005954504021963189,-0.007790464219846185
2023-06-22,0.011681519647008809,0.00417610785551691,0.007505411791491899
2023-06-23,-0.010030769175828569,-0.0087806053629192,-0.0012501638129093686
2023-06-26,-0.013522676397480948,-0.004750402523156095,-0.008772273874324853
2023-06-27,0.017076937405564818,0.012706409195789185,0.004370528209775633
2023-06-28,0.001833984406009348,0.0005737784142855772,0.0012602059917237707
2023-06-29,-0.002119560564879941,0.0045609787710779,-0.006680539335957841
2023-06-30,0.015302763890265636,0.013677691695165164,0.0016250721951004722
2023-07-03,0.0022375769838092197,0.0013235391490218588,0.0009140378347873609
2023-07-05,-0.00014422097094068942,-0.0017361568209434668,0.0015919358500027774
2023-07-06,-0.007733331535455412,-0.009094471150694346,0.0013611396152389335
2023-07-07,-0.0034372319359874393,-0.002939813133832081,-0.0004974188021553581
2023-07-10,0.00021029264201222198,0.002925125899758336,-0.002714833257746114
2023-07-11,0.004823255409342364,0.007376338932538105,-0.0025530835231957413
2023-07-12,0.012512702122301711,0.009322312047784187,0.0031903900745175236
2023-07-13,0.016861410886984007,0.009195665440947043,0.007665745446036964
2023-07-14,-0.0003283467775935245,-0.0007336762912740402,0.0004053295136805157
2023-07-17,0.009221418674500992,0.004016864402292517,0.005204554272208475
2023-07-18,0.0080633716682601,0.008608294130312116,-0.0005449224620520162
2023-07-19,-0.00035090242023516627,0.0025684473732093148,-0.002919349793444481
2023-07-20,-0.023169108721711962,-0.007706945355960297,-0.015462163365751666
2023-07-21,-0.0031165275352802446,-1.1050257624417177e-05,-0.0031054772776558273
2023-07-24,0.001480062467070109,0.005170958691929961,-0.003690896224859852
2023-07-25,0.0066604280486251,0.0031558111595073692,0.0035046168891177307
2023-07-26,-0.003443761542441748,0.00016725370619314305,-0.003611015248634891
2023-07-27,-0.002501275200597841,-0.007701788152403506,0.005200512951805665
2023-07-28,0.018097353061850452,0.011345682207280596,0.006751670854569855
2023-07-31,0.0004041441070925522,0.0021975824796970317,-0.0017934383726044795
2023-08-01,-0.0024368608695695126,-0.0033303855713779393,0.0008935247018084266
2023-08-02,-0.02206156445281693,-0.016147661930837904,-0.005913902521979025
2023-08-03,-0.0017198776517672876,-0.0033353620213699402,0.0016154843696026527
2023-08-04,-0.004798918130661578,-0.005257327107094106,0.00045840897643252814
2023-08-07,0.008349289402373561,0.010113949520922042,-0.0017646601185484813
2023-08-08,-0.008619574875829095,-0.005055466360885045,-0.00356410851494405
2023-08-09,-0.011111997010203267,-0.0077660554262297815,-0.0033459415839734857
2023-08-10,0.0017311558539609972,0.00040549087895578993,0.0013256649750052073
2023-08-11,-0.006493008843621806,-0.0006874291168170838,-0.005805579726804722
2023-08-14,0.011104736670555448,0.006392077755954842,0.004712658914600607
2023-08-15,-0.010728698500294898,-0.013523628823507527,0.0027949303232126296
2023-08-16,-0.010706415419048376,-0.008523271440209639,-0.0021831439788387377
2023-08-17,-0.011040199974583498,-0.008850059471308121,-0.0021901405032753764
2023-08-18,-0.001372206272278742,0.0005470877387360269,-0.001919294011014769
2023-08-21,0.015994104350192995,0.00753647807809075,0.008457626272102245
2023-08-22,-0.001546187072974936,-0.003153213524364444,0.001607026451389508
2023-08-23,0.015651273206662486,0.012908747977598263,0.0027425252290642233
2023-08-24,-0.021493155001492625,-0.016087577456724584,-0.005405577544768041
2023-08-25,0.007634389718028434,0.008166759993064696,-0.0005323702750362619
2023-08-28,0.007409710173733375,0.007344909519632254,6.480065410112076e-05
2023-08-29,0.02172238981168051,0.016756470893321846,0.004965918918358663
2023-08-30,0.005459795662579925,0.004766651896215342,0.0006931437663645831
2023-08-31,0.0028809588757992,-0.0017083773152124474,0.004589336191011647
2023-09-01,-0.001175593090056548,0.00215229036992155,-0.003327883459978098
2023-09-05,0.0011540218264214364,-0.005024364977629091,0.006178386804050528
2023-09-06,-0.008925207395800161,-0.007809045580264288,-0.0011161618155358733
2023-09-07,-0.007268996544351869,-0.003572583298054799,-0.00369641324629707
2023-09-08,0.0012803249325539223,0.001736212828381449,-0.0004558878958275266
2023-09-11,0.01166541221372941,0.0076176564274213114,0.004047755786308098
2023-09-12,-0.01120566374045262,-0.006374280910682952,-0.004831382829769668
2023-09-13,0.0036917243097704944,0.0013413824653765482,0.002350341844393946
2023-09-14,0.00805989579883093,0.009991057778237812,-0.0019311619794068827
2023-09-15,-0.017240271756414738,-0.013987110016972048,-0.0032531617394426903
2023-09-18,0.0009251355991823917,0.0006690422516070433,0.0002560933475753485
2023-09-19,-0.002248611656338051,-0.0024165150151507393,0.0001679033588126884
2023-09-20,-0.014527883778536421,-0.01067526611482069,-0.003852617663715731
2023-09-21,-0.0184415779528867,-0.019183937446288706,0.0007423594934020047
2023-09-22,2.244914800186848e-05,-0.002619214472678833,0.0026416636206807015
2023-09-25,0.004632243560559912,0.00486688358557292,-0.00023464002501300766
2023-09-26,-0.015133286308438021,-0.01705281937680773,0.0019195330683697102
2023-09-27,0.0022259040517254025,0.00045185113985397955,0.001774052911871423
2023-09-28,0.00824783802409046,0.006714070146362431,0.0015337678777280284
2023-09-29,0.0006088815660392211,-0.0028262051184306577,0.0034350866844698787
2023-10-02,0.00822858909037838,-0.00047239035432529723,0.008700979444703678
2023-10-03,-0.0176671184924434,-0.015538844612617158,-0.002128273879826243
2023-10-04,0.013491349956508802,0.00843583864962011,0.005055511306888692
2023-10-05,-0.0030637580873157377,-0.0004478622582772577,-0.0026158958290384803
2023-10-06,0.016638091852705594,0.013761301667011226,0.0028767901856943685
2023-10-09,0.004982672413502698,0.007415461990036296,-0.002432789576533598
2023-10-10,0.0054208291654904706,0.006026448532689309,-0.0006056193671988381
2023-10-11,0.007017952644116976,0.00474058410168865,0.0022773685424283263
2023-10-12,-0.0035923782020886863,-0.007082822385256308,0.0034904441831676214
2023-10-13,-0.01268732352845825,-0.005789090128373155,-0.0068982334000850945
2023-10-16,0.011189098321355173,0.012193996538608084,-0.0010048982172529107
2023-10-17,-0.0033926074136275686,-6.428971328013356e-05,-0.003328317700347435
2023-10-18,-0.013235296938758911,-0.015468080573279358,0.002232783634520447
2023-10-19,-0.00947409263132526,-0.010203027992851272,0.0007289353615260123
2023-10-20,-0.015035319485779963,-0.014265461124358319,-0.0007698583614216443
2023-10-23,0.002900273360029626,-0.002021413035837356,0.004921686395866982
2023-10-24,0.00961064905820197,0.008734775631722579,0.000875873426479391
2023-10-25,-0.02459298787929376,-0.01665959484012257,-0.007933393039171191
2023-10-26,-0.019184561628397878,-0.013901533742012128,-0.00528302788638575
2023-10-27,0.0046841099505352535,-0.0052691778981144655,0.009953287848649718
2023-10-30,0.011147721265430732,0.013857784509430924,-0.002710063244000192
2023-10-31,0.004665295099075317,0.007273995578462433,-0.0026087004793871153
2023-11-01,0.017239514202880724,0.01235984445955182,0.004879669743328903
2023-11-02,0.018036007008097377,0.02221956255453644,-0.004183555546439063
2023-11-03,0.011631432889192439,0.0105720187149252,0.0010594141742672394
2023-11-06,0.003961962109383599,0.002657505017694019,0.0013044570916895797
2023-11-07,0.0093354403339021,0.0032903466062342715,0.006045093727667829
2023-11-08,0.0005266002007269233,0.0008385430991365363,-0.00031194289840961304
2023-11-09,-0.007812823737791574,-0.009057646986248957,0.0012448232484573822
2023-11-10,0.022365010545251307,0.0180904156355893,0.0042745949096620085
2023-11-13,-0.003236049588119072,-0.0011167348518518663,-0.002119314736267206
2023-11-14,0.021409288314051977,0.022493651449425337,-0.0010843631353733597
2023-11-15,0.0006352848633786046,0.0024448392226945367,-0.0018095543593159322
2023-11-16,0.0007386014205190694,0.00140764804697364,-0.0006690466264545707
2023-11-17,0.00011550905240298448,0.0014319397993776677,-0.0013164307469746832
2023-11-20,0.012057945664331493,0.008918069602819417,0.0031398760615120765
2023-11-21,-0.005927055759082811,-0.002539411675730993,-0.003387644083351818
2023-11-22,0.003975905959083148,0.004467657187216533,-0.0004917512281333849
2023-11-24,-0.0015275214291607941,0.0007028093592293292,-0.002230330788390123
2023-11-27,-0.0009899743566464947,-0.0021001638146118436,0.001110189457965349
2023-11-28,0.002503472898082393,0.0011374289331468417,0.0013660439649355511
2023-11-29,-0.0010911987807730172,-0.0008270282118195712,-0.0002641705689534461
2023-11-30,-0.0026312506869407004,0.004556423634170043,-0.007187674321110744
2023-12-01,0.0027374113824092383,0.006851317755575438,-0.0041139063731662
2023-12-04,-0.009400761629164478,-0.006100261985043198,-0.00330049964412128
2023-12-05,0.002393590807487689,-0.0002397147325388161,0.002633305540026505
2023-12-06,-0.0059013137537128335,-0.004685482311526817,-0.0012158314421860167
2023-12-07,0.01385512827201918,0.008840200352530627,0.005014927919488552
2023-12-08,0.004339322817066282,0.004975972144292183,-0.0006366493272259004
2023-12-11,0.008425055745824528,0.00450078301497951,0.003924272730845018
2023-12-12,0.007846760829008259,0.005286889694628029,0.00255987113438023
2023-12-13,0.01259989634629921,0.01598526547829,-0.003385369131990789
2023-12-14,-0.0009842520625585882,0.0037118732931509966,-0.004696125355709585
2023-12-15,0.004716654870198678,-0.0019209366978755601,0.006637591568074238
2023-12-18,0.006181336574469842,0.006514097036479269,-0.0003327604620094269
2023-12-19,0.004992429247679064,0.0070426574094783105,-0.002050228161799246
2023-12-20,-0.01497704910779818,-0.016085472384237038,0.0011084232764388587
2023-12-21,0.0115181542245677,0.010987797687551851,0.0005303565370158494
2023-12-22,0.0013785472953982136,0.0023203024328576566,-0.000941755137459443
2023-12-26,0.006004539863298852,0.004886989220764831,0.001117550642534021
2023-12-27,0.0019183502801141117,0.002086336800047859,-0.00016798651993374727
2023-12-28,-0.000603349969925282,0.000427246878056357,-0.001030596847981639
2023-12-29,-0.004445046012774401,-0.0033691410820377568,-0.001075904930736644
2024-01-02,-0.017039437550119385,-0.006502899362663539,-0.010536538187455846
2024-01-03,-0.010698897672485996,-0.009484353046083463,-0.0012145446264025337
2024-01-04,-0.005263783584183335,-0.0037475569661686403,-0.0015162266180146944
2024-01-05,0.0010687388973822376,0.001577835676556509,-0.0005090967791742714
2024-01-08,0.02055075174687948,0.01654893226015439,0.004001819486725091
2024-01-09,0.001858098801636121,-0.0017708332363092682,0.0036289320379453895
2024-01-10,0.006660369562205171,0.00654917971283313,0.00011118984937204084
2024-01-11,0.0019633548529869316,-0.0005221519374491706,0.002485506790436102
2024-01-12,0.00039569890028778865,0.0007925729265616162,-0.0003968740262738276
2024-01-16,-0.0002149432239302307,-0.00426966846378374,0.004054725239853509
2024-01-17,-0.005757989818828579,-0.006459181064864899,0.0007011912460363192
2024-01-18,0.014076785925204671,0.010304559511027577,0.0037722264141770937
2024-01-19,0.019713684353334537,0.014449688480200944,0.005263995873133594
2024-01-22,0.001188585387807306,0.0024416263923071322,-0.0012530410044998262
2024-01-23,0.0040323456138469105,0.0033719724739362774,0.0006603731399106331
2024-01-24,0.005431866839155308,0.0012570531424138344,0.004174813696741474
2024-01-25,0.0011039480274388502,0.006297899709469768,-0.0051939516820309175
2024-01-26,-0.0060749511652280486,-0.0014846307584830273,-0.0045903204067450215
2024-01-29,0.010123260889876251,0.009175152411986695,0.0009481084778895556
2024-01-30,-0.006773917174016542,-0.0009079999217062902,-0.005865917252310252
2024-01-31,-0.019703569207026317,-0.018938979088848267,-0.0007645901181780497
2024-02-01,0.011658163211662798,0.015171086515048305,-0.003512923303385507
2024-02-02,0.016783361944006536,0.012200627379220081,0.004582734564786455
2024-02-05,-0.0014227877777950315,-0.004234816695925362,0.0028120289181303307
2024-02-06,-0.0021245403624660097,0.003356781771488745,-0.005481322133954755
2024-02-07,0.010172979498419998,0.009663729457118436,0.0005092500413015622
2024-02-08,0.001734593745442714,0.0005012313687447088,0.0012333623766980053
2024-02-09,0.009725694954923814,0.0066931663295645505,0.003032528625359263
2024-02-12,-0.004029713791135148,-0.0005202360775388769,-0.003509477713596271
2024-02-13,-0.01571446074997107,-0.015987856582133107,0.0002733958321620364
2024-02-14,0.010780024903481511,0.010530740247954229,0.0002492846555272824
2024-02-15,0.002860435453176491,0.007992597299801093,-0.005132161846624602
2024-02-16,-0.009184932477024121,-0.005787791105325077,-0.003397141371699044
2024-02-20,-0.007665470188525703,-0.006397334094681607,-0.0012681360938440953
2024-02-21,-0.00411915970998511,0.0010396951286486338,-0.005158854838633743
2024-02-22,0.02915847678350203,0.023995746022615342,0.005162730760886688
2024-02-23,-0.0030620753551280355,0.0007888771079491704,-0.003850952463077206
2024-02-26,-0.0006439729838720876,-0.004259477254594639,0.0036155042707225514
2024-02-27,0.002288104270720126,0.0021438547938400603,0.00014424947688006576
2024-02-28,-0.0054419044164875086,-0.001544289854562467,-0.003897614561925042
2024-02-29,0.008452110387781042,0.0041591643961873355,0.004292945991593707
2024-03-01,0.014939518310702393,0.010879287842641916,0.004060230468060477
2024-03-04,-0.0036854058111093213,-0.0012550268936544434,-0.002430378917454878
2024-03-05,-0.01806690393839705,-0.01160418416079647,-0.00646271977760058
2024-03-06,0.006166354879959091,0.005866934493045263,0.00029942038691382726
2024-03-07,0.015060979172650812,0.01150350522124255,0.003557473951408263
2024-03-08,-0.014552301856589178,-0.006973578548884503,-0.007578723307704675
2024-03-11,-0.003829911872315628,-0.0010084861441427581,-0.00282142572817287
2024-03-12,0.014217421104886663,0.012467342966439749,0.001750078138446914
2024-03-13,-0.007803166459682931,-0.0018291640389295712,-0.00597400242075336
2024-03-14,-0.002638569384986411,-0.0023041523217745175,-0.00033441706321189367
2024-03-15,-0.012004247492505393,-0.007976320329027037,-0.0040279271634783564
2024-03-18,0.009420023549467693,0.0068829762183535365,0.0025370473311141567
2024-03-19,0.0023742855573711807,0.006434999484353724,-0.004060713926982543
2024-03-20,0.011739442052501436,0.010718276627838542,0.0010211654246628944
2024-03-21,0.004614768591957752,0.003822280136495967,0.0007924884554617851
2024-03-22,0.0010265279977081931,-0.002209974274832772,0.003236502272540965
2024-03-25,-0.0037465084537073867,-0.003215990958272775,-0.0005305174954346116
2024-03-26,-0.003354859471739191,-0.0021535970200167787,-0.0012012624517224123
2024-03-27,0.0032887124783109734,0.00973745560992807,-0.006448743131617097
2024-03-28,-0.0019605869368325424,-0.00023286285564758525,-0.0017277240811849571
2024-04-01,0.0019996354725797527,-0.0020290135018022886,0.004028648974382041
2024-04-02,-0.008747445911089113,-0.007386381359129347,-0.0013610645519597665
2024-04-03,0.002127055960960522,0.0012630340919837452,0.000864021868976777
2024-04-04,-0.015407902214620295,-0.014169976173237021,-0.0012379260413832738
2024-04-05,0.011666501454154155,0.012107386044212375,-0.00044088459005822006
2024-04-08,0.00017776969619465177,0.0006376807785626423,-0.0004599110823679905
2024-04-09,0.003582293610145504,0.001330541846932987,0.002251751763212517
2024-04-10,-0.00884585433819185,-0.011625916754480858,0.0027800624162890083
2024-04-11,0.015850999237218444,0.008743267019650051,0.007107732217568392
2024-04-12,-0.016059254001580148,-0.016022623736480248,-3.663026509989967e-05
2024-04-15,-0.016568263527580118,-0.014543581644772393,-0.002024681882807725
2024-04-16,-2.4441726738322345e-05,-0.002126633472388727,0.0021021917456504045
2024-04-17,-0.012318637033698288,-0.006876172192180636,-0.005442464841517652
2024-04-18,-0.005823687269411515,-0.0023979772063307107,-0.0034257100630808042
2024-04-19,-0.020806414044959975,-0.010135941309171162,-0.010670472735788814
2024-04-22,0.009939308257697066,0.010671492765479474,-0.0007321845077824084
2024-04-23,0.014805585143523592,0.013754181411212183,0.0010514037323114088
2024-04-24,0.003270439041516582,-0.0005615724229651607,0.0038320114644817427
2024-04-25,-0.004947237834506346,-0.004417822277363939,-0.000529415557142407
2024-04-26,0.015314372813949984,0.010978754702994413,0.0043356181109555705
2024-04-29,0.003942963790273479,0.004096841617745703,-0.00015387782747222373
2024-04-30,-0.018973465172571813,-0.01838649911671637,-0.0005869660558554431
2024-05-01,-0.007347829048643395,-0.0037778702221951503,-0.0035699588264482447
2024-05-02,0.01264607852603783,0.010838752495165513,0.0018073260308723166
2024-05-03,0.019981152974215988,0.014367393445430423,0.005613759528785565
2024-05-06,0.010836147875960878,0.011968259346815358,-0.0011321114708544803
2024-05-07,4.167215045836059e-05,0.0012687736839662345,-0.001227101533507874
2024-05-08,-0.0007077217005884151,0.00010100864059119701,-0.0008087303411796121
2024-05-09,0.0020640484240892487,0.006673032091273868,-0.00460898366718462
2024-05-10,0.0022409701414787264,0.001483008028523362,0.0007579621129553645
2024-05-13,0.002190006406099121,0.00014481542299464768,0.0020451909831044734
2024-05-14,0.006315020047995112,0.005310841732500844,0.0010041783154942684
2024-05-15,0.015512819615237428,0.014353377354529602,0.0011594422607078252
2024-05-16,-0.002148497791891635,-0.0023976257617359443,0.0002491279698443095
2024-05-17,-0.0006041998191576026,0.0016563541225813082,-0.002260553941738911
2024-05-20,0.006855505087135949,0.001325325736231045,0.005530179350904904
2024-05-21,0.001839124062918307,0.0028337970536409353,-0.0009946729907226283
2024-05-22,-0.0003147667943710353,-0.0033505865956533856,0.0030358198012823503
2024-05-23,-0.0046157287465792285,-0.00848410786764809,0.0038683791210688614
2024-05-24,0.009339117025298993,0.007663928457941125,0.0016751885673578683
2024-05-28,0.003660315447253426,0.0007997721030156114,0.0028605433442378146
2024-05-29,-0.007165569938308636,-0.008134058803745237,0.0009684888654366008
2024-05-30,-0.010830725928922869,-0.00770630737303289,-0.0031244185558899785
2024-05-31,-0.0019775475278021037,0.010554355874454241,-0.012531903402256345
2024-06-03,0.005252137747891572,0.0009346239627932855,0.004317513785098287
2024-06-04,0.0026192306110048857,0.001285833440041943,0.0013333971709629426
2024-06-05,0.020042315420095713,0.013775690368155602,0.0062666250519401116
2024-06-06,-0.00046246540976180306,-3.308080777505365e-05,-0.0004293846019867494
2024-06-07,-0.0010021026167211788,-0.001420896251932558,0.00041879363521137914
2024-06-10,0.003921790275392967,0.0035729300883097603,0.00034886018708320645
2024-06-11,0.006745494216229497,0.002782744882977882,0.003962749333251615
2024-06-12,0.012980514521955033,0.009515973090897894,0.0034645414310571394
2024-06-13,0.005302889419019907,0.0023246093747074825,0.0029782800443124246
2024-06-14,0.005063879615336164,0.000694539513884018,0.004369340101452146
2024-06-17,0.012132612074480242,0.00922127879987782,0.0029113332746024227
2024-06-18,0.0001918428537950323,0.0029360376716688853,-0.002744194817873853
2024-06-20,-0.007825310013255593,-0.00316211027496986,-0.004663199738285733
2024-06-21,-0.0027964939676480283,-0.0015661475903276723,-0.001230346377320356
2024-06-24,-0.011502032188256517,-0.0037818895098603923,-0.007720142678396125
2024-06-25,0.011318305756458535,0.004455936117861285,0.006862369638597251
2024-06-26,0.0019478227440421492,0.0014368040288999333,0.0005110187151422159
2024-06-27,0.002464064496697338,0.0018176362375777113,0.0006464282591196267
2024-06-28,-0.005308239150878635,-0.004575836006147755,-0.0007324031447308805
2024-07-01,0.005747644715156097,0.0023762457654222216,0.0033713989497338756
2024-07-02,0.010382540792636785,0.007795586185943556,0.0025869546066932293
2024-07-03,0.008219772080434895,0.005165579658332706,0.003054192422102189
2024-07-05,0.01030954908555115,0.006678037820855065,0.003631511264696086
2024-07-08,0.0022610270119907128,0.0013274340271517701,0.0009335929848389426
2024-07-09,0.0007471715846303351,0.001116924899248179,-0.00036975331461784394
2024-07-10,0.01030920550666381,0.011467550201297076,-0.0011583446946332662
2024-07-11,-0.022047420584246802,-0.010013434117299175,-0.012033986466947626
2024-07-12,0.005757535635007693,0.007305760992552383,-0.0015482253575446895
2024-07-15,0.0025704717873611393,0.003179009131797674,-0.0006085373444365346
2024-07-16,0.0002656260825975032,0.006867978870252998,-0.006602352787655495
2024-07-17,-0.02947219749879193,-0.01627534853859313,-0.0131968489601988
2024-07-18,-0.004849810959495993,-0.008925450296885133,0.00407563933738914
2024-07-19,-0.008980846267623965,-0.007714286111021013,-0.0012665601566029527
2024-07-22,0.014780454024058143,0.011948321872108933,0.0028321321519492095
2024-07-23,-0.0036419690183228104,-0.0018305095345067762,-0.0018114594838160342
2024-07-24,-0.03598768225656512,-0.02629946046442349,-0.009688221792141634
2024-07-25,-0.01114499302537364,-0.006054978937679057,-0.005090014087694583
2024-07-26,0.010138577873766152,0.012980367428228971,-0.0028417895544628185
2024-07-29,0.0018915350702422007,0.0006709298657643672,0.0012206052044778336
2024-07-30,-0.013848590245854164,-0.005888225838080324,-0.00796036440777384
2024-07-31,0.02947644952558859,0.01884434628572971,0.01063210323985888
2024-08-01,-0.02433884964580102,-0.016437841397731412,-0.007901008248069608
2024-08-02,-0.023852265708873,-0.021608257019297545,-0.0022440086895754545
2024-08-05,-0.029933491533154166,-0.03379443917747245,0.0038609476443182827
2024-08-06,0.009437919629293745,0.010683713359748772,-0.0012457937304550266
2024-08-07,-0.010947130661677962,-0.0077644345351229474,-0.0031826961265550143
2024-08-08,0.030473561278832273,0.02680481658158231,0.003668744697249964
2024-08-09,0.005105140891549231,0.005104168531134493,9.723604147381104e-07
2024-08-12,0.002036284103218877,0.0005984166875763977,0.0014378674156424794
2024-08-13,0.024695445401201388,0.019065767000656673,0.0056296784005447145
2024-08-14,0.00020695201460574353,0.0036486105499657583,-0.003441658535360015
2024-08-15,0.025145852076392528,0.019871440815966004,0.005274411260426524
2024-08-16,0.0011684748575584436,0.002589518499187248,-0.0014210436416288042
2024-08-19,0.013018630211864002,0.011080417935737054,0.0019382122761269476
2024-08-20,-0.0022159053103530946,-0.0018976595226298473,-0.0003182457877232473
2024-08-21,0.004546802375412273,0.003975613212531501,0.000571189162880772
2024-08-22,-0.015972126933054054,-0.009115280905749045,-0.006856846027305009
2024-08-23,0.010728110909518973,0.012314206289111826,-0.0015860953795928528
2024-08-26,-0.00982550329162879,-0.00277625402088682,-0.007049249270741969
2024-08-27,0.0028699249526618065,0.0015817040478983324,0.001288220904763474
2024-08-28,-0.011464730706513104,-0.006745161635329823,-0.004719569071183281
2024-08-29,-0.0015811015095410497,9.293272278376613e-05,-0.0016740342323248159
2024-08-30,0.011802087862552213,0.011062339251447362,0.0007397486111048509
2024-09-03,-0.03047825422781869,-0.023882860744651076,-0.006595393483167615
2024-09-04,-0.0027157415927858697,-0.0023851003029360354,-0.00033064128984983425
2024-09-05,0.0008162406355141094,-0.0028323658116704356,0.003648606447184545
2024-09-06,-0.026904582082608042,-0.019533858652011713,-0.007370723430596329
2024-09-09,0.01274234889843262,0.012976269967910037,-0.00023392106947741666
2024-09-10,0.009124416774147326,0.005041654557247977,0.0040827622168993485
2024-09-11,0.021598125211975905,0.011889156529453052,0.009708968682522853
2024-09-12,0.009698790524460543,0.00975998635278554,-6.119582832499713e-05
2024-09-13,0.004362695326929122,0.006047478046531661,-0.0016847827196025383
2024-09-16,-0.004535282956078968,0.0017019183445038822,-0.00623720130058285
2024-09-17,0.00041103599687031256,0.0004629495833171332,-5.191358644682063e-05
2024-09-18,-0.004446841475092667,-0.003451261936505264,-0.0009955795385874024
2024-09-19,0.025167010895353004,0.019783402408357173,0.005383608486995831
2024-09-20,-0.0020206669133526756,-0.0020160927816976547,-4.574131655020897e-06
2024-09-23,0.0025332719571702356,0.0028874102274627157,-0.0003541382702924802
2024-09-24,0.004706235350603549,0.0033082588563056476,0.0013979764942979016
2024-09-25,0.0008099466288484791,-0.002569503218606769,0.003379449847455248
2024-09-26,0.007395752287362223,0.004587968038998872,0.0028077842483633505
2024-09-27,-0.005674404848432069,-0.0016936309743862841,-0.0039807738740457845
2024-09-30,0.002594560650053479,0.004637403176746057,-0.002042842526692578
2024-10-01,-0.014049750339036327,-0.010402729529223602,-0.0036470208098127246
2024-10-02,0.0012956905094168025,0.00047855284350397,0.0008171376659128326
2024-10-03,-0.0008642400767092662,-0.0021318532743719774,0.0012676131976627112
2024-10-04,0.011780778421956795,0.010530438744055659,0.0012503396779011359
2024-10-07,-0.010828912828032333,-0.01049808509986652,-0.0003308277281658129
2024-10-08,0.014817285598053953,0.010959783663017243,0.0038575019350367105
2024-10-09,0.0077510215724576614,0.008023504255599997,-0.00027248268314233534
2024-10-10,-0.0012528513890713855,-0.002040957830801558,0.0007881064417301726
2024-10-11,0.0014458884464614297,0.006935141154424332,-0.005489252707962903
2024-10-14,0.00827412013115425,0.0094759111469401,-0.0012017910157858507
2024-10-15,-0.013484095912111194,-0.009023868133028011,-0.004460227779083182
2024-10-16,4.907549665089661e-06,0.005030765113786947,-0.005025857564121858
2024-10-17,0.0005752885225960291,8.859026788938154e-05,0.0004866982547066476
2024-10-18,0.006437427176428034,0.004450675205801391,0.0019867519706266434
2024-10-21,0.0018040192594301896,-0.0019158386859543695,0.003719857945384559
2024-10-22,0.0009726380167058846,-0.0006273394371773757,0.0015999774538832602
2024-10-23,-0.015441212843053331,-0.010610219522786337,-0.004830993320266994
2024-10-24,0.00799153159103927,0.0024977881045183553,0.005493743486520914
2024-10-25,0.005976390255527653,-0.0004118425818184846,0.0063882328373461375
2024-10-28,4.415337641017203e-05,0.0035749910709612933,-0.0035308376945511213
2024-10-29,0.009490981446085511,0.001866385246080272,0.007624596200005239
2024-10-30,-0.007674776227274749,-0.0035205236154702583,-0.0041542526118044905
2024-10-31,-0.025360073356725854,-0.022750395973269263,-0.0026096773834565906
2024-11-01,0.007281614471075226,0.004884808060943874,0.002396806410131352
2024-11-04,-0.003030520470061804,-0.0025098061418735644,-0.0005207143281882394
2024-11-05,0.01263965989616267,0.014015512601911403,-0.001375852705748734
2024-11-06,0.02704592900184144,0.028832895448606018,-0.0017869664467645777
2024-11-07,0.01562680946573125,0.00895772968119459,0.006669079784536661
2024-11-08,0.0010512316179438486,0.005014197279062828,-0.00396296566111898
2024-11-11,-0.0007007397019941353,0.0010940500420615795,-0.0017947897440557148
2024-11-12,-0.0019274246414670015,-0.0036145033332305857,0.0016870786917635842
2024-11-13,-0.001403929161256423,0.0005525597615921737,-0.0019564889228485967
2024-11-14,-0.007066998277147962,-0.007469811738868249,0.00040281346172028713
2024-11-15,-0.023943349684462434,-0.01486899873549027,-0.009074350948972163
2024-11-18,0.006830386997900506,0.004741798175952061,0.002088588821948445
2024-11-19,0.006762310943494665,0.0042292793432963955,0.0025330316001982694
2024-11-20,-0.0006931152616145297,0.00038211038300275593,-0.0010752256446172857
2024-11-21,0.003479889255307844,0.006215962800018436,-0.002736073544710592
2024-11-22,0.0014866271913931417,0.0035843512756266486,-0.002097724084233507
2024-11-25,0.0014644541732196092,0.003923893534981218,-0.0024594393617616084
2024-11-26,0.005251815153980877,0.00604559989166919,-0.0007937847376883137
2024-11-27,-0.007990600096279166,-0.0035259354534820705,-0.004464664642797095
2024-11-29,0.008669538364646012,0.007194892630324131,0.0014746457343218812
2024-12-02,0.01077048816239845,0.002068279283066612,0.00870220887933184
2024-12-03,0.0029489844412358135,0.0005267646771755574,0.0024222197640602562
2024-12-04,0.012245479485258448,0.007192066903942404,0.005053412581316044
2024-12-05,-0.0028882426822028906,-0.00192009883228041,-0.0009681438499224806
2024-12-06,0.008832362234625801,0.0021880639527784612,0.0066442982818473405
2024-12-09,-0.007904797889591308,-0.005984522663598829,-0.0019202752259924799
2024-12-10,-0.0035249727199158087,-0.003617581191327963,9.26084714121542e-05
2024-12-11,0.01778518311663979,0.008956443493740389,0.008828739622899403
2024-12-12,-0.0065711473420730915,-0.005988320641037006,-0.0005828267010360858
2024-12-13,0.007537125730831873,-0.00024120711662428126,0.0077783328474561545
2024-12-16,0.014283305521278322,0.004942071173067492,0.00934123434821083
2024-12-17,-0.0045211073660583745,-0.0047903358677064975,0.00026922850164812304
2024-12-18,-0.03619422729475674,-0.03458289815775524,-0.001611329137001502
2024-12-19,-0.0045706703940537885,-0.0003672224834278421,-0.004203447910625946
2024-12-20,0.008615160311953307,0.013921533610681004,-0.005306373298727697
2024-12-23,0.0096253170637417,0.006935482072389691,0.0026898349913520095
2024-12-24,0.01344269362369932,0.012882157233440428,0.0005605363902588915
2024-12-26,-0.0007965244779868375,6.619585110460482e-05,-0.0008627203290914422
2024-12-27,-0.013410354582269801,-0.012221469677668127,-0.0011888849046016742
2024-12-30,-0.013417289416949973,-0.013248543386713251,-0.00016874603023672198
2024-12-31,-0.008612023120722179,-0.00423114423158294,-0.004380878889139238
2025-01-02,-0.0020734995528047806,-0.0028613000285418098,0.0007878004757370292
2025-01-03,0.01624805533416751,0.01449295063452059,0.0017551046996469206
2025-01-06,0.011375494937849284,0.006671229910763841,0.004704265027085443
2025-01-07,-0.01796157058744352,-0.013123797843092557,-0.004837772744350963
2025-01-08,5.737302826469559e-05,0.0016837147378767883,-0.0016263417096120927
2025-01-10,-0.015798292167373496,-0.01772117934182585,0.0019228871744523535
2025-01-13,-0.0033312022748087644,0.00178737105439773,-0.005118573329206495
2025-01-14,-0.001066721146627203,0.0015851682205795757,-0.002651889367206779
2025-01-15,0.022888930217715764,0.0210892790776521,0.0017996511400636649
2025-01-16,-0.007123209781545792,-0.0022418372156133427,-0.004881372565932449
2025-01-17,0.016761163222768882,0.011635054806647551,0.005126108416121331
2025-01-21,0.005747621279262205,0.010607055167710468,-0.004859433888448263
2025-01-22,0.012668492949068355,0.006509901357276892,0.006158591591791463
2025-01-23,0.0020088181891428913,0.006320147010237508,-0.0043113288210946165
2025-01-24,-0.00576858394762958,-0.0033973809004455516,-0.002371203047184028
2025-01-27,-0.029231646455992744,-0.016419582504500034,-0.01281206395149271
2025-01-28,0.014662439882639378,0.009955986325872659,0.004706453556766719
2025-01-29,-0.0019953033784647634,-0.005211266500144677,0.003215963121679914
2025-01-30,0.004145159362685336,0.0062148547516318875,-0.002069695388946552
2025-01-31,-0.0015704578612664166,-0.0061845556700325915,0.004614097808766175
2025-02-03,-0.008120517290347573,-0.007817174026316613,-0.0003033432640309596
2025-02-04,0.012158057834442904,0.007770499016804201,0.004387558817638702
2025-02-05,0.0044206388604286495,0.004692176952651365,-0.00027153809222271556
2025-02-06,0.005102509916270259,0.004020659707256374,0.0010818502090138848
2025-02-07,-0.012730904374986363,-0.010629191726818223,-0.0021017126481681393
2025-02-10,0.01198788140219098,0.007866731852008474,0.0041211495501825065
2025-02-11,-0.0024977659155011045,0.0008711731731141342,-0.003368939088615239
2025-02-12,0.0004695365988691691,-0.003747954501497371,0.00421749110036654
2025-02-13,0.014268670101365455,0.012235710271804352,0.002032959829561103
2025-02-14,0.004081059119719788,-6.821336454151542e-05,0.004149272484261303
2025-02-18,0.0021497489417512394,0.0033945742303193504,-0.001244825288568111
2025-02-19,0.00016086252765967757,0.0027206421134905096,-0.002559779585830832
2025-02-20,-0.0043618063011438,-0.004836910448655726,0.0004751041475119259
2025-02-21,-0.02087196001133751,-0.01985183341071583,-0.0010201266006216805
2025-02-24,-0.011921503513287468,-0.005289496175713238,-0.00663200733757423
2025-02-25,-0.012716647479901866,-0.0057800345832105145,-0.006936612896691351
2025-02-26,0.0022982803641657945,0.000574754454139644,0.0017235259100261504
2025-02-27,-0.027888522307925157,-0.018526773935211894,-0.009361748372713263
2025-02-28,0.015674155657944944,0.018091104442900997,-0.0024169487849560536
2025-03-03,-0.02199977804130715,-0.020334004989221367,-0.0016657730520857825
2025-03-04,-0.0031351228194889114,-0.013741749371566773,0.010606626552077862
2025-03-05,0.012918718210223501,0.012456382168342755,0.0004623360418807461
2025-03-06,-0.027626656952729256,-0.020602166934849814,-0.007024490017879442
2025-03-07,0.007236252402625487,0.0064903330542482405,0.0007459193483772466
2025-03-10,-0.03887363909202657,-0.03090809463609202,-0.007965544455934549
2025-03-11,-0.0025077257405508036,-0.009653956438567987,0.007146230698017184
2025-03-12,0.011163473740465557,0.0061445756191453385,0.0050188981213202186
2025-03-13,-0.018107690524137632,-0.015474408947920843,-0.002633281576216789
2025-03-14,0.024053062010725323,0.023949552025655886,0.00010350998506943737
2025-03-17,0.0063664945782235804,0.008934057264284544,-0.002567562686060964
2025-03-18,-0.017164774802046145,-0.012548708749635751,-0.004616066052410394
2025-03-19,0.013264131258799106,0.01262214039502051,0.0006419908637785958
2025-03-20,-0.0035069073140847618,-0.0033651508884477385,-0.00014175642563702328
2025-03-21,0.003179455485461835,0.0003716224793523061,0.002807833006109529
2025-03-24,0.021827064890994397,0.0207625634389799,0.0010645014520144977
2025-03-25,0.005589220507563386,0.0027774940241399536,0.0028117264834234324
2025-03-26,-0.01851797594882354,-0.013859450028927927,-0.004658525919895613
2025-03-27,-0.00581529550842208,-0.0030916886777455663,-0.002723606830676514
2025-03-28,-0.02644512516171249,-0.023371514513950264,-0.0030736106477622267
2025-03-31,-0.0001599212055457544,0.007775760909424575,-0.00793568211497033
2025-04-01,0.007943768510704441,0.0032654158672205153,0.004678352643483926
2025-04-02,0.00718116001153879,0.007329867523925305,-0.0001487075123865157
2025-04-03,-0.05365083460647668,-0.057176624609506836,0.0035257900030301534
2025-04-04,-0.0622261965247749,-0.06792052744175427,0.005694330916979365
2025-04-07,0.002295937868963316,-0.0020771477467373344,0.004373085615700651
2025-04-08,-0.01812580123970675,-0.018179755608193657,5.3954368486906074e-05
2025-04-09,0.11991336724436596,0.1218106824451238,-0.0018973152007578375
2025-04-10,-0.042649449386777616,-0.05084078687966164,0.008191337492884025
2025-04-11,0.0183058791278079,0.020686604368643217,-0.002380725240835317
2025-04-14,0.006660796337321528,0.011242641005697464,-0.004581844668375936
2025-04-15,0.0009975044114010068,-0.003260219048440382,0.004257723459841389
2025-04-16,-0.030270877788408757,-0.025795627501521735,-0.004475250286887021
2025-04-17,-0.000297414456368994,0.0016440703986017671,-0.0019414848549707611
2025-04-21,-0.024863973034951914,-0.027621989321384148,0.002758016286432234
2025-04-22,0.026134730730057454,0.03016933407218829,-0.004034603342130835
2025-04-23,0.022560848094389963,0.01796375648288629,0.004597091611503672
2025-04-24,0.028019864941148942,0.02440556827563998,0.0036142966655089634
2025-04-25,0.011030632470878432,0.00837040083454544,0.0026602316363329923
2025-04-28,-0.0004347137724851624,0.00043122391539194324,-0.0008659376878771056
2025-04-29,0.006487129701848504,0.007296074395995491,-0.0008089446941469871
2025-04-30,-0.00024351349592532934,0.00044939990116371056,-0.0006929133970890399
2025-05-01,0.0129434096273775,0.008209805608236845,0.004733604019140655
2025-05-02,0.014726600341214757,0.017207932656596103,-0.0024813323153813453
2025-05-05,-0.006049797318654737,-0.006662834198107288,0.0006130368794525507
2025-05-06,-0.009418986665527207,-0.009706661262787282,0.00028767459726007465
2025-05-07,0.0038085659395643567,0.0048672091578064475,-0.0010586432182420908
2025-05-08,0.010207608303651305,0.008071771223077468,0.0021358370805738373
2025-05-09,-0.000772602067912076,-0.0014891395687960333,0.0007165375008839573
2025-05-12,0.04062289202567593,0.03832377869267775,0.002299113332998176
2025-05-13,0.015123506430126499,0.007649513645682237,0.007473992784444262
2025-05-14,0.005875784472933354,0.0014715181370252572,0.004404266335908097
2025-05-15,0.0009816762140382185,0.005654569754893966,-0.004672893540855747
2025-05-16,0.004235006375725714,0.007336404443139119,-0.0031013980674134047
2025-05-19,0.0008416168136107238,0.0012577742669742653,-0.0004161574533635415
2025-05-20,-0.0034506092108127495,-0.003911129276332727,0.0004605200655199773
2025-05-21,-0.014014074805576704,-0.019557853202103594,0.00554377839652689
2025-05-22,0.0017539324742650297,0.0004466856841312018,0.001307246790133828
2025-05-23,-0.009378008002537852,-0.007928876352455315,-0.0014491316500825375
2025-05-27,0.023407842075347185,0.024106025006985218,-0.0006981829316380327
2025-05-28,-0.004549169041105472,-0.006722141159988494,0.002172972118883022
2025-05-29,0.001848364476689568,0.0045679601872783415,-0.0027195957105887736
2025-05-30,-0.0016942637071837297,-0.0013085107323075802,-0.0003857529748761495
2025-06-02,0.007780659558791259,0.006522984386167664,0.0012576751726235949
2025-06-03,0.0076997600489692175,0.006604005355645909,0.0010957546933233085
2025-06-04,0.0026705822156030123,-0.0003225231414687237,0.002993105357071736
2025-06-05,-0.007644209531194601,-0.005617019860456458,-0.0020271896707381434
2025-06-06,0.00965800904984393,0.011900966889762454,-0.002242957839918524
2025-06-09,0.0013547326355571876,0.0010343699642506442,0.0003203626713065434
2025-06-10,0.006496602565558618,0.006565910345379175,-6.930777982055731e-05
2025-06-11,-0.003486774062104625,-0.003319562709752606,-0.0001672113523520191
2025-06-12,0.002230513959712299,0.004599206300979609,-0.00236869234126731
2025-06-13,-0.012672217439573696,-0.012979855611270652,0.00030763817169695597
2025-06-16,0.013792669277153946,0.011025413498216657,0.0027672557789372894
2025-06-17,-0.009868540085477218,-0.00992340016537392,5.486007989670243e-05
2025-06-18,-0.0002874281855318461,-0.00018587657982219015,-0.00010155160570965598
2025-06-20,-0.0042005215030146426,-0.002735266948137899,-0.0014652545548767435
2025-06-23,0.01016510862827702,0.011446656202859134,-0.0012815475745821137
2025-06-24,0.015174772943115755,0.012803862186165993,0.002370910756949762
2025-06-25,0.002439117351211495,0.0006388744225756029,0.0018002429286358922
2025-06-26,0.009232905213838682,0.009064524241738259,0.0001683809721004237
2025-06-27,0.0033064248256875484,0.00575217516289249,-0.002445750337204942
2025-06-30,0.006359576042097803,0.005535206810551458,0.0008243692315463447
2025-07-01,-0.00854655598415932,-0.00038655679860828647,-0.008159999185551034
2025-07-02,0.006847994473873964,0.005247511864384459,0.0016004826094895052
2025-07-03,0.009722968895655049,0.00913132891002693,0.0005916399856281188
2025-07-07,-0.007650303589901597,-0.008655295029344437,0.00100499143944284
2025-07-08,0.0004444049113703219,-0.0006464200644822629,0.0010908249758525847
2025-07-09,0.006961514748720754,0.006945036467083509,1.64782816372451e-05
2025-07-10,-0.00155546461431455,0.0032605479061576462,-0.004816012520472196
2025-07-11,-0.0023676389012661225,-0.004089132345624172,0.0017214934443580496
2025-07-14,0.0035094355119624776,0.002202547400005002,0.0013068881119574758
2025-07-15,0.000799639390154594,-0.004967951936476225,0.005767591326630819
2025-07-16,0.0009065373292804768,0.003867127730811866,-0.0029605904015313892
2025-07-17,0.007975467453370966,0.0070875792693618185,0.0008878881840091472
2025-07-18,-0.0010785049173173133,-0.0008604402221270435,-0.00021806469519026984
2025-07-21,0.005067468186360502,0.002188351058024866,0.002879117128335636
2025-07-22,-0.0052931603260937266,0.0001550556320526736,-0.0054482159581464
2025-07-23,0.004443943669638628,0.009857345946191294,-0.005413402276552666
2025-07-24,0.002011229310516338,0.00037316806267705306,0.001638061247839285
2025-07-25,0.002289685553435783,0.004889157818229491,-0.002599472264793708
2025-07-28,0.0030077879896317494,-0.00030240122653096304,0.0033101892161627126
2025-07-29,-0.0016662379566156904,-0.003070610626268453,0.0014043726696527626
2025-07-30,0.0012226693007479916,-0.0014719118097545056,0.0026945811105024975
2025-07-31,-0.005416470164021359,-0.00436237920326279,-0.0010540909607585688
2025-08-01,-0.01981619071331364,-0.019023840876004644,-0.0007923498373089977
2025-08-04,0.018334358637641435,0.017620589161285234,0.0007137694763562005
2025-08-05,-0.006906777197770775,-0.0058922492110840665,-0.0010145279866867083
2025-08-06,0.012465852963668311,0.008874340874590462,0.003591512089077849
2025-08-07,0.003267083523111225,-0.000982816756418643,0.004249900279529868
2025-08-08,0.009210918213854447,0.009034068711367393,0.00017684950248705346
2025-08-11,-0.0030763225676124772,-0.0023049404993168757,-0.0007713820682956015
2025-08-12,0.012451499510202746,0.012338227693614442,0.00011327181658830378
2025-08-13,0.00038280270415924633,0.003959875479971876,-0.00357707277581263
2025-08-14,-0.000892768096844132,9.684495206755776e-05,-0.0009896130489116899
2025-08-15,-0.00451458911085556,-0.002726937443621895,-0.0017876516672336654
2025-08-18,-0.0005158674820722187,-0.0002633730942515938,-0.00025249438782062487
2025-08-19,-0.013684820737390857,-0.0063042470697848635,-0.007380573667605994
2025-08-20,-0.00605468312242996,-0.0030932487816483544,-0.002961434340781606
2025-08-21,-0.004746952911077629,-0.004664726667657809,-8.222624341981937e-05
2025-08-22,0.015310023886245139,0.01780278816417587,-0.002492764277930732
2025-08-25,-0.003001960647889046,-0.00511620830605904,0.002114247658169994
2025-08-26,0.0038979292017200518,0.004845698113720309,-0.0009477689120002573
2025-08-27,0.001419538898765893,0.0026320531027764866,-0.0012125142040105936
2025-08-28,0.006142545474874694,0.004096976561816309,0.002045568913058385
2025-08-29,-0.01169265899080807,-0.006928948130230043,-0.004763710860578026
2025-09-02,-0.008497586320162287,-0.008606900950383141,0.00010931463022085391
2025-09-03,0.007750241350793496,0.006275592268796658,0.0014746490819968388
2025-09-04,0.008934192323016177,0.009683617460434552,-0.000749425137418375
2025-09-05,0.0013256464977731142,-0.003370728802514664,0.004696375300287778
2025-09-08,0.00476062094630092,0.002838565854122115,0.0019220550921788047
2025-09-09,0.002715805384226888,0.0026708329972612178,4.497238696567034e-05
2025-09-10,0.00020999055773396336,0.0033421569448984774,-0.003132166387164514
2025-09-11,0.005703311951482437,0.009628729345751147,-0.00392541739426871
2025-09-12,0.004299887547670078,-0.00039900194761928654,0.004698889495289365
2025-09-15,0.00843956370725163,0.006164497754596798,0.0022750659526548315
2025-09-16,-0.0009623826037575833,-0.0016081206091431207,0.0006457380053855374
2025-09-17,-0.002113160953658988,-0.0014522933370909766,-0.0006608676165680114
2025-09-18,0.008899634346261509,0.005408913861208136,0.0034907204850533734
2025-09-19,0.006651953808567201,0.005734357421353761,0.0009175963872134407
2025-09-22,0.005802770222880227,0.005476939910418621,0.0003258303124616061
2025-09-23,-0.006759565474305895,-0.006325552104657154,-0.0004340133696487409
2025-09-24,-0.0036279189163281877,-0.00370165525674899,7.373634042080225e-05
2025-09-25,-0.004428595572251726,-0.005362646223960365,0.000934050651708639
2025-09-26,0.003993644727207757,0.006634488001314328,-0.002640843274106571
2025-09-29,0.004513774454201203,0.0032491600912338773,0.0012646143629673253
2025-09-30,0.002621932891116341,0.004358348934020328,-0.001736416042903987
2025-10-01,0.004679616168328682,0.00394171438243321,0.000737901785895472
2025-10-02,0.003993716580596329,0.0013250599132341645,0.002668656667362165
2025-10-03,-0.004326984361226804,-2.8117772312152753e-05,-0.0042988665889146516
2025-10-06,0.007392850873540802,0.0041488976387760446,0.003243953234764757
2025-10-07,-0.005382974219426684,-0.004311638854259569,-0.001071335365167115
2025-10-08,0.011346536972747456,0.006905952397169498,0.004440584575577959
2025-10-09,-0.0013275579333437149,-0.0033715243556298206,0.0020439664222861057
2025-10-10,-0.034831497116095456,-0.03136321567168906,-0.0034682814444063972
2025-10-13,0.02110397590385693,0.017788038946081625,0.0033159369577753055
2025-10-14,-0.006778248304157408,-0.0014281529583177234,-0.005350095345839685
2025-10-15,0.006939465024049074,0.005138779024677339,0.0018006859993717353
2025-10-16,-0.0038202339652274597,-0.00791087468867492,0.0040906407234474595
2025-10-17,0.006449469747898062,0.006573423911767059,-0.0001239541638689964
2025-10-20,0.012483446602279846,0.012053470512627626,0.00042997608965222
2025-10-21,-0.0003788481825045542,-2.8383911476657323e-05,-0.0003504642710278969
2025-10-22,-0.009751291146195551,-0.006041869477334924,-0.0037094216688606267
2025-10-23,0.008289105516856354,0.006867780069587417,0.0014213254472689374
2025-10-24,0.010560976889757212,0.009469066406481782,0.0010919104832754298
2025-10-27,0.01769191942797077,0.013674173021593076,0.0040177464063776945
2025-10-28,0.00757270450313241,0.0030699131208914046,0.004502791382241005
2025-10-29,0.004385687085062484,0.0005460730313620592,0.003839614053700425
2025-10-30,-0.015405956354709871,-0.012768677824562225,-0.002637278530147646
2025-10-31,0.004706728835297991,0.003793988242816236,0.0009127405924817546
2025-11-03,0.004667404384402163,0.002165852394801959,0.0025015519896002037
2025-11-04,-0.02041539713204865,-0.013761201810711922,-0.00665419532133673
2025-11-05,0.006390745111023888,0.004008882826367835,0.0023818622846560524
2025-11-06,-0.01874466566100985,-0.012456945572880313,-0.0062877200881295385
2025-11-07,-0.0032725959489172673,0.0011309329944148925,-0.00440352894333216
2025-11-10,0.022006901713676807,0.018089823627557015,0.003917078086119793
2025-11-11,-0.002780900021973398,0.002644591748854933,-0.005425491770828331
2025-11-12,-0.0009056357298317108,0.0006342548045339239,-0.0015398905343656346
2025-11-13,-0.020533250822060256,-0.01925988664945211,-0.0012733641726081456
2025-11-14,0.0006386557853435004,-0.00020108559290013574,0.0008397413782436361
2025-11-17,-0.008657781135838927,-0.010817960046810925,0.002160178910971998
2025-11-18,-0.012293220370514057,-0.009752164066993904,-0.0025410563035201533
2025-11-19,0.005852873138632253,0.004470212534908162,0.0013826606037240907
2025-11-20,-0.023789193050378854,-0.017691946695092248,-0.006097246355286606
2025-11-21,0.007395540019057734,0.011543812998640832,-0.004148272979583098
2025-11-24,0.025455957369815208,0.017062449466281795,0.008393507903533413
2025-11-25,0.006046466042120002,0.01089977245700979,-0.004853306414889787
2025-11-26,0.008718332763066217,0.007996959344164823,0.0007213734189013936
2025-11-28,0.007989843260527874,0.0063207022031276875,0.001669141057400186
2025-12-01,-0.0034762360254376734,-0.005306969673224386,0.0018307336477867125
2025-12-02,0.007708769605714094,0.0021374753709076273,0.005571294234806467
2025-12-03,0.0023264218069307674,0.0040058239619800776,-0.0016794021550493102
2025-12-04,-0.0010473948896889684,0.000837067711237942,-0.0018844626009269104
2025-12-05,0.003960046259442462,0.00219223678309782,0.0017678094763446425
2025-12-08,-0.002035806190875844,-0.003495915623609199,0.001460109432733355
2025-12-09,0.0011160419735622984,-0.00101215788280781,0.0021281998563701084
2025-12-10,0.003978428476576257,0.007682094950750744,-0.0037036664741744874
2025-12-11,-0.0033517501289310747,0.0026882978855969648,-0.0060400480145280395
2025-12-12,-0.019235611314713075,-0.012483292793687324,-0.0067523185210257505
2025-12-15,-0.005136690332191107,-0.0017635793694818105,-0.0033731109627092967
2025-12-16,0.001864499257304697,-0.0031805899676704396,0.005045089224975137
2025-12-17,-0.01865425093643658,-0.012775156291389325,-0.005879094645047253
2025-12-18,0.014372791289734455,0.00874837126060837,0.005624420029126085
2025-12-19,0.012918157818298859,0.010502565080244048,0.002415592738054811
2025-12-22,0.004676126296865535,0.0072154865481183356,-0.0025393602512528007
2025-12-23,0.004566016646777582,0.005290694702780992,-0.0007246780560034097
2025-12-24,0.002808358215947937,0.004069431906081748,-0.001261073690133811
2025-12-26,-0.00018152954401218224,-0.00012868488905778158,-5.284465495440066e-05
2025-12-29,-0.004957888886971906,-0.004144867927186006,-0.0008130209597859003
2025-12-30,-0.002436690736638436,-0.0014276510586339422,-0.001009039678004494
2025-12-31,-0.008382921526987497,-0.008605277291580633,0.0002223557645931358
2026-01-02,-0.0020543338035303726,0.0021152112482461893,-0.004169545051776562
2026-01-05,0.007825564234152482,0.0077147518634567685,0.00011081237069571377
2026-01-06,0.008669291590372108,0.006887619326810809,0.0017816722635612993
2026-01-07,0.0008452036413781894,-0.003750190052297155,0.004595393693675344
2026-01-08,-0.005806303366770904,-0.00012882136101684437,-0.00567748200575406
2026-01-09,0.009842927341044971,0.007660436162315224,0.002182491178729747
2026-01-12,0.0007124459807816841,0.001810643033643558,-0.001098197052861874
2026-01-13,-0.0016001332385788825,-0.0023304666598531845,0.000730333421274302
2026-01-14,-0.01080013297398763,-0.005712715489282655,-0.005087417484704975
2026-01-15,0.0034821569249954276,0.003147959262889949,0.00033419766210547857
2026-01-16,-0.0009536506840839287,-0.00098301548069977,2.9364796615841257e-05
2026-01-20,-0.021364413193480702,-0.02362482174418432,0.0022604085507036166
2026-01-21,0.013401075976168242,0.013376570445268167,2.4505530900074957e-05
2026-01-22,0.007152078277015361,0.006047898743654699,0.0011041795333606623
2026-01-23,0.00304011702319662,0.0004097204852094616,0.0026303965379871584
2026-01-26,0.004282805927855238,0.005879669517238305,-0.001596863589383067
2026-01-27,0.00894798055518109,0.00461055877516754,0.00433742178001355
2026-01-28,0.003194227076703582,-0.00012782059457518702,0.003322047671278769
2026-01-29,-0.0061025772877632,-0.0023129163982226367,-0.0037896608895405634
2026-01-30,-0.012128145556520087,-0.0034707147476991094,-0.008657430808820978
2026-02-02,0.00674909502604204,0.0057555396610003825,0.0009935553650416576
2026-02-03,-0.015481299574115814,-0.009819249502505801,-0.005662050071610013
2026-02-04,-0.017586322353706052,-0.005629892852498266,-0.011956429501207786
2026-02-05,-0.014512587370035135,-0.014498548276206131,-1.4039093829004007e-05
2026-02-06,0.021020557095056347,0.02224319223757167,-0.0012226351425153222
2026-02-09,0.0075428251213980335,0.005582125132986643,0.0019606999884113907
2026-02-10,-0.00475663908335644,-0.0030700221765401535,-0.0016866169068162863
2026-02-11,0.002564811370083797,-0.00027915062128151813,0.0028439619913653152
2026-02-12,-0.02045621201038117,-0.01793163907451959,-0.0025245729358615784
2026-02-13,0.002013744441620169,0.0008061646692867334,0.0012075797723334353
2026-02-17,-0.0011474272290489251,0.0018605808085460456,-0.003008008037594971
2026-02-18,0.007349864949188101,0.005832661664104434,0.0015172032850836667
2026-02-19,-0.003946979728959632,-0.003070354576205996,-0.0008766251527536359
2026-02-20,0.008731575554848714,0.008377853521039839,0.00035372203380887486
2026-02-23,-0.012272264007249012,-0.011856176410500012,-0.0004160875967489999
2026-02-24,0.010624191271714878,0.008420339449463018,0.00220385182225186
2026-02-25,0.014375925422061897,0.009777336748288748,0.004598588673773149
2026-02-26,-0.012181926679733612,-0.006454175334642994,-0.005727751345090618
2026-02-27,-0.0033180591861180497,-0.0055812741662534665,0.0022632149801354168
2026-03-02,0.0012000923209818382,0.0006484331518412216,0.0005516591691406166
2026-03-03,-0.010822897177152457,-0.010235530861407162,-0.0005873663157452951
2026-03-04,0.01512585180556636,0.008173122267599631,0.006952729537966728
2026-03-05,-0.003130138789938175,-0.006478796111879674,0.003348657321941499
2026-03-06,-0.015160488705835307,-0.01521524592614517,5.475722030986313e-05
2026-03-09,0.013238293198017281,0.010150454964321941,0.00308783823369534
2026-03-10,-0.00010079489263770114,-0.0018751791274436976,0.0017743842348059964
2026-03-11,-0.0002489694555861677,-0.001466999149411953,0.0012180296938257853
2026-03-12,-0.01728060251190422,-0.01762552420991897,0.00034492169801475167
2026-03-13,-0.0060445001153141,-0.006576775330795389,0.0005322752154812895
2026-03-16,0.011100168260518295,0.011794054899903351,-0.0006938866393850565
2026-03-17,0.0047629351908367035,0.003040366874242902,0.0017225683165938014
2026-03-18,-0.014056982942207585,-0.0161971980216087,0.002140215079401115
2026-03-19,-0.00327756419416525,-0.002869718161209222,-0.000407846032956028
2026-03-20,-0.01859901121207652,-0.016640375866511736,-0.0019586353455647854
2026-03-23,0.011361667394655495,0.012168879459681219,-0.0008072120650257242
2026-03-24,-0.006954102676177243,-0.0039049358360098434,-0.0030491668401673995
2026-03-25,0.00645831681156861,0.006453236206185186,5.080605383423267e-06
2026-03-26,-0.023985238411308174,-0.020727074811025894,-0.00325816360028228
2026-03-27,-0.019653960102552825,-0.019791149871464894,0.0001371897689120688
2026-03-30,-0.007760675586238941,-0.003889364316747765,-0.003871311269491176
2026-03-31,0.03373660102040632,0.03370750766187061,2.9093358535708935e-05
2026-04-01,0.01223589552022264,0.008728916649250382,0.003506978870972257
2026-04-02,0.0010293238625744827,0.0010334776443013235,-4.153781726840824e-06
2026-04-06,0.005900061820884206,0.005472062982046254,0.00042799883883795197
2026-04-07,3.563355385249878e-05,0.000499347878683673,-0.0004637143248311743
2026-04-08,0.029614739883127683,0.02953358230274534,8.115758038234472e-05
2026-04-09,0.006647402346425135,0.006680977250311392,-3.35749038862564e-05
2026-04-10,0.0013248606582567657,-0.0007787059642849992,0.002103566622541765
2026-04-13,0.010225188537520635,0.011324932608668322,-0.0010997440711476864
2026-04-14,0.01803967514666871,0.014123337556887852,0.0039163375897808585
2026-04-15,0.01388216516523988,0.009142428876112255,0.004739736289127624
2026-04-16,0.004699074214284282,0.002839458946427658,0.0018596152678566243
2026-04-17,0.012966818778364253,0.014008276439171316,-0.0010414576608070627
2026-04-20,-0.003292152627413447,-0.0023307315441257275,-0.0009614210832877197
2026-04-21,-0.003920664842123389,-0.007605408486083211,0.003684743643959822
2026-04-22,0.016613288293041872,0.011735877805197985,0.004877410487843887
2026-04-23,-0.00574998334754373,-0.004512687450756794,-0.0012372958967869357
2026-04-24,0.019010184327088675,0.008978104098822756,0.010032080228265919
2026-04-27,0.00040989031252713914,0.001987373772334899,-0.0015774834598077598
2026-04-28,-0.010174063116410004,-0.0056555734334786814,-0.004518489682931322
2026-04-29,0.005996264568128407,-0.00019028019016294125,0.006186544758291348
2026-04-30,0.009208967447559502,0.011530467680471676,-0.0023215002329121746
2026-05-01,0.009482318988517813,0.00320108443059511,0.006281234557922703
2026-05-04,-0.0020011720455319626,-0.0042605641778038035,0.002259392132271841
2026-05-05,0.012856749813636936,0.009294689141156456,0.00356206067248048
2026-05-06,0.020657060690191242,0.016112173822788744,0.0045448868674024985
2026-05-07,-0.001310244916340908,-0.0035676883128197196,0.0022574433964788116
2026-05-08,0.023323536042235027,0.009565975015625172,0.013757561026609855
2026-05-11,0.0027790880387428274,0.002630909834275896,0.00014817820446693135
2026-05-12,-0.008599094513232153,-0.0017683866186246182,-0.006830707894607535
2026-05-13,0.010444957079101869,0.006478929581248778,0.003966027497853091
2026-05-14,0.006990358066517821,0.00914630984287315,-0.0021559517763553287
2026-05-15,-0.015204960492095854,-0.013965020156912542,-0.0012399403351833118
2026-05-18,-0.0044196184413825,-0.0008271170391520275,-0.0035925014022304726
2026-05-19,-0.006279723745893473,-0.0077375263113084545,0.0014578025654149816
2026-05-20,0.016446483629548148,0.011877724790661896,0.004568758838886251
2026-05-21,0.001789661537363596,0.002289320123985603,-0.0004996585866220071
2026-05-22,0.004123362676842657,0.004549524166421072,-0.00042616148957841556
2026-05-26,0.017637887131645602,0.007689735709877566,0.009948151421768036
2026-05-27,-0.0012538713898966325,-0.0002120101770537383,-0.0010418612128428942
2026-05-28,0.00831362258236279,0.006388149341328255,0.0019254732410345348
2026-05-29,0.0035667721605854297,0.0028789650530305147,0.000687807107554915
2026-06-01,0.005882931985474071,0.0031477457693267876,0.002735186216147284
2026-06-02,0.004487205086732615,0.0015641521340715688,0.002923052952661046
2026-06-03,-0.002730624665563841,-0.008150941581517414,0.005420316915953573
2026-06-04,-0.004954676428812532,0.0043722035964329645,-0.009326880025245496
2026-06-05,-0.04811829110463606,-0.02994977316789054,-0.018168517936745517
2026-06-08,0.015498404445834613,0.0026153770079311973,0.012883027437903415
2026-06-09,-0.01162456205168172,-0.00341615609340028,-0.008208405958281439
2026-06-10,-0.020093813413639916,-0.018299012521407056,-0.0017948008922328597
2026-06-11,0.033658525826722574,0.019705195997327268,0.013953329829395306
2026-06-12,0.005767381840402042,0.006262486350155449,-0.0004951045097534076
2026-06-15,0.03129646318607748,0.020444253878427757,0.010852209307649727
2026-06-16,-0.019122725304849486,-0.00692642903164597,-0.012196296273203516
2026-06-17,-0.010187711173956115,-0.014496909000979004,0.004309197827022888
2026-06-18,0.024948133967868102,0.01204940146038927,0.012898732507478833
2026-06-22,-0.002627410554871812,-0.0036615286886208936,0.0010341181337490818
2026-06-23,-0.03304634686174812,-0.01685643378295278,-0.016189913078795342
2026-06-24,-0.004363123363827159,-0.000548727398177349,-0.0038143959656498105
2026-06-25,0.007988308012831347,0.0016658783287690632,0.0063224296840622835
2026-06-26,-0.013880928165043716,-0.008399402259228531,-0.005481525905815184
2026-06-29,0.024736907169311095,0.01909969579764379,0.005637211371667304
2026-06-30,0.016897400508682603,0.009021594313759878,0.007875806194922725
2026-07-01,-0.015367223773032901,-0.001579947663740917,-0.013787276109291985
2026-07-02,-0.017451180763977225,-0.0015353633332004138,-0.015915817430776812
2026-07-06,0.014224588074581268,0.010112694332702716,0.004111893741878552
2026-07-07,-0.01864199106719855,-0.0055232266753398205,-0.013118764391858728
2026-07-08,0.0027159705857815464,-0.0035947710401383285,0.006310741625919875
2026-07-09,0.01652503691199203,0.009808591288424448,0.006716445623567583
2026-07-10,0.0029658457973138486,0.004988710309088851,-0.0020228645117750027
2026-07-13,-0.01909708255341014,-0.008892169258632015,-0.010204913294778123
2026-07-14,0.011052522790382824,0.004107673786595383,0.006944849003787441
2026-07-15,-0.002826820589734047,0.004586744732086394,-0.007413565321820441
2026-07-16,-0.01655778070204783,-0.006296615837678732,-0.010261164864369099
2026-07-17,-0.015146888827114902,-0.011491694584869823,-0.0036551942422450787
2026-07-20,0.000932529388158132,-0.0018837197833001217,0.0028162491714582537
2026-07-21,0.01842990944280798,0.009664820781269646,0.008765088661538334
2026-07-22,-0.005223295881030654,-0.0013598236002396794,-0.0038634722807909744
2026-07-23,-0.01910072198383317,-0.014336152803790166,-0.004764569180043003
2026-07-24,-0.011288529302661443,0.0011675182696561932,-0.012456047572317636
2026-07-27,-0.0032010407785521,0.00024017615652419062,-0.0034412169350762907
2026-07-28,-0.009837008355645271,0.0027668815899670124,-0.012603889945612283
2026-07-29,-0.02048771625074075,-0.01786043141615953,-0.0026272848345812207
2026-07-30,0.03285688208436999,0.0194371811866451,0.013419700897724887
2026-07-31,0.006378201400198291,0.008340687752152787,-0.001962486351954496
2026-08-03,0.017441116119757183,0.01651075583041304,0.000930360289344144
2026-08-04,0.0338506823631719,0.020902489690931628,0.012948192672240275
2026-08-05,-0.009166123239823576,-0.00232709716024537,-0.006839026079578206
2026-08-06,-0.0038116623141458694,-0.0018645042435141014,-0.001947158070631768
2026-08-07,0.011608722447968622,0.007082718964787505,0.004526003483181117
2026-08-10,-0.0031047787731871557,-0.0003560519697553282,-0.0027487268034318275
2026-08-11,-0.0034743346993769686,-0.003717533277450059,0.0002431985780730903
2026-08-12,0.007190094032422545,0.0028943438236921047,0.00429575020873044
2026-08-13,0.011448255186271128,0.00808275835815767,0.003365496828113457
2026-08-14,-0.0014832932913273478,-0.002307504319092024,0.000824211027764676
2026-08-17,-0.0017587500801317102,-0.00549476850112622,0.00373601842099451
2026-08-18,-0.017051806343412967,-0.0078476897923515,-0.009204116551061467
2026-08-19,-0.0021102970607124183,0.0024224291380345406,-0.004532726198746959
2026-08-20,-0.007309271498373793,-0.009754878481028028,0.0024456069826542352
2026-08-21,0.0034132967552467086,0.0047347884419139475,-0.0013214916866672389
2026-08-24,-0.010097112937907604,-0.003419590220492429,-0.006677522717415175
2026-08-25,0.006112115435107368,0.0036962191485538413,0.002415896286553527
2026-08-26,0.0007972961860662764,0.0002464865418821136,0.0005508096441841628
2026-08-27,0.01357457294842268,0.007590144121846033,0.005984428826576647
2026-08-28,-0.006607288280473966,-0.002643640125202319,-0.003963648155271647
2026-08-31,0.00034333737213021465,-0.0034788773309645227,0.0038222147030947374
2026-09-01,-0.01284122105426988,-0.007980702544123515,-0.0048605185101463656
2026-09-02,0.0021436984240001955,0.00513573144438751,-0.002992033020387314
2026-09-03,0.011768648561636397,0.012132247618885738,-0.0003635990572493416
2026-09-04,0.0016802342816504279,-0.004481943285156117,0.006162177566806545
2026-09-08,-0.0009518934027679116,-0.0063818848761763485,0.005429991473408437
2026-09-09,-0.002971009146724768,-0.0054024240516882035,0.0024314149049634356
2026-09-10,-0.010755149259979002,-0.006964332218031159,-0.003790817041947843
2026-09-11,0.008617125190315322,0.00987707444090135,-0.0012599492505860274
