Date,SPY,QQQ,GLD,Equal Weight Portfolio
2019-01-03,,,,
2019-01-04,,,,
2019-01-07,,,,
2019-01-08,,,,
2019-01-09,,,,
2019-01-10,,,,
2019-01-11,,,,
2019-01-14,,,,
2019-01-15,,,,
2019-01-16,,,,
2019-01-17,,,,
2019-01-18,,,,
2019-01-22,,,,
2019-01-23,,,,
2019-01-24,,,,
2019-01-25,,,,
2019-01-28,,,,
2019-01-29,,,,
2019-01-30,,,,
2019-01-31,,,,
2019-02-01,,,,
2019-02-04,,,,
2019-02-05,,,,
2019-02-06,,,,
2019-02-07,,,,
2019-02-08,,,,
2019-02-11,,,,
2019-02-12,,,,
2019-02-13,,,,
2019-02-14,,,,
2019-02-15,,,,
2019-02-19,,,,
2019-02-20,,,,
2019-02-21,,,,
2019-02-22,,,,
2019-02-25,,,,
2019-02-26,,,,
2019-02-27,,,,
2019-02-28,,,,
2019-03-01,,,,
2019-03-04,,,,
2019-03-05,,,,
2019-03-06,,,,
2019-03-07,,,,
2019-03-08,,,,
2019-03-11,,,,
2019-03-12,,,,
2019-03-13,,,,
2019-03-14,,,,
2019-03-15,,,,
2019-03-18,,,,
2019-03-19,,,,
2019-03-20,,,,
2019-03-21,,,,
2019-03-22,,,,
2019-03-25,,,,
2019-03-26,,,,
2019-03-27,,,,
2019-03-28,,,,
2019-03-29,,,,
2019-04-01,,,,
2019-04-02,,,,
2019-04-03,0.13366711681638446,0.17760189097178145,0.09915067754633365,0.10191344443571661
2019-04-04,0.1226775452876546,0.1624803905525057,0.09759420621561445,0.0954815754882909
2019-04-05,0.10561705239131394,0.14139599245469353,0.09623718613124904,0.08571596555341174
2019-04-08,0.10502347731504044,0.1401597624277923,0.09637958334003863,0.08484545408216476
2019-04-09,0.10494286553443734,0.1400540522946169,0.0967443330138227,0.08468980590061978
2019-04-10,0.10483643847885214,0.13969796539402257,0.09610520384086436,0.08425083210563411
2019-04-11,0.1048661440528021,0.14000938418090816,0.09882852456977108,0.08524548625166753
2019-04-12,0.1052928683023538,0.13954969074322268,0.09879204677724131,0.08525016045269188
2019-04-15,0.10416862206479355,0.13775974863587742,0.0987468326504952,0.08460909824214244
2019-04-16,0.10239982114491053,0.13337521347944573,0.10029692060022798,0.08313645154759317
2019-04-17,0.10274456741206194,0.13330326351855512,0.10012164372898917,0.0831907183493554
2019-04-18,0.10205621532781499,0.1328368063334826,0.10011699939004114,0.08289533121559232
2019-04-22,0.09927243039298614,0.13192429484031917,0.09853687407153956,0.0825822012172178
2019-04-23,0.09562466642999332,0.12570206899906478,0.09833944523647678,0.08008630328541469
2019-04-24,0.09596037681669269,0.1262072032510971,0.0984959649687459,0.08019845268373764
2019-04-25,0.09604641852902905,0.1259944595188336,0.09846629836670313,0.08019410716418626
2019-04-26,0.09525904834322171,0.12456254364739903,0.09486200177638024,0.077631684626098
2019-04-29,0.09338336465653284,0.12093733964000608,0.09494217966339662,0.07648229108712365
2019-04-30,0.0932050623453639,0.12029950123514029,0.09443611483156254,0.07643075214939604
2019-05-01,0.09061438852805441,0.11151456941919398,0.09443434065182327,0.07202567738123346
2019-05-02,0.0896594224308281,0.10914751000563368,0.09463731388489885,0.07111743627491182
2019-05-03,0.09123683124487503,0.11201651623384996,0.09548473948517702,0.07348694046289116
2019-05-06,0.09118131547961708,0.11124449717192791,0.09522645393320742,0.07345958463529388
2019-05-07,0.09778516208353458,0.11821946358135439,0.09533012375570367,0.07665926255353743
2019-05-08,0.09779188921029484,0.11815381138430157,0.09454666572847546,0.07636371829242108
2019-05-09,0.0958087680295338,0.11510075612531306,0.09454293104125645,0.07502777552894271
2019-05-10,0.09614073654234552,0.11509912390766472,0.0942831699967862,0.07506555940326956
2019-05-13,0.10951628706991622,0.13596362241216314,0.09613736178457122,0.08253110176872477
2019-05-14,0.10804783418291455,0.13459949010665226,0.09608445056330732,0.08110746757709024
2019-05-15,0.10843116007118565,0.13715698955171324,0.09577925750983261,0.08198397212300287
2019-05-16,0.10961508586751269,0.1383073501786942,0.09609797633258287,0.08225669172836647
2019-05-17,0.10864012091993318,0.140069300132112,0.0961758916762129,0.08294694872687294
2019-05-20,0.10955545890564666,0.14457362629494425,0.0907089548883406,0.08366079442895784
2019-05-21,0.11085199770321345,0.14584923116730988,0.09074201953171904,0.08439789965368702
2019-05-22,0.1107833053286727,0.14595983588291822,0.0881835181112756,0.08362900703740425
2019-05-23,0.1130709429951006,0.14889436422426902,0.08936532874114109,0.0840012554019949
2019-05-24,0.1131212251318942,0.14877591225805537,0.08941742482227981,0.08398216422170254
2019-05-28,0.11471966440269518,0.14901362129111373,0.08955549160177058,0.08475049638730285
2019-05-29,0.11553197927089164,0.15000110173251952,0.08859391383363818,0.0851378920660941
2019-05-30,0.115589309567144,0.15010750950910215,0.08914117164835703,0.08537733463795791
2019-05-31,0.11804229170353023,0.1530091060806106,0.0867013098298867,0.08601753364788675
2019-06-03,0.11793288257388312,0.15923765000038914,0.09104349538946628,0.08618940931714236
2019-06-04,0.12575816897474304,0.16911236800917576,0.09102780292897948,0.09246202194896504
2019-06-05,0.1262327001925204,0.16931975020076945,0.09108059713413676,0.09276711865341924
2019-06-06,0.12552720336022175,0.16802878702873592,0.09120424595308431,0.09210842978105188
2019-06-07,0.126785262118688,0.1720544212933436,0.08935125361714437,0.09465091476914322
2019-06-10,0.12396478215678691,0.16871264124118981,0.09114825354972346,0.0927642752813466
2019-06-11,0.12381905489311108,0.1684507390991114,0.09047539529052064,0.09232778692457946
2019-06-12,0.12330384105132135,0.16838469703169104,0.09000428108276869,0.09141796812914377
2019-06-13,0.12349421734126331,0.16865994245481544,0.0874772858387371,0.09135676820016612
2019-06-14,0.12321576746006059,0.16802441168528734,0.08710862709176977,0.09075459908113502
2019-06-17,0.12304901492136312,0.16835104155119757,0.08713628851624036,0.09073545844703787
2019-06-18,0.12467857887030379,0.17058477756104348,0.08750414602426879,0.09267630172659277
2019-06-19,0.1245065563173962,0.17056894857945276,0.087389381868949,0.09285550750511025
2019-06-20,0.12395007174489502,0.1687753723188558,0.09989039191905857,0.09603387079913578
2019-06-21,0.11727675467005175,0.16250360675872025,0.10050139456361833,0.09192277920227065
2019-06-24,0.11730792475308546,0.16241307886396628,0.10341993206366398,0.09219488014257542
2019-06-25,0.11847078984464313,0.1662082935684059,0.10268636517931021,0.09401776489015706
2019-06-26,0.11791977525729568,0.16578091213000976,0.1039874110585288,0.09326293656553669
2019-06-27,0.11789483887219025,0.16586541109148947,0.09932809361712805,0.09301015247506993
2019-06-28,0.11769355972894315,0.16529826630227515,0.09935823599721137,0.09276037087989453
2019-07-01,0.11674804589290667,0.16537544322330996,0.10721926317621626,0.0919228661971917
2019-07-02,0.11681353260478679,0.16538882392147689,0.11448524107848372,0.09340817298513529
2019-07-03,0.1177170343721954,0.1656472840792167,0.11433134210066484,0.09387717378239356
2019-07-05,0.11771550812589311,0.16572582621713117,0.11706969887027938,0.0945756950947154
2019-07-08,0.11805791755021924,0.16618407528925144,0.11799537408253594,0.09556698649474173
2019-07-09,0.11806538319531364,0.16637904913013352,0.11791607314811824,0.09563085539736732
2019-07-10,0.11778850159017096,0.1672209162438991,0.12123384800047522,0.09737693447274676
2019-07-11,0.11770862822331143,0.16698416135915586,0.12274621026702347,0.09739171430704309
2019-07-12,0.11793208186858631,0.16717420020788978,0.11981943900422504,0.09705585750953136
2019-07-15,0.11730399381953002,0.1670932993493221,0.11975370998295588,0.09693882497925405
2019-07-16,0.11753464401216725,0.1675111436916544,0.12121920335378548,0.09777293882328042
2019-07-17,0.11847209058834901,0.16778931039591027,0.1230545308874274,0.09764632193760714
2019-07-18,0.11848141716383034,0.16768919626328277,0.12525484023901323,0.09819440181540025
2019-07-19,0.11908487104362049,0.16841507586864596,0.12964965006706675,0.10031363491141414
2019-07-22,0.11914770232012051,0.1690277448304712,0.12965835103880133,0.1004392787115798
2019-07-23,0.11867127589233528,0.16765573681384327,0.1302875071135781,0.0998566570640102
2019-07-24,0.11883646613527155,0.16801878685672014,0.1304398762080689,0.10024104778541883
2019-07-25,0.11929959941208113,0.16904478001837692,0.13162231215398426,0.10152777762387284
2019-07-26,0.11965625902894793,0.1702150792636109,0.1312307642471999,0.10189674454511623
2019-07-29,0.11973265239618577,0.1703658532485036,0.13104267261458258,0.10187190816299982
2019-07-30,0.11987935801823388,0.16983715723444975,0.13105549452649287,0.1018505030401326
2019-07-31,0.1209960157984157,0.17207823019684357,0.13336772910360212,0.1045566468451561
2019-08-01,0.12226319809370804,0.1721516174906341,0.1401846346672529,0.10433542595669257
2019-08-02,0.12170793077387464,0.17172329883494833,0.14045292007304241,0.10418508394997124
2019-08-05,0.13558291454792606,0.18521197937326694,0.14249822472783957,0.10984865048232824
2019-08-06,0.13447323816477452,0.18349951412270163,0.14298550509123467,0.10985781958998914
2019-08-07,0.13444209956116956,0.1837681154375366,0.1449858513396823,0.11042559009241926
2019-08-08,0.13979924464055346,0.18851281002264011,0.14507521997229575,0.11405289176703928
2019-08-09,0.14024461074025735,0.1895192091876694,0.1455412865293218,0.11502346334858565
2019-08-12,0.1328937590484777,0.17742371004507002,0.1454335707138864,0.1100043548028842
2019-08-13,0.1352090422465433,0.18132944838561074,0.14617232453717569,0.11114998900160362
2019-08-14,0.1476218007527378,0.18934591478560137,0.14631791059529572,0.11679777936692154
2019-08-15,0.14653360950657957,0.1882701211896616,0.1452119909892348,0.11668179157507892
2019-08-16,0.14888496057926517,0.18985573818644005,0.14503319077027726,0.11619274491912178
2019-08-19,0.15004339850275927,0.18910723792286638,0.14777855925399377,0.11505756115271792
2019-08-20,0.1499412798957253,0.18884990917477942,0.14781294022645483,0.11495965621638853
2019-08-21,0.15058546028543604,0.1892966307308465,0.14809620427540207,0.11486522992983544
2019-08-22,0.14836562007505252,0.1866550354543363,0.14809069725526247,0.11394783116678632
2019-08-23,0.15741273047334847,0.19770567379526874,0.151947640760717,0.11731789096369354
2019-08-26,0.1576627818045431,0.19966061248111824,0.15144327567541616,0.11745952357035692
2019-08-27,0.15723798620708387,0.19891574940866438,0.1519442331095789,0.11677023804240048
2019-08-28,0.15771006957255068,0.19887687121163355,0.15218563872605265,0.11662495857471905
2019-08-29,0.15687134337732894,0.19796640994839781,0.1519254141507402,0.11631238617857481
2019-08-30,0.15672968746560742,0.19236714125900012,0.15030355001093687,0.1160782406366614
2019-09-03,0.15162976750356522,0.18596057344917302,0.15204236139675217,0.1120455047329527
2019-09-04,0.152298143275375,0.1874590997503655,0.152229931595681,0.11317376552604377
2019-09-05,0.1537990349053131,0.19011437673886122,0.16119461373792995,0.11283208841784527
2019-09-06,0.15266502038943894,0.18661115635810327,0.16241187269221552,0.11121041258618698
2019-09-09,0.15245911109574498,0.18544320388313812,0.16104263694672044,0.11135077355144714
2019-09-10,0.15245893644262318,0.1855832924130295,0.16229832189181276,0.11178039567213338
2019-09-11,0.1529268225276498,0.18590429708170286,0.16238058903022878,0.11245475938097603
2019-09-12,0.1528733757382019,0.18574613804138496,0.16215089917582096,0.11220973804349203
2019-09-13,0.15285416268645619,0.18567383834279413,0.1633507072867031,0.11255396101656918
2019-09-16,0.1530464535344326,0.18569211508916356,0.1638225238449022,0.11255498302944188
2019-09-17,0.15180589009682302,0.18377190265038426,0.16369030032014154,0.11116787375724288
2019-09-18,0.15176756379800763,0.18367197886189066,0.1642355378995969,0.11115581119290448
2019-09-19,0.15066392282262286,0.18282713780928225,0.15717585981125218,0.10759493517219981
2019-09-20,0.1509692008758626,0.18411503158274606,0.1582384912611929,0.10765224728658918
2019-09-23,0.15094030602957326,0.18411453603489783,0.15608926403441134,0.10739354269302906
2019-09-24,0.15045337053963292,0.18277586528298667,0.15629973089715957,0.10652653352346063
2019-09-25,0.1508281897022792,0.1838733624070161,0.15991771620409792,0.10643132236164707
2019-09-26,0.15078684282762694,0.18392838932999164,0.1598874852976072,0.10652464461993752
2019-09-27,0.15091505994219317,0.18567363202708456,0.16033478496570358,0.10767308906018971
2019-09-30,0.1501181409019221,0.1846771297828509,0.15852781653268294,0.10768036636999484
2019-10-01,0.15195492546026781,0.1852262617976777,0.1533430049912687,0.10665012697674885
2019-10-02,0.1550648902596239,0.18765508003937048,0.1548797054462888,0.10720781591270645
2019-10-03,0.15601912683083102,0.1890281583114781,0.15307380826035505,0.1079167111464969
2019-10-04,0.15807769808311312,0.1908889355310315,0.15231272081733208,0.1086521298648428
2019-10-07,0.15828914191179588,0.19071281169793672,0.15349465241203494,0.10909266903908856
2019-10-08,0.16093288009237677,0.19188437492203866,0.15138478747046583,0.10824321344222974
2019-10-09,0.16206408062005281,0.19297642869644394,0.15016995782835849,0.10896166476443722
2019-10-10,0.1624025562887873,0.19327044987805997,0.15107720402097966,0.10848354183368225
2019-10-11,0.16378847435309668,0.19494439173180472,0.15161472732748896,0.10908308676359205
2019-10-14,0.1636797830837629,0.1946786908064589,0.15056536574010287,0.10845355077810405
2019-10-15,0.16429812937178445,0.19608117089074334,0.14805433738802126,0.10887286684352923
2019-10-16,0.16418311138220162,0.19614540060772204,0.14588189783554043,0.10819752466623189
2019-10-17,0.1638725991658239,0.19561149279748874,0.14257184408240836,0.10654800080608719
2019-10-18,0.16406642152886233,0.19597747718706202,0.142607146262148,0.10692262547980656
2019-10-21,0.1640035216074775,0.1963458463865627,0.1424573509728833,0.10702478766670959
2019-10-22,0.16387402554078512,0.19647868183758588,0.14225577362695532,0.10665281686114714
2019-10-23,0.16368479376491418,0.19560275827756904,0.14140593834159138,0.10570156817198792
2019-10-24,0.16316972436278523,0.1954850801382905,0.14195103730693684,0.10568914521297301
2019-10-25,0.16332451450255345,0.19600137046858068,0.14150672201886394,0.10606682566193179
2019-10-28,0.16360496126375956,0.1967269616644503,0.14267335532276354,0.1060866777745089
2019-10-29,0.16202014199389161,0.19530720624229453,0.14008207279781368,0.10305505319985092
2019-10-30,0.16102925227562656,0.19517383970186503,0.13231333926129754,0.10318976987343155
2019-10-31,0.16032124928319338,0.1926527070238455,0.1333367624189988,0.10150860083916664
2019-11-01,0.14850542264941197,0.17866189519872383,0.13061189431890455,0.0953366489187622
2019-11-04,0.14635921196522972,0.1771373243220857,0.12987705467845037,0.09278183932952293
2019-11-05,0.1464253817875459,0.17696750605053305,0.13050894616306502,0.09287868766661145
2019-11-06,0.14152856442038583,0.17219561915462722,0.13039837228925824,0.08797320482948923
2019-11-07,0.14076877498328977,0.17093945138142752,0.1338568320217509,0.08707943860068355
2019-11-08,0.13822683043504583,0.16905388348610947,0.13282911856910934,0.08642444564313374
2019-11-11,0.13524837800089667,0.16394924219889884,0.13243123092958917,0.0842453777679109
2019-11-12,0.12020360467936275,0.1513872445625073,0.13175492183496632,0.07591706746823039
2019-11-13,0.1201993886974167,0.15130873667027894,0.13126967888953803,0.07583455156338713
2019-11-14,0.11710102417073641,0.1485189181689744,0.13108147164086711,0.07438527814670412
2019-11-15,0.11567606359114306,0.1460847263815631,0.12915031094502522,0.07407753432054458
2019-11-18,0.11429473757289527,0.14494077412311698,0.12827867195988019,0.07380144072304114
2019-11-19,0.11347264778015952,0.14413920551753934,0.12816406648890138,0.07338366715999155
2019-11-20,0.11385182739189502,0.1445955313166513,0.1280939314371218,0.07357031149673432
2019-11-21,0.10022071779326751,0.128487851783387,0.1219640692056522,0.06892455014908201
2019-11-22,0.09831782182278878,0.12557390429967816,0.12197699169736953,0.06701238781270173
2019-11-25,0.09856381767651348,0.12705250707283666,0.12043554407876662,0.06754197678596079
2019-11-26,0.09793236805983349,0.12699510625487764,0.12091451972545614,0.06759060512473701
2019-11-27,0.09539326075383628,0.12443231517263369,0.12057285731215106,0.06646071491133902
2019-11-29,0.09585649793572534,0.12478476449962496,0.12131654941577369,0.06632895229460097
2019-12-02,0.09679314746577579,0.12498274278541753,0.11766102934176313,0.06779772316450128
2019-12-03,0.09582435132986358,0.12352829392819682,0.11866507141011137,0.06476913938449722
2019-12-04,0.0933368865698184,0.11878451964949883,0.1089208988959981,0.06490573921189385
2019-12-05,0.0933581233425764,0.11873897078937458,0.10769361073545439,0.06457997003031851
2019-12-06,0.09482436422501554,0.12014835101725584,0.10919666995306467,0.0646541273342361
2019-12-09,0.09515065475540883,0.12042095133883433,0.10793248914598756,0.06435461904586777
2019-12-10,0.09439050224101105,0.1193055050092513,0.10735346010338148,0.06279601119132701
2019-12-11,0.09432644218845158,0.11945048731413818,0.1082199372975043,0.06321251894289247
2019-12-12,0.09557255054175076,0.11977356602883307,0.10719925438327761,0.06290825309527072
2019-12-13,0.09522859385647786,0.11929313943180853,0.10622391650106447,0.06304994317172508
2019-12-16,0.09590988176845759,0.1203740223182878,0.10612913417886116,0.06363898513354617
2019-12-17,0.09592000617021441,0.12033034174161512,0.10542217226543273,0.06340295271648677
2019-12-18,0.09591433229315915,0.12033562721640335,0.10507427391002744,0.06336742435800664
2019-12-19,0.09538126517787045,0.11822658709360427,0.1023565816381502,0.06364928186663978
2019-12-20,0.09555025310008242,0.11829570359905572,0.10167642792107034,0.0637809654980109
2019-12-23,0.09374418280486145,0.1143169208156356,0.10126522971533118,0.0626291165559589
2019-12-24,0.09333025185871566,0.11278404737134404,0.09632741777101943,0.06273815549068398
2019-12-26,0.09341208885093212,0.11309202339903437,0.09761279771163785,0.06368128973679205
2019-12-27,0.09244921691264109,0.10941436452249027,0.09703732051971699,0.06121510458302097
2019-12-30,0.09327733658632759,0.10974830211320917,0.0917142796076215,0.06180997514941253
2019-12-31,0.08932865358848123,0.10782386602071903,0.09119390937094306,0.060574899895299246
2020-01-02,0.08169686015149705,0.10446083562577729,0.08941015346341487,0.06083873839424267
2020-01-03,0.08291649702043126,0.10566361078933327,0.09273083774163282,0.05973908224958892
2020-01-06,0.07951258446318626,0.10296637397828724,0.09487059777158208,0.05858887274117677
2020-01-07,0.07911432446282189,0.10253776175937056,0.09324684908421971,0.05701613563139873
2020-01-08,0.07135848258016682,0.09692940069824837,0.09329545974457805,0.0541371801556333
2020-01-09,0.07039164747043615,0.09657412514691406,0.09411475851420027,0.053257287761535155
2020-01-10,0.07033019989997905,0.096516607190938,0.09288013780640739,0.05333121208654304
2020-01-13,0.06892546468702584,0.0959588000483294,0.09346694438444189,0.05278388806167088
2020-01-14,0.06899842859536275,0.09666217952498925,0.09326847719316478,0.05328424978680309
2020-01-15,0.06696710449001511,0.09437715988039387,0.09256687703398217,0.05282471786455181
2020-01-16,0.06798615305139533,0.09507813131987347,0.09213241481000348,0.053375775394774214
2020-01-17,0.06799882519260088,0.09522433244662573,0.09215027105405109,0.05346728447149777
2020-01-21,0.06728379215284608,0.09227219162875662,0.09208536592823778,0.05193280540221398
2020-01-22,0.06658374705845828,0.09135451086051818,0.09141374615364337,0.05179102143256147
2020-01-23,0.06583574305856951,0.08891530279570405,0.0913588021535038,0.05103206822201966
2020-01-24,0.06912988080347604,0.09157796118222976,0.09186856999103311,0.052184366943763306
2020-01-27,0.07755401582900777,0.10132457447777181,0.09178964259465451,0.05624398120015415
2020-01-28,0.07952592356083343,0.10415628731902796,0.09378227276319008,0.056477027971878785
2020-01-29,0.07916594737381802,0.1029315758881055,0.09233995260669882,0.05646324325143163
2020-01-30,0.07919860180442408,0.10109594796143123,0.09205804854287866,0.055586789086779116
2020-01-31,0.08816740089856222,0.1070902541970889,0.09212097451928855,0.059316032776604584
2020-02-03,0.08877777736840725,0.11033447880041242,0.09142226107987284,0.059828566945680735
2020-02-04,0.09175439880463988,0.11719044220466532,0.09542084643965636,0.0606353999621824
2020-02-05,0.09389178021373859,0.11693295297431817,0.09519342291054762,0.06113827765682427
2020-02-06,0.09384011164187372,0.11759865355138563,0.08942382744517546,0.06013038897639428
2020-02-07,0.09478331361328297,0.11799085070190841,0.08922700231478786,0.06060425873277802
2020-02-10,0.09547770579071191,0.11960529578520421,0.08286579854361577,0.061078736482515446
2020-02-11,0.0954558853896287,0.11964063132194913,0.08199571611858074,0.06114630472536623
2020-02-12,0.09574202215778611,0.12031176473377363,0.08177658392614812,0.061117619968155706
2020-02-13,0.09587418106063421,0.12054582513782783,0.08222023015483078,0.06110657717760279
2020-02-14,0.0958457939881232,0.12046654314468225,0.08224514470414412,0.06114974170388464
2020-02-18,0.09619153262994093,0.12035964832265994,0.08525932665795342,0.061255740262333935
2020-02-19,0.0957135976901703,0.12080883684209516,0.08534533013786837,0.06189845616431591
2020-02-20,0.09633731359945337,0.12305726053236318,0.0854525016058778,0.06267131439010466
2020-02-21,0.09905706684311019,0.13040312778358365,0.08958561617175942,0.06399481051747231
2020-02-24,0.12020021152260621,0.15288933135586225,0.09070457567219517,0.07780564170013948
2020-02-25,0.1351949019094515,0.1631854202138594,0.0978983971846334,0.09377253486852563
2020-02-26,0.13535722912885792,0.16338019724953431,0.0977696559049427,0.09378012958845522
2020-02-27,0.1617331343701398,0.19149690800986022,0.09691049121420044,0.11391835448586499
2020-02-28,0.1617692518263129,0.1914696088676774,0.12339952627552844,0.11706721189392898
2020-03-02,0.18402585002490437,0.21699063544277347,0.12297640441152811,0.1346374363634321
2020-03-03,0.19252311925228854,0.22657000392703563,0.13659473509677733,0.13623011855168932
2020-03-04,0.20982125738482832,0.2400213054969944,0.13651536209524254,0.1464792006686783
2020-03-05,0.21985638595665394,0.24762353119534014,0.1413250113469936,0.1494810594860273
2020-03-06,0.22186385342839168,0.2500127332966805,0.14119849740375062,0.15128302598286508
2020-03-09,0.27060369042712656,0.28655867318557565,0.1411696081240142,0.18058776017880163
2020-03-10,0.29031805905064245,0.30622138419360595,0.14668564090298936,0.1892576294059907
2020-03-11,0.30552215687543993,0.3183514995657128,0.14702751714506002,0.19988630955870657
2020-03-12,0.3585118249607774,0.36692945641683195,0.16902043812946457,0.2505973075474686
2020-03-13,0.40003254893316853,0.40560269895916296,0.18005307206504287,0.26807095340765735
2020-03-16,0.4533374582322736,0.46999042613337216,0.1814736878073373,0.311437918382589
2020-03-17,0.46785226348621517,0.4954407441300875,0.18319679278867268,0.32690955886593587
2020-03-18,0.47692562915316916,0.4982035574506501,0.18772645022375314,0.3328925520220604
2020-03-19,0.47700935480474155,0.4984429474082726,0.19159958573871355,0.3328788037245948
2020-03-20,0.483294525197688,0.5038890872552856,0.19394512712411555,0.33532664614143054
2020-03-23,0.484750726483699,0.5036106901577597,0.21293699621759318,0.3355267898750193
2020-03-24,0.5209441330732855,0.5284434206525076,0.23330987869385358,0.3670616528832413
2020-03-25,0.5221905786506665,0.5284951956854117,0.2352834884822299,0.36698849014086254
2020-03-26,0.53665772725133,0.5395938265624872,0.2358540394498607,0.3766730205534857
2020-03-27,0.5391345023918811,0.5433172919872409,0.23599912126790085,0.3790427590022809
2020-03-30,0.5438085262511542,0.5486147175437978,0.23606573436493028,0.38249437076096304
2020-03-31,0.5443333785435945,0.5487099394074199,0.2451559544587664,0.38408612601652137
2020-04-01,0.5507096226402153,0.5548743911086088,0.24577026077521444,0.38724906390236663
2020-04-02,0.5526974366456631,0.5554081242246086,0.2474057815895582,0.388810828119181
2020-04-03,0.5530829527471408,0.5557725423730239,0.24628145410433339,0.38902999084813894
2020-04-06,0.5706965503587665,0.5746114311457884,0.2513792594799012,0.40506827070274287
2020-04-07,0.5707379099677646,0.5746104559383078,0.25164199117473135,0.4050664845534637
2020-04-08,0.5750666060152829,0.576069240196383,0.2518499980530645,0.406307846626628
2020-04-09,0.575833266026603,0.5757921553219292,0.25644358627992153,0.4073206312414892
2020-04-13,0.5760166261206933,0.576235288909435,0.25820722405552593,0.40753455964535223
2020-04-14,0.5791842373807488,0.5824522139736739,0.25784065614787,0.41108885317131516
2020-04-15,0.5805238926897331,0.5828557539059508,0.2581611084396889,0.41185558112636045
2020-04-16,0.5806203758068624,0.5840068778853942,0.2580833831902848,0.4120864679400982
2020-04-17,0.5831449527551245,0.5840057367869919,0.2614475425771974,0.412101649766014
2020-04-20,0.5839496395482835,0.5844162566619187,0.26169637802818196,0.412315513239009
2020-04-21,0.5867289888882015,0.5890415548331055,0.2622244727894784,0.41523111852484934
2020-04-22,0.5887558243248373,0.5921279473163449,0.26475390892503486,0.41807588367620757
2020-04-23,0.5887348555532369,0.592098537018776,0.26526972992925046,0.41808530206143035
2020-04-24,0.5894131849919966,0.5927270243822058,0.26541533217559354,0.41837029871326986
2020-04-27,0.5895296019754025,0.5914236122571708,0.2657118118067359,0.41800031177807717
2020-04-28,0.5890950897558428,0.5918943052399335,0.2651538446134632,0.4182895146298091
2020-04-29,0.5916644556212612,0.5961265393999928,0.2651608949636896,0.42065730495271275
2020-04-30,0.5918372766658735,0.5960974259517159,0.2680377442483583,0.4210784451526833
2020-05-01,0.5930422745428651,0.5979766321497213,0.26806514822669003,0.42191963384755626
2020-05-04,0.5928376789711605,0.5976683399458963,0.2676418995448303,0.42195329356376404
2020-05-05,0.5922768768108648,0.596332442115722,0.26609342909429623,0.4219452744352213
2020-05-06,0.5917786425946879,0.5964234228664809,0.2676696752698776,0.4219047719494316
2020-05-07,0.5923382691460078,0.5967311384698695,0.2690077386427733,0.4226122688384104
2020-05-08,0.5933906653705674,0.5972718901749221,0.26942527121294896,0.4228869143103385
2020-05-11,0.5931356078510949,0.5970555065712432,0.2698506940561196,0.42264010631171295
2020-05-12,0.5942593814007451,0.5985766330752917,0.26972491150483435,0.42337095702331606
2020-05-13,0.5948755573580957,0.5987669187373631,0.27018079875196266,0.4234512280803445
2020-05-14,0.5955363406482239,0.5992161338415606,0.27044946400434333,0.4240141695053192
2020-05-15,0.5956374270539158,0.5993330890162972,0.27052131854296446,0.4241258200407737
2020-05-18,0.5991219731942743,0.6004964502760959,0.27017518796721807,0.42498183646293564
2020-05-19,0.5992574403656844,0.6002187237489311,0.2705411639490723,0.42477258446584165
2020-05-20,0.6003738731201939,0.6012200817828717,0.2704937154297103,0.4255328573925954
2020-05-21,0.6002032333268401,0.600340340925233,0.27089825375230053,0.4259876471738037
2020-05-22,0.5966875181272223,0.5950441067372294,0.27059536577241944,0.4238856455211774
2020-05-26,0.5941454885928282,0.592284935885864,0.2696634759845338,0.4206979646311136
2020-05-27,0.5948266502793269,0.5922924350400923,0.26957839150568164,0.4208932211032143
2020-05-28,0.5876918951044757,0.5829196248730973,0.2696202204209037,0.41566210184786945
2020-05-29,0.58763179974048,0.583415055650434,0.2589414722224191,0.41481632648413685
2020-06-01,0.5814106853183879,0.5748926163417584,0.25889139457171495,0.40983430443898966
2020-06-02,0.5785533094923546,0.5707882471355936,0.25214943700260944,0.40921841113301943
2020-06-03,0.5731324634703112,0.5652319965249457,0.2551235171140346,0.40554993874037665
2020-06-04,0.5690177303681203,0.5617192684295973,0.2523785331753872,0.40438961701586296
2020-06-05,0.5699271323105919,0.5614163965908245,0.2557770472776498,0.4038430512510163
2020-06-08,0.5465644832006853,0.5418578028896334,0.25664856439082623,0.3910081915464051
2020-06-09,0.5379913312323493,0.5321798610231662,0.25356614926779947,0.3874866083354158
2020-06-10,0.5281630790491638,0.5237960563053277,0.2548338797245827,0.38131753444909267
2020-06-11,0.5042065674513098,0.4985910151433394,0.24150818848679217,0.35643183759215646
2020-06-12,0.47637369539688346,0.4715787763289421,0.23252025271782178,0.3455824430211775
2020-06-15,0.4187118811158127,0.399442880189736,0.2310277097514614,0.30167338971504865
2020-06-16,0.40759095919931115,0.37406462056555756,0.22994440684624884,0.2888413617089144
2020-06-17,0.3926852666328519,0.3671505669113887,0.2255705391609249,0.2788598282248313
2020-06-18,0.39274429657386145,0.3671881989121851,0.22157849599355206,0.27852657620581045
2020-06-19,0.3812732017826495,0.3560767628412943,0.2208224383667319,0.2732890978888194
2020-06-22,0.37614380290946886,0.356113655190405,0.20421619869079563,0.27336562346516213
2020-06-23,0.33415101544654185,0.3253969426089781,0.18157161525926024,0.23645549759856604
2020-06-24,0.33865214397631366,0.32851249590128034,0.17926510344791313,0.23960757194118815
2020-06-25,0.32023159561595105,0.3140069214049985,0.1778317482034797,0.2269787026973954
2020-06-26,0.3179510567131954,0.3093320064177452,0.17723192710369132,0.22334434719683224
2020-06-29,0.31319385928880444,0.30273657877590565,0.17714207019880973,0.21937623756568342
2020-06-30,0.3117743908072626,0.30325338532800267,0.16380428363739674,0.21593779537609686
2020-07-01,0.2961098918450349,0.28819874682740926,0.16359768154576668,0.20764820863119837
2020-07-02,0.2935679357830239,0.28659339405041684,0.1608841998079882,0.20501928830125077
2020-07-06,0.29215660964384854,0.2865152277901702,0.16098776732938466,0.2050740578346465
2020-07-07,0.26394301786695445,0.254380159607205,0.15232062086057654,0.17663553000264687
2020-07-08,0.26408391295585193,0.25478621026565385,0.15204437779106192,0.1768270938165953
2020-07-09,0.2572001659490329,0.2526702383410434,0.15083392657084027,0.17514565081403155
2020-07-10,0.25637830022655084,0.2526425565178049,0.14249365301241884,0.17363874181221925
2020-07-13,0.2562945323572729,0.25721158513330433,0.13869720742240138,0.17510254170480938
2020-07-14,0.2512508766547976,0.24448390397116065,0.13818102710376043,0.16829316708687178
2020-07-15,0.24712040170364483,0.24262501336623674,0.1376676118679481,0.16566290080822413
2020-07-16,0.24734747303147694,0.24167003199044942,0.1391651312216225,0.16627327350172166
2020-07-17,0.24224371778856615,0.24136029858468686,0.1337936204615623,0.16616196598407248
2020-07-20,0.23920981054549992,0.2446145139149463,0.13345414914810133,0.16662561443941526
2020-07-21,0.229745900980497,0.23214692964051767,0.13422688176967695,0.1572758704094236
2020-07-22,0.22647297936966593,0.22628486541489107,0.13203626397275817,0.15179089113416236
2020-07-23,0.2282939449070674,0.23378079991633893,0.13175586872198264,0.1537823011029421
2020-07-24,0.2277789500682143,0.23379455542534186,0.1320408047781497,0.15357949872814577
2020-07-27,0.22666460588754833,0.2354747280453808,0.13589829089124147,0.1555715856356035
2020-07-28,0.2268994221290719,0.23346737877671023,0.13585685353323132,0.1542418391732558
2020-07-29,0.22255131193472732,0.22477885506591233,0.13611411169139673,0.1497549802370649
2020-07-30,0.22167974823087533,0.2247305210699794,0.13121740040170676,0.1481602908005677
2020-07-31,0.21433598146901944,0.21756865843427467,0.13169111699231392,0.1443859971444831
2020-08-03,0.2145249255436424,0.21787614979506914,0.13169568381312546,0.14451479441340112
2020-08-04,0.21410870116846872,0.2173213967512683,0.13698521493617408,0.1447445492117262
2020-08-05,0.2134136728954471,0.21726794270727112,0.13393313826839026,0.14409234161176826
2020-08-06,0.21271696289442585,0.2173335732340633,0.13321624613626148,0.1434758704804398
2020-08-07,0.2108304220053209,0.21838639205019894,0.13731715214742618,0.14504622484049842
2020-08-10,0.21079171482112713,0.21855310126092586,0.13668637624195787,0.14526203017820097
2020-08-11,0.20703734409879002,0.21770284742648097,0.17735492665002067,0.15409529142607253
2020-08-12,0.2041306461765442,0.2198589258848665,0.17713657908205235,0.15394996432391383
2020-08-13,0.2035370295733614,0.21929594956099885,0.18195714564192364,0.15347686746004252
2020-08-14,0.20357894270866386,0.21939149939639974,0.18222055735289752,0.1536281132731199
2020-08-17,0.1956356623120872,0.21783718085301854,0.18549258054330311,0.15316360877233284
2020-08-18,0.19396070659607512,0.21790605455654372,0.18539270137524844,0.15323010136201598
2020-08-19,0.19214430529873258,0.21616568596174743,0.19732654454668117,0.1553830885586925
2020-08-20,0.19126492404925102,0.21540371160209548,0.19479101472721652,0.15349653587440887
2020-08-21,0.19127844419082496,0.21552461185255675,0.1956513911766405,0.15351565161651984
2020-08-24,0.1908646217006785,0.21524192394177524,0.19354000588875758,0.1533085213455004
2020-08-25,0.18916957244419952,0.215383701433503,0.19354532707617936,0.15303633255835006
2020-08-26,0.1896435848671783,0.21805156166465597,0.19453336297774457,0.15476633540453588
2020-08-27,0.18959415695549328,0.21739021846776413,0.1961168150024462,0.15488135486608554
2020-08-28,0.18974665617891123,0.21740550875097372,0.198517206986007,0.15550769887828747
2020-08-31,0.1897218247211384,0.2174970429214176,0.19777391806643838,0.15550917798189973
2020-09-01,0.1889488258776516,0.2191399975639276,0.19332452634249733,0.1559502427581195
2020-09-02,0.19030707984456247,0.21828535132278054,0.19507738483173437,0.1558749271243209
2020-09-03,0.19817504246672837,0.24198428077607873,0.19088979613046833,0.16955342209028681
2020-09-04,0.19787213562524994,0.2439755360060739,0.19009640327767074,0.1695934430633035
2020-09-08,0.2052055382609869,0.2640350530635695,0.18964211066836237,0.17840431883668958
2020-09-09,0.2082559915391075,0.268998694750455,0.18863795136719425,0.1817455092578832
2020-09-10,0.17493976593251795,0.2518661399264032,0.1880257095955664,0.16577468174650234
2020-09-11,0.17372737761944426,0.2523318980902101,0.18806478724158793,0.16567110370532245
2020-09-14,0.17458726328300703,0.25337993282363913,0.1882904816418525,0.1668486856953863
2020-09-15,0.17105307104711578,0.2527398419875092,0.18843311976834895,0.16579130149491092
2020-09-16,0.1710287858725438,0.2553694687880488,0.18843997329516363,0.16646528867045207
2020-09-17,0.17224335514236652,0.2577999516375357,0.188875261162528,0.1681151906407663
2020-09-18,0.1735893461683892,0.2594100710098608,0.1879799987482603,0.16914973004881573
2020-09-21,0.1749945927804899,0.258551188369161,0.19275724603845215,0.17003017990447986
2020-09-22,0.17582374660468394,0.2604513124414863,0.19262082206434206,0.17015007206737703
2020-09-23,0.17445784186265434,0.2646085636498034,0.19775140285599074,0.17460229366196248
2020-09-24,0.17338604100456348,0.26418175917649955,0.19780624808952021,0.17433480476037683
2020-09-25,0.16859902770703455,0.26281137704311464,0.19782280119642656,0.17287719752890338
2020-09-28,0.1692459324754453,0.2648889325165563,0.19867501405348686,0.1746542036145046
2020-09-29,0.16826684209928341,0.26284761408586066,0.19911508622111349,0.17334761742162016
2020-09-30,0.16835018231706853,0.26229213710677135,0.19931107576289278,0.17324064088476487
2020-10-01,0.16845233029654424,0.26362284969304434,0.19992192362670536,0.17404916226225006
2020-10-02,0.16734437593524437,0.2662760145138503,0.19971957819339775,0.17404917408792675
2020-10-05,0.16907207931845206,0.2688073596323977,0.19958626416914907,0.17589029818712468
2020-10-06,0.17141761312773396,0.2705038929817344,0.20091997110276058,0.17802016520725297
2020-10-07,0.17393905807254736,0.2720658571834469,0.20081352922989149,0.1792358944242228
2020-10-08,0.17368232457003155,0.27195566736240157,0.20077084034023385,0.17934137584093482
2020-10-09,0.17311114670654887,0.2697545016445363,0.20372735992949476,0.1799106023567577
2020-10-12,0.17405154459629327,0.27580069746397295,0.2037551877625245,0.1813504439044899
2020-10-13,0.17414503280001617,0.27583397677630206,0.2064913053239907,0.18217585453794596
2020-10-14,0.17457899585236952,0.2760514723475219,0.20549224317019962,0.18177924893993685
2020-10-15,0.17463184101739562,0.27660304984546014,0.20503563574918818,0.18179132174814894
2020-10-16,0.1741337839951883,0.2716909628631633,0.20505873237173405,0.18025628973649735
2020-10-19,0.17718554831554584,0.2729878337390178,0.20376913036214064,0.18170646355421005
2020-10-20,0.17703348602244756,0.27295610569938256,0.20178711414321307,0.1812045021547471
2020-10-21,0.17520317447883577,0.2672649941889867,0.2015841349418968,0.17992232042319253
2020-10-22,0.17474903666359787,0.2663257868254018,0.20189844127457185,0.1798543514367256
2020-10-23,0.1743753235209748,0.26433029132444547,0.19791200902665249,0.17762457717633087
2020-10-26,0.17815624567184862,0.2648680856686965,0.19714263916417635,0.17907884442520053
2020-10-27,0.1768768380636452,0.2644021941174092,0.19658986562857336,0.1780200957430355
2020-10-28,0.1900226019680392,0.2763700831418809,0.19861240232046284,0.18804873775409975
2020-10-29,0.19044541241931032,0.2762808691004677,0.19775165974242745,0.18726315018749976
2020-10-30,0.19114896944312582,0.2799114475692689,0.1980069134019045,0.1878566488835022
2020-11-02,0.19230932711973647,0.2798504858257048,0.19408792989171192,0.18749088768462957
2020-11-03,0.19511893353834503,0.281917612685789,0.19344925407767755,0.18910934930671602
2020-11-04,0.19965669308440404,0.2944598486532248,0.19126909702258388,0.1930245506222397
2020-11-05,0.20321512807973044,0.2976107454416631,0.19491164053564614,0.1974193529751962
2020-11-06,0.2031807455119191,0.2973868669034469,0.19486447748910798,0.19737052591661944
2020-11-09,0.2036673465259471,0.29781930510191984,0.18507775815312358,0.1928055222716791
2020-11-10,0.20205896845483093,0.296380018795382,0.18501220609314048,0.19194271940566204
2020-11-11,0.20239885878306968,0.29948572344013386,0.1786990865361609,0.1920182995492369
2020-11-12,0.20353126715554543,0.2996795051525482,0.17904721921800826,0.19207513790192032
2020-11-13,0.20512863918724386,0.2993283512490005,0.17394539222444086,0.19155206985116566
2020-11-16,0.2063871348745892,0.2991382989534752,0.17281849059711782,0.1915265388962856
2020-11-17,0.2065303861823947,0.29884828280684433,0.16132235097015832,0.1894524302771426
2020-11-18,0.20817917593221444,0.29817366701971276,0.16095496029833375,0.18969428176313868
2020-11-19,0.20821671597715125,0.2982545135686986,0.1602821183871055,0.18978930636268088
2020-11-20,0.20795291652640044,0.29842396571065916,0.1601002516547155,0.1898391932690333
2020-11-23,0.20814861785635544,0.2980546021666212,0.16462854840607466,0.1899124830183437
2020-11-24,0.20960211766716458,0.29632703271913324,0.1651573103384819,0.1879612153001958
2020-11-25,0.20963803284647323,0.2964709661277134,0.1638089378998971,0.18779001571621098
2020-11-27,0.2093627764058285,0.29684791594558335,0.16046647108482728,0.18678691461930563
2020-11-30,0.20943696389473204,0.2964731696740738,0.16061028977681202,0.1868181074247326
2020-12-01,0.20971518530105324,0.2956184035715118,0.1668046168627342,0.18832467437268036
2020-12-02,0.20787717685875706,0.2950457320976137,0.16594942327846,0.18832755649162689
2020-12-03,0.19537787768200918,0.276297645510942,0.16622469031230525,0.1775401074144147
2020-12-04,0.1950301017545624,0.2748040262867922,0.1661289673715527,0.17709487430336426
2020-12-07,0.18627971431876233,0.25591076481926095,0.1690457990586908,0.1690778874601751
2020-12-08,0.1826796142787079,0.24989492847411365,0.16797130087968515,0.16493071940182397
2020-12-09,0.17990894689113912,0.2509064389847455,0.17110902300463154,0.16598464759405246
2020-12-10,0.17993774729698786,0.2503240577232241,0.17111503685536286,0.16587361147482427
2020-12-11,0.17847250874583134,0.24845139887944973,0.17028374691824083,0.16410577750442934
2020-12-14,0.17869329158208774,0.24741044753303934,0.17050421694109452,0.16382598064204545
2020-12-15,0.1800432585226871,0.2455124320576823,0.17296821507359478,0.16510372633605316
2020-12-16,0.17882171467635008,0.24300533496683685,0.17316413696380864,0.1637523493623259
2020-12-17,0.17695815474865612,0.2412216262769846,0.1745631733652094,0.1632768126379027
2020-12-18,0.17538386131949427,0.2414786210147372,0.16999516355913505,0.16199807189366383
2020-12-21,0.17495065112696662,0.23938478681790837,0.16984291920964176,0.16167047527862302
2020-12-22,0.16757683875307994,0.2299936559444507,0.1649611719577348,0.1527360112464297
2020-12-23,0.16759328430116618,0.230468662278024,0.16533126448096916,0.15268622214469837
2020-12-24,0.16520188356213297,0.22662592431053197,0.16540528774305382,0.15125146019984848
2020-12-28,0.16307599641534606,0.22406176196042946,0.1643445613940484,0.14860204639141175
2020-12-29,0.1625871858801617,0.2236800280052225,0.1636189663547366,0.1485602221682241
2020-12-30,0.16217625908744493,0.22351042939536783,0.16389996239286733,0.14857038868474232
2020-12-31,0.16204290104487262,0.22173395090010384,0.1630905161484288,0.1475060648567056
2021-01-04,0.16341029427272125,0.21573496720161586,0.16902723673991246,0.14486667703388603
2021-01-05,0.16049910810504503,0.21254137724242578,0.1688643323585517,0.14266705933508117
2021-01-06,0.157500638239858,0.21118477710960065,0.17040208921485758,0.14028674310320172
2021-01-07,0.15655690235201414,0.2136653700837198,0.17047692364205297,0.14053558341479747
2021-01-08,0.15610468301374586,0.2146718060088267,0.18372557232894945,0.14083060708378528
2021-01-11,0.1563249506356733,0.21549271783807236,0.1798559939063863,0.13943704291929251
2021-01-12,0.1535070915928837,0.20721681124152913,0.180359530607952,0.1365776643391894
2021-01-13,0.15271221669194862,0.2075069403478774,0.17787233057820415,0.13560708094489665
2021-01-14,0.15224361445670684,0.20702925302496128,0.17773623452427365,0.13551458337033134
2021-01-15,0.15315694427331947,0.2072331441811306,0.17914956474313629,0.13691537550266886
2021-01-19,0.15365071882333103,0.20846307349709606,0.17997438660237539,0.13803064738771711
2021-01-20,0.15179576428859642,0.20967421898947577,0.18305577471666937,0.14019417334857462
2021-01-21,0.15175140414655455,0.20999375604034892,0.18277209655385038,0.140144752040879
2021-01-22,0.15195423465116292,0.21016134407447362,0.18268950852270932,0.14066682133235642
2021-01-25,0.15183650898729345,0.2104472192758176,0.1817334197149037,0.14070129658308056
2021-01-26,0.15195481706569833,0.210453867720677,0.18177720454743773,0.14076659218094653
2021-01-27,0.15560704901320055,0.21627548277337066,0.18216618300732387,0.14466218756743732
2021-01-28,0.1558604484847707,0.21610868401446584,0.182079687392176,0.14486703186224523
2021-01-29,0.14472566687206437,0.20491137598427805,0.1792855025348656,0.13413575195660812
2021-02-01,0.14676149234670574,0.2076802644232528,0.1801331420371666,0.13713747496845738
2021-02-02,0.14639949328096616,0.20154069780320794,0.18149754872117396,0.13523685176092556
2021-02-03,0.1453842827932309,0.20204516819685506,0.1803652833050705,0.13486950183690577
2021-02-04,0.14323313456482156,0.20077757257751133,0.18474192455287933,0.13271238248069372
2021-02-05,0.13738154709516842,0.18212071780785963,0.18599793939214557,0.12622694649741953
2021-02-08,0.13316250990006845,0.17589419770679787,0.18102641368994443,0.1191784660272934
2021-02-09,0.13319287082165696,0.17593397406444825,0.18116236365387925,0.11917712412216942
2021-02-10,0.1314582764860442,0.17015151210217888,0.15849754493761994,0.11319861741148958
2021-02-11,0.1313087895465985,0.16518993958989053,0.15924156163958952,0.11245969862071552
2021-02-12,0.1309588283355249,0.1604168992652022,0.15913178024043034,0.11154655815635091
2021-02-16,0.12903035329392237,0.16010577985926683,0.1610223392018003,0.11219685442770172
2021-02-17,0.12670316798303927,0.1602400715873339,0.1616912553148224,0.11155121671196933
2021-02-18,0.12524790773802358,0.16038132472965286,0.1616911749493051,0.1111843924813378
2021-02-19,0.12467377435324818,0.1605570342044692,0.1619125416969602,0.11078465293045209
2021-02-22,0.12307180721235005,0.1690414818526879,0.1646346346490991,0.11013242969502923
2021-02-23,0.12294077181449375,0.16884752714256976,0.16465113409654392,0.11010445191192632
2021-02-24,0.1232825256629866,0.16848028341313098,0.16449508936575635,0.11025540460169733
2021-02-25,0.13325584350628727,0.18375666394373782,0.1640892468473149,0.12224202428294345
2021-02-26,0.13031840031128253,0.18202096424092407,0.16823403919669908,0.12323330564505547
2021-03-01,0.13836189877103267,0.19079085866119191,0.16824624694888105,0.12788935699984452
2021-03-02,0.1394978963193436,0.193309374662821,0.16758049044769144,0.12861251864852516
2021-03-03,0.14200383835991015,0.20246001646703587,0.16845864149954876,0.13356954291057188
2021-03-04,0.14298001752788767,0.20371599340531066,0.16362767549011462,0.1327864622357135
2021-03-05,0.14733987406429186,0.20588126572408177,0.16274329391333597,0.13455822167671067
2021-03-08,0.1477820850178494,0.21370052176636284,0.1627303899532262,0.1375237910760642
2021-03-09,0.14943135720311568,0.22775871023279776,0.16890352290026794,0.14636983378886023
2021-03-10,0.14969710858292376,0.22760361224348508,0.16625568866340562,0.14595598995443376
2021-03-11,0.15077156600050964,0.23202871798143165,0.16598520086944754,0.14739594403539588
2021-03-12,0.1493810751244624,0.22788902207028694,0.16284552965032245,0.14368945147363188
2021-03-15,0.14964114368345494,0.22865324876787158,0.16318941952716806,0.14430244709854384
2021-03-16,0.14964729417855044,0.22873691734749224,0.163136070699978,0.1443095723391472
2021-03-17,0.1492306793900194,0.22847895887027486,0.16364824079133414,0.14454405104466236
2021-03-18,0.15057281021701138,0.23619897029100315,0.1611925860774499,0.1466157480540454
2021-03-19,0.15067793372920607,0.23605805967212842,0.1609942438142655,0.14643129596649304
2021-03-22,0.15105182826738459,0.23860992358224886,0.15927044656598968,0.14662222286067653
2021-03-23,0.15177120854144013,0.23870635592030126,0.15973029490996887,0.14709996546140494
2021-03-24,0.15198372337451388,0.2411882530655763,0.1599687991618132,0.1475121044189379
2021-03-25,0.15217682148473544,0.24116991924378212,0.15947068556166777,0.1474389227809054
2021-03-26,0.15513359684722203,0.24272135880806006,0.15889505220333286,0.14915140095788887
2021-03-29,0.15508221004695155,0.24259789935249393,0.1599554919997106,0.14919706118916828
2021-03-30,0.15453716321110925,0.24204393494353504,0.16293516358880208,0.14976961363198463
2021-03-31,0.15453595634758024,0.2439158746828886,0.16606474979868735,0.15156204526408906
2021-04-01,0.1557417697464263,0.24616173819558648,0.16747011115154764,0.1538310321243089
2021-04-05,0.15775338617289814,0.24913721738793895,0.16716068778142262,0.15527931436931325
2021-04-06,0.15483067430222738,0.24726674813163918,0.16126639042123675,0.15526502417775503
2021-04-07,0.154463638323736,0.24686708057284223,0.16100069549325172,0.15483938612418555
2021-04-08,0.1543393386022754,0.24565773115267572,0.16020678980510708,0.15478882036658081
2021-04-09,0.15240832879794008,0.24149134014547485,0.16067162578325764,0.15298777055096446
2021-04-12,0.15217005226589614,0.24037401749720802,0.14659074053209517,0.15266674753545925
2021-04-13,0.1513173446626157,0.23923016266896624,0.14746484378203803,0.15235192054753102
2021-04-14,0.1516134023760597,0.24066291147545762,0.14686397667029455,0.15302479769802457
2021-04-15,0.15274057982639577,0.24202844434512819,0.15066556180410215,0.15537033458216123
2021-04-16,0.15243553041189892,0.24164387101051835,0.15127010351367445,0.1552681045882567
2021-04-19,0.1519417427537266,0.2418508144518065,0.14942976112567233,0.15448678347589037
2021-04-20,0.1524684900733264,0.24097791628443596,0.14855747811047115,0.15355481456233014
2021-04-21,0.15126911580795369,0.23724957489146956,0.1461542741816715,0.1506201719452078
2021-04-22,0.1527213379120833,0.2381897267445946,0.14662248945253123,0.15180438536659085
2021-04-23,0.15360736026869995,0.23928964272701256,0.14604294532885626,0.1519389865908079
2021-04-26,0.1535294179639422,0.23909277423471625,0.14616175552825628,0.15188140707085843
2021-04-27,0.1534469666609426,0.2393056433815438,0.14616417999192305,0.15196613967517503
2021-04-28,0.1442181167894651,0.232337532257501,0.14586995573250855,0.14641886289141776
2021-04-29,0.14386077374747677,0.23218718949678926,0.14602221252082054,0.14617238931548657
2021-04-30,0.1379697760727847,0.22836673270749064,0.14612944402121314,0.14372723220202954
2021-05-03,0.1347223417851127,0.22356397990042798,0.1473004018476378,0.14004270331473603
2021-05-04,0.1332566678041108,0.2244046426553746,0.14606248707137787,0.14135375798350172
2021-05-05,0.1332695404325461,0.22436181733121247,0.14633710154009547,0.14129735856780198
2021-05-06,0.13241463426423353,0.22362474117788664,0.1438301914132192,0.14279190453608134
2021-05-07,0.13284442641817326,0.22409959377681676,0.14360189799945192,0.14322231531483126
2021-05-10,0.13422119977063696,0.22941335409254462,0.14232091612637848,0.14419549860575837
2021-05-11,0.1356875225869647,0.22942441756228907,0.14217520132185835,0.14438274573845922
2021-05-12,0.14279994883673405,0.23505149023590197,0.1433647423318816,0.14944763266956504
2021-05-13,0.1445726541010728,0.23533085455627653,0.14255746043218134,0.15029424136876282
2021-05-14,0.14724085289962927,0.23937212639883873,0.1435624374529323,0.1533635247768303
2021-05-17,0.14736711074979397,0.23960086235899808,0.14224013083761855,0.15283668511037443
2021-05-18,0.1486134875293145,0.23977811515458336,0.140155005354501,0.1527188514904488
2021-05-19,0.14842029374953075,0.23966374501901538,0.14014328316546237,0.1525766776966307
2021-05-20,0.14961714635816223,0.24271941824083904,0.14018570604449798,0.15415729197805242
2021-05-21,0.14860521310987668,0.2372229376160712,0.1372255789047744,0.15362022371280598
2021-05-24,0.14968978784443313,0.23938734065316547,0.13711255708923392,0.15457329236675374
2021-05-25,0.14854890829292408,0.23889766611254357,0.13809572253341915,0.154248533490522
2021-05-26,0.13942298029149713,0.22784282283357463,0.13231006766563927,0.1443324843745436
2021-05-27,0.13877490841267437,0.22796740930680384,0.12192344270213873,0.14306918781732697
2021-05-28,0.13095630127100963,0.22025599671400073,0.1218240835208114,0.13930719673723369
2021-06-01,0.129730673416603,0.21780293177929524,0.12186808560721436,0.13870064469642113
2021-06-02,0.12627461479637198,0.20919667754650978,0.11936521243196714,0.13324763741843101
2021-06-03,0.12352920398065541,0.20748231231489106,0.12467344516820364,0.132570002083324
2021-06-04,0.11979551440408243,0.20802743520809125,0.12600758599602388,0.13286410349135033
2021-06-07,0.11916505636958435,0.19906139480525947,0.12365338384845315,0.1287475662637472
2021-06-08,0.11641019557681886,0.183893326627301,0.11764573254911698,0.11993984567742476
2021-06-09,0.11614847142841879,0.18371256054921348,0.11762888642518995,0.12001013050735383
2021-06-10,0.11496991822499367,0.17934565652674253,0.11766596712484359,0.11894492066225174
2021-06-11,0.11497261294268765,0.17837215358180747,0.12037879080183064,0.11894633980495029
2021-06-14,0.11459298771946892,0.17815109538439255,0.1210771468621663,0.11839143470915
2021-06-15,0.11464858148461905,0.17862716068278303,0.12148654418126702,0.11885711487294601
2021-06-16,0.11534773629861136,0.1787733719596236,0.12607741561793898,0.12022025355930513
2021-06-17,0.11095824043713254,0.16831210024755833,0.14039789615561735,0.11550455674908927
2021-06-18,0.1146677075785812,0.16934071423549876,0.14066851006206946,0.11722815566247623
2021-06-21,0.11689402789923589,0.16597342936347767,0.14266688988588153,0.11798297348104925
2021-06-22,0.11571610740977625,0.16632968231822662,0.14211764758349382,0.11709776114928386
2021-06-23,0.11509215596591967,0.1620989191100932,0.14200407007700158,0.11620652152192829
2021-06-24,0.11513637815025304,0.1621709980037218,0.14178298613653484,0.11629957586766808
2021-06-25,0.1113147397511603,0.16008735561232407,0.1418182413123501,0.11450553010527728
2021-06-28,0.11126649170573404,0.16140051938538527,0.13958506131316556,0.11420032861151701
2021-06-29,0.11098845521407552,0.16082415539343134,0.13677624123077442,0.11276866124841482
2021-06-30,0.11085630984432475,0.15867912699153838,0.13388266915416874,0.11087035642974587
2021-07-01,0.10951481134397263,0.15561332095143265,0.13176882624616823,0.1081060650129562
2021-07-02,0.10703744943597063,0.15240651618393627,0.13232261530657782,0.10717823075284627
2021-07-06,0.10714510870128263,0.15246515899381186,0.1317592308254154,0.10719064702718935
2021-07-07,0.10725659002777357,0.15245816100089976,0.13174655641025862,0.10726486357314877
2021-07-08,0.10858032816355238,0.15205462264061015,0.13014241850451674,0.1067962815026011
2021-07-09,0.10959809434828993,0.15207939084585476,0.12925005808056145,0.10742988671535354
2021-07-12,0.10971392061601141,0.15209436626125972,0.12859769926886122,0.10725080769474876
2021-07-13,0.1099968222492695,0.1506226135067348,0.12794454472437297,0.1065401470562302
2021-07-14,0.10964681025170518,0.14827064782280328,0.12913850408953112,0.10572123151273048
2021-07-15,0.1081824413201485,0.14645138693760115,0.12532261220624102,0.10272458171938838
2021-07-16,0.10941169613094226,0.14755520009059425,0.12647882952823772,0.10422924466786498
2021-07-19,0.11314238956265717,0.14730556342956144,0.1263336234530857,0.10467783335107435
2021-07-20,0.11536590074949377,0.14794572591589095,0.1262110077032167,0.10543012755173851
2021-07-21,0.11498022802837189,0.14778251891503807,0.12493254662383428,0.10420451296194073
2021-07-22,0.11322995595205827,0.1457454388443199,0.12426615574199264,0.1024051283133826
2021-07-23,0.11303819127383209,0.1454711698869675,0.12418149343545783,0.10234848101129856
2021-07-26,0.11305577277231314,0.14509611771126724,0.1241912781738059,0.102182938396513
2021-07-27,0.1135689328474195,0.14675045363405273,0.12410710392250739,0.10256924569051946
2021-07-28,0.11357430559733439,0.14655380840185342,0.12436544312359224,0.10263212555557133
2021-07-29,0.11322292623348879,0.14648143554256277,0.12590462191936877,0.10307183832536043
2021-07-30,0.11281838648969533,0.14621530253603635,0.12678958791954628,0.10319843760809012
2021-08-02,0.11294108361314374,0.14562372203473586,0.12423086872002002,0.10315098209004642
2021-08-03,0.11297865674770577,0.1404931073320544,0.1233020712263153,0.10081952370140394
2021-08-04,0.11359522351793816,0.1401133520844693,0.12305520687813888,0.10089897154217001
2021-08-05,0.113226115029967,0.13993509514091232,0.11869517061335023,0.09902580871605002
2021-08-06,0.11249770614930334,0.13987054417733136,0.12727977988535885,0.09994116872952001
2021-08-09,0.11042459388359699,0.12879376950407947,0.1315603757993152,0.09808904676205837
2021-08-10,0.10857875293339134,0.12941185586413714,0.1315653537602633,0.09781870264128811
2021-08-11,0.09861801715634559,0.11667820970321961,0.1335211993670028,0.08954641940822826
2021-08-12,0.09633666994296276,0.11619466179984067,0.13319367957031336,0.08849330031149798
2021-08-13,0.09205505443706294,0.10904993618450763,0.13513756377437877,0.08423090655739748
2021-08-16,0.09177706189667828,0.10786818979704949,0.13334116831735768,0.08430180585347219
2021-08-17,0.09096775948555814,0.10862929781015668,0.1332454429729228,0.08462843869471597
2021-08-18,0.09388754592527873,0.1111028869910516,0.1332495430384844,0.08591050232909199
2021-08-19,0.09183217502475126,0.10548195519393905,0.13288543313660336,0.08307219636271712
2021-08-20,0.09280504342463365,0.10586901041428191,0.13288891029817823,0.0836728368020815
2021-08-23,0.09229033080135142,0.10486319739780121,0.13532514405493168,0.0848274666472337
2021-08-24,0.09204789223581591,0.1048845938353598,0.13387215995782561,0.08474235894077357
2021-08-25,0.09205231247123292,0.10484541919568835,0.1344202982984813,0.08482799503979692
2021-08-26,0.09312430891814415,0.10553997499752629,0.13445739502114143,0.08522597016746361
2021-08-27,0.09444145645564,0.10668727964614498,0.13788457684382965,0.08770580948560482
2021-08-30,0.0945649614390303,0.10773832255257791,0.13808869271918325,0.08764812821917146
2021-08-31,0.09472056557240692,0.10790187600361652,0.13773049431300666,0.08758251982082892
2021-09-01,0.09420368172433806,0.10486724966954329,0.1323364688150146,0.08407589696916307
2021-09-02,0.09291582172792343,0.10067259590632936,0.13040336269148087,0.08091751578765621
2021-09-03,0.09285879515933004,0.10067647255997231,0.13205792022665364,0.08121859698129019
2021-09-07,0.09332877458181509,0.10063500336943862,0.13734360395127926,0.08276919626186799
2021-09-08,0.09329913658296084,0.10117982695640322,0.13736721140155345,0.08293367355966698
2021-09-09,0.09364055541086368,0.1002773346624672,0.13738713736830724,0.0821963929642046
2021-09-10,0.09529550633494659,0.10198869183867663,0.13603359050581973,0.08334629550154614
2021-09-13,0.09531674355863559,0.10078481322272943,0.1358758745422128,0.08333058848358917
2021-09-14,0.0959878671594941,0.09986480498007318,0.13644282777921757,0.0828397332562327
2021-09-15,0.0962732402312256,0.10000156573520817,0.13277412986128245,0.080804121591899
2021-09-16,0.09637688889155448,0.09747429617811115,0.12603780793769415,0.08147482405559729
2021-09-17,0.0943576409430482,0.09933857367019713,0.12559574561382056,0.08090862813566421
2021-09-20,0.09696977425866168,0.10821570766130739,0.12396369827413944,0.08111895199006199
2021-09-21,0.09652262071883658,0.10688712863750739,0.12443077752872776,0.0809747587176441
2021-09-22,0.09822857839336098,0.1082177334909574,0.1246497435897863,0.08148875117964044
2021-09-23,0.1003595165175349,0.10897803030969,0.12675494054376574,0.08140490193875734
2021-09-24,0.10021414117289457,0.10887950017775463,0.12656867515428769,0.08135854300000432
2021-09-27,0.10042860801737845,0.10800394798765175,0.12665663418250397,0.081186495951109
2021-09-28,0.10868642072591198,0.12247646674210669,0.12640657081839485,0.0901957109975529
2021-09-29,0.10871663195752186,0.1224802951101189,0.12625986624929106,0.09021393574081274
2021-09-30,0.11102333365006874,0.12273257668478865,0.1312974562180523,0.09000927559315113
2021-10-01,0.11251965617444559,0.12120557284062504,0.13068343923365786,0.08939122603231717
2021-10-04,0.11542856319498186,0.12801492306850024,0.13063898785422712,0.0913276919535851
2021-10-05,0.11710898962484513,0.13087637175589525,0.13067280096061037,0.09204520589444762
2021-10-06,0.11619950767201306,0.1309505470800181,0.13081214306933367,0.0919650625819982
2021-10-07,0.11552656884901784,0.1316397704950757,0.13097131529567374,0.09134167416428014
2021-10-08,0.11538741011896876,0.1318064057454171,0.13097269227861078,0.09133227205450618
2021-10-11,0.11611369068140741,0.13269514316971165,0.13095753248732628,0.09198486910703667
2021-10-12,0.1161825496126792,0.13280510022791167,0.1293681799318787,0.09145314899787212
2021-10-13,0.11619574200551087,0.13307265724376977,0.134479121709691,0.09340112307512474
2021-10-14,0.1197644781756878,0.136998362467209,0.1332120011975322,0.09512585437295726
2021-10-15,0.11650061670653901,0.13634669749038786,0.1368722155744612,0.09390775167133891
2021-10-18,0.11332525962245307,0.1358728696654486,0.13692525030803893,0.09277741706749298
2021-10-19,0.11322596430691172,0.1358408558858743,0.13694168697800335,0.09322229096451663
2021-10-20,0.1133800982167605,0.13535157588603333,0.1380653569584682,0.09325745378675027
2021-10-21,0.11176447047542432,0.1339376483730576,0.13794257047284653,0.09259527768208245
2021-10-22,0.11174203880674724,0.135096596187168,0.13842670057710302,0.09263734115959334
2021-10-25,0.11167670593576412,0.1345507623315174,0.13907977097426366,0.09320640491121049
2021-10-26,0.11165629885187957,0.13449065217570247,0.1395017194017663,0.09313300165719911
2021-10-27,0.11189228978313123,0.1345140836568959,0.137749721780939,0.09251317072642885
2021-10-28,0.11280232308815061,0.13558903012680815,0.13687238686155614,0.09252221869340554
2021-10-29,0.11267666920890593,0.13581720435949235,0.13788088365201528,0.09248951141723678
2021-11-01,0.1117155027077681,0.13551655565321274,0.13830865259743289,0.09233066883253682
2021-11-02,0.11130726253950961,0.13566989141818372,0.13836397613234017,0.092322920633129
2021-11-03,0.11126286067898886,0.13662401960772766,0.13911982589716576,0.09231216944008219
2021-11-04,0.11151729939909427,0.13817498281710508,0.13163883471802812,0.0918871578589506
2021-11-05,0.11157436425513097,0.13817231084929807,0.12884936044159548,0.09147708956272009
2021-11-08,0.11157357036696487,0.1376652725081131,0.1289646548377045,0.09136541958336569
2021-11-09,0.11185885147374368,0.13851848890014032,0.12655144004837116,0.09120869395742275
2021-11-10,0.11318877488197474,0.1420558381525218,0.12815898347320878,0.09169520346456275
2021-11-11,0.11316939448414869,0.1420101172722943,0.12560397493117137,0.09106320084141804
2021-11-12,0.11395185151963232,0.14328367225723856,0.12533199438676518,0.09174698423374969
2021-11-15,0.11297770163296204,0.14188610401407467,0.1253357955855226,0.09084045708318784
2021-11-16,0.1105371669722279,0.14060972064937025,0.12633633207356043,0.08953644478448212
2021-11-17,0.1107616557475836,0.14046236351092983,0.12727711353458815,0.0895761739733674
2021-11-18,0.10998093076600383,0.14046304570287924,0.1275248506632388,0.08909425208543696
2021-11-19,0.10896065648473922,0.13803194824019038,0.12643591620263997,0.08639282476559484
2021-11-22,0.10919080543531856,0.1403755980520027,0.13441413486819792,0.09028058824386595
2021-11-23,0.10916308732893792,0.14082749533134542,0.1348193249297938,0.0906732262379565
2021-11-24,0.1083857810447409,0.14009908476157226,0.13481371636069978,0.09027517037888544
2021-11-26,0.11663787296685058,0.1446294580702443,0.1313282383863727,0.09254058125390083
2021-11-29,0.11878114768286833,0.14917998900522847,0.13100808892605653,0.09472524526938349
2021-11-30,0.12526808146021307,0.15235605580664877,0.13156576336517672,0.09877670886229377
2021-12-01,0.12729723543615318,0.15636852313785954,0.1318513213633956,0.10012124918106886
2021-12-02,0.13079082034628906,0.15696032438179874,0.13218626651830556,0.10075404339720212
2021-12-03,0.13200375496632472,0.16086098739144689,0.13148846445019202,0.10105715701097284
2021-12-06,0.13384943329338617,0.16161424677353692,0.1256555776066623,0.10064842267444282
2021-12-07,0.13984608777675217,0.17209889729439992,0.12577012861691605,0.10671174569256926
2021-12-08,0.139531543390634,0.17203967573525863,0.12545254517750845,0.10674187516507687
2021-12-09,0.13926299148559781,0.17404655459703555,0.1256400056751384,0.1075026702356306
2021-12-10,0.1402824421847709,0.1751807113643907,0.12574892314131222,0.10856682705180791
2021-12-13,0.14108520742858477,0.17772518197004633,0.12516638373369482,0.10958507772958923
2021-12-14,0.1410912499817677,0.17857714215853912,0.12600293589371106,0.11101169237988776
2021-12-15,0.14415864117232527,0.18406198899859091,0.11774600789396858,0.11318132017506506
2021-12-16,0.1438933186640437,0.18994766221768747,0.1200457875345827,0.11310882291233625
2021-12-17,0.14138008541338518,0.1853364403453092,0.11937517619949423,0.11180812138714283
2021-12-20,0.14324097614094689,0.1865379339283588,0.11900173231782213,0.11316830116377367
2021-12-21,0.1461269014551812,0.19076616708101013,0.1187489090493966,0.11563521248415086
2021-12-22,0.14552092027027091,0.1913793685105106,0.11772660074617919,0.1171918298286207
2021-12-23,0.14589691410963787,0.19183106488555168,0.11771975434374185,0.11753811850431908
2021-12-27,0.14800786810684888,0.1933892361219857,0.11773603498417197,0.11899919764043453
2021-12-28,0.14153022415902347,0.18416332231587015,0.11630331458750663,0.11186528220145281
2021-12-29,0.14153158281459285,0.18407333846955692,0.11584748558678472,0.11173812196494817
2021-12-30,0.1390203678327114,0.1839946881147289,0.11123284641387782,0.11174452470956234
2021-12-31,0.1377294276980995,0.18448538040294174,0.11189195052979871,0.11127407586616112
2022-01-03,0.13482137868288974,0.1792915680380036,0.11605648691485718,0.10904072455220648
2022-01-04,0.13374632553286891,0.18029596516335128,0.11645607736135502,0.10877133501580417
2022-01-05,0.1399760272528733,0.1913366763806033,0.11657931473094514,0.11496760275196033
2022-01-06,0.13923450547415794,0.19067012788228643,0.11877375775347353,0.11530811879579467
2022-01-07,0.1394824474549375,0.19176984248475154,0.11907784455267066,0.1154691627258754
2022-01-10,0.1385400859651401,0.1909800032350375,0.1191069041345891,0.11473887924276759
2022-01-11,0.13923437224038268,0.19278136275716376,0.12109660948922177,0.11685685736507419
2022-01-12,0.13918756647593988,0.1923804213144976,0.1160184446935504,0.11558698248727003
2022-01-13,0.13881770827240694,0.19620609050374244,0.11617205616281398,0.11699774813393654
2022-01-14,0.13813983388520093,0.19619687429536445,0.11165953680746303,0.11697965916001477
2022-01-18,0.14289961921461625,0.20169958987086464,0.11158378542541046,0.12076296340987996
2022-01-19,0.1437276041613112,0.20228604850050655,0.11566079402340783,0.12024045984182598
2022-01-20,0.14524048796719574,0.2038691311148756,0.1146383236043502,0.12134470942074374
2022-01-21,0.1502761636351743,0.2105542169468252,0.11485041333398434,0.12579502706986986
2022-01-24,0.15056437525035457,0.21030135426780347,0.11473184967449407,0.12619888714086322
2022-01-25,0.15193921837279756,0.21376434465967642,0.11411639654572492,0.1269126129303228
2022-01-26,0.15195073570449405,0.21357063858223757,0.11782754321386912,0.12751482909066653
2022-01-27,0.1520046727961185,0.21412886858761224,0.12060042592307567,0.12867564355293915
2022-01-28,0.15908212612036887,0.22268139514142873,0.12074542885026747,0.13307092824149436
2022-01-31,0.1632597912814261,0.23211994654839077,0.12009171626342666,0.1385256445688978
2022-02-01,0.1638127627018368,0.23247147445803762,0.11966076793570797,0.13869978354493626
2022-02-02,0.1647907919450691,0.2329481234569047,0.11977791779916164,0.13942392988971264
2022-02-03,0.17082691499987374,0.24497606506457767,0.11857648324671041,0.14582150448155032
2022-02-04,0.17082560941886324,0.2449278467405598,0.11646752374903188,0.14502189154424105
2022-02-07,0.17071406472683354,0.24521486026611922,0.11444758038768642,0.14442825772022322
2022-02-08,0.17160829565577,0.24657456487429041,0.1143853174415951,0.14533175331192752
2022-02-09,0.1741521354195548,0.25044281853139133,0.11416053544005428,0.14787912060605893
2022-02-10,0.1770691020267418,0.25269338701995014,0.11225085118589709,0.15049975745175864
2022-02-11,0.1812334876274176,0.25982063699124613,0.11815353358438566,0.1516968704609275
2022-02-14,0.18052306480907157,0.25870347266496974,0.11858028010093229,0.15099182705971495
2022-02-15,0.1836866017762448,0.2641602700223755,0.12007397465911647,0.15270084593914032
2022-02-16,0.1834867748531845,0.2635965268961754,0.12093577043412,0.15290822805593146
2022-02-17,0.188076258108788,0.26949590590620537,0.1226235636199563,0.15457473883824988
2022-02-18,0.18818203940518238,0.2689311046411991,0.12243726188281268,0.15466382413122956
2022-02-22,0.1891583021455741,0.26885944880830176,0.12140752932620298,0.15500705752866403
2022-02-23,0.19198934218817287,0.27219269436251636,0.11237989696634872,0.15520743295246023
2022-02-24,0.19475237302920156,0.28177135076450116,0.1117034061963173,0.15804827832697876
2022-02-25,0.20014044714088108,0.2838100169034768,0.11196732020662485,0.15987846548798257
2022-02-28,0.19542849071871476,0.2818930265430961,0.1134293901600895,0.15769436806949463
2022-03-01,0.19577246395087397,0.27909102547545855,0.11833096731552659,0.1561708182033378
2022-03-02,0.1959820278168408,0.28051668190350376,0.1195812494185455,0.15492347880388935
2022-03-03,0.1950144056293377,0.27996880307896627,0.11982264566317827,0.15436013726703168
2022-03-04,0.19296067449932358,0.2805008559730871,0.12245623525735265,0.1539337543216296
2022-03-07,0.20074875073186121,0.2874357495473358,0.12455293907489835,0.1571869076799752
2022-03-08,0.19941231006370452,0.2866798548966856,0.1342925461233728,0.15706960066200842
2022-03-09,0.20252326015172167,0.2896383491694856,0.14872077490241864,0.1542551729735805
2022-03-10,0.20246061153959297,0.28978055125743735,0.14872445471687942,0.1542647782969512
2022-03-11,0.2034470588837658,0.29103589736538604,0.1489337299223517,0.15545058105113177
2022-03-14,0.2025408819329422,0.29147444274975004,0.1526047577599021,0.15648327420310404
2022-03-15,0.20749940709261608,0.29870468050321186,0.15783051684959487,0.15810104602884745
2022-03-16,0.21240048952566398,0.30862593705391805,0.15669941571457624,0.16366782993893694
2022-03-17,0.21150894254397334,0.30587967647653347,0.15674891875393965,0.16229375643248412
2022-03-18,0.2121900011759876,0.3053028441833212,0.15652045239199253,0.16245393223207752
2022-03-21,0.21120065178147462,0.30522683628903796,0.15692780769634287,0.1620835290063056
2022-03-22,0.21152870481666436,0.30757318747100043,0.15746954125112758,0.16206329528180977
2022-03-23,0.20991176186643787,0.30507995151211786,0.1593963371171897,0.1600927671982431
2022-03-24,0.2111889953123239,0.3075496194734678,0.1590167031346809,0.16149707322658352
2022-03-25,0.21103382409392848,0.307033561856088,0.15937881244210247,0.16111721668210263
2022-03-28,0.20951427997102332,0.3067907729522573,0.16404132815893227,0.15954014433496796
2022-03-29,0.2111106516907331,0.3089549373490938,0.16369852236259402,0.16075893220448437
2022-03-30,0.21139842953606805,0.3095946751337324,0.16427555978625633,0.16086246203749743
2022-03-31,0.21344663738353642,0.31038407653626876,0.1638226428959703,0.16184549754078215
2022-04-01,0.2135297254812883,0.31022810876261037,0.1640512056548689,0.16187115440453417
2022-04-04,0.21394010947871736,0.31256282220884296,0.16088511860057297,0.16355256636174698
2022-04-05,0.2152940017328208,0.3145247910875414,0.16105334179305447,0.16574126489208524
2022-04-06,0.21286407425654008,0.3115984392485635,0.1608768704939127,0.16313777155002818
2022-04-07,0.21316329914835314,0.3116763770099495,0.158685986459662,0.16308146155640763
2022-04-08,0.21309502884189482,0.31213986361891977,0.15886702971674574,0.16308567181571182
2022-04-11,0.21566009269687636,0.3153463350383961,0.15899889648740526,0.16477450987522843
2022-04-12,0.21479854646279523,0.31358881566354063,0.15803388715570763,0.1628449462333089
2022-04-13,0.21611408242551325,0.3165092386604085,0.1581684833685557,0.16466747348932737
2022-04-14,0.21580683282065402,0.3158905258814334,0.15815733255654188,0.1642818704208494
2022-04-18,0.2158068767871471,0.31553495030829365,0.15796782721501781,0.16428913880553028
2022-04-19,0.21564635113812938,0.31551367524926094,0.16128062465766504,0.16242859164320458
2022-04-20,0.21466717739913888,0.31606489497147616,0.15868516908350666,0.16253812332329076
2022-04-21,0.21561187900457665,0.3176319117557336,0.15879417121804357,0.16368486867258583
2022-04-22,0.2190149944134712,0.31711967112694944,0.16001718239873672,0.1656621154261015
2022-04-25,0.21916765917942868,0.3181419872520778,0.16409798336079096,0.1653629626182449
2022-04-26,0.22534994776741635,0.32357727998309577,0.16402072325270028,0.16961266229652322
2022-04-27,0.22541194550928892,0.32357604714055266,0.1613507522970307,0.1691539370794011
2022-04-28,0.2309913451247234,0.3312004229405558,0.15925637609894963,0.17394165134397413
2022-04-29,0.23699814757219853,0.3366119825548434,0.1590745400011377,0.17875699010298085
2022-05-02,0.23429598795561388,0.3317685850630673,0.16343384064917912,0.174516916705615
2022-05-03,0.23403827328749569,0.3313591510954481,0.16348621213175607,0.17429897049802037
2022-05-04,0.24151763448550703,0.3384352809353418,0.16442007356459967,0.18097151368648523
2022-05-05,0.2472396181660174,0.34356823999646235,0.1646144096918205,0.1854969472803349
2022-05-06,0.24715328728569952,0.3429294501044387,0.16461705564019702,0.1851862709819923
2022-05-09,0.25470086643319617,0.3506769179623388,0.16677643414141902,0.19327837263701023
2022-05-10,0.2540405962183073,0.350827779719592,0.16759120839298727,0.19257055216895744
2022-05-11,0.25336645992451606,0.3515809069980284,0.16823948257010313,0.19154094278648776
2022-05-12,0.2513514889860334,0.3493946119804823,0.1709156638763917,0.18993914441521775
2022-05-13,0.2539661965090556,0.3534984809314678,0.167214463101338,0.1928660447667098
2022-05-16,0.2539961214598096,0.3539600146489391,0.1680087740351808,0.19281483192475227
2022-05-17,0.2553866594081966,0.3542876550749549,0.16741784102350254,0.1936194005103949
2022-05-18,0.26701734947641026,0.36648939933335606,0.16604410874023426,0.2014884618613351
2022-05-19,0.2642242921113951,0.36245431568896286,0.16641206545485068,0.2003741877115226
2022-05-20,0.2640720284318679,0.3620071342436118,0.16642612576220703,0.20015531472283152
2022-05-23,0.26645772793401284,0.36364080395683934,0.1666610309318174,0.20206765462749368
2022-05-24,0.26464804097176753,0.36259273125004615,0.16712785736895655,0.20101635774831114
2022-05-25,0.2634143981784436,0.3568650786468248,0.16706732351080272,0.19913421057691325
2022-05-26,0.2627050410062886,0.360145550521865,0.1669848145050566,0.20027449488250612
2022-05-27,0.26761531737809674,0.3666434408676709,0.16558650998888935,0.204174336627411
2022-05-31,0.26616645302675024,0.3655837824622257,0.16224439671172716,0.20433567976453865
2022-06-01,0.2638030162502441,0.3639068692020783,0.16171385899756904,0.20352659848172877
2022-06-02,0.26664354206814705,0.36758588061275527,0.163256991552298,0.207542371905065
2022-06-03,0.2681185883997664,0.3700126169787588,0.16088936776385201,0.2102403382491086
2022-06-06,0.2617057806617088,0.3629447547001238,0.15778289735750153,0.20765414818017525
2022-06-07,0.2619663068748196,0.36331492658595743,0.1476042275750218,0.20810950514164375
2022-06-08,0.25718454978767724,0.3559230194247444,0.13607933128807528,0.20705856760875088
2022-06-09,0.26128167079908343,0.3590849431304248,0.13586506130372275,0.2097548439247019
2022-06-10,0.266295439461467,0.36342712298175534,0.13843828410781486,0.21069732560622373
2022-06-13,0.27612708182770906,0.3727902758974409,0.14486689628360444,0.22116446175098667
2022-06-14,0.27198429940114927,0.366675840671428,0.14110497923519752,0.2195802957785574
2022-06-15,0.2695884049428125,0.36213688048355896,0.14314502729374792,0.2178231937215281
2022-06-16,0.27498259779077483,0.36858271812908094,0.14472616137681774,0.2197461605495303
2022-06-17,0.27376343402715536,0.36675769066604774,0.14460164331391084,0.21901726468141114
2022-06-21,0.27941775431515753,0.3712693839043118,0.14372645654430247,0.22181725102108202
2022-06-22,0.27793591203316376,0.36838266345544346,0.1434544188082033,0.2209056191407973
2022-06-23,0.27825520023798794,0.36952416119720705,0.1408456474112745,0.2215039944934457
2022-06-24,0.2844439718358691,0.3736316368469594,0.13984133227894105,0.22403947755432801
2022-06-27,0.28411338325684166,0.3737146509225015,0.1397117320958286,0.2240398294280873
2022-06-28,0.2857823340073739,0.37579380598777934,0.13532190382625894,0.226026823014367
2022-06-29,0.28418128671111464,0.3735169224093355,0.13529736920598856,0.22466944517625018
2022-06-30,0.2843009907621943,0.3736316038146148,0.13447416626902264,0.2250237276772478
2022-07-01,0.2843966094750165,0.3738219251133216,0.13444268143210697,0.22520218833822325
2022-07-05,0.284331367507412,0.3761158568258648,0.1399759766470117,0.22522403307884187
2022-07-06,0.2837010782740524,0.37350570248454434,0.14236567916171117,0.22349428531805143
2022-07-07,0.28508619275426805,0.37485179903229676,0.1421203450569014,0.2242959744116557
2022-07-08,0.28464549700661557,0.3729763712231988,0.14195927700008948,0.22381252887854253
2022-07-11,0.2849013936200463,0.37472401312268894,0.14173470897598467,0.22450876673707706
2022-07-12,0.2852076500596669,0.3743068263301218,0.14085276460463195,0.2247321534035488
2022-07-13,0.28369614721082437,0.37191000531113005,0.14081929873388302,0.2239036417812833
2022-07-14,0.2836790797315727,0.3720898376853359,0.14152868823975806,0.22390251262460875
2022-07-15,0.2855739842193597,0.3715726577454719,0.14081100233236143,0.22378783080808273
2022-07-18,0.28507291103014387,0.3694603115194856,0.14094792261943054,0.2228343886651992
2022-07-19,0.29087131260175564,0.3752553732480735,0.14084531246680804,0.22711482175115
2022-07-20,0.28911191698162675,0.3737850627224555,0.13918289189000446,0.2266173114050185
2022-07-21,0.29007828758471926,0.3742458042108924,0.1422740837791231,0.228505120160321
2022-07-22,0.2892288709427007,0.37363569240725775,0.1425262046013206,0.22770962920123392
2022-07-25,0.2843824730522101,0.3703212979805438,0.1416585031122458,0.22422297780772846
2022-07-26,0.2848675309939625,0.3710940759930381,0.13781100886591074,0.22502570918195713
2022-07-27,0.2843159550379161,0.3738119076717111,0.1396759415795137,0.22782123859837644
2022-07-28,0.28542074883233076,0.37433944871105157,0.14172042985248523,0.2290978420696729
2022-07-29,0.2823305868298704,0.36922778059884964,0.1413311385058713,0.2259140061992545
2022-08-01,0.27244039587929264,0.35789532417988734,0.14197569412302571,0.2192881290190005
2022-08-02,0.2725072564962028,0.3564107958773115,0.13784748746644732,0.21949089367635438
2022-08-03,0.2741653225494109,0.36052581411996026,0.13782627697960909,0.221564648227015
2022-08-04,0.2671563621851989,0.35423373624884624,0.14057124148194353,0.21626489709618707
2022-08-05,0.25743421908437153,0.3395875113576679,0.14200632045238637,0.20825496341932961
2022-08-08,0.2571464733452959,0.3387099346352998,0.14314985880678016,0.2079777230306821
2022-08-09,0.24882007465311753,0.32982479919567237,0.1405976246609166,0.19987782283948013
2022-08-10,0.25209697606388853,0.33342391018767825,0.13973146715780557,0.20209202069268983
2022-08-11,0.24976237905274037,0.32770851175034604,0.13870701242053607,0.20044818113604126
2022-08-12,0.25166922132194736,0.32945721227047986,0.1367567856776925,0.2019393227655408
2022-08-15,0.2476000185386046,0.32202715381545743,0.13820145210858958,0.19917841514362
2022-08-16,0.24737038588360188,0.32099433742172656,0.13678698275598766,0.19911601574938412
2022-08-17,0.24479601367165912,0.31833559324619026,0.1368203347057189,0.19833114109338312
2022-08-18,0.23005150547742517,0.30138218558674545,0.13687460084334618,0.18858236164276998
2022-08-19,0.23150606609579383,0.3041306857393372,0.1340002269848688,0.19079941041574391
2022-08-22,0.2357509400093535,0.3092001773913073,0.1344610703797699,0.19444682180694853
2022-08-23,0.23311426073735247,0.30771269073675894,0.13493813557407308,0.19272027490568808
2022-08-24,0.23253117441620533,0.30428920418060035,0.1340831430979508,0.19218033391615555
2022-08-25,0.23349707316578294,0.3049842907900104,0.1339266645867748,0.19319828472574663
2022-08-26,0.24046096541206766,0.31207175243939955,0.13581307042099872,0.19974721706464446
2022-08-29,0.23565436920636204,0.3058758116305342,0.13581765697918144,0.19610599969300635
2022-08-30,0.23638807439317952,0.30664125366704637,0.13543974728807692,0.19675235556227497
2022-08-31,0.23632660703376243,0.3065058533272634,0.1352640375296355,0.19712465565751794
2022-09-01,0.23312970551495138,0.30136538731805923,0.13326345239433832,0.1928283478631149
2022-09-02,0.2318083238722138,0.29820496879170116,0.13367676217710847,0.19007704231383524
2022-09-06,0.2317796406633067,0.2984148129740179,0.13384564340999783,0.1903041387328307
2022-09-07,0.23387997161551685,0.3007495742065741,0.1349029932432539,0.19246546022824623
2022-09-08,0.23334054823513373,0.30062511129083713,0.13524207186412796,0.19219016828087984
2022-09-09,0.2304551865934392,0.29885512503181116,0.13581788299491676,0.19114441222233813
2022-09-12,0.22346973443972482,0.29061265644131856,0.13318118450807873,0.18889790627894135
2022-09-13,0.22761242835200596,0.2966113206769667,0.12537156207579808,0.1890195053274688
2022-09-14,0.22754273097908465,0.2969130781861064,0.12471123340676746,0.1889435570881961
2022-09-15,0.2272553183654257,0.29510234771232985,0.12631243870832798,0.18841350711031682
2022-09-16,0.2173918104581647,0.283481260965917,0.12447618836684306,0.18377419187727606
2022-09-19,0.21779826090601556,0.28292878413959416,0.12382856443323047,0.18403746779661972
2022-09-20,0.21363742660154061,0.2792039928702003,0.12403857017472707,0.1821717185909002
2022-09-21,0.21660143259187153,0.28162606823590136,0.12416342363902566,0.1832899802814985
2022-09-22,0.21640935338289624,0.2811694331645759,0.12381374412164094,0.18330933176182046
2022-09-23,0.20907230674972296,0.27415733886231697,0.1278211325462508,0.18051186065652863
2022-09-26,0.20978330076587667,0.27392655620783596,0.12936519204993208,0.18103226256604285
2022-09-27,0.2060211393229456,0.26723047996610205,0.12959559144503952,0.1779685275267398
2022-09-28,0.2099680672928812,0.27027259865461384,0.13720892212641345,0.18286407174617697
2022-09-29,0.21343392048642532,0.27527486277878827,0.13690015952335183,0.18494454928793647
2022-09-30,0.214310422520386,0.27689957663905573,0.13692485527652085,0.1856006936283081
2022-10-03,0.22109719340344675,0.2788399224175683,0.1402538719185216,0.1925765353226657
2022-10-04,0.22978472759045615,0.28579715908704345,0.13989130985579026,0.19950996253979777
2022-10-05,0.2277821008105927,0.2824117356941369,0.14030493720978787,0.19796856143937105
2022-10-06,0.22865577729180206,0.2827670302567365,0.1403110227179612,0.19833687236399153
2022-10-07,0.23416681967319455,0.2896436802060317,0.14158605994472695,0.20321439074033473
2022-10-10,0.23400852068157738,0.28968226890716914,0.14454032443687373,0.2038122837409753
2022-10-11,0.23410361035443658,0.290804151950041,0.14417115737787045,0.20424664584578267
2022-10-12,0.23413563584535588,0.29065223309760047,0.14202361227325755,0.20414188955558277
2022-10-13,0.23708196496059145,0.29227829869341,0.14260337719336963,0.2048420242664819
2022-10-14,0.24073425910273652,0.2976285194673631,0.14460491640966883,0.2089533226285466
2022-10-17,0.2401255136816167,0.29865867146153274,0.14464908371715524,0.2091509123029461
2022-10-18,0.24102527680224098,0.29720987120609055,0.14362700428269007,0.20954091196635924
2022-10-19,0.24030005894262763,0.29547188649077255,0.14286920817219215,0.20811584033715588
2022-10-20,0.24018280281782575,0.2938271478155862,0.14271571982493134,0.20779386619279727
2022-10-21,0.2454522945592335,0.2979408559703545,0.14748533170258005,0.2128259109546245
2022-10-24,0.24573361700640572,0.2965160889482426,0.14757756589659007,0.21234263207052292
2022-10-25,0.24217563532959968,0.28679737231165237,0.1460675772360003,0.2071933756965968
2022-10-26,0.24111717185202675,0.28899441075416377,0.14443028864299354,0.20614524513325222
2022-10-27,0.2392404695960723,0.28805267238303583,0.1442476263145023,0.20495926685745602
2022-10-28,0.2443260048143886,0.295382448999322,0.14480779411394049,0.2074395026349253
2022-10-31,0.24439081397238172,0.29605070423270924,0.14517479379342685,0.2078829009272809
2022-11-01,0.24221788372480355,0.2905732479977502,0.14678289132430197,0.20522116622006073
2022-11-02,0.2469588658071064,0.29711800060933957,0.14280587033541212,0.2085975115790408
2022-11-03,0.24759948572496218,0.2987922037103166,0.14149616238403023,0.20917958540649986
2022-11-04,0.2496404416370398,0.30125639736441717,0.15415674003279478,0.21383187864711167
2022-11-07,0.25051531889406226,0.30200730058583203,0.1540526722526944,0.21425982152390735
2022-11-08,0.24684292380056527,0.29633470263152106,0.1614172412950086,0.21323202810057787
2022-11-09,0.24981631998449286,0.2990496943204362,0.16160561112005034,0.21522335522387373
2022-11-10,0.27190741750501873,0.33345520184658284,0.1721382270738854,0.23935562933798743
2022-11-11,0.27256278510645626,0.3353908467044436,0.17078946891718846,0.24071155196695168
2022-11-14,0.2729115099868944,0.335657620482144,0.1708120976446035,0.24084332238748324
2022-11-15,0.2733097495779494,0.33662748921119634,0.17044019826805565,0.24116030650021794
2022-11-16,0.2735297330250538,0.33735057124840023,0.1704201394035881,0.24154197798866536
2022-11-17,0.27240298444278427,0.3354759376469872,0.1704106650429186,0.2403087794253786
2022-11-18,0.26956239717296987,0.3317456675925796,0.17045308823353794,0.2377789241650412
2022-11-21,0.2696090964672482,0.3322273783060576,0.1702635633925702,0.23804703532952554
2022-11-22,0.2709570118015134,0.3336364050468337,0.17017428453482028,0.23883732795080606
2022-11-23,0.2697112544253564,0.3322167215094131,0.17052823667182543,0.23812753738450312
2022-11-25,0.26103334935423467,0.32254248832412036,0.16873822618934906,0.23106980314682496
2022-11-28,0.2626710929425789,0.3232314652256314,0.16951090614457512,0.23223837131233388
2022-11-29,0.2617591550923035,0.32285271043325425,0.16891497052704246,0.23139095540851032
2022-11-30,0.2686855176198487,0.3357710289880971,0.16994421673323187,0.23864666863318562
2022-12-01,0.26865434372293684,0.33577960542111435,0.17251332517358065,0.23889314063451425
2022-12-02,0.2677204253502378,0.33466280341524907,0.17200951899723216,0.23870189464309355
2022-12-05,0.27020300099280725,0.3360603835944443,0.17525412626321246,0.24107077677491617
2022-12-06,0.2694858870598299,0.33600429540417887,0.17424193859095696,0.23994294482869136
2022-12-07,0.2691831571186957,0.3358560397863389,0.17454377814740019,0.23992153189433604
2022-12-08,0.26780412892063654,0.33369235207730913,0.17430350661773283,0.23858559860765877
2022-12-09,0.26725375293078246,0.33282298230029433,0.17417509520195923,0.23790094648914026
2022-12-12,0.2541670706719509,0.3156025030742977,0.17291157386778766,0.22619924921955115
2022-12-13,0.2544813479438059,0.31594855392476007,0.175690054188357,0.22732063581383602
2022-12-14,0.2537358811661492,0.3145276126142055,0.17120737730975183,0.22530972487173875
2022-12-15,0.25813980475018805,0.3214061684624974,0.17459555926530332,0.23089968589876486
2022-12-16,0.2588061028379927,0.32146477702818604,0.1752737072888169,0.23082931316857416
2022-12-19,0.25833528495328495,0.3222498039020401,0.17491085787503252,0.23083908379876408
2022-12-20,0.2558907708024993,0.3203782385666455,0.17748919495549847,0.23013475000976424
2022-12-21,0.2569122955090105,0.3208727459761132,0.17755017029318912,0.23030274663262218
2022-12-22,0.25627247846579776,0.32295639981374724,0.1756303730177218,0.23035456190781028
2022-12-23,0.25554289701892335,0.322898312779425,0.1736347026376398,0.2296693285749231
2022-12-27,0.2556363830421994,0.32410066017202066,0.1741611659860969,0.2298059696169821
2022-12-28,0.2541460230288818,0.3224323867420297,0.17023231874238492,0.22739229409384634
2022-12-29,0.25276698265112635,0.32127604194795456,0.17041165984053794,0.22687948691558354
2022-12-30,0.2506484158689499,0.3194445498119574,0.17050895752696082,0.22565385776652075
2023-01-03,0.24560425350324577,0.31619293324191694,0.16473362378688855,0.2204599346016856
2023-01-04,0.23827758839315552,0.30974299590938903,0.16343813299559307,0.214998051489285
2023-01-05,0.2393942784503225,0.31117775147001564,0.16517101819235686,0.2166003559250438
2023-01-06,0.2426264297350804,0.3160280275928875,0.1688157549827846,0.2209626312167757
2023-01-09,0.2355395399042432,0.30685597822743926,0.1669413276925613,0.2144507700630126
2023-01-10,0.23511735599640282,0.3065583105707383,0.16344845554234366,0.21330853416665038
2023-01-11,0.23561977280340687,0.30694380084817335,0.16333620736958587,0.2132192542115481
2023-01-12,0.23542109745199485,0.30704996857712585,0.16433595974956391,0.21346803766071318
2023-01-13,0.2301426852688575,0.30393747294957807,0.16450494825089698,0.2122745777367816
2023-01-17,0.2248995783490311,0.29734960368697916,0.16276027036980212,0.207059259971889
2023-01-18,0.22231828084618951,0.2916660275424695,0.16310069931079535,0.20501572472573537
2023-01-19,0.2219060258683529,0.2920400093968814,0.16533141161174356,0.20469873988645387
2023-01-20,0.22409351586057213,0.29683424908310396,0.16258856915715117,0.20541513676205608
2023-01-23,0.22421791711121902,0.299601516452471,0.16236416457686825,0.20599833199103715
2023-01-24,0.21948367221877058,0.2962757242694305,0.15946694107665244,0.20199046704852136
2023-01-25,0.21834487478596287,0.2956295518172719,0.15908244177981923,0.20172789082256218
2023-01-26,0.21718541264481442,0.29531297741574974,0.1607992981447783,0.20071100096992714
2023-01-27,0.21651130414733355,0.2921938751745958,0.16078668966353735,0.19989333162253228
2023-01-30,0.2178605526854615,0.29276477028959497,0.16090013150625357,0.2006972220568495
2023-01-31,0.21473290372964787,0.28801508545647314,0.15887951516232673,0.19985745997758816
2023-02-01,0.21496979145772674,0.2897238375625076,0.1586083907449666,0.20048282863357567
2023-02-02,0.2163250009500664,0.2967595224412271,0.16477219440102817,0.2010108217555331
2023-02-03,0.2109801299771676,0.29028039050229965,0.17266793522946644,0.19907602369702823
2023-02-06,0.21017950130933388,0.28770406590358444,0.17224824790827822,0.19765716368116826
2023-02-07,0.20987403138681984,0.2887322873567063,0.16223615585446688,0.1951276924871088
2023-02-08,0.21076153637319725,0.2911000564440117,0.16182735675945004,0.19618009174876508
2023-02-09,0.21155152664524038,0.29175110611545624,0.157083781443911,0.19615361022559685
2023-02-10,0.20687928977974718,0.28782716785160056,0.1565532019504327,0.19288229496817333
2023-02-13,0.17749019355539072,0.2501997232560721,0.14555234656898478,0.16280264470556133
2023-02-14,0.17659598506149116,0.24810057030951552,0.14508843274110989,0.16142215698290077
2023-02-15,0.17567116582370249,0.24760622266050447,0.1466432448512474,0.16098079485310607
2023-02-16,0.17737381410295633,0.24953925169512153,0.14654988156878704,0.16200218339008882
2023-02-17,0.17671144492767044,0.24832157710293887,0.1465155339473663,0.16118619438541468
2023-02-21,0.1813532914918134,0.25311743180151064,0.1459117847976952,0.16428488604927766
2023-02-22,0.18118116398956705,0.25311419726798673,0.14566633642501683,0.16434910137132028
2023-02-23,0.18128833713010117,0.25262288284314105,0.14512913871552438,0.16390626863313507
2023-02-24,0.18063787766518527,0.2535757941933345,0.14599889133383212,0.16468098524750333
2023-02-27,0.18031958123638517,0.25320061922960346,0.14571230439527683,0.16429342785960913
2023-02-28,0.180466854779,0.25282539303130686,0.14592556933494658,0.16422930591221963
2023-03-01,0.1777470976841315,0.2515494080187715,0.14522242204843838,0.16210525645216736
2023-03-02,0.17836851763053738,0.2514461392764124,0.14501550372463126,0.1623149324447988
2023-03-03,0.16982958585025718,0.23802253387362485,0.1443809619297034,0.15419305570898728
2023-03-06,0.1698287140691079,0.23802143706930906,0.1403051767336678,0.15375490832710334
2023-03-07,0.1725694750883782,0.23922687570989976,0.14460636207905153,0.156667424780288
2023-03-08,0.1687729894669336,0.23683907728475648,0.14026498017982122,0.15265382311406828
2023-03-09,0.17036898758693567,0.23568573152867672,0.14145575632536164,0.15206974745510118
2023-03-10,0.17278183198111707,0.23735255856654786,0.14663435989220125,0.15216285658205073
2023-03-13,0.17203042106243702,0.2366656413787001,0.15321105287596304,0.15274915191216146
2023-03-14,0.17464761194347783,0.24043859552002678,0.15374165900713102,0.15405130520357257
2023-03-15,0.17262695473055778,0.23945293811443458,0.1531866675490753,0.15367240806635316
2023-03-16,0.1755929138186286,0.2440606350923487,0.1497651308727434,0.15486660313243614
2023-03-17,0.1766812585601006,0.2437375072865314,0.15981405078981817,0.1545297747674591
2023-03-20,0.17069313615944845,0.23331565285058292,0.15567864822763447,0.14564633375777905
2023-03-21,0.1707570260251591,0.2334939464744158,0.16035817698506957,0.1452481285008205
2023-03-22,0.17347746598435193,0.23336737992982834,0.1631747494076027,0.14437920178320388
2023-03-23,0.1735215240146993,0.23409238970783994,0.16185691156003482,0.1449270578145114
2023-03-24,0.1715078572098339,0.23280348492341996,0.16375481109416085,0.1441074656252653
2023-03-27,0.1688755916305287,0.2272110781074233,0.162904124724407,0.13981560668397877
2023-03-28,0.1686720882984886,0.22774061694944284,0.1634363333121074,0.13977364508367135
2023-03-29,0.17067080737637774,0.22742976263439935,0.16332904814981697,0.1402930840915694
2023-03-30,0.16876243218380432,0.22543966036743981,0.16361635838001995,0.13881232741840183
2023-03-31,0.16735861970788507,0.2230022116233665,0.16394969284649166,0.1365296432445447
2023-04-03,0.16726185255912862,0.22315493009721626,0.1642357120054551,0.13651484610342682
2023-04-04,0.16746092392810427,0.22265206681333827,0.16726655789758652,0.13642373478543013
2023-04-05,0.1671100992026795,0.2241279761336193,0.16656167097224014,0.13657626361501526
2023-04-06,0.165256110167413,0.2210585165548918,0.1650986287950318,0.13316429391363763
2023-04-10,0.15930992942780187,0.2155443387838391,0.1622552232266708,0.12633977532138851
2023-04-11,0.1592859828568164,0.2161875567941455,0.1625805388014103,0.12635641934815672
2023-04-12,0.1591229967330655,0.21703885858515803,0.1626755929052793,0.12624966306045907
2023-04-13,0.1593200672817987,0.2177268093045259,0.1644954296457058,0.12828085118882127
2023-04-14,0.15934606176887126,0.21779710741129493,0.16751260427898945,0.1290134378190353
2023-04-17,0.15932363415040696,0.21760668623199808,0.16631075117969937,0.12839734908660788
2023-04-18,0.15923975635669177,0.2176457723108719,0.16578527963148382,0.12822606203794748
2023-04-19,0.15566935203569035,0.2155463965899665,0.16600109631492094,0.12613841595915917
2023-04-20,0.15531754022867403,0.215088130792873,0.16328600442782173,0.12639862849804312
2023-04-21,0.151143486657819,0.20898986354532825,0.16444795027699372,0.12388127549561397
2023-04-24,0.14940672280409223,0.2050065642531482,0.16450366953194334,0.12185224899382503
2023-04-25,0.15295955980759304,0.2089194533235629,0.16464275083045402,0.12373057506653826
2023-04-26,0.15323271327077811,0.20901598804630653,0.16485689819883023,0.12378859163067782
2023-04-27,0.15676711739595356,0.2122659282579163,0.16374345871581114,0.12676184216929376
2023-04-28,0.15756734665193697,0.2118595704058297,0.1636985639851007,0.1269483872030977
2023-05-01,0.15535707984754174,0.2073114503117517,0.16389212184611884,0.12450395351883944
2023-05-02,0.1545066041856452,0.20658753909987754,0.1680470051721629,0.1228109978658142
2023-05-03,0.15370186213655157,0.20312315118456395,0.16706676637075538,0.11952264246651227
2023-05-04,0.15144790874759434,0.1904655228415354,0.16172801996623015,0.1180443716340561
2023-05-05,0.15458691430797974,0.1913885900823069,0.15661455396862442,0.11309626479771939
2023-05-08,0.15406771716252055,0.19045322461055492,0.15660624354469585,0.11265282579920174
2023-05-09,0.15208952154038943,0.18678411496705333,0.15703568970439116,0.11059736468371532
2023-05-10,0.15075018408637128,0.18404396070548248,0.1571176731820969,0.10920881652191733
2023-05-11,0.14972891580998807,0.18296573398654006,0.15728311183889618,0.10775560123307773
2023-05-12,0.14970505478140203,0.18254013866664387,0.15739198502991752,0.10788758458957728
2023-05-15,0.1480261825449385,0.18030253691041212,0.15687678059290447,0.10719742135703456
2023-05-16,0.1486454740944542,0.17986466964713577,0.15930188926123803,0.10802342188889438
2023-05-17,0.15048462419954464,0.18073976358280114,0.15798504558294965,0.10872146538299429
2023-05-18,0.14895597529821425,0.1794142207396992,0.16047991422631772,0.10626771358359782
2023-05-19,0.14888455132446815,0.1787093994461449,0.16141178341464935,0.10607037161434647
2023-05-22,0.14287958431466222,0.17102903827424606,0.16126379287284198,0.1003001398460741
2023-05-23,0.144850999106463,0.17360553608725765,0.1606693206080391,0.10167316019367582
2023-05-24,0.14540415339401244,0.17365539737650756,0.16172027657836555,0.10276188087124868
2023-05-25,0.14449593926470675,0.17520825713888444,0.16230132135941758,0.10028278510955464
2023-05-26,0.14643899375991523,0.1809632007541403,0.16230664519537188,0.10324407579481733
2023-05-30,0.1461378821874532,0.18080409320126298,0.1624796012048904,0.10326195865087306
2023-05-31,0.14640908416117876,0.18028687419378434,0.16221140811553922,0.10346499332101292
2023-06-01,0.14677325963177076,0.18080084575125896,0.16274143875320188,0.10446571705517219
2023-06-02,0.14615070059479535,0.17744692036504212,0.16466153979338885,0.10049315445883845
2023-06-05,0.14626668591486847,0.1774650264182238,0.16454641486201926,0.10035384120036464
2023-06-06,0.14248093605702766,0.1749342531170599,0.16020463697917636,0.0945284184029228
2023-06-07,0.14278799170222548,0.17934766509309774,0.1623685332769668,0.09784724315105928
2023-06-08,0.1374157906984263,0.17574498558089044,0.16324095391249532,0.09719207363922205
2023-06-09,0.13352205223915367,0.1722714035468343,0.15804527737050808,0.09683221711572022
2023-06-12,0.1341373043086607,0.17421242866454287,0.15150910559588132,0.09645259866180293
2023-06-13,0.13119540250255537,0.169895306194104,0.15180344343329524,0.09459644661144162
2023-06-14,0.1301742743544577,0.17003926403557476,0.15105187032181874,0.09462215620896013
2023-06-15,0.1280556332256879,0.16443687290075018,0.15162057737403303,0.0922784241867445
2023-06-16,0.12554003123264162,0.16476816175806405,0.13991286925061214,0.09278530461365274
2023-06-20,0.12537499179909475,0.16500663790396586,0.14138660197068145,0.09372378886156973
2023-06-21,0.12394891839736251,0.1666569917612708,0.13629405493913532,0.09509800460606707
2023-06-22,0.11816150714283494,0.16439976890347519,0.1332007104931957,0.09435460179353176
2023-06-23,0.11961315523904563,0.1653532132182643,0.1307321876090328,0.09389702383428251
2023-06-26,0.11972334174668504,0.16839234625483132,0.12901011318211197,0.09473297908006884
2023-06-27,0.12122238811566581,0.16993825953743352,0.128045066458947,0.09491621668769096
2023-06-28,0.12099225540166333,0.16916798016908674,0.12691788498798653,0.0949244093531538
2023-06-29,0.11822912229056055,0.16648493810240303,0.12660157753261828,0.09355410977448637
2023-06-30,0.1197124329070658,0.16792010787690623,0.12596531744255934,0.09472084992768805
2023-07-03,0.11697717722491541,0.16547272791165593,0.12563605878502665,0.09356112979444493
2023-07-05,0.11700724493491134,0.16526028076268548,0.12483182988675282,0.09365654320535377
2023-07-06,0.1176362349936512,0.1660771332644322,0.1186539938679105,0.09463452437222161
2023-07-07,0.11762390908106915,0.16463276635001045,0.11983788478622766,0.09401908532000393
2023-07-10,0.11753023868605257,0.16444853158980566,0.11917268838305092,0.09401951560673219
2023-07-11,0.11797804339148192,0.16442432128615317,0.11868793620156866,0.09412282060061712
2023-07-12,0.11872174049063255,0.16468126122388815,0.12121760520464761,0.09632993308204534
2023-07-13,0.1188862807610677,0.16541635286888728,0.12077158843032045,0.09707500052153177
2023-07-14,0.11657476512831795,0.16211430377357694,0.11751586288679944,0.09294218385000894
2023-07-17,0.116381388956702,0.16234860715955865,0.11232743983880383,0.09153811042860073
2023-07-18,0.1169142857345087,0.16261847722127876,0.11447411399539627,0.0927614425578372
2023-07-19,0.1169069669635239,0.1626420505457984,0.11418488723757764,0.09277487583875409
2023-07-20,0.1180110511565588,0.1707245370088293,0.1142327668251327,0.09618687918120193
2023-07-21,0.11720880728992343,0.16983175143587623,0.11405999040386085,0.09601831927663253
2023-07-24,0.11733981018262975,0.16981192528278416,0.11268979463840094,0.09568002484038206
2023-07-25,0.11735419327785236,0.1696964917306113,0.11310000577351262,0.09593943939495668
2023-07-26,0.11187439074129661,0.16433496949759807,0.11306152516298949,0.0931452906733524
2023-07-27,0.11250951672851163,0.16460641651698943,0.11680669749068784,0.09506370524187997
2023-07-28,0.10763034281780597,0.16018050185181895,0.11798787968024754,0.09307678387899142
2023-07-31,0.10673447175812426,0.16004617192987472,0.11812859585813952,0.09276406943273244
2023-08-01,0.10698277130425736,0.16018173548446027,0.11957413819965136,0.09342344477316518
2023-08-02,0.10840740618829417,0.16612390963232693,0.11307134245925464,0.09802932901217241
2023-08-03,0.1074393195385649,0.16531024831377528,0.11153962946583096,0.0980244778274013
2023-08-04,0.10671827766593085,0.1655019800122895,0.11077179241056977,0.09809868823214186
2023-08-07,0.10212480281868765,0.16159277629094188,0.10666526033844187,0.09741240262041828
2023-08-08,0.10276309835282729,0.16307281999738535,0.10719901471004051,0.09855738405214809
2023-08-09,0.10339118209079175,0.16433562180488054,0.10628815500825575,0.09991105967463838
2023-08-10,0.10319117802926679,0.16338856595254805,0.1062840031195798,0.09961103281991382
2023-08-11,0.10307788805216406,0.1642368470606251,0.10515696950221302,0.09960642486017719
2023-08-14,0.10327406682732598,0.16489014713589403,0.10523701356680294,0.09969461212847656
2023-08-15,0.10644013153864297,0.16670523858934463,0.10512391344176887,0.10121570878905037
2023-08-16,0.1066450799653467,0.16856105146614003,0.102947384769273,0.10179454457237395
2023-08-17,0.10570986561967062,0.1690794357674794,0.1028168798700642,0.10205083306752813
2023-08-18,0.10419882286903873,0.1654787838546207,0.09979111659137313,0.10162951489913663
2023-08-21,0.10473826373799988,0.16805471992094978,0.0977476734004374,0.10285116130408564
2023-08-22,0.10497661110466322,0.16809142720790685,0.09779663150160543,0.1028854320966731
2023-08-23,0.10409149247445784,0.16814409656469997,0.1000873952937183,0.10426134270045866
2023-08-24,0.10705876591081981,0.1738664322560608,0.09888835027141238,0.10620845990185931
2023-08-25,0.10664112486569922,0.1680572092881942,0.09710006686962559,0.10551915874639513
2023-08-28,0.1044326925035358,0.16115570063460427,0.0969280173919126,0.10240456285597463
2023-08-29,0.1078754056483068,0.16637903255970152,0.09814737979129966,0.10644550255573093
2023-08-30,0.10717009222287176,0.16601910752622742,0.09823449631638803,0.10634761213396537
2023-08-31,0.10599449030085896,0.16475744169885734,0.09690035792408137,0.10483488830236157
2023-09-01,0.10248627986930763,0.1643171033032166,0.0923574034228925,0.1047766270052956
2023-09-05,0.10286911398463602,0.164315894160802,0.09291253112315909,0.10512124301187518
2023-09-06,0.10394792610999828,0.1654867660580533,0.09325249613378006,0.10610858519514464
2023-09-07,0.1038871934028349,0.16230384572162068,0.0902428133711829,0.10387749751930736
2023-09-08,0.10334079853341299,0.16066931079554078,0.08605831260098969,0.10187914429844046
2023-09-11,0.10399190246116881,0.16203618540647785,0.08604234792412153,0.10265861178365106
2023-09-12,0.10333095380799175,0.16057128226619607,0.0865819381979184,0.10254387956653936
2023-09-13,0.10260199489787339,0.16006312639024872,0.08550546483364237,0.10246778248846347
2023-09-14,0.10389340694101275,0.1602287141530363,0.08550367407305527,0.10292052991388377
2023-09-15,0.10406815985238987,0.16237327573505966,0.08535922909887522,0.10196977492099296
2023-09-18,0.10381756906884271,0.1618619723502901,0.0862092546551761,0.10180603001509447
2023-09-19,0.10334306444055147,0.16189691339646092,0.0837165658547881,0.10120592648077961
2023-09-20,0.10452119864996688,0.16217607766939,0.08368022574568747,0.10146830469856305
2023-09-21,0.10950158340424586,0.16458416349325708,0.08255731091397439,0.10527943093560976
2023-09-22,0.1085434646309932,0.16341856728373974,0.08262138807374914,0.10483195170730226
2023-09-25,0.10854891896582994,0.1614455203277285,0.0831961291488366,0.10432296574139466
2023-09-26,0.11023447942417314,0.16048135481749942,0.08422001118882015,0.10610828629341891
2023-09-27,0.11023156612956515,0.1605061293546466,0.08761984296774668,0.10627024284769974
2023-09-28,0.11058385710056412,0.1614079964972733,0.08811574409399398,0.10647702464284037
2023-09-29,0.10789931705061474,0.15828032749597853,0.08915426147071885,0.10409579714375503
2023-10-02,0.1078476334638304,0.15915746188660948,0.09124501502076632,0.10401447418799425
2023-10-03,0.11086397239701992,0.16284243220891806,0.09117562330412975,0.10618810539315225
2023-10-04,0.11103915378341925,0.16464703399321917,0.09107423748592884,0.10667835695231784
2023-10-05,0.11096073667747507,0.16462051962795365,0.08954494600483806,0.10668504787221
2023-10-06,0.11351971706385028,0.16809864618452677,0.09029823879506806,0.10921242022296296
2023-10-09,0.1135277755942514,0.16811796761692954,0.09774089748985931,0.11064110253242258
2023-10-10,0.11282002743263896,0.16654491709996913,0.09344983773153431,0.10828559823041911
2023-10-11,0.11193377350384363,0.16357833548000897,0.09480879863424967,0.10759100817368826
2023-10-12,0.11251306641764132,0.16370456578392523,0.09479468144874863,0.10783919149844307
2023-10-13,0.11257607591054397,0.16431799374122408,0.11533971564424919,0.10790886256648527
2023-10-16,0.113638735938172,0.16511847288231163,0.11322689223114962,0.10690685155668804
2023-10-17,0.11350285121476546,0.16520232696629497,0.11331603098952653,0.10687592564729982
2023-10-18,0.11571538862536139,0.1608670581649034,0.11676381665090764,0.10475333698782117
2023-10-19,0.11682576025546593,0.1617683878261613,0.11920496216394667,0.10474945602992633
2023-10-20,0.11852141503011707,0.1642096891531482,0.11898057154263877,0.10585255630860019
2023-10-23,0.11826897385654318,0.16366980251583965,0.118690407901187,0.10523642166624747
2023-10-24,0.11952446583159652,0.16496807857385337,0.11828853805989825,0.10598581464769811
2023-10-25,0.12195831441999985,0.17165705076320115,0.11417400094368794,0.10715163719287266
2023-10-26,0.1217619901791096,0.17082836305724208,0.1131395408294773,0.1055606708465253
2023-10-27,0.12170354072777845,0.1712642765884954,0.11532683506686789,0.10589184855721566
2023-10-30,0.12466974418226298,0.17317370353071593,0.11392082295981218,0.10640337542574951
2023-10-31,0.12296412571041879,0.16845623623775188,0.11405716232619256,0.10331242827935089
2023-11-01,0.12512491279875815,0.17238008883269723,0.11427147352848513,0.10478251027408236
2023-11-02,0.13113600038105333,0.17621646813378983,0.11423877118143153,0.10836841189452164
2023-11-03,0.1312511701452574,0.17699971007747164,0.11429494448424767,0.10916688329262407
2023-11-06,0.13112919993569186,0.17639890517656612,0.11468229257508952,0.10841517544306205
2023-11-07,0.13065087418790894,0.17597550037008952,0.11457587894849344,0.10746689158458081
2023-11-08,0.1306598250859845,0.17594859930252738,0.11642226173710297,0.10763679047580393
2023-11-09,0.13153492722545368,0.17617087019011893,0.11665185484951719,0.10781912739650217
2023-11-10,0.1348642576435706,0.1804100446973148,0.11863196499700086,0.10894497059531719
2023-11-13,0.13284761252862476,0.17916467907542843,0.11895487375226914,0.1075771286036117
2023-11-14,0.1375310188504749,0.18253351984169205,0.11949540102395825,0.11109272804352416
2023-11-15,0.1365936420557486,0.18090551625871618,0.11959569693979707,0.11008328882928085
2023-11-16,0.13659968873011455,0.18083636470957104,0.12148780663332767,0.11030451622898275
2023-11-17,0.13607679055680227,0.1783122972554001,0.12143363239223494,0.10922631634672121
2023-11-20,0.13666958036239268,0.1796229608832579,0.12150931088706048,0.10969363002427408
2023-11-21,0.13510848523502153,0.17770272641478052,0.12171683601018377,0.10717702223003849
2023-11-22,0.13209275607533344,0.17193519766370643,0.12210618943021789,0.10412671658976116
2023-11-24,0.1314679841493084,0.1715139220236976,0.12238382934833883,0.10387470275836498
2023-11-27,0.13103899469285846,0.17106775716192288,0.12290328531627154,0.10343323562446093
2023-11-28,0.12794313375692218,0.1657988907158893,0.124162647778333,0.09962164199768743
2023-11-29,0.1277199793567773,0.1655358424628824,0.12412378958913929,0.09938237291035698
2023-11-30,0.1278883588604045,0.16558010153536518,0.12442827651960954,0.09941879088593938
2023-12-01,0.1283456918201164,0.1656129190626696,0.12872095093876262,0.10074379623308087
2023-12-04,0.1284966428925527,0.16677705711369467,0.1352774114145961,0.10355275495606757
2023-12-05,0.12769726711371684,0.16576482308286294,0.1351640275636918,0.10253245655948602
2023-12-06,0.12781921083611544,0.1655272765469382,0.13528288976781064,0.10240488310877881
2023-12-07,0.12861171896555704,0.16766373422590225,0.13528663943201816,0.10338346224545493
2023-12-08,0.12825705591432462,0.16635203795438688,0.13823620233406353,0.10275918716444765
2023-12-11,0.12784905837966257,0.1653255442389226,0.13973739970599514,0.10150937857405935
2023-12-12,0.12808587682616365,0.1658189389480018,0.13963385183840019,0.1017170880166119
2023-12-13,0.1297903617723496,0.16685386082146025,0.14637719280201072,0.10593772415856666
2023-12-14,0.1272210256460649,0.16273283607054087,0.14626834027629088,0.10457569772915731
2023-12-15,0.12733069069334887,0.16287441976069045,0.14729413864742186,0.10472147393738072
2023-12-18,0.12750859274001994,0.16298886387662975,0.14745374012075954,0.10493777460429139
2023-12-19,0.1261429125765453,0.1598372664143617,0.14794504859936172,0.1038288610062584
2023-12-20,0.12470871894545252,0.15819584527220223,0.14758574326702806,0.10235612048399127
2023-12-21,0.12551900662969825,0.15932163532501398,0.1480316663601352,0.10356154460402857
2023-12-22,0.12540938095145035,0.159239035118254,0.14766015849230563,0.1035818588005888
2023-12-26,0.12108486106155673,0.15557285227253942,0.14704139302152514,0.0998533289673119
2023-12-27,0.12104907737687476,0.15557482631157293,0.14448456984692815,0.09932861015671883
2023-12-28,0.12081965588810449,0.155209695586384,0.1446466152425211,0.09961682477503161
2023-12-29,0.12088958401540663,0.15574515904730404,0.1427694831954593,0.09938373241729608
2024-01-02,0.12171415501876968,0.1598452598260991,0.14084113521057862,0.10132182808536483
2024-01-03,0.11951327255622383,0.15699696686989162,0.14201051136420917,0.10023729748220205
2024-01-04,0.11939332787135443,0.1557986778932803,0.1419662264829798,0.10005759900733695
2024-01-05,0.11932621225178211,0.15552494812354553,0.1418131982158897,0.09983184493631878
2024-01-08,0.12025706931332696,0.15725278113810096,0.14295722462575564,0.09906688831491238
2024-01-09,0.12003519100045318,0.15710645416961994,0.13887173047440907,0.09766634600933954
2024-01-10,0.1200943043485691,0.1572489709802643,0.13893146961471162,0.0976911884925943
2024-01-11,0.12004743952858228,0.15686615705231816,0.13841262308960567,0.09723812006583006
2024-01-12,0.11906828000979079,0.15653990123496928,0.13916329616683323,0.09664382728863838
2024-01-16,0.11880279077069548,0.15388209263020908,0.12617510036804788,0.09714836468149723
2024-01-17,0.11825476558158461,0.1534047384862296,0.12788912709157485,0.0983521602333391
2024-01-18,0.11917062000983429,0.15510197563957454,0.1287524604568144,0.09998750142785216
2024-01-19,0.11727663236803079,0.15612103543170616,0.1258193577868046,0.10148072928158225
2024-01-22,0.11524401623689527,0.15429376113459117,0.12386661625337839,0.10128085866149354
2024-01-23,0.11148751962176336,0.1501501241417778,0.12397856513053948,0.09934901846490272
2024-01-24,0.11121227573171073,0.15024312268503928,0.12496068056713905,0.09933240827068684
2024-01-25,0.11089431919719694,0.14964447961659624,0.12516917189176163,0.09908563466882071
2024-01-26,0.10586448853705453,0.14020549641581334,0.12494511114611057,0.09574136620829408
2024-01-29,0.10218759581775919,0.13345781089795838,0.1256495538298778,0.0935183510044643
2024-01-30,0.10135523470770276,0.1349868323927351,0.12358117347443484,0.09384392415045319
2024-01-31,0.10674112489701777,0.1416093994461539,0.1230213982514028,0.0978420528515349
2024-02-01,0.10858102954005246,0.14267418688015152,0.12408137210432142,0.099809366686012
2024-02-02,0.10853982798783607,0.14249054364020908,0.1254810766381821,0.0993301088885512
2024-02-05,0.10385682242643991,0.139361135407707,0.12590712443915125,0.09710952273572858
2024-02-06,0.10291600683299514,0.1384407518977484,0.1261165066823073,0.09623084588171767
2024-02-07,0.10366606586652721,0.1392879905004443,0.1250348855590553,0.09654377560839757
2024-02-08,0.10371786135110055,0.13859001953930342,0.12471613031302764,0.09655737948350572
2024-02-09,0.1039236717668738,0.13932122270581165,0.12321981611492722,0.09620163265211601
2024-02-12,0.10205551292845147,0.1383873643416442,0.12319384816542142,0.09588629409715015
2024-02-13,0.10347573406241475,0.1371676930079371,0.12440748583302148,0.10009289835963005
2024-02-14,0.10429392681761543,0.13788160735535007,0.12399010309896484,0.10056594710796214
2024-02-15,0.09869439201749278,0.13223108205337605,0.12345143903898988,0.09617392558540502
2024-02-16,0.09963715979163139,0.1340485089493438,0.12347800513241958,0.09663036330318621
2024-02-20,0.10068591311002363,0.1353434351962208,0.12204625921722637,0.09669370167729958
2024-02-21,0.1006936778832322,0.13579342515957013,0.12204419804415001,0.09678624818670385
2024-02-22,0.10702781792233558,0.14517575434642083,0.12197730604108398,0.10125113207511728
2024-02-23,0.10674248144277153,0.14466973051194298,0.12061879309334832,0.10124841845496907
2024-02-26,0.107238067538815,0.14468571639651617,0.12037389691013962,0.10149265575350404
2024-02-27,0.10721231724158424,0.14453531033031988,0.11999662928703295,0.10149356005379559
2024-02-28,0.1071512876695554,0.14515913757667467,0.11931457952132596,0.10166290241895773
2024-02-29,0.10719782261966099,0.14577216751188835,0.11673786257560964,0.10168488662175416
2024-03-01,0.10811989399203799,0.14797263795410778,0.12267195192495228,0.10499789799309896
2024-03-04,0.10821967656806682,0.14812432236465972,0.1263473469091459,0.1049833603568487
2024-03-05,0.11048792513249334,0.15349262093946087,0.12226195619614375,0.10545792301701823
2024-03-06,0.10978616026049541,0.15204922975324026,0.11470246297087223,0.10237919880851916
2024-03-07,0.110886374076473,0.1542797322278065,0.11468630303245714,0.10372729535932386
2024-03-08,0.11139098087970853,0.15706935291175178,0.11552038800898538,0.10409363410512
2024-03-11,0.11092866053701951,0.15564520810862748,0.11552422240225636,0.10350821018182119
2024-03-12,0.11225726419744747,0.15754903372361548,0.1143946110179588,0.10348860814523445
2024-03-13,0.1124007693255175,0.15817222687122134,0.11222349445386227,0.10357694367232302
2024-03-14,0.11251842037681538,0.15789886395981192,0.11272332359729448,0.10387320008542343
2024-03-15,0.1111030233106943,0.15853983326032378,0.10456406637183133,0.10094869241517808
2024-03-18,0.11141678596747517,0.15934298574906605,0.10410699761895265,0.10130212254556585
2024-03-19,0.11153284360222487,0.15920656426455645,0.10215878274795087,0.10110431092621716
2024-03-20,0.11230126979513026,0.16029145696198768,0.10421841653618308,0.10261635395869519
2024-03-21,0.11199069477231928,0.1602581876034624,0.10367764035082966,0.1022124657473565
2024-03-22,0.10776258669453884,0.15679959236433877,0.10445977983534904,0.0992803657882268
2024-03-25,0.10698260003147426,0.15583666121707607,0.10383348622494319,0.09809560985222303
2024-03-26,0.10719742016896466,0.15611901714324378,0.10369796866744622,0.09813502781526447
2024-03-27,0.10794972598583683,0.15587809643456535,0.10360122476400015,0.0982082247750441
2024-03-28,0.10800694927447703,0.15600049906947414,0.10610238496261387,0.09827382354583161
2024-04-01,0.10818346795708478,0.1559678555233452,0.10671431310291853,0.09814487909130211
2024-04-02,0.10897663366779245,0.1568357394301737,0.10987217794228255,0.09779981569058266
2024-04-03,0.10803204841613566,0.15243260264041264,0.11050334885368657,0.09590807283232967
2024-04-04,0.10979946665714228,0.15423656374261077,0.10965631493399855,0.09691553310413988
2024-04-05,0.1108057367130172,0.15499571054947028,0.11383451104701581,0.09924562615044148
2024-04-08,0.11082810685771748,0.1550190656081126,0.11407020824099476,0.09923243384718479
2024-04-09,0.10784839565013563,0.15023581728303007,0.11243695922502646,0.09821362913349119
2024-04-10,0.11012955782069253,0.15160668103108357,0.114837052547388,0.10068982240175553
2024-04-11,0.1104932573357713,0.1540524339446276,0.11950205010252436,0.10379291540034492
2024-04-12,0.11455415828998142,0.15791618441687338,0.12360512647900825,0.10868688908794813
2024-04-15,0.1177912012810101,0.16179302400723905,0.1270420040890808,0.10904960154017958
2024-04-16,0.11755268524795354,0.16178877248185763,0.12473480860486855,0.1084514763715536
2024-04-17,0.11763643556292859,0.16338890416166735,0.12331885047441668,0.1088370086004199
2024-04-18,0.11668469315155547,0.1615876631606807,0.12281281959455664,0.10745112676258993
2024-04-19,0.11578661789780476,0.16217260296191022,0.12281496307914608,0.10716859088309798
2024-04-22,0.11705395358518231,0.16343698126757583,0.13386949602752762,0.10729218556756663
2024-04-23,0.11912378375315706,0.1659594245127517,0.13415967998552036,0.10811611372102267
2024-04-24,0.1191463487647187,0.16572891991911112,0.13274378335101433,0.10807892643596967
2024-04-25,0.11909134775872779,0.16600416323921097,0.1329069526430465,0.1080237383829235
2024-04-26,0.12034780011376556,0.1683770895740693,0.13277863721299918,0.10906564024829264
2024-04-29,0.11960291997662038,0.16735111085038604,0.13271863826685784,0.10807722899459164
2024-04-30,0.1240571215117402,0.17113203049142495,0.13992317853166764,0.1146003534073584
2024-05-01,0.11955630068718862,0.16710594497413492,0.14054680435996092,0.11154933328886112
2024-05-02,0.11820160754913688,0.16739437754126457,0.139874032966809,0.10993767644943968
2024-05-03,0.11889738156042934,0.16880244543541578,0.13809625184613086,0.11117370433153123
2024-05-06,0.12014205078628581,0.1700999340387616,0.13828886926303188,0.11244387213472276
2024-05-07,0.12006992405750831,0.17002485930337868,0.13881654178865369,0.11252350106031327
2024-05-08,0.11909512424706124,0.16887830234938356,0.13910197689605924,0.11215320411715292
2024-05-09,0.11952751305366081,0.16889133413707336,0.14165372672084448,0.11298748403104154
2024-05-10,0.11909742729549237,0.1678461814857191,0.1415627955673003,0.11298789703003138
2024-05-13,0.11908091018490943,0.16767910091185284,0.1438422313167081,0.11306881534018705
2024-05-14,0.11562476768812134,0.16492629400921313,0.14054692254613976,0.10906254238231387
2024-05-15,0.11674549531322077,0.16638028673867625,0.14183107133230202,0.1113112590062053
2024-05-16,0.1162917737341567,0.16641299804704499,0.14225887728757589,0.11133353772870692
2024-05-17,0.11568005057176273,0.16524653979330153,0.1448892893283636,0.11121750065359153
2024-05-20,0.11492217186320565,0.1648030563235007,0.14476805006180474,0.1110345730458161
2024-05-21,0.11495287640401775,0.16448864397716728,0.1449221683085365,0.11090840110304276
2024-05-22,0.1081096001346489,0.15425785465988218,0.1509708667253267,0.10798351916200355
2024-05-23,0.109305102130849,0.15443801877070382,0.157401999280327,0.11058813212256514
2024-05-24,0.10959766292921254,0.15541127686538855,0.1571692022098163,0.1107435086498433
2024-05-28,0.10957637136637274,0.15549209348464202,0.15788654066363142,0.11099081289145227
2024-05-29,0.11060216373824147,0.15580818537149435,0.15961490353292315,0.11233794314415732
2024-05-30,0.11139688683144071,0.15668175544857937,0.15950630890211975,0.1126737194023319
2024-05-31,0.11130763356707032,0.15392965745057455,0.15661871729230972,0.10934785402396427
2024-06-03,0.11126211149737998,0.15406689921084754,0.15456941622237466,0.10950587636871632
2024-06-04,0.10918339733880947,0.14954715787117,0.15576302651689652,0.10837254958964537
2024-06-05,0.11112029130345763,0.15415025231557936,0.1565718685265687,0.11123904228819374
2024-06-06,0.1095812763483678,0.15142414334409807,0.1567944727317728,0.10970151110176121
2024-06-07,0.10881152041405107,0.14831541954362218,0.17289054638080928,0.11259161066778949
2024-06-10,0.10886080501751208,0.14814423610275287,0.173684911075642,0.11290779345954416
2024-06-11,0.1070258258999589,0.14615717009247386,0.1720326482888429,0.112823813609546
2024-06-12,0.10797456416929431,0.14709597166113073,0.1716514523691875,0.11365026099628679
2024-06-13,0.10784708964364247,0.14712778904067683,0.17232992666671923,0.11339939005302836
2024-06-14,0.10668961006604345,0.14482007449933945,0.17374373689667336,0.1125507465479893
2024-06-17,0.10714313614825353,0.14552135069177985,0.17422394034831168,0.11245019677992174
2024-06-18,0.10679655799500135,0.14553742849617743,0.1742493073831938,0.1124496989077424
2024-06-20,0.10571608658143901,0.14521862349274783,0.17439526661778784,0.11071075457342801
2024-06-21,0.10567895381636307,0.14527068098146254,0.17754005777463955,0.11172935625279018
2024-06-24,0.10585078965705287,0.14744167494068386,0.1766699250180606,0.11182714595650489
2024-06-25,0.10579382394462471,0.14858505567755392,0.17705377934110944,0.1118540025377326
2024-06-26,0.10565761083277184,0.14831105972313488,0.178193683163352,0.1119692894480033
2024-06-27,0.10455544921068166,0.14827360304723972,0.1789726193015692,0.11176563847697338
2024-06-28,0.10496145144014166,0.1487153072042013,0.17732703054422727,0.11192502023906463
2024-07-01,0.10487715185787974,0.1489900304227349,0.1763301994111168,0.1119231968327486
2024-07-02,0.10453151615133582,0.14870100021880425,0.17397870467615723,0.11231598651911957
2024-07-03,0.10476459022356112,0.14929971994958557,0.17453838589430196,0.11303402551901294
2024-07-05,0.10166043200619095,0.146206248253893,0.1759989655166803,0.11164762648379986
2024-07-08,0.09994975578977698,0.14489013983600216,0.17474133415242252,0.10939880156075002
2024-07-09,0.09994305699827041,0.14486745076870672,0.17434924693625928,0.10937101633383257
2024-07-10,0.10145582407708985,0.14580901758610443,0.17416152333856835,0.1101379485066003
2024-07-11,0.10086180909756624,0.15205491192629547,0.17651729224341373,0.10859825834867794
2024-07-12,0.10058133917928339,0.14957959690689487,0.1723344102346627,0.10546468270694646
2024-07-15,0.09580781492804973,0.14520430014188263,0.17021160516873174,0.10073258975526792
2024-07-16,0.0917950405518948,0.14031324400504155,0.1707511771731352,0.1013092011205819
2024-07-17,0.09688722482405993,0.1539023373394419,0.17106364997514256,0.10720184571210739
2024-07-18,0.09751209046522873,0.15184441479578248,0.1708908182572542,0.10646132202687418
2024-07-19,0.0986432862019721,0.15262123525450227,0.17470325020888286,0.10923437773982582
2024-07-22,0.09791052687345915,0.14772473135403158,0.1745993043991659,0.10828173752928978
2024-07-23,0.09699650453600117,0.1473867989888997,0.16726384762953006,0.10815293782609008
2024-07-24,0.10641477244552745,0.16374391196993945,0.16735367889264013,0.1160468304270354
2024-07-25,0.10712833655998355,0.16557794487207986,0.17040239861069734,0.1183694030326962
2024-07-26,0.1085434049507915,0.1660857715121534,0.17125996589948633,0.11991445389021196
2024-07-29,0.10727645989386879,0.16364773028528382,0.17119872494836003,0.11871991603043489
2024-07-30,0.10788443700452001,0.16625205539811522,0.17221006801233132,0.11895246667819895
2024-07-31,0.10656270235632849,0.17094797332491676,0.17064740399222278,0.11949237033269977
2024-08-01,0.11071352420982865,0.17780893030759312,0.1701140730056294,0.1233552726211231
2024-08-02,0.11650302489861097,0.1832806529929896,0.1700172022639967,0.1269796562605609
2024-08-05,0.12883666498019405,0.18910630769747297,0.17216237807670098,0.13478899360739105
2024-08-06,0.12850398665998988,0.18880030837489986,0.1718765193363826,0.13334864319802514
2024-08-07,0.12923655457176525,0.1900541065018815,0.17158610387159454,0.13392245537017444
2024-08-08,0.13716974015626895,0.19971639226534407,0.17408535102764644,0.14153030220526205
2024-08-09,0.13698523911582913,0.1999197800935666,0.1714504903419199,0.14092404884639684
2024-08-12,0.13697532186198136,0.19991220849390456,0.17399083359430348,0.14129082140383337
2024-08-13,0.14065196565633933,0.20575089142952036,0.17235849273278459,0.14336049572701823
2024-08-14,0.1405209897714816,0.20543274025211375,0.17260004761919961,0.1429657809402854
2024-08-15,0.1424377234617262,0.20914901191350727,0.17089498894043442,0.1435738219525291
2024-08-16,0.14234986666210772,0.20906860890915843,0.17616093763168383,0.1442749243295031
2024-08-19,0.1434113040632728,0.2104717241547931,0.17334638713630668,0.14446223581568632
2024-08-20,0.1435046939205375,0.21022769978500666,0.1733195260279902,0.14433085345457486
2024-08-21,0.14356071189742942,0.21034889869348494,0.17331311712966108,0.1443585798302861
2024-08-22,0.14443979087982997,0.2130298319191414,0.17092024386775317,0.14573277310548038
2024-08-23,0.14476951835046883,0.21369753111041548,0.16701277443391063,0.14528679284791404
2024-08-26,0.14450667310069004,0.2140561751582539,0.16705839610576992,0.14521565587283125
2024-08-27,0.14450714844454327,0.21401592061299568,0.166024921405812,0.14501516135790615
2024-08-28,0.14425671875441204,0.21481929417316634,0.16550531522038878,0.145083463585087
2024-08-29,0.14342823596158943,0.21362803620082044,0.16569470843675593,0.14455525294192942
2024-08-30,0.14352973280603093,0.21471262952871317,0.16593277620504918,0.14474262456768794
2024-09-03,0.14996574566199727,0.22346491573959368,0.16553968852053694,0.14967622918041937
2024-09-04,0.1500727981671823,0.2234952821722462,0.16430136280407182,0.14965394585697425
2024-09-05,0.1484819041998231,0.21984326514109645,0.16351874734653757,0.14701122331671687
2024-09-06,0.15248807101291217,0.22629496189056636,0.16387362783164153,0.15108812057710536
2024-09-09,0.15401109650713532,0.2278359769170314,0.14620225267812653,0.1498973631506217
2024-09-10,0.1541196774842019,0.22846310323377636,0.1454922512261316,0.14997625326744474
2024-09-11,0.15531361274801223,0.23219945879932377,0.14558319929775093,0.15103418629968499
2024-09-12,0.155356048973043,0.23154759687963755,0.14914600734803182,0.15201148352598293
2024-09-13,0.15560628566578755,0.23146740105929492,0.1487443647492796,0.152436034577933
2024-09-16,0.1556147815301908,0.2314044322970571,0.14706414335058277,0.15208498326370415
2024-09-17,0.1549093750021681,0.2300518843957388,0.1471298134022214,0.151903545462434
2024-09-18,0.15501391712289236,0.2301927409158891,0.1482263272643378,0.15228286148348408
2024-09-19,0.15837434892923435,0.23529413218147768,0.14927301221880854,0.15684005853429844
2024-09-20,0.1583973728617145,0.23526071468834225,0.14685819354880053,0.15618620641889985
2024-09-23,0.15822066866709292,0.23412151596045105,0.14680160636514636,0.15593579178851882
2024-09-24,0.15815718272821558,0.23323007337485566,0.14807169180697788,0.15635137195966312
2024-09-25,0.15827272727612612,0.2332066893263614,0.14642841149935704,0.15627886732893698
2024-09-26,0.15839261274165298,0.23361032907576515,0.14539828511111047,0.15631773293175114
2024-09-27,0.1581663214845288,0.2336470053204598,0.14676167683803734,0.1565805925118986
2024-09-30,0.1582736676584869,0.23343117789670398,0.14814458832949767,0.15653476382965292
2024-10-01,0.15903496103239617,0.23421806102635637,0.14906375590137264,0.15658236763374334
2024-10-02,0.15884700821812162,0.23361801910520974,0.14793996479634788,0.15591266291603706
2024-10-03,0.1585672939865645,0.23262524007145377,0.14614938602898517,0.15484944986769666
2024-10-04,0.1594973881721166,0.23385407617719772,0.14352181183636822,0.1550927322383135
2024-10-07,0.16065451454549856,0.23478540621395727,0.14390812184978696,0.15601241660369702
2024-10-08,0.16055212828535284,0.23579948859741456,0.14501589422908073,0.15563519350646898
2024-10-09,0.15999913981666483,0.2321961809674525,0.14192819439320098,0.15539945651509196
2024-10-10,0.15965792542842502,0.2319189191944656,0.14239237955718148,0.15527646028563713
2024-10-11,0.15997034810141142,0.23187795127279748,0.1436212448181875,0.15560381312553445
2024-10-14,0.160337535714516,0.23247876683203958,0.13877325994648432,0.15499485018646375
2024-10-15,0.1584915605385021,0.22634529066489936,0.13834120266194433,0.1518635506629903
2024-10-16,0.1577180982522632,0.22610432081898107,0.1376462368728789,0.15124556670422712
2024-10-17,0.15697827181060092,0.2253028385505058,0.1321397602144726,0.14924492191943695
2024-10-18,0.15595479887953798,0.22377074642593417,0.13325434240613915,0.14897519389845404
2024-10-21,0.15595966036340658,0.22363615485994828,0.1332915532857246,0.1489539756921286
2024-10-22,0.14845254408450784,0.21099591895077668,0.13397416316708266,0.14225837825449444
2024-10-23,0.1493555082711782,0.21217856844617083,0.13221129757765768,0.1428276297492478
2024-10-24,0.14798832031569298,0.2118460195012949,0.13160767179042812,0.141915261002422
2024-10-25,0.1480125934299757,0.21207573810113062,0.1314045768710815,0.14191710811347186
2024-10-28,0.14753847510891938,0.2099224335643365,0.13052797142822625,0.14163489029376913
2024-10-29,0.14433336949181977,0.20268213521873596,0.1276960983794511,0.13637216432633084
2024-10-30,0.14127821203843383,0.19689306431047818,0.1274056285516363,0.1329541569173031
2024-10-31,0.141850315489519,0.19769435252194056,0.13196878530942482,0.13601887853562186
2024-11-01,0.12795069599839987,0.18764624214013131,0.12919608078271347,0.12591936200414974
2024-11-04,0.12723519804490088,0.1872313882142697,0.12758341027647913,0.1260172869756739
2024-11-05,0.12788565330667143,0.1867641921070244,0.1274499326659694,0.1258139986344766
2024-11-06,0.12911399418198363,0.18475104991793823,0.14034734585852301,0.11879009193237361
2024-11-07,0.12955777880830446,0.18668352078222963,0.14333378889122833,0.12089054816164058
2024-11-08,0.12962372359360044,0.18669436787202323,0.14083367103468206,0.12059856144642479
2024-11-11,0.12621949245565647,0.18099135918309148,0.14923899495391538,0.11979557128324524
2024-11-12,0.12653903345422873,0.18111028183254946,0.1493605065236866,0.12024466246127194
2024-11-13,0.12252541787130902,0.1747562810310845,0.1509186392703314,0.11734737444797123
2024-11-14,0.12347742843117977,0.17553359392792675,0.14451510872686021,0.11703721900182801
2024-11-15,0.12538120096190042,0.1807800164093567,0.1445229683273095,0.11951482323624876
2024-11-18,0.1254527578167106,0.1811395693349816,0.1491311830217685,0.12098537716127551
2024-11-19,0.12547152638994463,0.18138932852502757,0.15000077150477317,0.12149669657396862
2024-11-20,0.12421380313464983,0.1782470729158043,0.14803325710016751,0.11873023615017758
2024-11-21,0.12300202719510517,0.1772070183203976,0.1472451885829033,0.1173959088636565
2024-11-22,0.12288768304583213,0.17589673880751133,0.14909491939339006,0.11752707882453235
2024-11-25,0.12297677140118311,0.17585689599012186,0.16113815078017465,0.11894048780289175
2024-11-26,0.12244949519407587,0.17423889944041032,0.16039629058352525,0.1176955455422042
2024-11-27,0.12272719039289454,0.17512323873191943,0.16017717796663924,0.11796783091624659
2024-11-29,0.12198339364502427,0.17445542928725505,0.16012571260966862,0.11852645878088655
2024-12-02,0.11372176219468524,0.16331253313092245,0.1609677853900138,0.11169002671635508
2024-12-03,0.11351492740781574,0.16308308712542532,0.16098078615655742,0.11155192292777952
2024-12-04,0.11360413378626247,0.16440294224333288,0.16034136794955636,0.11213117219047897
2024-12-05,0.10744650795928032,0.15394292889130276,0.1603403361935717,0.10623569424351169
2024-12-06,0.10577656795126662,0.15306625881004465,0.1601995256944786,0.10517058255703543
2024-12-09,0.1065349320297306,0.15376263784359895,0.16107986306411454,0.10492833988024042
2024-12-10,0.10547414906229959,0.1488921840244822,0.16284687972677325,0.1034820425235956
2024-12-11,0.10529559387915638,0.15153064889606466,0.16032450470644558,0.10339482290539799
2024-12-12,0.10580336584450842,0.15233946262783402,0.1622894486373189,0.1048299059693352
2024-12-13,0.10584010991247393,0.15228499293490994,0.16426411471657487,0.10488086406971603
2024-12-16,0.10600482895338817,0.15429744962006484,0.1638617276092258,0.10538156311292869
2024-12-17,0.10621672022455919,0.15431010529017444,0.16325030227707074,0.10518183112808638
2024-12-18,0.11848805562226537,0.1652542540198634,0.16510491452464554,0.11481115808351527
2024-12-19,0.11841367145328272,0.16552286499220878,0.16312085452890923,0.11474838902861614
2024-12-20,0.12056882593016381,0.16620182389778562,0.1644360696014283,0.11639146979142297
2024-12-23,0.12096143917255711,0.1669292158948622,0.16222208091297657,0.11578953204777247
2024-12-24,0.12257532638223237,0.1687284884258221,0.1622693849904154,0.11693576528533839
2024-12-26,0.12243099209254303,0.16832955263794247,0.16252487699884174,0.11656195225971046
2024-12-27,0.12445855837115181,0.17031586216872396,0.16233266558690995,0.11805875161029789
2024-12-30,0.1266075171644082,0.1727354142621034,0.1616752246702993,0.11969003982942139
2024-12-31,0.12543718487673422,0.17116566806848962,0.16076237240846192,0.11943152126491291
2025-01-02,0.12558255038475594,0.17126860328247057,0.16310225644084625,0.11954261386860367
2025-01-03,0.12774642699961633,0.1739621375045273,0.1638614840226977,0.1201948187590809
2025-01-06,0.12703477338463243,0.1738632663734447,0.16383224237577737,0.12002071268232849
2025-01-07,0.12781798799330227,0.17642480229808924,0.16408186719408277,0.12005627685679442
2025-01-08,0.12657473603082336,0.17418977874693126,0.16370206826488692,0.11966971599376129
2025-01-10,0.12975945183035145,0.17671334377401665,0.16431834647955162,0.12053582035135668
2025-01-13,0.12972800290613698,0.17684192500517862,0.1650374604425764,0.12081729111623407
2025-01-14,0.12922298570895166,0.1768518996328896,0.16393414598338893,0.1202807704465023
2025-01-15,0.13323774393810592,0.18186063593812982,0.16454433329896598,0.12411869125827574
2025-01-16,0.13230541126158085,0.18030031164161417,0.16495745966634756,0.12347507487448943
2025-01-17,0.13347885817176236,0.18313921726702856,0.16506506441312985,0.12409031930019947
2025-01-21,0.13459202054440922,0.1833891930268948,0.16749609592007625,0.12552468075779882
2025-01-22,0.13481037737490636,0.18455659175784195,0.16648451513518855,0.12570739100278824
2025-01-23,0.13506274006449748,0.18456012103647268,0.1665156840445116,0.1257273478481624
2025-01-24,0.13524160336208962,0.18507456304491474,0.16558686834560604,0.12561190927993968
2025-01-27,0.13708751925141427,0.19198563521359072,0.16512563121469684,0.12847739469184594
2025-01-28,0.13797292384805515,0.19345927199601526,0.16531471276606607,0.12961500584334462
2025-01-29,0.13835636878291224,0.19326685990188505,0.16546650398203894,0.12980618335935232
2025-01-30,0.13859069716260328,0.19337749200184934,0.1681767474814453,0.13071150029608825
2025-01-31,0.13910594968419143,0.1926311463422471,0.16684419934375183,0.13007508665500828
2025-02-03,0.13969748194320677,0.1927116621571377,0.1668227723186455,0.13020731940916866
2025-02-04,0.13405119957359052,0.18663339777270474,0.1648169530472513,0.12451065085886352
2025-02-05,0.13403533397901318,0.18634551481337122,0.16490977218359854,0.1247253581202835
2025-02-06,0.13397226421979777,0.18630291589054626,0.165045358570448,0.12465660841279504
2025-02-07,0.1336089000867743,0.18695762083343886,0.16503010006181262,0.12453791309026449
2025-02-10,0.12495201914283546,0.18073273556345537,0.15567593385770262,0.1258757938508913
2025-02-11,0.1240757243634052,0.17826642747312338,0.15312095166062334,0.12347604737545162
2025-02-12,0.12400759430616617,0.1782617354926538,0.15227635464933806,0.12348004625456513
2025-02-13,0.1257143570084312,0.18038677937521544,0.14467575241678976,0.1241965335458674
2025-02-14,0.12551902196266718,0.18043950658301383,0.14702201915356344,0.12404155025231263
2025-02-18,0.12561976518355866,0.18040826255595424,0.14800426828981325,0.12430491105684928
2025-02-19,0.12488791243032839,0.17970638649128268,0.1477289964508677,0.12360381539653419
2025-02-20,0.122284671465503,0.17283697256233355,0.14755197869383904,0.12053543094465553
2025-02-21,0.12717061807921085,0.17798367400000206,0.14365091254698892,0.12260255604879312
2025-02-24,0.1273756826931207,0.17934743941327563,0.14311667647357892,0.12245139531920413
2025-02-25,0.12780635054612172,0.18126910583061076,0.14600376527328737,0.12444747375603246
2025-02-26,0.1273741907364375,0.18119997694096965,0.14534631189863906,0.12403352299623772
2025-02-27,0.13120237072168042,0.1897228460769416,0.14719968693120652,0.13002183772183676
2025-02-28,0.13478414961471527,0.1923385883013499,0.1344683677695173,0.12988865852192502
2025-03-03,0.13881689118199422,0.1969975062277205,0.13653491411224633,0.13096587294682052
2025-03-04,0.1406109156576156,0.1964759657041317,0.13728237232742443,0.13089351069902366
2025-03-05,0.1417788623925038,0.19744801836408057,0.13654779033555664,0.13107755756401
2025-03-06,0.14586331839869765,0.20357020693388525,0.1356189567799425,0.1354412128942928
2025-03-07,0.14639706266737182,0.2040768263182731,0.13563228767500468,0.13568871515227285
2025-03-10,0.15464071820707667,0.2160539879245751,0.13715057236057304,0.14365354450121737
2025-03-11,0.15529600915663117,0.21604618190164965,0.13751642742770132,0.1434842704404062
2025-03-12,0.1557291654535351,0.2165536070356309,0.13759359211489353,0.1440063587879171
2025-03-13,0.15741634080344027,0.21871779095738872,0.14035354636609199,0.14424629789561086
2025-03-14,0.16340499722286908,0.2246711914727556,0.13848341350530893,0.14744130561292984
2025-03-17,0.1634008187539566,0.22187364905646334,0.13777401299820125,0.14610020876013258
2025-03-18,0.16437591840641497,0.2238656956502219,0.13518997652859208,0.14545783546468294
2025-03-19,0.16610296825028872,0.22510961293927495,0.13217155017451443,0.1467030202636515
2025-03-20,0.16581471676645274,0.22282392945033816,0.13236102682848125,0.14607954704146994
2025-03-21,0.1657144046399838,0.22297848156589758,0.13340660231251886,0.14588463398821294
2025-03-24,0.15928712314060542,0.21661195043075376,0.12693169598798806,0.1360852279348871
2025-03-25,0.15937080626977287,0.21684403511594866,0.12698069806772289,0.1362398811869522
2025-03-26,0.15914683208952596,0.2189232869591922,0.1260863063913376,0.13650181570642203
2025-03-27,0.15864818431546887,0.21803672191041537,0.12722730356361237,0.136357460931541
2025-03-28,0.16150993428485408,0.22163616006026596,0.12759552672423854,0.13773430504931844
2025-03-31,0.16225925700253802,0.2216531314620094,0.1294924838684883,0.13840787526237663
2025-04-01,0.16128352902055426,0.22127069145274317,0.12838217895079954,0.13696829666032256
2025-04-02,0.16045596885072957,0.22062896704579402,0.12781265130183436,0.13596388078525198
2025-04-03,0.18767869306843557,0.24389030028139483,0.1288628284139989,0.15445739782855591
2025-04-04,0.21987018663519786,0.27203598023727876,0.13712562797483652,0.18155145610435183
2025-04-07,0.21784236616349573,0.26945688998144224,0.14370346230329276,0.1812101182300869
2025-04-08,0.21879363592405968,0.2694519128167713,0.14373248497838056,0.18145478362879383
2025-04-09,0.30642001574034594,0.36410022422679117,0.15974094259036895,0.2533651794373776
2025-04-10,0.31816519482669087,0.3732926616143049,0.165573332686265,0.2566877442537244
2025-04-11,0.31927709732088827,0.3744394402519105,0.1682280702810911,0.25899527097776026
2025-04-14,0.31996578898709,0.37478137804491785,0.16711461766899982,0.25895538517062117
2025-04-15,0.31995124437817063,0.37481179883812926,0.1671136989505083,0.25894108658179826
2025-04-16,0.3202994678839787,0.3759008490706713,0.17704954247097773,0.2572358389156736
2025-04-17,0.32035840554926315,0.3757869120059614,0.1775863974373387,0.2572402455083599
2025-04-21,0.3225001345297105,0.37651035571278924,0.18512725245931966,0.2570562728947485
2025-04-22,0.3266387656573056,0.3805715998477593,0.18703182228609036,0.2575241699900331
2025-04-23,0.3281536274732962,0.3826772974729287,0.19480279638939574,0.25719927745636467
2025-04-24,0.33100899893898245,0.3873728804516312,0.19598523924083613,0.2607643804810689
2025-04-25,0.3314504214942575,0.3881437250124497,0.1978566089808453,0.2608090372495657
2025-04-28,0.3304361680777468,0.38406687778600185,0.19727629630919122,0.2584113694853828
2025-04-29,0.33019504217847867,0.38304497310245755,0.19865633885744574,0.25756821159573445
2025-04-30,0.33013715827125756,0.3830478087265569,0.19929604531807643,0.25751887528225265
2025-05-01,0.33029071821708794,0.3839553427803765,0.20323992468030502,0.25700390510713683
2025-05-02,0.33168106605250436,0.3852586057367494,0.20324209103054197,0.25781171467570047
2025-05-05,0.33161342282569345,0.3851222197156441,0.21050645866582274,0.2579704333346134
2025-05-06,0.33161857522485416,0.3845826838958153,0.21607157682188063,0.25737462670866257
2025-05-07,0.3316279062309354,0.3845484702950031,0.2189387879749612,0.2572568447815225
2025-05-08,0.33188926225185383,0.3850226694827501,0.22323578929217058,0.25723922133125093
2025-05-09,0.33146271047665476,0.3842962844206587,0.22344187566515836,0.2568792441057496
2025-05-12,0.33798107301036884,0.3923842196247069,0.22972450924041735,0.25755920684381517
2025-05-13,0.33825873957341834,0.39359193402585396,0.2295094880909349,0.25805628152112503
2025-05-14,0.3382163959531129,0.3937763345352441,0.23404928538736655,0.2582523295854235
2025-05-15,0.3376760583736763,0.39270254726079534,0.2352449238172013,0.2576433032393139
2025-05-16,0.337932176324131,0.3927096470750415,0.2345148723327742,0.2575230227970285
2025-05-19,0.3378840709614076,0.3926852395153722,0.23368052644415138,0.25731893473665024
2025-05-20,0.3379038359914687,0.3927337873566037,0.23612240764175987,0.2574143913214792
2025-05-21,0.33944866048207717,0.3936055566157718,0.23635526594523476,0.25787318971600165
2025-05-22,0.3377618164443658,0.39144763314552294,0.23728980924209453,0.2565111427578367
2025-05-23,0.3379119594460726,0.39117020076652176,0.2405506636909295,0.2563827928415399
2025-05-27,0.3403592222053563,0.3931124729861975,0.24164144244525554,0.25596353616863754
2025-05-28,0.3405678309517185,0.39321979442240856,0.2417973815553011,0.25616476932942195
2025-05-29,0.3390788162641488,0.38901939596684265,0.23934038724371873,0.25280754476223627
2025-05-30,0.3376781744772867,0.387870923729358,0.2393868794317946,0.25253135035215574
2025-06-02,0.3359275420867414,0.38540442239756595,0.24331318941427535,0.25291704608658533
2025-06-03,0.3351388447275822,0.3855404886080928,0.24405357306828104,0.2528194499021237
2025-06-04,0.3345313410718184,0.3848160849720583,0.2441927147885591,0.2524218244310358
2025-06-05,0.33264194628741045,0.38082565243393957,0.24418883224367133,0.2501575301709512
2025-06-06,0.33304552476804067,0.3810090220571009,0.24620278620791772,0.25008992195415364
2025-06-09,0.3283157898901066,0.37212993933578026,0.2452478201662024,0.24434541573512078
2025-06-10,0.32783801613665553,0.3721214973838782,0.24454028446564585,0.24436430181099233
2025-06-11,0.32786385930380374,0.371832891468584,0.24458773599193687,0.24419438055880335
2025-06-12,0.32652388295693807,0.3695987366764522,0.24343920536394462,0.2439953126559995
2025-06-13,0.325214342426196,0.3680852098998636,0.24439702742699185,0.24279679228345835
2025-06-16,0.3253812925884273,0.368770239165167,0.2465442693464916,0.24261838425250837
2025-06-17,0.32507269120652266,0.36753363132600025,0.2457762850153389,0.24268414903991678
2025-06-18,0.32449153784497586,0.36682811788229824,0.2461527014257885,0.24227089154700499
2025-06-20,0.324466365058748,0.36687058377279846,0.2461165383478447,0.24225529437275975
2025-06-23,0.32493756166512144,0.36725349461887585,0.245329708605545,0.24249289477401625
2025-06-24,0.3237945064035622,0.36601629640353867,0.2475358214992579,0.2416515081876045
2025-06-25,0.323785969142111,0.365933479083924,0.24749031021570791,0.24159484144351584
2025-06-26,0.32296312451725956,0.36392916297887395,0.24750249152339154,0.24049431232697085
2025-06-27,0.32293275656914144,0.36358371654829463,0.24945153999587963,0.24070201276486247
2025-06-30,0.31996785084506346,0.3589665394599655,0.2500834289360867,0.2391273794189864
2025-07-01,0.3198497033653523,0.3596320332381072,0.2491582918204091,0.23894011266416884
2025-07-02,0.31988983195278853,0.35957246274819354,0.24922673536717746,0.23905083238110908
2025-07-03,0.31999337637883696,0.35974063384204197,0.24974583459457436,0.23898298650060243
2025-07-07,0.30331829205910693,0.3418134712778156,0.2493221012073496,0.22649216770283645
2025-07-08,0.2768788209339258,0.3148651094647216,0.24543665715592086,0.2024245356764319
2025-07-09,0.27671808360425665,0.3148801050739272,0.24102935374714562,0.20145245615764207
2025-07-10,0.27395008123896986,0.3117872404872607,0.24092075872677376,0.1998378490116017
2025-07-11,0.18145479668156492,0.2060986549311562,0.23067314962137872,0.10438770141734062
2025-07-14,0.15557377400515973,0.18430496641055133,0.22605880549892934,0.09364675760684942
2025-07-15,0.15319406103181626,0.18188768890102577,0.2232320941316457,0.08833337310985707
2025-07-16,0.1525092162692211,0.18180592613910795,0.2230367181358544,0.08830665830419719
2025-07-17,0.15231107528703022,0.18201310679673016,0.22292071496883495,0.08836549987323915
2025-07-18,0.14392682764411427,0.16909057571534264,0.21332642903945775,0.08663754137549454
2025-07-21,0.14391031073404098,0.1689184619529356,0.21527413995430147,0.08698591133944066
2025-07-22,0.13343046034373793,0.15972296371541655,0.20704484825406028,0.08536743137207682
2025-07-23,0.1256792102171437,0.15330757129670422,0.20657148207027903,0.0829430723930003
2025-07-24,0.12319268684073202,0.1484801208426892,0.2011127771802377,0.08309717749270239
2025-07-25,0.1175123751499393,0.13980468952664954,0.1999446630412505,0.07378426518892382
2025-07-28,0.11724299817799864,0.13884753612792367,0.1991674670053921,0.07402951868747557
2025-07-29,0.11760783479539998,0.13898830315978913,0.19716997833945707,0.07392606111273042
2025-07-30,0.11754498030610125,0.13882652054737452,0.19923681528542517,0.07541414596120434
2025-07-31,0.11809785555221569,0.1396648212255161,0.1991384390123707,0.07513278760520992
2025-08-01,0.12333013704151523,0.1451414587094444,0.1986371479155296,0.0763151823866376
2025-08-04,0.1234852424573424,0.1465831929777815,0.19889267605438163,0.0777593306727456
2025-08-05,0.12332784188475841,0.14678953376765796,0.18988973711188126,0.0779406773195847
2025-08-06,0.1221217542512867,0.14627070003582293,0.18137489533642778,0.07837872840080268
2025-08-07,0.12217671174130049,0.14625579839638106,0.17964689821633834,0.07810963008735941
2025-08-08,0.12232578320071304,0.14605695525207396,0.17505198789176926,0.07836387467956285
2025-08-11,0.12240998980738149,0.14634090890672397,0.17699038236449535,0.08003830519783081
2025-08-12,0.10645583276510008,0.12592732586116367,0.16738481306313344,0.07607591819617852
2025-08-13,0.1060395548453083,0.12312398907051278,0.1672942775758708,0.07466261406477095
2025-08-14,0.10607917063222054,0.12295952695307412,0.16208184093656397,0.07406842416802671
2025-08-15,0.10613996415321368,0.12358023773454835,0.15912388427562327,0.07338757424410239
2025-08-18,0.10571851660128771,0.12353612222761276,0.15710532435437416,0.07341386303219812
2025-08-19,0.10657813171195578,0.1272307474751311,0.15561208201141843,0.07536561097778002
2025-08-20,0.10646402106197578,0.12773230715502232,0.15246956406527376,0.07513288513873166
2025-08-21,0.10052911543752147,0.12453049750666748,0.1519634429242949,0.0737157476754651
2025-08-22,0.10427977932298192,0.12759424148696002,0.1523011891873911,0.07772275105379005
2025-08-25,0.1035864855193564,0.12598552363597584,0.1460001560891846,0.07823285074914202
2025-08-26,0.09622114595534555,0.11813994713482394,0.1425340656789349,0.07699323444116422
2025-08-27,0.09510035184974068,0.11751533802074647,0.14246224786849726,0.07624909271992743
2025-08-28,0.09506275838700472,0.11787794225843717,0.14272471607684295,0.07659176715538789
2025-08-29,0.09610895942697892,0.12067128732772288,0.1431335490886034,0.07649064451015239
2025-09-02,0.09736041671396357,0.12157529247904993,0.14108657816478898,0.07249758603515435
2025-09-03,0.09730991116919276,0.12158635872834722,0.1404230973682336,0.0734601093670792
2025-09-04,0.09827405804885085,0.12254255041627297,0.14039158826986609,0.07364252182959276
2025-09-05,0.09784836660148682,0.12119695114440866,0.14207347699248282,0.07244231233757999
2025-09-08,0.09622187138704115,0.12023423957726852,0.14041179522023592,0.07307893106875868
2025-09-09,0.09623765828265256,0.12026608959083783,0.14045853056317875,0.07306000560608276
2025-09-10,0.09589084500858222,0.119829870085757,0.1405078500237499,0.07286311639965702
2025-09-11,0.09651885272173041,0.11976169807994536,0.14039537695007512,0.07300268949744596
2025-09-12,0.09645201338487194,0.11989148068812841,0.13858811043349734,0.07235989458460143
2025-09-15,0.09328666172233255,0.11720126169418499,0.13774773946760954,0.07288194955917326
2025-09-16,0.09210440950768312,0.11473738280364741,0.1341543173585903,0.07289063171692854
2025-09-17,0.08999903245188016,0.11263399996647905,0.13537726080861578,0.07208334119173768
2025-09-18,0.09012963545032653,0.11348495909808849,0.13512986473743965,0.07181363731883622
2025-09-19,0.08997975830129218,0.1132269937166571,0.13635904655270736,0.07229014819758654
2025-09-22,0.08868488228362369,0.11227657786661126,0.1399680744354132,0.07288479630503719
2025-09-23,0.08777363203890072,0.1102928822393896,0.13549192233920848,0.07334284398247316
2025-09-24,0.08824927709944881,0.11076221639262017,0.1372647200438477,0.07464951365273828
2025-09-25,0.08808200968156922,0.11023481897916132,0.13721480043561196,0.07452069325976425
2025-09-26,0.08822677233326796,0.11029562446300067,0.13124085791328954,0.07425485057175746
2025-09-29,0.08799179086768458,0.1100098295264179,0.13289810602042726,0.07433396725109041
2025-09-30,0.08808499080991394,0.10823067072008921,0.13282319873504567,0.07456945888213692
2025-10-01,0.08794364973126441,0.10787358106419333,0.13267225098134497,0.07420236565597092
2025-10-02,0.08690258005101328,0.10667202331311018,0.13190750241482677,0.07412404555583846
2025-10-03,0.08517108973761721,0.10574452127065276,0.1323572746471654,0.07299252104290506
2025-10-06,0.08521696286538448,0.10641887602199275,0.13372396137513276,0.07405705786984505
2025-10-07,0.0852622192769786,0.10667954381080724,0.1337637740787512,0.07389375561826145
2025-10-08,0.08574046824477721,0.10840974497681843,0.13647912157019704,0.07627782211760865
2025-10-09,0.08561055818805444,0.10828077091684386,0.1424850288788451,0.07859897647215267
2025-10-10,0.10255569726980504,0.13026125014983303,0.14264724752207303,0.08732930675062511
2025-10-13,0.10608231862143933,0.1364092996003672,0.14815995520894654,0.09461959651812989
2025-10-14,0.10607884606042976,0.1373346089440582,0.14831812405391018,0.09468490210491536
2025-10-15,0.10580245347724043,0.13713799669365084,0.1504527620748426,0.09585630860720247
2025-10-16,0.10689447998247238,0.137419600855139,0.1554881462192045,0.09590968054924816
2025-10-17,0.1073068740246955,0.13761360833238886,0.1603229461653856,0.09561813177280046
2025-10-20,0.10894513573357022,0.13888579857996328,0.17294869246791764,0.10212244855845874
2025-10-21,0.10791989466120998,0.13877724654629778,0.21807490078058392,0.11251539516229596
2025-10-22,0.1086172866759559,0.14048992242798322,0.21735923572227656,0.11315863227920919
2025-10-23,0.10888391132206651,0.14121755438749453,0.21588441815204776,0.11336371640360533
2025-10-24,0.10981865693367117,0.14242770823552764,0.21539321809855275,0.11338086092172422
2025-10-27,0.11163264923680233,0.14603111623215448,0.22430821622044333,0.11330765727558009
2025-10-28,0.11154650835178806,0.14652271671313952,0.2214926657802262,0.11223935109006616
2025-10-29,0.11108261313830804,0.1459082354793906,0.2218035579433591,0.1121395848478929
2025-10-30,0.10805456803237623,0.14349712396762432,0.2215984862829113,0.11148964883228928
2025-10-31,0.10447642024532244,0.13968644876215772,0.22215000692072473,0.10924374237564288
2025-11-03,0.10367644233765752,0.13871219523568673,0.2221230197859203,0.1086515025444975
2025-11-04,0.10620774005005684,0.143977637284676,0.22561569154212519,0.11452629199417629
2025-11-05,0.10623774353510097,0.1442834001591223,0.22603337511472607,0.11498629839870779
2025-11-06,0.1079845175018076,0.1488783340159834,0.2260914711810005,0.11715046892883414
2025-11-07,0.10782924196118589,0.14890036503214876,0.22354303787387045,0.11603495816992647
2025-11-10,0.11007975162236476,0.15307201355299194,0.22866157545239077,0.12226919712739326
2025-11-11,0.11000152407408387,0.15326186271849973,0.22866355162049792,0.12227257656297967
2025-11-12,0.10999025160516415,0.1532625234805207,0.22919460966892918,0.12216575612131793
2025-11-13,0.11530826802364524,0.15886691781346315,0.23033121345983243,0.12657553062312363
2025-11-14,0.11530646673176069,0.1588453389892191,0.2341594454369202,0.12738789099717546
2025-11-17,0.11641235477807102,0.1572925977583105,0.2353784825375917,0.12793518694347608
2025-11-18,0.11764475800084095,0.15889733267389838,0.23510800946551047,0.12849475977103586
2025-11-19,0.11744179054939728,0.15881244575365022,0.23474162868379858,0.1280622657949154
2025-11-20,0.11789985525353905,0.16362224821873944,0.23435642758826788,0.12899568468690742
2025-11-21,0.1190911641835595,0.1640825874337181,0.234279888185756,0.12891640599100831
2025-11-24,0.12224601940330762,0.17140165597456544,0.23552323943580952,0.13329834890802986
2025-11-25,0.12345869709254212,0.17171512455528762,0.23561903501544332,0.13347771219974805
2025-11-26,0.12394913211768191,0.17211095981856525,0.235663927259415,0.1338175663494733
2025-11-28,0.12351659747859427,0.17073020258011942,0.23603660767689114,0.13423802098195775
2025-12-01,0.12285944892515728,0.1698564850036534,0.23240575669560032,0.1343549841939168
2025-12-02,0.1225488780062563,0.16985014684209773,0.23294342719477223,0.1339421389184546
2025-12-03,0.12173942706432815,0.16916245395182136,0.2326119147738807,0.13383757264362203
2025-12-04,0.12149539140512883,0.1692240012254454,0.23165526375055173,0.1337908512518201
2025-12-05,0.12147258866832161,0.16916309778097174,0.2311198565949573,0.13346166976098203
2025-12-08,0.12169549773659973,0.16925549269079318,0.2311512816932895,0.13370512943396654
2025-12-09,0.12167322252193868,0.16924557132972043,0.23120490989821074,0.13369766696893032
2025-12-10,0.12129828246661899,0.16909105668117203,0.23109727537823618,0.13377172407112758
2025-12-11,0.12131570906773476,0.1691947600429993,0.23168561516842628,0.13381592000325618
2025-12-12,0.12313784169540902,0.17323895445481624,0.2312291150238224,0.13449596813067777
2025-12-15,0.12314673090716054,0.17358671985935034,0.2312501187516961,0.13461666834996847
2025-12-16,0.12327158771641993,0.1735282482870266,0.23036239204791933,0.13428331568867763
2025-12-17,0.12510943599380425,0.1768483551528627,0.2302568228062517,0.13523307017733216
2025-12-18,0.12560978519445776,0.1786761265041914,0.22989844535009157,0.1351078088088017
2025-12-19,0.12652183923769883,0.18014044527599216,0.22798068976284983,0.13475495294044373
2025-12-22,0.12648367097688162,0.17976190088734062,0.23168297154028947,0.13608241278567682
2025-12-23,0.12649498132922132,0.1797414143386999,0.23137110777856135,0.13597301120075644
2025-12-24,0.12614884712490332,0.17949377100315628,0.23180609894183085,0.13583626252219633
2025-12-26,0.12576873580516934,0.17938220551284045,0.23239975920273645,0.13571429122850032
2025-12-29,0.1259895909392409,0.17956241894159425,0.24869774994736843,0.14018088851096186
2025-12-30,0.12588230682542173,0.17960937577251299,0.24836316227545002,0.14001537414159146
2025-12-31,0.12674600616546197,0.18026164708469192,0.24893319648365467,0.1409418305946819
2026-01-02,0.12676985616362832,0.1801576450164148,0.24877462805854333,0.1409488127107099
2026-01-05,0.12738129172781326,0.1805666769047859,0.2532350564470788,0.14323986436699157
2026-01-06,0.12770001908153805,0.18078688492807363,0.25159970137691917,0.1428992857086807
2026-01-07,0.12763809670052603,0.1804097226197542,0.25259776883065976,0.14317522931118504
2026-01-08,0.12716953036006565,0.17946628223320527,0.250967864915361,0.14165078753398555
2026-01-09,0.12757074007046607,0.18046784807975597,0.24781714718799486,0.14132041869692055
2026-01-12,0.11454344693760898,0.16567817553335248,0.249539740708011,0.136815026429391
2026-01-13,0.11095190555898995,0.16059186568084857,0.24557633331800113,0.13147415060258277
2026-01-14,0.11146885907672563,0.16153954556100553,0.24592317011933934,0.1315753671809614
2026-01-15,0.11128952870747282,0.16112826043156503,0.2444107129923124,0.13044281978469147
2026-01-16,0.11028690789111607,0.16092051484458164,0.24063818319854471,0.13040703790713473
2026-01-20,0.11765199177677643,0.16627161565322485,0.2481570053207986,0.1303322208335916
2026-01-21,0.11806798800720689,0.16656004858456713,0.23953953687330717,0.127062127799489
2026-01-22,0.11845657397444412,0.1671556735629095,0.201088938623611,0.12015820551308208
2026-01-23,0.1178923484762478,0.1660144431281827,0.20215351045315033,0.11982896151102267
2026-01-26,0.11774731856931607,0.16543323021825856,0.2034460905203853,0.12019623007186664
2026-01-27,0.11694221660635022,0.1650591677211934,0.2073295228928967,0.12200925037204836
2026-01-28,0.11466735199477857,0.1613603468449325,0.20884509221053899,0.12449330865273807
2026-01-29,0.11465650316085156,0.16109822043959654,0.20746877329097502,0.12468639094417652
2026-01-30,0.11483517335693993,0.1625938463722336,0.2987814241579913,0.14921063658780295
2026-02-02,0.11294408410700274,0.1603023793547762,0.30927273813918443,0.150547607770022
2026-02-03,0.1141731295758872,0.16293371795635497,0.332071108095903,0.15253218575738697
2026-02-04,0.11457329594813585,0.1661866212682153,0.33216282004947456,0.15351620293553456
2026-02-05,0.11485043542420117,0.1637443153353369,0.3349977815064345,0.15413321699265436
2026-02-06,0.12085287059944338,0.16882711163119882,0.3390697996005902,0.16023674317649023
2026-02-09,0.11903204072232544,0.16536297759076052,0.3416764564929599,0.16010793908236626
2026-02-10,0.11920780974741481,0.16550984348408695,0.3427955315552454,0.16078192456119364
2026-02-11,0.1152297456337439,0.1594605368057487,0.33981735106234207,0.15561386956552062
2026-02-12,0.11938143733612691,0.16441653449727892,0.34835230940746625,0.16329563298450714
2026-02-13,0.119384438246789,0.16449722757423227,0.35013199404170536,0.1639213865426637
2026-02-17,0.1145303132488164,0.15941161915375468,0.3561287711825932,0.16228699918884198
2026-02-18,0.11491175941818371,0.1601243377467323,0.3557316769641384,0.1630713116022565
2026-02-19,0.11338057910208403,0.15937969442508967,0.3544507596116007,0.16160868404571788
2026-02-20,0.1126942215493811,0.1583600868445375,0.355841950200117,0.1625182546533644
2026-02-23,0.11461937582192595,0.159909746337813,0.3588151740061107,0.16245908963625935
2026-02-24,0.11080028317294584,0.15380180147848277,0.36053148706293303,0.15969348437249914
2026-02-25,0.11033478605071649,0.15568846831254926,0.3605967566528975,0.159853334572304
2026-02-26,0.10740513729782818,0.14938542278372197,0.35991851515781714,0.15642344252262683
2026-02-27,0.10639803077261555,0.1490321117688024,0.3602857694777021,0.15625763302897341
2026-03-02,0.1055570455814428,0.14797980155591542,0.36063678199395305,0.15587251472115626
2026-03-03,0.10653569125419204,0.14852278192936555,0.3731565801059162,0.16168009665333902
2026-03-04,0.10704650184065417,0.15164131998132765,0.37325541836511195,0.16263980237914347
2026-03-05,0.10760489500031885,0.15088607291320835,0.37401386546604387,0.16342526900277854
2026-03-06,0.11054094602537412,0.15363479442930675,0.37475845829117804,0.16373809321411484
2026-03-09,0.11197246717810574,0.15612767098109473,0.3748816499687678,0.1641347614562739
2026-03-10,0.11194124925423689,0.15587347511230917,0.37505089066734876,0.16419285365789946
2026-03-11,0.11181310107474533,0.15584312000804748,0.3751051135505861,0.1641213319697034
2026-03-12,0.1158083722471023,0.15938200370196381,0.3779703014057796,0.16818201532840893
2026-03-13,0.11541513150639242,0.15942920696553095,0.3793461889070491,0.16889441625303006
2026-03-16,0.11725572451699999,0.16114697440192707,0.37908950874812675,0.16927679803953724
2026-03-17,0.11549363914027784,0.15702150743706128,0.3791931582008962,0.16836155938793
2026-03-18,0.11871068792031993,0.15913356606911347,0.3853427058041273,0.17326857664193338
2026-03-19,0.118690329969801,0.1591606944938328,0.39497593680700327,0.17622968321500698
2026-03-20,0.12008174211413004,0.15913517869835364,0.39984604508120003,0.18079267521765688
2026-03-23,0.12101956197589321,0.15809885211559038,0.40256372418422554,0.18027303769921266
2026-03-24,0.11961996250564937,0.15618293613148632,0.4025624057130108,0.17967261669415394
2026-03-25,0.11947502314544613,0.15648208710031597,0.40439820579250957,0.1804670575541189
2026-03-26,0.12387653128354956,0.1627407504319985,0.41068782764899103,0.1871927531468732
2026-03-27,0.12763699941207265,0.16657576058896353,0.4166006853629196,0.18716735859028164
2026-03-30,0.12768063080051806,0.16698698702337472,0.4159771158851788,0.18701949742550877
2026-03-31,0.141307788288198,0.18133375592240045,0.4130030420764415,0.19636893709679995
2026-04-01,0.1422852495174826,0.18328789663979927,0.4142270960812358,0.19796148549634404
2026-04-02,0.1416544456753547,0.18270385479618814,0.4160430306930773,0.19773407091825015
2026-04-06,0.14196908913090023,0.18317538776978123,0.4161413509173846,0.1977558116529895
2026-04-07,0.14123883196131026,0.182365592465498,0.41343076970838305,0.1959700321789034
2026-04-08,0.1500341966163543,0.1913774773076112,0.413103066857173,0.19952589312495678
2026-04-09,0.15039453878092815,0.19189108806597852,0.41273317426907447,0.1997793598944272
2026-04-10,0.15039817903870947,0.19160144406018723,0.41269617178429713,0.19978208003667358
2026-04-13,0.1511062687773533,0.19168494128551772,0.41265304985726736,0.19944894035483365
2026-04-14,0.15306050414186234,0.19514428995349786,0.4133450389339582,0.20199014365275275
2026-04-15,0.15379264642546736,0.19707121916355674,0.4139642909902909,0.20205545037469
2026-04-16,0.15349669838433347,0.1959709339492347,0.4135577259844987,0.20202340938110877
2026-04-17,0.15521826277217157,0.19746897143191477,0.4140480610591362,0.20348930716059663
2026-04-20,0.15527621413102446,0.19760176368680532,0.4143402423601481,0.20369178085369954
2026-04-21,0.1501156693534121,0.1927340880758738,0.411620602108247,0.20548391159683868
2026-04-22,0.14972650607293173,0.19368597798032322,0.4114394498982104,0.20552364974378123
2026-04-23,0.14970929949978531,0.19372461691896195,0.41016569642176914,0.20502713743444104
2026-04-24,0.15040317025797176,0.1970985156375426,0.4093179363645243,0.20578997927944337
2026-04-27,0.15015082775844127,0.19698809210026794,0.40839153685135404,0.20524820647124162
2026-04-28,0.150381606708013,0.1975375949602623,0.4065730086277293,0.20495530139927715
2026-04-29,0.1503824508658628,0.19776480390197493,0.3985694331456935,0.20294985737798224
2026-04-30,0.1514866414291181,0.19800298228796942,0.3999573261818614,0.2042914505725267
2026-05-01,0.1513640914207168,0.1969301729372895,0.3438008185626712,0.18833777225338577
2026-05-04,0.15136648376095665,0.1967164071981707,0.33671073106267435,0.1881569188988786
2026-05-05,0.15094864214179338,0.19515349151788655,0.3113417753001601,0.18734416668644455
2026-05-06,0.15271569746156435,0.1948829095301329,0.3176373688459874,0.1913073577692114
2026-05-07,0.15043974317135625,0.19205531773271842,0.31323282170652744,0.18750912643565007
2026-05-08,0.14670163069694162,0.19301627195938467,0.30706752736224185,0.18326801517812474
2026-05-11,0.14652961042791035,0.19273777077679505,0.3025510078764385,0.18177215177699124
2026-05-12,0.14643074110960871,0.19346537086247576,0.30206870462507895,0.1816258082298639
2026-05-13,0.14667752066311315,0.19415194193529373,0.3011909717469108,0.18154954656177044
2026-05-14,0.14329870554012578,0.18869499386759012,0.29368997697836485,0.1746794991831175
2026-05-15,0.1458521436711709,0.19211609504672555,0.2924122295589405,0.17758633672178922
2026-05-18,0.14590997259757682,0.19248492562701153,0.2862107982689404,0.1761949294161418
2026-05-19,0.14657685264004444,0.193025271160371,0.283869908079097,0.17614995047484938
2026-05-20,0.14748766796740093,0.19464209731134652,0.2855219789396344,0.17802026514844677
2026-05-21,0.14700986588178971,0.19425248887526148,0.28229323652836474,0.17660636462721552
2026-05-22,0.14523165557553372,0.19193150509746154,0.2764120954642948,0.17660186682690696
2026-05-26,0.1451352732151846,0.19360180452897963,0.2754475577055647,0.1772447343341858
2026-05-27,0.1444781873664054,0.19235317464759613,0.2763712845084096,0.17718164559318675
2026-05-28,0.1440250773272078,0.19028893245617381,0.2766983358874504,0.1776508301332493
2026-05-29,0.14346112030057043,0.18986203943399263,0.2761640515728522,0.177897466417815
2026-06-01,0.1434606002231671,0.18990471222909702,0.27542892996865614,0.17778158290164642
2026-06-02,0.141872391133774,0.18778182224153883,0.26198054352645594,0.17201247531719377
2026-06-03,0.1425569786390644,0.1866407454427295,0.26170794665111285,0.1717212522479636
2026-06-04,0.14186660010459712,0.18692424495278342,0.2617623595267383,0.17101945991989217
2026-06-05,0.14935343523675523,0.21017469219180326,0.26826062807394047,0.18677608778497545
2026-06-08,0.14864336076985943,0.21068937478697342,0.26846646369673655,0.18679569266652726
2026-06-09,0.14877820890179394,0.21254142902401132,0.26834118330744205,0.18794489831430206
2026-06-10,0.15262421555448344,0.21720640458009507,0.2791219037558316,0.19500425944247426
2026-06-11,0.15215096811246276,0.22256062134187649,0.28579275981980623,0.19937378845256223
2026-06-12,0.15158028127497847,0.22188240264304654,0.2851294747149571,0.1986707473672717
2026-06-15,0.15395277008287744,0.22842441049487297,0.29076999328491965,0.2041418627466785
2026-06-16,0.15476815928460722,0.23280483378518524,0.29093578198905395,0.2048483773396782
2026-06-17,0.1541856963566654,0.23177650042646866,0.28778504129526633,0.20309839110362335
2026-06-18,0.1548523696325004,0.23546636179498232,0.27656081159186535,0.20110818855719573
2026-06-22,0.15160911867841587,0.23149448038636847,0.2703649001376855,0.19615473850167833
2026-06-23,0.1543269088703702,0.24237955461439517,0.2692653452175927,0.20184659528577453
2026-06-24,0.1540362080422341,0.24199807295270245,0.2755368750174524,0.2033147635303402
2026-06-25,0.15385993086887334,0.24210279419468783,0.26899330300722335,0.20192145066190528
2026-06-26,0.14973729279248868,0.2383118544877401,0.26013911527326306,0.19423146676666028
2026-06-29,0.147368867204319,0.2374543315259174,0.2507416630143464,0.1948055639591188
2026-06-30,0.14723800356575037,0.23760128870763597,0.2507361945083528,0.19490890823694546
2026-07-01,0.13736485443116486,0.2332278304833674,0.23803532723515888,0.18416348158714563
2026-07-02,0.1371218909260642,0.23631590370735578,0.23905074089476747,0.18275124896192313
2026-07-06,0.1377327835843128,0.2373026973658537,0.23786271915490156,0.1833349474589202
2026-07-07,0.1383396593816584,0.2412840169804191,0.23872952596404826,0.185195097990034
2026-07-08,0.13869005586014205,0.24121038718904092,0.23786672216836122,0.1852936035603067
2026-07-09,0.13096399323779798,0.23672507380740523,0.23850726465749053,0.1823409379325519
2026-07-10,0.1308149276478401,0.23659760174308941,0.23766843845157465,0.18195082998946682
2026-07-13,0.1320781980124722,0.24059326894624009,0.2424394628114897,0.1856275737135811
2026-07-14,0.13110108399535245,0.2407077825410227,0.24460548627332393,0.1862444767691181
2026-07-15,0.12940488896385058,0.23882534410182124,0.2394826932774108,0.1830174277005399
2026-07-16,0.12942806285289662,0.2404852812865175,0.24145163416248863,0.18505437576008965
2026-07-17,0.13128013996330123,0.2427229871991178,0.24267783744969504,0.18529087791563018
2026-07-20,0.1294199424608,0.24156667921463215,0.24049573638469135,0.18342753557879465
2026-07-21,0.1301700258671581,0.24384628104806,0.24438779815877623,0.18590567992144552
2026-07-22,0.12935477018835725,0.2439773111641469,0.24022891432295015,0.1840733266790837
2026-07-23,0.13072810875924695,0.2454095490405643,0.2409422090558173,0.1853343056114429
2026-07-24,0.13040242933959167,0.2462668708573305,0.24057579755873443,0.18500194642866283
2026-07-27,0.12962537573053792,0.24358290345476924,0.24089133074735747,0.18371899378823006
2026-07-28,0.12965550425387973,0.24444976852919179,0.24180765709000454,0.1841981360588586
2026-07-29,0.13313066884462582,0.2470991302004337,0.2399055856889015,0.18401847831810686
2026-07-30,0.13705278295171536,0.2553957178464607,0.2419897646009186,0.1893922357152641
2026-07-31,0.13641021837661252,0.2550680182280916,0.24110167145544079,0.18795828783297522
2026-08-03,0.13902547892156691,0.2566984299210871,0.2411450285488404,0.18907820972593817
2026-08-04,0.1428642171724252,0.2650834600597552,0.2389009196329935,0.19230038087945245
2026-08-05,0.14232909138459926,0.26480541925204576,0.2531148667693015,0.1923511145166877
2026-08-06,0.14000242616791966,0.2618712194906493,0.24499168381261768,0.1874354674727231
2026-08-07,0.14017246974765057,0.2627894832782234,0.2496113830746588,0.1893601373580462
2026-08-10,0.13940446152411684,0.2588128440431621,0.2503654945094406,0.18784457370583799
2026-08-11,0.13960199691533914,0.2588661384031279,0.25034986443012147,0.18791341485801386
2026-08-12,0.13956997520951842,0.2586242417774629,0.2512481789164056,0.18813627892222012
2026-08-13,0.1397902410770013,0.2587904205348246,0.25259338623628474,0.18802556376714946
2026-08-14,0.1391533392856586,0.25846965057526633,0.2526626496299527,0.18797358077516643
2026-08-17,0.13719833545821958,0.2565881031775231,0.24942637042606156,0.1848379093506166
2026-08-18,0.1379962356516242,0.25880494140314464,0.2515841395915012,0.18692460279152182
2026-08-19,0.1372106889718217,0.2585088950521467,0.26125995059935236,0.18750709663167414
2026-08-20,0.13707354313108724,0.25685999879969373,0.2597714347710192,0.18577903479496813
2026-08-21,0.13722923615707835,0.2569270220467004,0.26265618884691694,0.18661027476168998
2026-08-24,0.1372314290170714,0.2575739547768568,0.26256846778281034,0.1866545824631324
2026-08-25,0.13677265279153994,0.25534782695846897,0.26262008711265056,0.1861276812202458
2026-08-26,0.136768225339082,0.25535301107483427,0.2631974025280879,0.1861281603843456
2026-08-27,0.13694124172308672,0.25629528292621706,0.2624852280658223,0.1860641599560667
2026-08-28,0.13697969343438207,0.2564811248183,0.2697838675859775,0.1878191178926294
2026-08-31,0.13705310338330537,0.2561643792999633,0.26831700142691617,0.1878018710179797
2026-09-01,0.13777002425962612,0.2571256535167252,0.274316564669836,0.1904256061514576
2026-09-02,0.13726048191922882,0.2571626054488894,0.2753920837672111,0.19060943806635475
2026-09-03,0.13859403205940699,0.258219982984487,0.27738555489053496,0.19251929056626257
2026-09-04,0.1282831923637876,0.23939092870709178,0.2678163489057048,0.17755659081322725
2026-09-08,0.12885034686299296,0.23740458281257945,0.2701547728965127,0.17789251817774251
2026-09-09,0.12908862115583916,0.23630169986453653,0.2685940319645127,0.17658053541246577
2026-09-10,0.12547921837841494,0.23376679785599275,0.25732180534034244,0.17010448566357145
2026-09-11,0.12212390026942825,0.2244415823481763,0.25008360469078716,0.1619609963763234
