Date,SPY,QQQ,GLD,Equal Weight Portfolio
2019-01-02,1.0,1.0,1.0,1.0
2019-01-03,0.976137265996366,0.9673292432288643,1.0090661704238066,0.9841775598830123
2019-01-04,1.0088336356943082,1.0087163223152007,1.000906623330516,1.0065493349904393
2019-01-07,1.0167877667310934,1.020725578396753,1.004368241748112,1.014349572055735
2019-01-08,1.026340959956835,1.0299583402037154,1.0016483717565645,1.0196690635148506
2019-01-09,1.0311373965584916,1.0383521071040815,1.0080771096410572,1.0262089192982726
2019-01-10,1.0347750687291983,1.0413218663473167,1.0021428707072633,1.026380365613033
2019-01-11,1.0351748683657653,1.0375125962739173,1.003873742797413,1.0258519250120655
2019-01-14,1.0288590704235745,1.0283443249129791,1.0062638629800256,1.021558025848996
2019-01-15,1.0406505689133834,1.0484241733717814,1.0045330537712276,1.0315240404775112
2019-01-16,1.0431688839160895,1.0482305988489953,1.007747422713474,1.0333928776643482
2019-01-17,1.0510830622606806,1.0564951784878858,1.006428737884493,1.038271331756742
2019-01-18,1.0650729815010176,1.0669547033552986,0.9974449420315684,1.0432148197889575
2019-01-22,1.0506832626241136,1.045583291835881,1.0009889979013982,1.0327869479435896
2019-01-23,1.0528819560892644,1.046939242157807,0.9995878756201834,1.0334719371250431
2019-01-24,1.0534414983159532,1.0537184778438686,0.9980218784345012,1.0353459959775817
2019-01-25,1.0623551757519614,1.0663089734173476,1.0126102262936365,1.047434481464777
2019-01-28,1.054280982102626,1.0531378574602237,1.0161542821634661,1.0416902043773777
2019-01-29,1.0528819560892644,1.043194668899859,1.0218412716219107,1.03989436421708
2019-01-30,1.0695502056370523,1.0697308880757475,1.0276930731034708,1.0561843963521116
2019-01-31,1.0789431108434269,1.0857432983076263,1.0281875720541698,1.0647155200889906
2019-02-01,1.0794626321992655,1.0811593174042275,1.0261270759177887,1.0626767767710503
2019-02-04,1.087057189006301,1.0945891174384434,1.0216763967174434,1.06803259935589
2019-02-05,1.0916139776334468,1.104273931475857,1.024313829256757,1.0735939276379298
2019-02-06,1.090174930749235,1.1009812040789329,1.0173905924215654,1.0696363098473123
2019-02-07,1.0797823900941323,1.0861952473533636,1.0198631500564117,1.0623155702354732
2019-02-08,1.0811015789017606,1.088325908505289,1.0237368928538246,1.0647877896287887
2019-02-11,1.0817012101779553,1.087292926337052,1.0187092772505466,1.0629046974735756
2019-02-12,1.095611496748526,1.1033700333843823,1.0208522108391616,1.0734450195198793
2019-02-13,1.099168172676354,1.1041447442143817,1.0168136560186332,1.073442286633923
2019-02-14,1.0967306493805598,1.1055003849821667,1.0225005825957258,1.0750893252831901
2019-02-15,1.1086816859245237,1.1101497849940123,1.028599696433987,1.0826391627854877
2019-02-19,1.1106004378296908,1.1123447302225344,1.0442594167654022,1.0894713852271187
2019-02-20,1.112838947629725,1.112150949330321,1.0424462329857223,1.0895095316830334
2019-02-21,1.1088818584574294,1.1080834079186839,1.0306601925703682,1.0827838612542573
2019-02-22,1.1157564486610974,1.1162830843726956,1.0343690604633136,1.0889910924785993
2019-02-25,1.1172756054656647,1.1203510385231872,1.0332976251096821,1.0904321579804996
2019-02-26,1.1164763470858092,1.121513414322327,1.03502843431848,1.0911580881880978
2019-02-27,1.1159968466008203,1.1208026780147837,1.0276930731034712,1.0881936600500144
2019-02-28,1.1139179430335973,1.1182201710018347,1.021923646192793,1.0846458078574417
2019-03-01,1.1208728476935879,1.1259684143336774,1.0045330537712283,1.0832557333252182
2019-03-04,1.1167959004447092,1.1261616793023226,1.0018956212319148,1.081056296531607
2019-03-05,1.1152772890693867,1.1270010869477731,1.0032143689422475,1.0813092024223414
2019-03-06,1.1085219433344016,1.120609206676711,1.0023077456117315,1.0767560251981891
2019-03-07,1.0992485553113325,1.1068563353040923,1.0014835597334495,1.0690534491089096
2019-03-08,1.0970500663821485,1.1051777263826181,1.0124453513891694,1.0717007837044847
2019-03-11,1.1129586011703416,1.1281630500080584,1.007500173238125,1.0825659204523448
2019-03-12,1.117155406495804,1.1343617684951888,1.0135992870763866,1.088093894792966
2019-03-13,1.124550199841867,1.142884619472317,1.020687335934694,1.0957561070294883
2019-03-14,1.1238306423104334,1.1409476360278916,1.0089013584006918,1.0906857582185967
2019-03-15,1.1293832483815927,1.1515362449720665,1.013516849624153,1.09751930220114
2019-03-18,1.1334780584382445,1.1542785851064419,1.0140937860270856,1.099925214118867
2019-03-19,1.1337594317499962,1.1581598781099611,1.0168960305895147,1.1022622124500017
2019-03-20,1.1303467491428416,1.1627522169751645,1.0234896433784753,1.1049955295222007
2019-03-21,1.1431134069440103,1.1809286170214737,1.019368651105713,1.1134304280212999
2019-03-22,1.1211130410973444,1.154990146891694,1.0217588341696773,1.0990056749458528
2019-03-25,1.120269943841924,1.1527912806440537,1.029588694335385,1.1008400271546035
2019-03-26,1.1286204655824952,1.158159878109961,1.0244787041612247,1.103462936685398
2019-03-27,1.122718784794552,1.1507211889190343,1.0191214016303636,1.097253655813619
2019-03-28,1.126974564657127,1.1533735519831168,1.0046979286756959,1.0943066915843127
2019-03-29,1.1340802123246976,1.1621056615595042,1.0056045520062118,1.0996973842540305
2019-04-01,1.1475294066472974,1.177500098541401,1.0016483717565652,1.1074583188184113
2019-04-02,1.148091880556178,1.181963456514556,1.0053573025308622,1.1104054592683517
2019-04-03,1.1498986149301584,1.1887553839203953,1.0038737427974136,1.1125686547291684
2019-04-04,1.1529497461265499,1.1883021966580942,1.0064287378844938,1.1143551800241913
2019-04-05,1.1585301690892027,1.1944472590941324,1.0053573025308624,1.1176784960169295
2019-04-08,1.1594132190368176,1.1974875966814964,1.0097255442789743,1.1205295348244382
2019-04-09,1.153471721913991,1.1932833355242882,1.0150004093576017,1.1192553374064986
2019-04-10,1.1574059030579975,1.199686772483278,1.0181323408476144,1.1236811003937648
2019-04-11,1.1570847815900183,1.1968405253422685,1.0051099901741616,1.1178977492059017
2019-04-12,1.164913736615082,1.202015445100676,1.0041209922727636,1.1216635557010528
2019-04-15,1.164150953815984,1.202209638731744,1.0022253081594983,1.1207732744900287
2019-04-16,1.164913736615082,1.2063490998887871,0.9932415751879257,1.1189556236999532
2019-04-17,1.1620630506662188,1.2105534642307092,0.9913458910746602,1.1186309370955978
2019-04-18,1.1643518081354463,1.2121061878015442,0.9920877023820605,1.1201226340298691
2019-04-22,1.1653552615888896,1.2155342935427622,0.9920877023820605,1.1215003980241454
2019-04-23,1.1758337755287316,1.2309936337095377,0.9900272062456793,1.12883983500694
2019-04-24,1.1732241693061476,1.2271126502601595,0.9929118882603424,1.127914806943609
2019-04-25,1.1725010664846216,1.2320934795722125,0.9937360741386244,1.1295212261801888
2019-04-26,1.1779612222987574,1.2331930158807465,1.0003296869275848,1.1341087514757282
2019-04-29,1.1798079093649325,1.2355861789441684,0.9958790077272393,1.1337530604147303
2019-04-30,1.1804106086806303,1.2260131139516257,0.9989285017650182,1.132175316824369
2019-05-01,1.1715378384379955,1.2220672273173687,0.9923349518574097,1.1256329384102575
2019-05-02,1.1690085466717342,1.2167632234821995,0.9885436465122306,1.121760862266291
2019-05-03,1.1804508340874476,1.2361686566526593,0.9943954479937909,1.1335977020672863
2019-05-06,1.1755928321597644,1.2286004706461162,0.995714132822772,1.1302303297792198
2019-05-07,1.1559606519161252,1.2046673954259046,0.999010939217252,1.1178472378867974
2019-05-08,1.1543547718616067,1.2016273673926816,0.9965383815824058,1.1154670564988192
2019-05-09,1.1508621156914076,1.195158820879386,0.9989285017650185,1.1132322675227717
2019-05-10,1.1566432566162117,1.196646744450056,1.0008241858782838,1.1162624819103528
2019-05-13,1.1275765821862689,1.155119850076739,1.0110442291079558,1.097799020744697
2019-05-14,1.1377738591716706,1.16779774310267,1.0093134198991578,1.1044981647788708
2019-05-15,1.1444387318306455,1.184292129131955,1.0087364834962251,1.1116444731094228
2019-05-16,1.155037240204382,1.1961937635571822,1.0014835597334504,1.1161356456731772
2019-05-17,1.1475700411260483,1.1839685418699841,0.9943954479937911,1.107294879513995
2019-05-20,1.139982302184575,1.1639814564687432,0.9943130105415573,1.098592892667511
2019-05-21,1.150259961804955,1.1761418781557762,0.9920052649298268,1.1048702342050136
2019-05-22,1.1467269438706278,1.1709025711360583,0.991016204147077,1.101731230624912
2019-05-23,1.1327154119964586,1.1529850615362685,0.9986812522896691,1.0944647661822904
2019-05-24,1.1352846564549146,1.152402893381919,0.9997527505246522,1.095499475974755
2019-05-28,1.1247262371306836,1.1480690322243805,0.9958790077272395,1.0893151413635258
2019-05-29,1.1171783827027493,1.138625567232168,0.9962086946548229,1.0840118810489847
2019-05-30,1.1202297184351078,1.1434123060978667,1.0029671194668988,1.088969210339973
2019-05-31,1.1051342822938615,1.1251713124208196,1.0164839690910508,1.0831789570803978
2019-06-03,1.102324230823749,1.100397178599739,1.0311546915210679,1.079522140938902
2019-06-04,1.1262518709075353,1.1313807621181684,1.0314843784486512,1.0975800235180933
2019-06-05,1.1360077592764408,1.1397898003561533,1.0341218109879649,1.104403947679192
2019-06-06,1.143394643898452,1.1488456003792253,1.0375009919533267,1.1109255729337915
2019-06-07,1.1548365222422314,1.1710319647669611,1.0433527934348867,1.1238712252502023
2019-06-10,1.160135912786411,1.1846802068399502,1.032967938182099,1.1262277588093397
2019-06-11,1.1598548803679376,1.1862973176720957,1.0317316279240003,1.1261999505277143
2019-06-12,1.1578076116969231,1.1794408998202321,1.0370889304548614,1.1253169152429288
2019-06-13,1.162584753739039,1.1864266081182848,1.0434352308871204,1.1313817217839444
2019-06-14,1.1613004042244335,1.1813812883602075,1.0431055439595374,1.1292421908992587
2019-06-17,1.16174179284093,1.1884965966585905,1.0424462329857227,1.1314144342669323
2019-06-18,1.1739063649343016,1.2057669317344386,1.04772109806435,1.1427520765391344
2019-06-19,1.1765563329210138,1.2102949865230452,1.054067398496609,1.1473497364403427
2019-06-20,1.1877969478733974,1.221549859163185,1.0806065987942137,1.1641893900022364
2019-06-21,1.1860706643130507,1.2197385546999715,1.0877770851047548,1.165625018317532
2019-06-24,1.1846188680202379,1.2197776617064402,1.1039314301495722,1.1709320350050318
2019-06-25,1.1729999978864638,1.1988382845830279,1.1060743008568352,1.1611611793579284
2019-06-26,1.1718295067267468,1.2044136642150671,1.0959366950793972,1.1590275060885469
2019-06-27,1.1759854048588356,1.2090163215516345,1.0948651968444139,1.161496348788801
2019-06-28,1.1820366696172135,1.2105722438485922,1.0978323163113108,1.1650360713797232
2019-07-01,1.1927675809401679,1.22690875726601,1.0765679810923334,1.1662802555848986
2019-07-02,1.1958740732049244,1.2317702018643828,1.0995631884014605,1.1771369750797578
2019-07-03,1.2054353115120293,1.241040832461251,1.1013764350624922,1.1838743246204046
2019-07-05,1.2040634206036054,1.2385124974229622,1.0890958328150875,1.1782210923300267
2019-07-08,1.1974479092913006,1.2298257891205755,1.0820900956463102,1.170782290274116
2019-07-09,1.198939794633619,1.2359843687541008,1.085881463872841,1.1745901884391077
2019-07-10,1.2046688470655278,1.248301424836437,1.103024806819056,1.1865441118368503
2019-07-11,1.2074925342667646,1.2473939152799849,1.0937113240385483,1.1838440806189234
2019-07-12,1.212898692585648,1.2545895012855788,1.100552186302858,1.1903553795652249
2019-07-15,1.2133017647976845,1.2586086490665191,1.100552186302858,1.19175836315133
2019-07-16,1.2093889917515432,1.2521259662474553,1.0912387035223503,1.185069370949561
2019-07-17,1.2011588735168004,1.2459674897986437,1.1092062952281994,1.186942457800574
2019-07-18,1.2055562604471022,1.2473939152799847,1.1248660155596142,1.1944295873377468
2019-07-19,1.1988596165346073,1.238252884683447,1.1082996718976834,1.183436729484562
2019-07-22,1.2018042526709174,1.2481067152818008,1.1081347969932158,1.187486167404531
2019-07-23,1.2103973540681912,1.2562750235828664,1.1018709340131907,1.190669464819289
2019-07-24,1.2160854993067267,1.2650913318855832,1.1074754231380495,1.1973386264798087
2019-07-25,1.2102764051331178,1.2530984821734996,1.099645562972342,1.1888268591487463
2019-07-26,1.2183854380754762,1.2659988414420353,1.1014588096333737,1.1962149646728188
2019-07-29,1.2161660864776718,1.261655487290842,1.1087941708483824,1.1967761307506555
2019-07-30,1.2131809522199222,1.2562101203979876,1.1125030387413275,1.1954095569304277
2019-07-31,1.199908204258072,1.238836600608501,1.097914816644896,1.1803141117972167
2019-08-01,1.1894592798547698,1.2326781241596896,1.1242891420380334,1.1843834083452591
2019-08-02,1.18050374072421,1.214526694814081,1.1200032748608038,1.1740925572793826
2019-08-05,1.1450021602407046,1.1716112437493282,1.1356629951922186,1.153966059777992
2019-08-06,1.161058506354286,1.188012350797484,1.1448941034018443,1.1678714016588443
2019-08-07,1.1617445199871537,1.1944300272469557,1.162284695823409,1.1761175763565526
2019-08-08,1.1845380081346693,1.2204258680775182,1.1681364344236174,1.1943156282402472
2019-08-09,1.1764694733137504,1.2089516247361825,1.1642626916262047,1.1865408108313273
2019-08-12,1.162147455841879,1.195078439987461,1.1755542959722116,1.1810231553361046
2019-08-13,1.180221344732624,1.2212683712643781,1.1685485588034343,1.1934268319486614
2019-08-14,1.1453250543537299,1.184771215757379,1.1765432938736093,1.1724978573047604
2019-08-15,1.148350277660985,1.183409899830344,1.1843731540393168,1.1756820975889426
2019-08-16,1.1652945825853864,1.202403729178099,1.1767905433489587,1.1852455723047073
2019-08-19,1.179333658636427,1.2215280871886067,1.1630264442494576,1.1916682065981319
2019-08-20,1.170296986905677,1.2120632629606711,1.1720926775546159,1.188643160513277
2019-08-21,1.1798182725205875,1.2228244999307634,1.168383683898967,1.194130654745371
2019-08-22,1.1794548802861227,1.2188699457805607,1.16541656443207,1.1917099666396747
2019-08-23,1.1491572402289263,1.1802981584211423,1.1882468968367297,1.176716858001197
2019-08-26,1.1618650598502935,1.1981255877659254,1.1884117717411973,1.1870332567394297
2019-08-27,1.1573063622207904,1.1955970463582093,1.1997857506580862,1.1884326586945326
2019-08-28,1.1654556205699655,1.1998759100633782,1.1964065068113723,1.1915241228549736
2019-08-29,1.180342430025009,1.218221739409482,1.187834772456913,1.199824513060941
2019-08-30,1.1798182725205877,1.2153045011854893,1.184785278419134,1.1976624241061695
2019-09-03,1.1729191380008956,1.2035061546586145,1.2012692475101827,1.197006615502288
2019-09-04,1.1862325204414967,1.2208797776328146,1.2087694836296587,1.2097866852892527
2019-09-05,1.2014820403444486,1.2432446515751459,1.1797576628158557,1.2126792677123193
2019-09-06,1.2024095427755288,1.242013142017868,1.1697024316092997,1.2091456301132693
2019-09-09,1.2030146965228288,1.239420419718269,1.165334189861188,1.2070019271473034
2019-09-10,1.2027324368885541,1.235854356014916,1.1553613332255137,1.202306783552258
2019-09-11,1.211284767449766,1.2474584057260092,1.162367070394291,1.2113497028655755
2019-09-12,1.2154807546313604,1.2526447789876305,1.1647573163396072,1.2152575140248394
2019-09-13,1.2146733829914858,1.2481715152819661,1.1551140837501646,1.2101880781040513
2019-09-16,1.2109217842872348,1.2425965483887815,1.1647573163396074,1.2105080605600216
2019-09-17,1.2139880511451744,1.2485608312065248,1.1670650619513379,1.2142660185624592
2019-09-18,1.2147140174702367,1.2480419152816362,1.1597297007363294,1.2117958306480816
2019-09-19,1.2146332939419804,1.2501164439493422,1.1644275665306725,1.2140766728472636
2019-09-20,1.2088942874263509,1.2368916719411263,1.1781916656301739,1.2126670347723285
2019-09-23,1.208610800576275,1.237437415891561,1.1847852784191342,1.2150127794821697
2019-09-24,1.199126740507334,1.2210030833656138,1.1910491413991593,1.208597067536059
2019-09-25,1.2062196387663036,1.2347090056935273,1.1689606831832517,1.2080309634455988
2019-09-26,1.2037071189493251,1.2301620681023249,1.1686309333743168,1.205595711148487
2019-09-27,1.197222374298503,1.214897334305472,1.162614319869641,1.1963751311698878
2019-09-30,1.2027748440123511,1.2264595942075416,1.14456435359291,1.1958286009511818
2019-10-01,1.188467416772783,1.2164562489591253,1.1508283423356387,1.1900173472407727
2019-10-02,1.1674741178483081,1.1955397788421407,1.164262691626205,1.1808204426648112
2019-10-03,1.177038628730883,1.2086614693214317,1.1695375567048327,1.1901483995673998
2019-10-04,1.192966798971895,1.2264595942075416,1.1695375567048327,1.201358762241636
2019-10-07,1.1878194468297523,1.2227569139433312,1.1595648258318623,1.195007250636376
2019-10-08,1.1693787567717615,1.2044389444699093,1.1697024316093003,1.1863382272607916
2019-10-09,1.1804834234848351,1.2161961202960423,1.1707739298442836,1.1943158738465596
2019-10-10,1.188467416772783,1.2256150273264088,1.16055382373326,1.196616336694611
2019-10-11,1.2007892088460188,1.241400018449428,1.1541250858487673,1.2036794323383369
2019-10-14,1.1994512709080944,1.2412697993408157,1.1587405770722283,1.2047948472310803
2019-10-15,1.2113263564296957,1.2570543777249803,1.1506634674311715,1.211078380398255
2019-10-16,1.209380810312869,1.253936754787101,1.1572570802201319,1.2117420673849413
2019-10-17,1.212947372145762,1.2572495000184711,1.1589054519766961,1.2145756595386625
2019-10-18,1.2076384365897954,1.245167085974949,1.1576692045999488,1.2084809911010401
2019-10-21,1.2158249204849403,1.2562098108438475,1.1521469642832682,1.2128626415745007
2019-10-22,1.2118529683657193,1.2462066719648586,1.1555262081299822,1.2095083351112081
2019-10-23,1.2153790320771731,1.248609947130217,1.1582460781215296,1.212407894398041
2019-10-24,1.2173648036008167,1.260757057989191,1.166488062667054,1.2198756382673117
2019-10-25,1.2223498905425791,1.2708254096071994,1.1692079326586013,1.2257361701146132
2019-10-28,1.2292398891224179,1.2833627650531545,1.1591527014520453,1.2285562489210804
2019-10-29,1.2288749969575294,1.2734238070660486,1.155938332509799,1.2241275731352212
2019-10-30,1.2326444584695533,1.2795947688652105,1.1622846958234099,1.229596810168725
2019-10-31,1.2293616562013585,1.2801792070832603,1.1739057984529446,1.2327904899494668
2019-11-01,1.2407499461218194,1.2918064733549224,1.174977296687928,1.240704541962783
2019-11-04,1.2457353057782043,1.2997964784708202,1.171598052841214,1.2437348198872882
2019-11-05,1.2443571424334632,1.3005109294280544,1.1526415889966708,1.2367961693916358
2019-11-06,1.2446411747127841,1.2975876033059566,1.1575867042663635,1.237732289148669
2019-11-07,1.2490181080463993,1.3019397281578093,1.139619238323218,1.234163143233282
2019-11-08,1.2520981469927746,1.3071367294449354,1.1323662516790913,1.2342015301243645
2019-11-11,1.2497071215401143,1.3053830020519324,1.129646381687544,1.2318757984669488
2019-11-12,1.2523412720787224,1.3091501727621673,1.132695875725323,1.2350348208649895
2019-11-13,1.2527467987223613,1.309475204610129,1.1372289923779022,1.2369178996996184
2019-11-14,1.254570441402936,1.3084358249896466,1.1420093585058309,1.2389239739345328
2019-11-15,1.2636489748282378,1.3180496479440769,1.1391247393725195,1.2439036313928848
2019-11-18,1.2645809770505894,1.3190889243798456,1.1425038574565296,1.2457663605884954
2019-11-19,1.2642162212430121,1.3210375676969122,1.1430808567408142,1.2464697431120515
2019-11-20,1.259514893865948,1.3131128785047474,1.143657730262395,1.242641859457816
2019-11-21,1.257488624220865,1.31018955238265,1.1373938672823696,1.2387846702182381
2019-11-22,1.260285039959853,1.3110341192637827,1.1352509965751065,1.239191159269233
2019-11-25,1.2700527232361811,1.3265586721695777,1.1298112565920115,1.2453045723428369
2019-11-26,1.272929589788803,1.3290924759976894,1.1352509965751065,1.2490363128268098
2019-11-27,1.2786040992962144,1.3383810607347306,1.1292342573077272,1.2515954140872576
2019-11-29,1.2738621374403996,1.3322754148593023,1.1362399944765045,1.2507331923250076
2019-12-02,1.2630412302920244,1.318634292531554,1.13566299519222,1.2427112617629876
2019-12-03,1.2545704414029362,1.3083060186198896,1.14654247515841,1.2406569086983839
2019-12-04,1.2623115823195585,1.3149316122673436,1.1449764779727276,1.244738158090146
2019-12-05,1.2645809770505894,1.3175299065414792,1.145635851827894,1.2465428976502013
2019-12-06,1.2761319412433638,1.3316257639022329,1.1342618729110052,1.2506584961768945
2019-12-09,1.2721196273600146,1.3255847116575423,1.1339322488647738,1.2473353601212998
2019-12-10,1.270700965893834,1.3244805320368946,1.1371466178070202,1.247703964074814
2019-12-11,1.274308298562789,1.3314956479783344,1.1449764779727276,1.253951171583433
2019-12-12,1.2852914709115444,1.3414339868571583,1.1409378602708473,1.2591992585071508
2019-12-13,1.286061344290827,1.345851221263317,1.146047976207711,1.262712751926805
2019-12-16,1.29489661627287,1.3593625372213076,1.1459654758741253,1.2697996310306194
2019-12-17,1.2951806485521908,1.3601419945481341,1.145718226398776,1.2700438516490185
2019-12-18,1.2952613720804471,1.3611812709839028,1.1458007267323616,1.2704241991634495
2019-12-19,1.3005707167083473,1.3696906047635447,1.1487678461992585,1.275903981547788
2019-12-20,1.3062724976780076,1.3752118124209234,1.1499217190051236,1.2799101046275632
2019-12-23,1.308268223285372,1.3788444302645735,1.1534657119936016,1.2830037504690288
2019-12-24,1.308309130478745,1.3795604289925123,1.1643451919597918,1.2872729605034594
2019-12-26,1.3152734437932114,1.3917336455840366,1.173493799835832,1.2967148593389557
2019-12-27,1.3149479588912725,1.390562086345383,1.173081675456015,1.2960922380788495
2019-12-30,1.3076981133670615,1.3814483996979592,1.1755542959722132,1.2917893983087874
2019-12-31,1.3108748296471087,1.384052472316059,1.177779541250358,1.2944621994130192
2020-01-02,1.3231345791437288,1.4071622367061474,1.1864336501756994,1.308872727680671
2020-01-03,1.3131150439135335,1.3942725054631167,1.2021758708407,1.3073613541239602
2020-01-06,1.318125220600565,1.4032561793713552,1.214786097134336,1.3164031791558393
2020-01-07,1.3144182107370905,1.4030610570778645,1.2195664632622647,1.3168348565960686
2020-01-08,1.3214238403168637,1.4136069475505928,1.2104178553862244,1.3191808650644279
2020-01-09,1.3303836065240722,1.4255847322944852,1.2035769931219147,1.3234030976745468
2020-01-10,1.3265551022962796,1.4219393195463441,1.2108299797660413,1.3236639460764363
2020-01-13,1.3356783609196694,1.4383441412441906,1.2018462467944686,1.3285151118566256
2020-01-14,1.3336420008335543,1.4326807450514176,1.2007747485594853,1.32570150555263
2020-01-15,1.3366559064839765,1.4332664214860307,1.207780359965559,1.3294589618500774
2020-01-16,1.3477747543574197,1.4470023705656128,1.2058847387336453,1.3366967874640066
2020-01-17,1.3519693779659019,1.4541631833227104,1.208110109774494,1.3411107415223988
2020-01-21,1.3493221371254145,1.4535117782255094,1.2094288574848266,1.3405231372552027
2020-01-22,1.3494852204696621,1.4573529323754233,1.20984085610194,1.3419102168436075
2020-01-23,1.3510331486669018,1.4620399948077465,1.2125607260934874,1.3448674831509466
2020-01-24,1.3390180241866534,1.449736146368756,1.2196488378331467,1.3397286331338647
2020-01-27,1.3175542925383872,1.4197911169931,1.2279733227122567,1.3263940250914756
2020-01-28,1.3313611520883795,1.441598999851209,1.2170114681751847,1.33387148113743
2020-01-29,1.330261430373198,1.4439427374367984,1.223605080964145,1.3366359962640124
2020-01-30,1.334578911919111,1.4490852571951232,1.223687455535027,1.339698832140575
2020-01-31,1.3103456269221716,1.426105918283074,1.230775567274686,1.3270952113438572
2020-02-03,1.3200794935853113,1.447653156554532,1.222780832204511,1.3341915994538422
2020-02-04,1.3401991512166471,1.480788244537042,1.206873736635043,1.3453637316496643
2020-02-05,1.3556759787574424,1.4856702228934293,1.2083573592498433,1.3525723446450963
2020-02-06,1.3602374035331704,1.498494741397441,1.214868471705218,1.3604106049737978
2020-02-07,1.3529882397955155,1.4920501337377092,1.2180828406474644,1.3572434781681768
2020-02-10,1.363088362196656,1.5100822815543515,1.2212148350188288,1.3672516925507472
2020-02-11,1.365450752613955,1.5103429261410029,1.2170114681751847,1.3665515520136466
2020-02-12,1.3742477081915383,1.5250551057963206,1.2160223445110834,1.3735531853659848
2020-02-13,1.3727815943810449,1.5231019223518543,1.2229457071089784,1.3750850964657715
2020-02-14,1.3749810378114073,1.5274633338279342,1.2280556972831382,1.3790472271563887
2020-02-18,1.3714379294360481,1.528049216631975,1.2437979179481389,1.3839316013339371
2020-02-19,1.3779949434618295,1.5426963899177004,1.2510507788295617,1.3932490972239393
2020-02-20,1.372333660613609,1.52837517714236,1.2561608947664251,1.388926809523589
2020-02-21,1.358200907089744,1.4990156178318894,1.2750349840400865,1.3822216382546384
2020-02-24,1.3131556783922842,1.4412086520795149,1.2864913375278573,1.353313154279588
2020-02-25,1.2733642968970484,1.4020195105783961,1.2634962559814338,1.3193142178631876
2020-02-26,1.2686809686850684,1.4092454328897996,1.2690183705354108,1.3218853522807954
2020-02-27,1.2117018844648615,1.3386790581877197,1.2692656200107602,1.2801176954577258
2020-02-28,1.2066113933215075,1.3397202951330476,1.2229457071089782,1.2630849725047022
2020-03-02,1.2588650149205602,1.408854466009823,1.2297040690397023,1.3053712991206967
2020-03-03,1.2228205959809932,1.3636763805444008,1.2683589966802444,1.29263723332036
2020-03-04,1.2742199390251034,1.4205723284600593,1.270584367721093,1.3294818875821766
2020-03-05,1.2318625856468817,1.3774121232545555,1.2980301913492138,1.3108588992237664
2020-03-06,1.2114984393564856,1.354172036571141,1.2985246902999128,1.2964296177162524
2020-03-09,1.1168870553072776,1.2601055497072775,1.3006675610071758,1.2333762558909898
2020-03-10,1.1746800563182989,1.3287188441496043,1.273221737379055,1.2683604848816246
2020-03-11,1.1174164625681817,1.2708466656582103,1.268688620726476,1.2278306724699943
2020-03-12,1.0105049672582251,1.1543207876543222,1.2180828406474642,1.134819558292881
2020-03-13,1.0968894374695048,1.2520983127442014,1.1809115356217224,1.187655197985509
2020-03-16,0.9768637095720192,1.1021121085404146,1.1673946859975706,1.0923824000287463
2020-03-17,1.0296069220970927,1.1856980208552834,1.183219281233453,1.144594435724124
2020-03-18,0.9774747948623582,1.1496338284067122,1.159647200402745,1.1060708099467513
2020-03-19,0.979551789427224,1.156534099761872,1.1377234913286012,1.1020968838790826
2020-03-20,0.9373388384416094,1.1112258983725516,1.1547844597039345,1.0773826229478483
2020-03-23,0.9133726774173969,1.112028262705806,1.2058023641627633,1.0843257589870507
2020-03-24,0.9961271114673994,1.1981410654729725,1.2643203789783644,1.1626036322682383
2020-03-25,1.0110393515609897,1.1892685215013228,1.2470122868903852,1.1602301067582952
2020-03-26,1.0700738177122304,1.2518960707054694,1.2630017570307353,1.2081370387570791
2020-03-27,1.0382009779955454,1.2088397725065998,1.2548421470560926,1.1796898392697903
2020-03-30,1.0719173685602468,1.2528096681600263,1.2603642616100696,1.208493957546561
2020-03-31,1.0559399733298755,1.242110651572258,1.220225837117431,1.1862205523348608
2020-04-01,1.0084174731803937,1.1893339406097694,1.2317645651760838,1.1553636964108591
2020-04-02,1.031687257416084,1.2134713215629858,1.251957402160078,1.1783800207659205
2020-04-03,1.0167748127865268,1.1962490705636935,1.2581388905692212,1.1690670818106186
2020-04-06,1.085067804013911,1.281774339571401,1.293002575745936,1.2339001691809888
2020-04-07,1.0861741390586876,1.2812525344745302,1.2860792131480407,1.2319497922251104
2020-04-08,1.1226353341200712,1.3084564619323746,1.27462285966027,1.2507956610458622
2020-04-09,1.1397188598592523,1.310348663211081,1.3079205476513027,1.2686349404116382
2020-04-13,1.1293126152943695,1.3245047804445997,1.3303387556761455,1.2765906044672424
2020-04-14,1.1626192521387833,1.3821088850499608,1.340805985499815,1.3109955658593464
2020-04-15,1.1379161480259534,1.3662562047547946,1.3339652489982088,1.2944684205943795
2020-04-16,1.1434056888406625,1.391176860869242,1.3328113761923435,1.3040471913400806
2020-04-17,1.1742952559859683,1.404485109310792,1.3069315497499048,1.311508129314623
2020-04-20,1.1536067156521232,1.3878497729626764,1.3162449067677089,1.3017434492689532
2020-04-21,1.1185793177184684,1.3366388900296549,1.3072611737961362,1.2695955513176953
2020-04-22,1.1434056888406623,1.376302990767653,1.332976125334107,1.2998711407790162
2020-04-23,1.1433236699179492,1.373367179295205,1.3462457254829094,1.3032291502118711
2020-04-24,1.1592604988482254,1.3950259602421065,1.340476361453583,1.3142736188185835
2020-04-27,1.175975178060492,1.4062467819267455,1.3315750030528923,1.321204836741921
2020-04-28,1.1705672470965622,1.3797600914134034,1.3256407641190986,1.3089219225434119
2020-04-29,1.2012115074389405,1.4286882189265961,1.332976125334107,1.3382303243220537
2020-04-30,1.1900273444134117,1.4281008915365647,1.3088271709818182,1.325812260323102
2020-05-01,1.1585229421517076,1.3878497729626764,1.3169042806228752,1.3043838248972741
2020-05-04,1.1617183393833952,1.4040288265070817,1.3215197718463363,1.3121756091001153
2020-05-05,1.1724521142098856,1.419946822725981,1.3271243867338987,1.3230307901089844
2020-05-06,1.164503982894795,1.4286882189265961,1.3100634183585653,1.3170866268445731
2020-05-07,1.1785560128904036,1.4470852278906647,1.3301738807716776,1.3347771085605094
2020-05-08,1.1980564719713813,1.4669169171131657,1.3221791457015026,1.3455622602428086
2020-05-11,1.1983025969181764,1.4800296305223701,1.3139371611559783,1.3468677970836929
2020-05-12,1.1744185229953328,1.4490419196153952,1.3190471513301383,1.330265521570063
2020-05-13,1.1536480319174303,1.430906071161546,1.33173987795736,1.321140401524154
2020-05-14,1.1674538006089326,1.4471502342602571,1.3435258554913623,1.3353071995385533
2020-05-15,1.1728204153075554,1.456544480144064,1.3511084661817203,1.342754749470107
2020-05-18,1.208544121851077,1.4836827821240344,1.3408884858334003,1.3613418263822317
2020-05-19,1.1961313794512416,1.4799641082292099,1.3538283361732677,1.359922855674552
2020-05-20,1.216450936900861,1.5095168293236119,1.357042705115514,1.377751693873098
2020-05-21,1.2080520083147983,1.4930767184537006,1.337261992511337,1.3628849418949147
2020-05-22,1.2103469018630317,1.498230794899953,1.3451743530106302,1.3680041579082522
2020-05-26,1.2252592101352775,1.4941856445711754,1.3260528884989158,1.365909232121243
2020-05-27,1.2434896372193305,1.5023401261206135,1.3284430086815282,1.3759890687767091
2020-05-28,1.2411952891003422,1.5003835375805967,1.3328937507632255,1.376082129645634
2020-05-29,1.246726350716325,1.5223683822225964,1.3427017324944321,1.388222598989362
2020-06-01,1.2517651624387176,1.526934718539963,1.3488832209035753,1.3936111691406263
2020-06-02,1.2621296816663599,1.53717714276988,1.340146737407352,1.3975648113367793
2020-06-03,1.2789265843373063,1.544091963169663,1.3154207837707785,1.3972650737294519
2020-06-04,1.2755672856175038,1.53326293384271,1.3292672574411617,1.3976779247259525
2020-06-05,1.3082597691320754,1.5636631109902266,1.30231593276374,1.4094098229384235
2020-06-08,1.3240731265170202,1.5757974269447086,1.3164097816721763,1.4238185251925344
2020-06-09,1.3142001753964119,1.5872139900311204,1.329102382536694,1.4282941917638714
2020-06-10,1.3068666064830972,1.606263126385386,1.3481414724775265,1.4381713882163338
2020-06-11,1.2315272830185333,1.5266740739533118,1.3384158653172018,1.383323314310568
2020-06-12,1.2462751443734192,1.5388082867230803,1.3403114865491155,1.3931632224533153
2020-06-15,1.257909968312609,1.5575308434586794,1.337921366366503,1.4023206425591765
2020-06-16,1.2821219815689942,1.5842779721892453,1.3372619925113365,1.4191147189737505
2020-06-17,1.2767964104210558,1.5893012104186037,1.3398169875984165,1.4195534998309682
2020-06-18,1.27728797852809,1.5936070053340325,1.3371796179404547,1.4200862032802009
2020-06-19,1.2699882262279638,1.5933459480085264,1.3519327149413538,1.4225259776598418
2020-06-22,1.278135711932093,1.6124545187578474,1.360669198437577,1.4343188849782587
2020-06-23,1.2840196662695749,1.6261781888565068,1.3721255519253477,1.4446145377496833
2020-06-24,1.2512658219649435,1.5926536817647243,1.367345185797419,1.4207262637932543
2020-06-25,1.2646803815304875,1.6078149212937973,1.3665210628004887,1.4300261278833486
2020-06-26,1.234641820364654,1.569845939031456,1.3726200508760464,1.4095748385350546
2020-06-29,1.2527887967742255,1.5869677913043778,1.3733619250647984,1.4218594523347166
2020-06-30,1.2688361433052648,1.6180746805556059,1.3794609131403561,1.4393254220522844
2020-07-01,1.2777237764948253,1.6369608882470357,1.3732794247312128,1.4461360654099547
2020-07-02,1.2847604955415621,1.6480705799950863,1.3762465441981095,1.4531038468467243
2020-07-06,1.304593802819286,1.6885876055760212,1.384488528743634,1.4753899164169604
2020-07-07,1.291138336060369,1.6769551800686773,1.3932250122398573,1.4700330208170909
2020-07-08,1.3010136052552683,1.699043931717311,1.4018791211651986,1.4832789999315434
2020-07-09,1.2936070851804382,1.7133552387601423,1.3980878787013713,1.4832917898567066
2020-07-10,1.3068156088486926,1.7250532897453603,1.394461385379308,1.490433488097878
2020-07-13,1.295499997375125,1.689567757170875,1.3961921317067543,1.4765285137588195
2020-07-14,1.3122885822500856,1.7015272782204531,1.4027033699248324,1.4886858428561534
2020-07-15,1.324344477566396,1.7049902603948812,1.4039396173015795,1.4946919338743718
2020-07-16,1.3199832253235737,1.693358247626392,1.390670017152777,1.4849429737104507
2020-07-17,1.323809411477075,1.6953187571855268,1.4021263706405478,1.4910284862724805
2020-07-20,1.334508278831887,1.7434163509386416,1.4088848583339755,1.5115414971645058
2020-07-21,1.3373469653373606,1.7252492375165598,1.4258633263757234,1.5134348177063535
2020-07-22,1.3449600667387251,1.7313268171498783,1.4475397859745178,1.5257530449369787
2020-07-23,1.3289120384211295,1.686104568627019,1.4603147614099177,1.5108888193071934
2020-07-24,1.3203534354236004,1.6700936029811313,1.4728426131326717,1.5071834806942828
2020-07-27,1.3299820342424598,1.699893451464698,1.5019368085173566,1.5297356840459615
2020-07-28,1.3215466982542952,1.6782623240210515,1.514464660240111,1.5242662147194963
2020-07-29,1.337800080682624,1.6976062591021828,1.5258386391569998,1.5401872551766662
2020-07-30,1.3330268930025344,1.7064942807808785,1.5145470348109926,1.5372441735581566
2020-07-31,1.3435602225814964,1.7369470821323507,1.5283111339104942,1.5550941328784536
2020-08-03,1.352901380188254,1.7604079841029519,1.530042006000644,1.56628669264382
2020-08-04,1.3581270014270506,1.7669426720176897,1.5625978198029251,1.5813503427579414
2020-08-05,1.366562201057904,1.771321418525661,1.5771037930911778,1.5908238419346974
2020-08-06,1.3756971864100607,1.7947814950185528,1.5980383785012204,1.6084306076550032
2020-08-07,1.3766850951300222,1.7740659255390228,1.572653051009481,1.5941105877302206
2020-08-10,1.380799540639493,1.766485357366843,1.5672133110263862,1.5915901461946715
2020-08-11,1.3694011602780003,1.7330258566446533,1.4830627192436956,1.5486752492239546
2020-08-12,1.3884941837129814,1.7766145879658986,1.476139482408504,1.566446923505673
2020-08-13,1.3859842546849164,1.7806666516704899,1.511003041822515,1.579026109121424
2020-08-14,1.3860255709502232,1.7785750975250336,1.5044918036044368,1.5761554416144177
2020-08-17,1.3904278667437295,1.7992256606349715,1.5371301177403032,1.5953219374733587
2020-08-18,1.393432500096987,1.8165435638638068,1.5509765914106863,1.6063797217329003
2020-08-19,1.3876303601462516,1.80432319185815,1.5020193088509426,1.583645892923995
2020-08-20,1.3919507051957007,1.8293529142149134,1.5124041641037298,1.5962619987710505
2020-08-21,1.3968883397931506,1.84203039450199,1.5002884367607927,1.59757434236597
2020-08-24,1.4110435922733708,1.85353198179244,1.491799202739919,1.6032824694258783
2020-08-25,1.4159810905135093,1.8681051716384864,1.4936124494009506,1.6100039893467082
2020-08-26,1.4301767047578577,1.9079689347973752,1.5112502912978647,1.6331737047313073
2020-08-27,1.433304332405857,1.9020221933809505,1.4937773243054184,1.6263732578784602
2020-08-28,1.4425621756954443,1.9116934902208773,1.5197395253187387,1.64205370288381
2020-08-31,1.4373365544566477,1.9270512966294322,1.523366018640802,1.6457742763388061
2020-09-01,1.4508745173888673,1.959987857222901,1.5251792653018335,1.6609706770604948
2020-09-02,1.471859771231979,1.9785476916650917,1.5051511774596034,1.6669510566346089
2020-09-03,1.421206711752306,1.8782348149763965,1.4929530755457843,1.6151539873332241
2020-09-04,1.40960297728008,1.8532048862502055,1.4970740678185466,1.6050696581679385
2020-09-08,1.371088854719265,1.7641329522653089,1.4941893229225316,1.5637052351639027
2020-09-09,1.3981639624398365,1.815954998257212,1.508695296210785,1.5943698999554698
2020-09-10,1.3738867703886768,1.7797514032605148,1.5038325555119743,1.5728335975264687
2020-09-11,1.3745865561099802,1.7674003994073912,1.5037500551783887,1.5694335255325418
2020-09-14,1.3926911253957548,1.798179986746957,1.5156185330459764,1.5895634365424907
2020-09-15,1.399727435370558,1.8236664046462856,1.511992039723913,1.598482485432784
2020-09-16,1.39417278393973,1.794586269540349,1.5162779069011427,1.5893819140867937
2020-09-17,1.3819105800115077,1.766550570105863,1.5079535477847363,1.5735369968520343
2020-09-18,1.3660009543648246,1.7440042974369554,1.509931543587532,1.561492123879384
2020-09-21,1.3507980686623182,1.7481871993584406,1.4796011008260999,1.546492256937438
2020-09-22,1.3645554305083292,1.7806666516704903,1.4724304887528552,1.558821530349828
2020-09-23,1.3329097620721764,1.7262950145892888,1.4406164233766228,1.5196784211776189
2020-09-24,1.3364622791020115,1.734332587858174,1.4459737887888358,1.5252708390690939
2020-09-25,1.358069322284395,1.7746540784067637,1.4418527965160737,1.543862040282947
2020-09-28,1.3806256850676577,1.811511658118503,1.4563586440416232,1.5682749152667352
2020-09-29,1.373106942925674,1.8033429370785827,1.4686392462890279,1.567478842334375
2020-09-30,1.3835175509245166,1.8156945600399883,1.459820262459219,1.5718814800631025
2020-10-01,1.392399593464316,1.8445138441898463,1.4728426131326717,1.588235719910967
2020-10-02,1.3791796157819172,1.7926259663506414,1.471523865422339,1.5678424110148925
2020-10-05,1.4036372085558526,1.8308556963843479,1.4786944774955837,1.5908021339509069
2020-10-06,1.3836830887003668,1.7981799867469574,1.461303885074019,1.5675636869195753
2020-10-07,1.407768153299984,1.8292864632593306,1.4606445112188526,1.585462198691112
2020-10-08,1.4202447109214817,1.8390240046854136,1.4658370017265983,1.5948379447851762
2020-10-09,1.43292744079758,1.867124710489492,1.492458576595085,1.6173631893232387
2020-10-12,1.4559795987645252,1.9247638978974897,1.4881727094178554,1.6411310611924836
2020-10-13,1.4464782213170564,1.9246984787890427,1.464765503491615,1.628938237267147
2020-10-14,1.4373891883787888,1.9086227131429898,1.469298620144194,1.622671634450966
2020-10-15,1.4356127253279045,1.8958137755307378,1.4746558597937032,1.6203453374298158
2020-10-16,1.434744947399149,1.885423074867322,1.4695458696195431,1.615186946721986
2020-10-19,1.4129320046767873,1.8546424556806198,1.4702876180455915,1.5984836582251583
2020-10-20,1.4185919239518954,1.8586288939073368,1.4773757297852506,1.6043320497888132
2020-10-21,1.415906639421571,1.8571917372157771,1.4885024592267897,1.6069338792753174
2020-10-22,1.4236734155127073,1.857126111737903,1.4739141113676546,1.6046034766521475
2020-10-23,1.4285067367670556,1.8607854544223854,1.4723481141819723,1.6069049715855344
2020-10-26,1.402108370382187,1.832881212313075,1.471606365755924,1.5887044012830964
2020-10-27,1.3972749127705275,1.8471927257253338,1.4754801085533367,1.5924078036933957
2020-10-28,1.3495172644378057,1.7751774312743394,1.4516607782472792,1.5450023939696578
2020-10-29,1.363233446375821,1.8062184886782655,1.4456440389799,1.557107597287512
2020-10-30,1.3490214692541234,1.760407984102952,1.4522376517688602,1.5408997497023071
2020-11-02,1.3641421314979498,1.7643285904823676,1.4663315006772966,1.5527855492950493
2020-11-03,1.3882274688121896,1.7948473268658547,1.474655859793703,1.5738157923524283
2020-11-04,1.4192532569114282,1.874967161464886,1.4738317367967728,1.6086648766870522
2020-11-05,1.4469327002354324,1.9238490622263686,1.5077061725466827,1.6454269169781914
2020-11-06,1.4466021701129774,1.925286218917928,1.5098491690166493,1.646490931550677
2020-11-09,1.4647792814883338,1.8859456022571877,1.4430066693219383,1.6178753361070701
2020-11-10,1.4626313811216214,1.8521592123621906,1.4477870354498668,1.6092097746101321
2020-11-11,1.4734966043961508,1.8935917959072417,1.4415230467071378,1.6228729483061768
2020-11-12,1.4592021311011507,1.884704083782687,1.450259655966065,1.6183646342957365
2020-11-13,1.4794038758338552,1.9012379895572957,1.4601500122681534,1.6342444441912998
2020-11-16,1.4978708828529161,1.9160724430982752,1.4600675119345679,1.6452640222470096
2020-11-17,1.4898151656192542,1.909994657095529,1.4547102722850584,1.6385627046698301
2020-11-18,1.471885406406494,1.895878575530902,1.446385913168652,1.6248272473512848
2020-11-19,1.4780820280586577,1.9107136481801634,1.4436660431771047,1.630326982289288
2020-11-20,1.467960497559652,1.8976428277646962,1.4480342849252164,1.6245323906112832
2020-11-23,1.4767603166407717,1.897709691459134,1.4195169630621123,1.617133190792913
2020-11-24,1.5005561673832406,1.924371383246807,1.3977581288924361,1.6251297083536904
2020-11-25,1.4982428655979891,1.9361998597100643,1.3970987550372698,1.6273687600599391
2020-11-27,1.5024149902501163,1.9540415285453294,1.3829225315579514,1.628373694831301
2020-11-30,1.4957636169649542,1.9580271412943373,1.3736915491110293,1.6234546893349564
2020-12-01,1.512123221738742,1.9831218700206934,1.4026208695912468,1.647705407633425
2020-12-02,1.5153048468819938,1.9856701197087145,1.4131707255112052,1.653697880111156
2020-12-03,1.5148915478716138,1.9884806649388052,1.424297329190041,1.6586678855497226
2020-12-04,1.5279465332074076,1.9965835541314239,1.4202588372508642,1.6641178569318422
2020-12-07,1.5248063606867739,2.0078897095742425,1.441440672136256,1.67439193138126
2020-12-08,1.529268790054539,2.0146860739227685,1.4464682877395338,1.6798612179268118
2020-12-09,1.5155524717592126,1.969071207564514,1.4217423341029605,1.6525890094344313
2020-12-10,1.5150569492901527,1.976978458540074,1.419022464111413,1.6535671845099664
2020-12-11,1.5132800771673345,1.9726005375098117,1.4216599595320785,1.6527246431459992
2020-12-14,1.506505300515497,1.9869120509220703,1.4138299736036675,1.6512210118167232
2020-12-15,1.526872310309429,2.008150973269176,1.4336108119705482,1.6722464201388656
2020-12-16,1.5292687900545392,2.019195039539352,1.4415230467071378,1.6792633054597017
2020-12-17,1.5378201661145725,2.032396285432858,1.4566883938505577,1.6919417695170385
2020-12-18,1.53167958731733,2.0262526675828108,1.4542157733343597,1.6870276311376207
2020-12-21,1.5262030686258445,2.02246207394258,1.4496002821108986,1.6821801769179838
2020-12-22,1.5236308243065413,2.027961819179522,1.438143928623128,1.6783284506380713
2020-12-23,1.5250002607833628,2.017748596223565,1.4477045351162816,1.6797329184327958
2020-12-24,1.530933167395581,2.02665219879402,1.4534740249083116,1.6866132945870214
2020-12-28,1.5440848300650467,2.0470788510753617,1.4481991598296842,1.695069123394137
2020-12-29,1.5411392394275578,2.048911617959012,1.4534740249083116,1.6965551390198605
2020-12-30,1.543337864714053,2.048977037067459,1.4646006285871473,1.7017091214056055
2020-12-31,1.5511797736836845,2.0540180230675635,1.4700403685702421,1.7080936654099683
2021-01-04,1.5300618441767326,2.0250156892357105,1.5027610572769905,1.704976079822067
2021-01-05,1.5405996735469658,2.0417101504247412,1.5072116735959842,1.7152587521106748
2021-01-06,1.5498103372068628,2.0134274267858046,1.4827329694347604,1.701470988904619
2021-01-07,1.5728361782127382,2.0621363899672285,1.4792713510171647,1.7222939549980705
2021-01-08,1.5817979897796153,2.0886513530921076,1.428665570938153,1.7133069886300833
2021-01-11,1.5711355298269052,2.0584704434610734,1.4258633263757237,1.7000847620787078
2021-01-12,1.5714674235224726,2.055196598866745,1.4350943088226458,1.7029719473705782
2021-01-13,1.5756992726769243,2.0690761810677123,1.4289128204135024,1.705889117029903
2021-01-14,1.5701814377201322,2.0580118905936633,1.428171071987454,1.7005619740342943
2021-01-15,1.5587305597938104,2.0417101504247417,1.410450855519658,1.6849046450969654
2021-01-19,1.5709695829791215,2.071497719927385,1.4224017079581277,1.7022673116568818
2021-01-20,1.592709438182656,2.1196831238718064,1.4455616644090188,1.7325574150563832
2021-01-21,1.5941619162620253,2.136639674233479,1.4446550410785028,1.737341783136273
2021-01-22,1.5885193143654452,2.1304857379120676,1.433281062161614,1.7290645771036317
2021-01-25,1.5947842510305423,2.1480964793582094,1.4345174353010648,1.7365990166505088
2021-01-26,1.5922945028845417,2.1512394857356436,1.4309733165498835,1.7351121272987498
2021-01-27,1.5533782626128687,2.09126997475483,1.4219072090074287,1.7011891229533687
2021-01-28,1.5667378701819812,2.1036434728755267,1.4232258309550578,1.7099471038161735
2021-01-29,1.535372279663123,2.059386517348757,1.4226489574334769,1.6863137837436672
2021-02-01,1.5609294577949284,2.1108449404097973,1.436000932153161,1.714991314657481
2021-02-02,1.5830010703367194,2.1452816003701454,1.4185279651607146,1.725444991295021
2021-02-03,1.5842457398737528,2.136770718819799,1.4163850944534515,1.7227466173905293
2021-02-04,1.6022525409673658,2.162041893406477,1.3858896510248484,1.723701305460389
2021-02-05,1.6085583848258358,2.1693737864187876,1.3995713755534678,1.7335832626177141
2021-02-08,1.620175209599941,2.1839085915513605,1.4136652244619041,1.747447308166183
2021-02-09,1.6190966232680022,2.18345003868395,1.4182807156853654,1.7488389869302556
2021-02-10,1.6183912468969381,2.1784744717922924,1.423473206193111,1.749390857530016
2021-02-11,1.6210048074815484,2.190455042523453,1.4111102293748246,1.748474968104673
2021-02-12,1.6290125269416524,2.2026979087966834,1.4068243621975947,1.7528414524978724
2021-02-16,1.627601637842213,2.1967400234311856,1.3866315252136006,1.7423685743120199
2021-02-17,1.627975256875021,2.1861994985635667,1.3708893045486,1.7331215010444179
2021-02-18,1.6210463964614779,2.1766412921697875,1.370806929977718,1.728102222360713
2021-02-19,1.6181838474265364,2.1671485048844557,1.3764937936734587,1.726962526318262
2021-02-22,1.6057374247708236,2.110975984996118,1.3970987550372698,1.7162309221442307
2021-02-23,1.6076870616069874,2.1046910040883855,1.3938843860950234,1.7139060795050816
2021-02-24,1.6254026034837834,2.1220402754701673,1.3928953881936257,1.724505383278469
2021-02-25,1.5862375111190905,2.0480605504409195,1.3666859377049558,1.679797756323812
2021-02-26,1.5780639811685138,2.0566372638385673,1.3336354991892727,1.6657165938958407
2021-03-01,1.6163165704063631,2.118505167180906,1.3313277535775423,1.6949176348179311
2021-03-02,1.6037043372601778,2.0845268537185406,1.3385807402216692,1.6845255569960913
2021-03-03,1.582462322599994,2.0240335771312967,1.3238275174580665,1.6546042945197508
2021-03-04,1.5628795037030252,1.9909065375564508,1.3108051667846135,1.633326833155171
2021-03-05,1.5916313972799618,2.0208907771232894,1.3116294155442474,1.6518847748174905
2021-03-08,1.5837067194224053,1.9636713451303736,1.2980301913492136,1.627843727218516
2021-03-09,1.6063178978447883,2.041120759340436,1.3256407641190984,1.6685341983497826
2021-03-10,1.6163165704063633,2.0352945376695413,1.332399251812526,1.6732441636584323
2021-03-11,1.632704673858201,2.082169495750751,1.3312453790066607,1.6912617681422635
2021-03-12,1.6349035718593186,2.0652785708669525,1.3309981295313114,1.6873430462722627
2021-03-15,1.6446533923278737,2.087341939076031,1.3368498681315197,1.699178659463518
2021-03-16,1.642579261266544,2.0987985378313345,1.3380862412709706,1.7020968921097592
2021-03-17,1.6481798651112611,2.1074404639680018,1.3476468477641244,1.7104213849769965
2021-03-18,1.624199795641302,2.042888107115639,1.339816987598417,1.681349843340521
2021-03-19,1.6211940714295545,2.0500904001276194,1.3454216024859795,1.6846330020369602
2021-03-22,1.634139834559042,2.088535992582258,1.3434434809204803,1.6988222081878117
2021-03-23,1.6212776584613469,2.0794243696291073,1.3336354991892736,1.6877604814706728
2021-03-24,1.6130356771405259,2.0443547746352992,1.3382509904127347,1.6773594612366256
2021-03-25,1.6221101198464905,2.0408143007409287,1.3333882497139242,1.677504949400399
2021-03-26,1.6482500891265517,2.071427554322109,1.3371796179404551,1.6964935849367704
2021-03-29,1.6474177640987193,2.070837131390668,1.3212725223709871,1.689319672292612
2021-03-30,1.6430472395587326,2.0604146498354514,1.2986895652043806,1.6753671541323756
2021-03-31,1.6497070669971916,2.0919450091514524,1.3183879032376757,1.6946473439630292
2021-04-01,1.667522422425818,2.1276050270767013,1.3350366214704885,1.717510134006861
2021-04-05,1.6914565394818883,2.170081839923776,1.3345421225197895,1.7369450856154576
2021-04-06,1.6904575858197162,2.168574311257515,1.3452567275815122,1.7408493906366278
2021-04-07,1.692414313236065,2.1738185711434874,1.3414653593549815,1.7412889485643528
2021-04-08,1.7004476678706828,2.1964991903095523,1.3558888323096492,1.7563407949630272
2021-04-09,1.7128098217080467,2.209806097349825,1.3456688519613291,1.7597309416980231
2021-04-12,1.7134342018362323,2.2069220846036237,1.3375092419866867,1.7556224560893932
2021-04-13,1.7185124208215743,2.2326840056883674,1.3469874739089582,1.7683352001107748
2021-04-14,1.712643193073707,2.2058735215436274,1.3411357353087499,1.756683169847063
2021-04-15,1.7310417487225234,2.239304130545998,1.3628121949075442,1.7813123465046066
2021-04-16,1.7368273894385982,2.241926673227839,1.3710541794530686,1.7875832828833227
2021-04-19,1.7282942852582717,2.2214088056596406,1.3672628112265377,1.7775548061152346
2021-04-20,1.715640463132157,2.2052176795037397,1.3721255519253484,1.7710052928738427
2021-04-21,1.7318743464649777,2.224096561080501,1.3857249018830857,1.7874959786100304
2021-04-22,1.716056625646073,2.1972864896746156,1.3767410431488094,1.771008825889355
2021-04-23,1.734662989837225,2.2249486604457296,1.3714661780701818,1.7825796172416426
2021-04-26,1.7382839582373044,2.239435587871174,1.3750926713922451,1.7892600086612656
2021-04-27,1.737909521060629,2.22973374835601,1.3716310529746492,1.7850462732024543
2021-04-28,1.737410044229543,2.2221956922858497,1.3756696706765295,1.7846156557246133
2021-04-29,1.7484821215452295,2.2301927139622753,1.369982681218085,1.7880882038797337
2021-04-30,1.7369940180729382,2.2155745355810823,1.365367189994624,1.7782572864883315
2021-05-03,1.740740026127428,2.203774950837644,1.38308740646242,1.7840717203402965
2021-05-04,1.730000933365799,2.1641167316283236,1.3729498006849818,1.7653422105652652
2021-05-05,1.7305424082487482,2.156840764730805,1.3786367901434264,1.7659854213724575
2021-05-06,1.7443616763140637,2.173097103625726,1.40163187168985,1.7849416256714945
2021-05-07,1.7570568147054852,2.1907313711865775,1.4142420979834858,1.799452867664219
2021-05-10,1.739657758148086,2.1354057914277864,1.4185279651607154,1.7801829646098601
2021-05-11,1.7241317056179317,2.132455534095429,1.4187752146360648,1.7741706547512164
2021-05-12,1.6875027228850628,2.0772616180312404,1.4046813657276285,1.7404250425959291
2021-05-13,1.7077734644172564,2.093320874123111,1.4104508555196584,1.7542617558838787
2021-05-14,1.7339970207291102,2.1395346245593245,1.4233083312886439,1.7814809005203711
2021-05-17,1.729584770851883,2.1265554321695688,1.4398746749505746,1.783279249023605
2021-05-18,1.714682962092603,2.1122012002858637,1.442676919513004,1.775302254827493
2021-05-19,1.710187670612828,2.1146252155786636,1.4436660431771056,1.7748357031585924
2021-05-20,1.7285862262616447,2.155529493389885,1.4502596559660659,1.7953462905311222
2021-05-21,1.7271705646563114,2.1435992767989798,1.4509189040585286,1.7918159803511076
2021-05-24,1.7447775661133575,2.179652634852619,1.4534740249083122,1.8090020291658946
2021-05-25,1.740906518404457,2.182668104923996,1.4666611247235293,1.8139693253661913
2021-05-26,1.744361676314064,2.190271580102604,1.4641061296364493,1.8162224018572095
2021-05-27,1.7452770429444435,2.1820783011008373,1.4646831289207336,1.8145139992477648
2021-05-28,1.748399079942682,2.1889607215005378,1.4702052434747106,1.8197840087081132
2021-06-01,1.7468589241121832,2.181685167341874,1.4662490003437123,1.815601181057363
2021-06-02,1.7496061148618123,2.18594607690687,1.473419612416957,1.8206946252361647
2021-06-03,1.7431126433430706,2.1631998322629307,1.4445726665076215,1.8002450115930988
2021-06-04,1.7590549947444523,2.199908000509321,1.4601500122681543,1.8223872168769166
2021-06-07,1.757347937564991,2.2064633253667867,1.4660017508683627,1.8260423219212982
2021-06-08,1.7577229201709113,2.2075120947962104,1.4614687599784872,1.8245794303459153
2021-06-09,1.7551004963610701,2.2080362731414946,1.458666389653354,1.8226502450782416
2021-06-10,1.76325902700741,2.2310450196969307,1.464930378396083,1.8344143903090102
2021-06-11,1.7661724373194452,2.236878670667208,1.4484464093050342,1.830143053053882
2021-06-14,1.7701267993455159,2.258314056709082,1.4399571752841602,1.8337793902160089
2021-06-15,1.7668802681221119,2.2435650401109952,1.4345174353010652,1.8263570078584193
2021-06-16,1.757015362082867,2.235371348370374,1.4102859806151908,1.8104512456694706
2021-06-17,1.7564328436492334,2.2637551930286772,1.3669331871803057,1.7993626127728584
2021-06-18,1.7327377609597736,2.2459909127286406,1.359350450727244,1.783237335879951
2021-06-21,1.7575433375920029,2.2599493280508276,1.3759992947227604,1.8027211587724439
2021-06-22,1.7669394471951916,2.2810157255567294,1.370229930693434,1.8090156186220128
2021-06-23,1.7648096823508748,2.2821317714194453,1.369323307362918,1.8081848443975352
2021-06-24,1.7752502889581907,2.296241455531827,1.3684990586032841,1.8151142512647815
2021-06-25,1.781556269173972,2.2934191472443817,1.3730321752558632,1.8185239665461796
2021-06-28,1.785147375322889,2.321311626296337,1.3729498006849814,1.8270817472504373
2021-06-29,1.7861078762232905,2.32971210020309,1.3585263277303137,1.8232152991359716
2021-06-30,1.7876112155797537,2.326036867072707,1.365119940519274,1.8257177473347987
2021-07-01,1.7975083019444522,2.326955623762946,1.369817806313617,1.8314217962833121
2021-07-02,1.8112475282680676,2.3536660187354568,1.3788015392851898,1.8470990797803932
2021-07-06,1.8079490449090794,2.3638379678059582,1.3856424015494995,1.8516934869445334
2021-07-07,1.8143382030847193,2.368825916863252,1.3909172666281269,1.8575268357826815
2021-07-08,1.799554752471599,2.3545189435783933,1.3900106432976111,1.8483384991988978
2021-07-09,1.818764634122316,2.36921946336107,1.394626260283776,1.8608079412859024
2021-07-12,1.825279786453545,2.3784732748496147,1.3928953881936261,1.8646827219128963
2021-07-13,1.8190572569122452,2.3784732748496147,1.3947086348546578,1.8633729064770241
2021-07-14,1.8217713128352422,2.3827387245420106,1.4097089813309063,1.8720938341893631
2021-07-15,1.8155489196512533,2.3660036085758067,1.4099563565689595,1.8656890437738225
2021-07-16,1.801308580208817,2.3468407626671115,1.39627463204034,1.8497396150058174
2021-07-19,1.7747073141448175,2.32761167217226,1.3979230037969042,1.8363100107979398
2021-07-20,1.800139316264901,2.3546504009035694,1.3961097571358725,1.8513981516992473
2021-07-21,1.814713867477196,2.3728292773830058,1.3909172666281269,1.8588639171133452
2021-07-22,1.8185141457415614,2.3885141793337956,1.3936371366196743,1.8654689617950393
2021-07-23,1.8372227779161465,2.4164054201691876,1.3892688948715626,1.8771783138169795
2021-07-26,1.8417327959855356,2.4183085590275395,1.3859721513584342,1.8777223118115696
2021-07-27,1.8333394580492341,2.391663789532903,1.3882798969701649,1.8690158344727126
2021-07-28,1.8325873111204134,2.4008517691741464,1.3952855083762383,1.874297461932635
2021-07-29,1.8401881403637659,2.4051180443442517,1.4107804795658894,1.8849371063841016
2021-07-30,1.831251145827535,2.392583371700851,1.3996538758870536,1.873655710916004
2021-08-02,1.8274092785832408,2.3927794226567647,1.397923003796904,1.8716242631052857
2021-08-03,1.8422757707989088,2.407283478744673,1.3969340058955062,1.8800399592845545
2021-08-04,1.8332142820375124,2.4107612163331513,1.3972636299417378,1.8780107675710223
2021-08-05,1.8448237435168107,2.42605277815555,1.391741515387761,1.883471894910779
2021-08-06,1.8478720112096665,2.415421038001074,1.3569603305446318,1.866067918469162
2021-08-09,1.8463682627812692,2.419883983235375,1.332893750763225,1.855679058466123
2021-08-10,1.8486652016891716,2.4074801488088684,1.333305875143042,1.853469209963719
2021-08-11,1.8532590795049757,2.403346156441648,1.3516854654660044,1.8624602666581773
2021-08-12,1.8588134582211813,2.412008719521043,1.3520150895122358,1.8667099815976926
2021-08-13,1.8621959376838952,2.4204744061668153,1.3713838034992996,1.8789402409190266
2021-08-16,1.8665807797415626,2.4215246201822302,1.3782246657636092,1.8838109809220858
2021-08-17,1.8543450291317214,2.4001957207648315,1.3761641696272282,1.8732250620153188
2021-08-18,1.8340491978542584,2.377094727075402,1.3772356678622117,1.8608673773149242
2021-08-19,1.8368888388609108,2.3885795984422424,1.3731970501603314,1.8630057347176554
2021-08-20,1.8515051154104463,2.4133216418173813,1.3739387985863798,1.874715172889926
2021-08-23,1.8677919053800296,2.4494160673870486,1.3906700171527782,1.8971682597949988
2021-08-24,1.8707571314703377,2.456897578234135,1.3900106432976118,1.8998039461671954
2021-08-25,1.8746824493891132,2.4597198865215804,1.3803675364708727,1.897466899585996
2021-08-26,1.8636159627231879,2.4441008164180924,1.381933533656555,1.8904345165583167
2021-08-27,1.880278417085248,2.4678580648862636,1.4027033699248337,1.9116645472138076
2021-08-30,1.8885468517244504,2.495551810179751,1.395780133089642,1.9184723591408475
2021-08-31,1.8857489360550386,2.4935180394739325,1.3985823776520714,1.9182876605497938
2021-09-01,1.8867510259353695,2.497652857318862,1.3986647522229532,1.9197254342346195
2021-09-02,1.8925560293896413,2.4964709796088447,1.3949558843300078,1.9196945929566487
2021-09-03,1.8920965052507497,2.504150192367263,1.4098738562353745,1.9283507812835243
2021-09-07,1.8853315463253213,2.5076933490641884,1.38226328346549,1.914373977809645
2021-09-08,1.8830344710601084,2.4989645413986374,1.3788015392851904,1.9097771781648405
2021-09-09,1.8749749358217314,2.490367810166544,1.3849006531234518,1.9076785198963173
2021-09-10,1.8601913488512998,2.4714670534304912,1.3778949159546745,1.8946218045597243
2021-09-13,1.8649518553014437,2.469760997375189,1.3825105329408391,1.8979175671657982
2021-09-14,1.8548875948731605,2.4627388648732222,1.3914118913415299,1.8967780430295655
2021-09-15,1.8703810580059272,2.4810485795695523,1.3832522813668875,1.9030520833868674
2021-09-16,1.867416240987553,2.4827548419942818,1.351932714941354,1.8881198490099338
2021-09-17,1.849225357523761,2.4533535960595017,1.349789844234091,1.8735382559970892
2021-09-20,1.81839115144682,2.402659771726524,1.35943295106083,1.8546823181054974
2021-09-21,1.8166733220397706,2.4056156010334178,1.3684990586032848,1.8589818246847232
2021-09-22,1.8343949999955724,2.42808572338366,1.363389068429125,1.8685008656197926
2021-09-23,1.8566828752329962,2.4504891884088917,1.3476468477641246,1.874623568840537
2021-09-24,1.8597412333668837,2.452788969306471,1.3459161014366785,1.8754368067912557
2021-09-27,1.8544207074394612,2.433210289001812,1.348718345999108,1.8699598610218333
2021-09-28,1.817050077290737,2.364355955068425,1.3356136207547729,1.8337036166423206
2021-09-29,1.8201087081392469,2.3604803372241556,1.3295970072500969,1.830977115305379
2021-09-30,1.7978626945963752,2.3518072493039694,1.3534987121270363,1.8322465988113688
2021-10-01,1.8192289307671017,2.366393234054507,1.356548206164815,1.844668815593907
2021-10-04,1.795768109938359,2.3167227957113976,1.362894569478426,1.8267093406669206
2021-10-05,1.8144528795834762,2.347996637829293,1.356548206164815,1.8384292217914078
2021-10-06,1.8219942570391265,2.363042620033232,1.3601746994868786,1.8465413609149466
2021-10-07,1.837746389991323,2.3847233793241385,1.3530042131763376,1.8542652829224322
2021-10-08,1.8343949999955722,2.3728319601855614,1.3535810866979183,1.8503195457208033
2021-10-11,1.8211142069523587,2.354633065871679,1.3510260916108383,1.8399595128821415
2021-10-12,1.816631460345218,2.3464203881437484,1.3571252054490996,1.8390794051327979
2021-10-13,1.823166929915823,2.365210737236208,1.3812741598013887,1.8571023006544944
2021-10-14,1.8538339619291793,2.4087695449904976,1.3846534036481024,1.8804297813545128
2021-10-15,1.8679522615780522,2.4239463654113305,1.3626473200030766,1.8791909146532726
2021-10-18,1.8734826414074786,2.4483216903141973,1.3592680761563627,1.8857911362776592
2021-10-19,1.8879358346127666,2.466848918386878,1.3636363179044744,1.8974174173743217
2021-10-20,1.8953512179128278,2.463629348951924,1.375587170342944,1.9046191267066241
2021-10-21,1.9002949885892835,2.478674712047581,1.3743509229661968,1.909581708749917
2021-10-22,1.8983259890149229,2.4578477030773214,1.3827577824161887,1.9074673783584875
2021-10-25,1.9085060168004524,2.483011771931242,1.3923183889093422,1.9217829506478539
2021-10-26,1.9102241189221247,2.4908294585753636,1.3820159082274366,1.9196364398904542
2021-10-27,1.9017609660424664,2.4966108980805393,1.3856424015494997,1.919965785715951
2021-10-28,1.9201112512031027,2.5243362178964,1.3853127775032683,1.9330960470920708
2021-10-29,1.9240071159426495,2.536753879074534,1.3735266742065626,1.9320910027002922
2021-11-01,1.9273167806011595,2.5454263478864383,1.3806972862798073,1.9387628381705257
2021-11-02,1.9351096009387434,2.556069644728842,1.3777301668129105,1.94268928069221
2021-11-03,1.9469235983849074,2.5832043352438347,1.3662738133251398,1.9481323615655342
2021-11-04,1.9560986727865701,2.6163167225893442,1.3817686587520872,1.9668811168508211
2021-11-05,1.9628851761671746,2.6188133799205455,1.399818625028818,1.9783458147433963
2021-11-08,1.9645611438796724,2.615265476726793,1.4048462406320963,1.9803839546776938
2021-11-09,1.9580676723609305,2.597264077954815,1.4117694774672878,1.9769114206279623
2021-11-10,1.9423151303368003,2.5590919249913195,1.4270995737524712,1.9690807270258701
2021-11-11,1.942943601184323,2.566187525009397,1.4350943088226462,1.974789982446134
2021-11-12,1.9576066482916152,2.593190551829787,1.4378141788141938,1.9879320123910424
2021-11-15,1.9582768444763787,2.5925988906817827,1.4355888077733452,1.9869820786915715
2021-11-16,1.9660275304047885,2.611061525123726,1.4252039525205578,1.989528946657452
2021-11-17,1.961251479221163,2.6124408983756484,1.4382263031940108,1.9943278062016518
2021-11-18,1.9679128065900453,2.6395087251962033,1.4336108119705495,2.0013401537513817
2021-11-19,1.9643934243868424,2.654225960902489,1.4226489574334777,1.9987657896437299
2021-11-22,1.9588633172720384,2.6234125289768495,1.3907525174863633,1.9742177297599983
2021-11-23,1.961460924051233,2.6114554843603983,1.378719164714308,1.9663970989011594
2021-11-24,1.9666978629468626,2.619864832152524,1.3774004170039753,1.9696308992682021
2021-11-26,1.922834033994019,2.5701956320259782,1.3751751717258303,1.9414799391484392
2021-11-29,1.9464208489783512,2.62597522452478,1.373279424731213,1.9625712797342196
2021-11-30,1.908548014852316,2.587409112324612,1.364048442284291,1.9358371801212884
2021-12-01,1.8873497708890417,2.5433896880086384,1.369488182267386,1.9202653067708348
2021-12-02,1.9162564300142402,2.5617202460171247,1.3619055715770279,1.931138054740122
2021-12-03,1.8995829307099692,2.5171745796615936,1.3733619250647986,1.9197584744677196
2021-12-06,1.9220803871347745,2.5373453338531116,1.3699826812180846,1.930890549160806
2021-12-07,1.961838361088756,2.6137544397802683,1.374845421916895,1.9658706617200712
2021-12-08,1.9670326201459665,2.62544918885465,1.3755871703429432,1.9708911503436375
2021-12-09,1.9537526452466203,2.586817451176607,1.3671804366556548,1.9527740709523114
2021-12-10,1.9721441103152522,2.6149369365985677,1.3729498006849814,1.9687240730938451
2021-12-13,1.9546738752413837,2.5771599810883083,1.3764114191025774,1.9550848832804109
2021-12-14,1.9412256354199626,2.5504852880267164,1.363553943333592,1.937768196373644
2021-12-15,1.9715575011622812,2.608630286900971,1.3694056819338,1.9653583123905205
2021-12-16,1.9541712621921388,2.541549698195033,1.3859721513584344,1.9506601584786827
2021-12-17,1.9333732269373651,2.5288695351054025,1.3830050318915375,1.9391038879395082
2021-12-20,1.9128150441930691,2.504338607654368,1.3771531675286255,1.9232258950840015
2021-12-21,1.9467850593566838,2.5603864804086305,1.3765762940070447,1.9486897873138835
2021-12-22,1.966250065536738,2.5915684881313874,1.3895161443469122,1.9692011738895634
2021-12-23,1.978484043501533,2.6111067200283,1.3926481387182768,1.9797135285313883
2021-12-27,2.0064837901496486,2.654260837335699,1.395944882231405,2.0015210669195316
2021-12-28,2.0048443661965645,2.641958949406267,1.3899282687267291,1.995008185311664
2021-12-29,2.007408838149127,2.6415643710613126,1.3895161443469122,1.995562318344673
2021-12-30,2.0018595046534373,2.6336709468373805,1.3994890009825862,1.9965099619867326
2021-12-31,1.996814147780105,2.6172243353305102,1.4090497332384435,1.9952232145074091
2022-01-03,2.0083756114858455,2.642419772337378,1.3873732736396491,1.9952451547336938
2022-01-04,2.0077033699414137,2.6081459378551517,1.3975933797506728,1.9912953485257172
2022-01-05,1.969150794618828,2.52802156312872,1.393389887144325,1.9561617242452474
2022-01-06,1.967300834977183,2.526244309621007,1.3763290445316954,1.9471068999307413
2022-01-07,1.9595231503011474,2.498878278978037,1.3825929075117207,1.9404639968365165
2022-01-10,1.9570848088614856,2.500523043313437,1.3867962743553648,1.9420513301956213
2022-01-11,1.9749108001603892,2.5380862000970374,1.4035274929217632,1.9654823191201156
2022-01-12,1.9802497343248295,2.5481506306959276,1.4072364865774118,1.9715827599777773
2022-01-13,1.9529647727022534,2.484406416520783,1.4024561204494832,1.9438548091726584
2022-01-14,1.9537636901888311,2.4998657566875586,1.398417502747603,1.9462858932653246
2022-01-18,1.9191630224607137,2.4376340240449297,1.3961097571358725,1.9175755582482936
2022-01-19,1.8992356286382315,2.4108600672888176,1.4182807156853656,1.914068674400353
2022-01-20,1.8782146491795744,2.3795461895020305,1.4147365969341843,1.8971255395311688
2022-01-21,1.8413443140058037,2.3135647243657718,1.4101211057107232,1.8651137258092518
2022-01-24,1.8491634513044575,2.324155809743074,1.4178685913055489,1.8740155707504043
2022-01-25,1.8265871803537532,2.2702785306249154,1.422401707958128,1.8539053746234113
2022-01-26,1.822004483837471,2.2667260873037627,1.3994065006490009,1.841397624705435
2022-01-27,1.8130077647989153,2.243899358583185,1.3813566601349736,1.8242687128183037
2022-01-28,1.8580344489020464,2.3142884619472337,1.3772356678622113,1.856631943643905
2022-01-31,1.8914995329421251,2.3882958404797363,1.38539515207415,1.8912358560538696
2022-02-01,1.9042807127969417,2.40454433733642,1.3865490248800154,1.900309650587078
2022-02-02,1.9227786729256549,2.4240815373861966,1.3915766404832934,1.9139063600069142
2022-02-03,1.877584132972383,2.325800986817329,1.3895986446804978,1.872138779436208
2022-02-04,1.8864127234461747,2.355140115554499,1.3917415153877608,1.8839075519199855
2022-02-07,1.8803588678988832,2.3361943702832995,1.4020439960696665,1.8814892230326583
2022-02-08,1.8958298320752949,2.3624420849998544,1.4063298632468961,1.8956127979825719
2022-02-09,1.9235777267695435,2.412504006146509,1.4111102293748248,1.9203986987742996
2022-02-10,1.8890194661652229,2.3579031958163155,1.4057528639626118,1.8919802546594264
2022-02-11,1.8517703303808168,2.2831064542244768,1.4325393137355662,1.8715559444852121
2022-02-14,1.8457160657615916,2.285935159964168,1.4402044247595098,1.8736272837331933
2022-02-15,1.875481912304937,2.342773221255475,1.4265227002308905,1.89329499367246
2022-02-16,1.8775841329723832,2.3421805282603345,1.4411934226609078,1.9003331050904815
2022-02-17,1.8374764025150618,2.272515368847175,1.460891760694203,1.8766188517777953
2022-02-18,1.8255782726078607,2.2465966069977004,1.4598202624592196,1.8649750389359074
2022-02-22,1.8059869995575946,2.2240323801886195,1.4628698822597022,1.8533585797293317
2022-02-23,1.7739513492112844,2.167062861572137,1.4694633692859587,1.829359579371677
2022-02-24,1.800647247249287,2.2398867114392043,1.4599851373636872,1.855094744340224
2022-02-25,1.8403769952398406,2.274620749744259,1.4551223966648767,1.8762678815020533
2022-02-28,1.8356684409252804,2.2813958580417752,1.4702052434747108,1.883013339222719
2022-03-01,1.8077108286863388,2.246464943303098,1.4969091929140796,1.8752440294009787
2022-03-02,1.8409657861097912,2.2841591446730196,1.4813318471535466,1.8907267767846225
2022-03-03,1.8318005294345383,2.2515298681567666,1.4901508309833555,1.882338178666083
2022-03-04,1.8169178106988326,2.2189012107487955,1.5138876609558274,1.8781422802996146
2022-03-07,1.7633562497703288,2.137065414361953,1.5363883693142553,1.8459022695244784
2022-03-08,1.7499870971894294,2.127131615610529,1.5784224150388078,1.8552111606943344
2022-03-09,1.7969057389860676,2.2037047852323717,1.531525628615445,1.8756790847665388
2022-03-10,1.7887916608231933,2.1792332921763933,1.5363058689806701,1.8678643420030183
2022-03-11,1.766047124950414,2.1340402449274936,1.5255088893480657,1.8426600273293197
2022-03-14,1.7531404963692534,2.0930556894090615,1.502513807801642,1.8171164228899856
2022-03-15,1.791692798977217,2.1587086144170944,1.474408610318355,1.8381053265804541
2022-03-16,1.8314221378958364,2.2387675700350793,1.483639592765277,1.878250465173705
2022-03-17,1.854334665976068,2.265871098766553,1.490892579409404,1.8967236093064288
2022-03-18,1.8746448147712116,2.3122495320057337,1.4777878541650689,1.9110319871774792
2022-03-21,1.874096931094634,2.3058202988683343,1.4890793327483722,1.913941869716997
2022-03-22,1.8960263229607974,2.3511359295570364,1.4782823531157678,1.929319277328085
2022-03-23,1.871608682879057,2.317346650490057,1.4984751900997617,1.9205793765065635
2022-03-24,1.8998219650765809,2.3688537767359352,1.5093546700659515,1.9491073321561738
2022-03-25,1.9090998528909209,2.366877995839182,1.5031731816568081,1.9490774712015273
2022-03-28,1.9226794048030698,2.4034992825566883,1.4758097325995692,1.9519242136756747
2022-03-29,1.9464644833179505,2.4448627323436014,1.4764691064547355,1.9714611950812706
2022-03-30,1.9344456771902983,2.417857848198366,1.4883375843223234,1.9654273220903942
2022-03-31,1.904671785565589,2.3878890863385727,1.4889144578439046,1.9474773396975646
2022-04-01,1.9100697624457978,2.3833444188110704,1.4794362259216327,1.943949152844408
2022-04-04,1.9264326397950555,2.4324141157513757,1.4866067122321738,1.965981870158149
2022-04-05,1.9020994048889746,2.3784043474609047,1.4772933552143697,1.9390477438224583
2022-04-06,1.8830793326155089,2.3267655575204236,1.4807549736319654,1.9200658718272434
2022-04-07,1.8925681651903432,2.3322987346045845,1.4863594627568246,1.9272353589331706
2022-04-08,1.8875072635835295,2.2996948415278866,1.4956729455373323,1.920562359021803
2022-04-11,1.8552458055297991,2.245290288523034,1.5030906813232228,1.8976500974941128
2022-04-12,1.848371760755376,2.235805549645366,1.5146295351445793,1.8974902371026785
2022-04-13,1.8695423241844682,2.2812528440286712,1.5218823960260022,1.9206201370155245
2022-04-14,1.8462632676516133,2.2290873993097784,1.516854780422724,1.8958938766549933
2022-04-18,1.847022096088685,2.230799852817326,1.5215527719797708,1.8985964298797502
2022-04-19,1.876838122122568,2.280659738294676,1.4985576904333473,1.913393158510617
2022-04-20,1.875446459404014,2.247397733114391,1.505893051648356,1.906740338745137
2022-04-21,1.8474019875578103,2.2008969228048345,1.500535686236143,1.8818242963678908
2022-04-22,1.7967107480309894,2.143264339218509,1.4859473383770077,1.842088164931788
2022-04-25,1.8071272193942152,2.1707960845115837,1.4592433889376388,1.8425009378110728
2022-04-26,1.7547915106937935,2.0888595798442293,1.4614687599784875,1.802469156008088
2022-04-27,1.7597253272865283,2.086356525060782,1.45042440510783,1.7988980521701985
2022-04-28,1.804174810891164,2.160455325249569,1.4582542652735375,1.838577869481675
2022-04-29,1.7375004491268993,2.063237989970034,1.4580895161317737,1.7882822747840723
2022-05-02,1.7479594639712335,2.097685587510028,1.43105581688347,1.7907709516761683
2022-05-03,1.7559720922945423,2.099924902165415,1.4348470593472973,1.7957258770538276
2022-05-04,1.8094467936157836,2.1709279545756135,1.4489409082557339,1.8400729905748536
2022-05-05,1.7451337314103281,2.0615911619403606,1.4434187937017569,1.7850436683453972
2022-05-06,1.7347171236897907,2.036891837036668,1.4458089138843695,1.7753486318113219
2022-05-09,1.679176063673961,1.9571942342858464,1.424874328474327,1.7246778609561477
2022-05-10,1.6830559746080924,1.9809719133273183,1.4128409757022717,1.7281354153835577
2022-05-11,1.6563186239474719,1.9222195692285862,1.424379829523628,1.7066043420976347
2022-05-12,1.6545897495982114,1.9176753144399383,1.4025384950203663,1.695942731052883
2022-05-13,1.6941476873765975,1.9887441986974388,1.3911645161034776,1.7258243105661562
2022-05-16,1.6872735062448634,1.965691082715138,1.4044341162522802,1.7223088547032095
2022-05-17,1.7219810781049962,2.0166053095964482,1.3956152581851748,1.7453834032534266
2022-05-18,1.6525652525981747,1.9176090698537824,1.3963570066112232,1.6936789444650593
2022-05-19,1.6424441311711027,1.9073341424390693,1.4168795934041523,1.6954937476625906
2022-05-20,1.6431612342709339,1.901406387009954,1.4178685913055498,1.6943785332058467
2022-05-23,1.6739048990932088,1.9330215641605661,1.4244622040945099,1.7169633004306697
2022-05-24,1.6611265827419286,1.8919212353934316,1.4351768091562322,1.7047303969721679
2022-05-25,1.6758023110791664,1.9183994647602551,1.426522700230891,1.7142770166574677
2022-05-26,1.709287166929376,1.9715530062969522,1.4238852048102253,1.740471011062625
2022-05-27,1.7512490841049906,2.035903533849438,1.4246270789989772,1.773951813365281
2022-05-31,1.7414226308275165,2.0305024331987345,1.4105332300905409,1.7632152384384325
2022-06-01,1.7273370569333417,2.015485136345187,1.4195169630621138,1.7578577890680636
2022-06-02,1.7602314856258656,2.070680909734221,1.436990055817264,1.7922757455169396
2022-06-03,1.7313433710949964,2.016802392399499,1.4224017079581286,1.7608611721115568
2022-06-06,1.7366150811049934,2.023520749104514,1.4161378449781032,1.762018842237685
2022-06-07,1.7532733083904048,2.04097506252478,1.4253688274250256,1.7765475629027732
2022-06-08,1.734211101707765,2.0262871312771673,1.4240500797146927,1.7652996023265972
2022-06-09,1.692966696703915,1.9720140355974907,1.4195169630621134,1.7336709848769776
2022-06-10,1.643877928298831,1.9024603156750608,1.4385559272402422,1.7042830526451582
2022-06-13,1.5814626871512667,1.8140025371057413,1.4005603734548664,1.6412943986526112
2022-06-14,1.5766971354806067,1.8172961931650882,1.3893513952051488,1.6362605993142343
2022-06-15,1.5991752291672154,1.862676830223383,1.407483736052762,1.6647745656373711
2022-06-16,1.5462489569517968,1.7875247204777722,1.4233083312886443,1.6302587421950998
2022-06-17,1.5495820750678406,1.8092603740363344,1.4116047283255242,1.6335694918342134
2022-06-21,1.588590901953848,1.8549070212863894,1.4063298632468968,1.6589804484000854
2022-06-22,1.5857107628257563,1.8522013117253557,1.4119343523717556,1.6593750073237479
2022-06-23,1.6012548145209948,1.8797865067000952,1.4032802434464142,1.6696446106604983
2022-06-24,1.6521647711750513,1.9441941985839366,1.4018791211651995,1.7058528730138658
2022-06-27,1.645854291167999,1.9299404686113155,1.4003131239795172,1.698877057507071
2022-06-28,1.6122244874959373,1.8711412786525916,1.3980053783677866,1.6691195832235748
2022-06-29,1.6109119120179043,1.8728564149626938,1.3969340058955069,1.6687502228952966
2022-06-30,1.597824337284723,1.8496276785977799,1.388444771874633,1.6539516274799841
2022-07-01,1.6147233715817912,1.8618364939155092,1.387290899068768,1.6629634099734614
2022-07-05,1.617773002847759,1.893710458327927,1.3578669538751482,1.6617431459619294
2022-07-06,1.6232368403092985,1.905852822690073,1.3363553691808212,1.658390377893608
2022-07-07,1.647548530760203,1.9466363743863369,1.3370971176068696,1.6788059666163024
2022-07-08,1.646192866371817,1.9490773119721736,1.3376741168911541,1.67928869038569
2022-07-11,1.627387420506249,1.9074373271527088,1.3305035048179095,1.6579348258026176
2022-07-12,1.6129871339377237,1.88895921500372,1.325558389548217,1.645636905698485
2022-07-13,1.6045159359767018,1.8850654366498505,1.3319047528618277,1.6442515458321225
2022-07-14,1.6006196621652211,1.8917970009982112,1.3131954127299303,1.6371788662033784
2022-07-15,1.6311996982140036,1.9261129348436021,1.3105579173092647,1.6564080772485574
2022-07-18,1.6177308684385845,1.909812226521817,1.3117942904487156,1.6476972361255406
2022-07-19,1.6614406136297228,1.9685457910026667,1.3149261590573766,1.6807391788313726
2022-07-20,1.6720291679197388,1.9997597859866514,1.30256318223909,1.687925715571712
2022-07-21,1.6890558326601315,2.028466392429216,1.320942898324756,1.7096710845264858
2022-07-22,1.6733845595935026,1.9928963515742606,1.3242396418378841,1.6958125983865184
2022-07-25,1.6754175107468368,1.9815458267045778,1.3206131485158208,1.6917318144029654
2022-07-26,1.655595521125946,1.9426105195990102,1.3190471513301387,1.673311199966151
2022-07-27,1.6985857087856506,2.024704690508804,1.3324816263834087,1.717046703447173
2022-07-28,1.7198894933078277,2.0445023287758044,1.3487183459991081,1.7367958501370644
2022-07-29,1.7449635574858962,2.0817877123102897,1.3525097142256388,1.7574213835498667
2022-08-01,1.7397962971763121,2.080534224409007,1.3601746994868789,1.7586538442839066
2022-08-02,1.7283182841450528,2.0743311721639035,1.352097589845822,1.7495574471154596
2022-08-03,1.7553828923526582,2.130820262753685,1.3553943333589504,1.7759933676035007
2022-08-04,1.754197129174082,2.1407856360274824,1.3778125413837932,1.7881537518423924
2022-08-05,1.7512320394410854,2.1232970652822885,1.3623175701941421,1.7755737447153872
2022-08-08,1.7491992246450625,2.1164336308698974,1.3738564240154987,1.7779866218777316
2022-08-09,1.7422531832103028,2.0924786804903945,1.3780597908591428,1.7707383687400524
2022-08-10,1.7788471221141824,2.1508818475181735,1.374598172441547,1.7981274695388578
2022-08-11,1.7788471221141824,2.138673032200444,1.3709716791194837,1.7931440124369453
2022-08-12,1.8089614979450672,2.1803142552364725,1.3835819054131198,1.820398464423429
2022-08-15,1.8164157430788328,2.1979344896762694,1.3657793143744417,1.8199950715958932
2022-08-16,1.8199738507584289,2.1927868106822626,1.3633890684291257,1.8187008805171787
2022-08-17,1.8070554954485014,2.167775867943381,1.3545702103620203,1.80356174613618
2022-08-18,1.8123072972910568,2.1729895851541166,1.351026091610839,1.8051819217056781
2022-08-19,1.7879533360736672,2.130622148103499,1.3411357353087505,1.7809587715931112
2022-08-22,1.75072383574208,2.074528874075236,1.3322343769080598,1.7490280974004597
2022-08-23,1.7464887140121583,2.0728129122874246,1.3415478596885677,1.7512112621161724
2022-08-24,1.7520792274158434,2.0788186753600506,1.3455039770568624,1.756492517952907
2022-08-25,1.77681430731816,2.1155761658995598,1.3496249693296247,1.7769042829555006
2022-08-26,1.716670915333229,2.02886179625188,1.3332233748094577,1.725379837394697
2022-08-29,1.7053198509587377,2.0088666624429754,1.3340476235690915,1.7162644475132878
2022-08-30,1.6865992193407633,1.9864949783095445,1.322920894127552,1.698841598758035
2022-08-31,1.6737658146357406,1.9749467515285297,1.312700913779232,1.6868660536314508
2022-09-01,1.6790178891929184,1.9758046292377218,1.3011620599578757,1.6839320858430786
2022-09-02,1.6613133922583332,1.9478904813959024,1.3126184134456467,1.6750252997713564
2022-09-06,1.6550451830177662,1.9338994597042056,1.3049534281844066,1.665647860740429
2022-09-07,1.6847777583771684,1.9729672559820854,1.318223028333209,1.6924842327807919
2022-09-08,1.6957901111905296,1.9831961630145158,1.310310667833916,1.695710457443383
2022-09-09,1.7221346164374567,2.026553141468929,1.3172340304318113,1.7198354258354607
2022-09-12,1.7406434851510695,2.0506395491736074,1.3239100177916536,1.7357159415232957
2022-09-13,1.6649557687562775,1.9381892609890206,1.3066841745118527,1.6713031536631382
2022-09-14,1.6713092013163717,1.9535650215377487,1.3016565589085747,1.6757050417044241
2022-09-15,1.6523342633129277,1.9210315004357523,1.2773427296518183,1.6496277801817958
2022-09-16,1.639728984389616,1.909284746265697,1.2844308413914773,1.6451218332661315
2022-09-19,1.6524448490923465,1.9241528380233226,1.2854199650555787,1.6540670198640117
2022-09-20,1.6334772743837096,1.9088154621880682,1.2780846038405702,1.6401970862352786
2022-09-21,1.6049830961250238,1.8746355257952532,1.2840187170116604,1.623408431216813
2022-09-22,1.5915011760477256,1.8515636301950698,1.283276968585612,1.611890283829466
2022-09-23,1.5648363674766868,1.8214169778889635,1.2611060100361187,1.5848572406818517
2022-09-26,1.5493557219311767,1.8138799536659391,1.2464352876061013,1.5712992940850667
2022-09-27,1.5454005417612386,1.8146078186359462,1.2489902826931811,1.5712460410049212
2022-09-28,1.5758086312405428,1.850703895161032,1.2749526094692054,1.60285694822033
2022-09-29,1.5428915672343526,1.7973526517130032,1.274705359993856,1.576190501230403
2022-09-30,1.5190328557714001,1.7668751892149714,1.274787734564738,1.5591908269074233
2022-10-03,1.5591373136532516,1.8083269651167595,1.3057775511813365,1.5977400511201634
2022-10-04,1.607449527170802,1.865182361439958,1.324486891313234,1.6386185010068754
2022-10-05,1.6037073371210269,1.8641905499724631,1.3171515300982253,1.634031436295758
2022-10-06,1.5871635136197486,1.8495139690433509,1.3156680332461286,1.6235109014923528
2022-10-07,1.5428915672343524,1.7790398414752637,1.3012445602914609,1.5818620360173972
2022-10-10,1.5311112500440658,1.7612557497102086,1.2814637219245801,1.5645495305880017
2022-10-11,1.5214146089268958,1.7370597598396456,1.2788263522666183,1.553008847239367
2022-10-12,1.5163962508011897,1.7364645904113776,1.285667214530928,1.553893139027786
2022-10-13,1.5564157580781366,1.7771887077125856,1.2767658561302373,1.5761241588645214
2022-10-14,1.5209467669920185,1.7237714260478278,1.2608587605607693,1.5418145781721508
2022-10-17,1.5600304540418988,1.780692654218328,1.2644852538828326,1.5734703374290375
2022-10-18,1.5783604219631595,1.7947744784580268,1.26720512387438,1.5849088269631006
2022-10-19,1.5671754407937633,1.788228852963643,1.2502266558326323,1.5721598943166044
2022-10-20,1.5540340049226407,1.7791056733225648,1.248248534267133,1.5642627076145856
2022-10-21,1.5917991167727932,1.8208224275689768,1.2705018673875081,1.598456003301284
2022-10-24,1.6112773496120378,1.8408534696582282,1.2663808751147458,1.6091092419624518
2022-10-25,1.6370071560998782,1.8789329627488764,1.2692656200107608,1.6299913514431732
2022-10-26,1.6246736372978756,1.8374157677386416,1.2773427296518178,1.617349826161976
2022-10-27,1.6159983124419215,1.8039636963158336,1.2753647338490222,1.6038210715283059
2022-10-28,1.6544438472751808,1.8591660735265405,1.2623423831755691,1.6274402741021872
2022-10-31,1.6424932198031506,1.8375480505415263,1.2520399024936635,1.61278650011612
2022-11-01,1.635305825927489,1.8187723536784033,1.264815003691767,1.610426308508521
2022-11-02,1.594266093247816,1.7564298006533265,1.2559960198619582,1.5748112587224892
2022-11-03,1.5778499001898623,1.7221189228589038,1.2512156537340295,1.5571536869355784
2022-11-04,1.6005602103775194,1.7498189624199232,1.289623331899222,1.588906307983736
2022-11-07,1.615870409283975,1.7690569268001475,1.284513341725062,1.59769687668528
2022-11-08,1.6245886866929704,1.7819484121833105,1.3141844106313276,1.6167529738548387
2022-11-09,1.591118966504309,1.7408278592123025,1.3075907978423673,1.5905101595116409
2022-11-10,1.6785574105528478,1.8692808582656864,1.3473995982887748,1.6749062871138225
2022-11-11,1.6948028842571246,1.9037245347865621,1.3563009566894657,1.6942853570140144
2022-11-14,1.6803859620966277,1.8870647436613142,1.3592680761563627,1.6857743693597134
2022-11-15,1.6947179336522196,1.9131789373584203,1.3640484422842911,1.70031943817809
2022-11-16,1.6817894879012598,1.8870647436613142,1.3609164479129268,1.6869580968616702
2022-11-17,1.6766439084041633,1.8828997958800022,1.351026091610838,1.6799099221904255
2022-11-18,1.6842561916616603,1.8829656277273037,1.3417126088303304,1.678611641501526
2022-11-21,1.6781321120990782,1.8635957932830494,1.334212498473558,1.667693446190701
2022-11-22,1.7007146554860995,1.8904366137335995,1.3357784956592402,1.683833039278415
2022-11-23,1.7114319310779296,1.909410012508054,1.3441028547756466,1.6965010699742422
2022-11-25,1.711049039747957,1.8968491309473894,1.345256727581512,1.6931399253483241
2022-11-28,1.6837458062456747,1.8690164990293445,1.3346244970906713,1.6713923352294926
2022-11-29,1.6808540767461269,1.854868842942344,1.3412181098796316,1.668970718686182
2022-11-30,1.733802029774033,1.9394241756418484,1.3583614528258467,1.718966493117145
2022-12-01,1.7325261344127247,1.941804027877211,1.3833346559377695,1.7297822287448172
2022-12-02,1.7305272725872016,1.9340695081122825,1.3785542898098408,1.724827802791136
2022-12-05,1.699396216643683,1.901609454526397,1.3548998344082508,1.6949701567483546
2022-12-06,1.6749000347506655,1.8622067206680462,1.3586087023011961,1.6766656130108941
2022-12-07,1.6720507123749149,1.854604277336575,1.3708893045486008,1.6784850302576695
2022-12-08,1.6851496047649293,1.8765535232523693,1.372043177354466,1.6899606796927424
2022-12-09,1.6725609614335892,1.864587398381118,1.3769059180532763,1.6841568863239107
2022-12-12,1.6966746610685681,1.887990104173227,1.3655319391363874,1.6946591999868281
2022-12-13,1.7095182925719339,1.9082863309765297,1.388856770491746,1.714656852558852
2022-12-14,1.6985880268599414,1.8941388812589566,1.3854776524077357,1.7053745668137963
2022-12-15,1.6570380451215938,1.83054036389947,1.3628121949075436,1.6630828279237593
2022-12-16,1.637474861677444,1.8130866695874859,1.3746805470124275,1.6560800757374452
2022-12-19,1.6235894603161751,1.787606649140403,1.3708069299777184,1.6420856532511783
2022-12-20,1.6258111299882705,1.786215306461699,1.3935547620487925,1.651491807162451
2022-12-21,1.6501211841514403,1.812126226272937,1.3912470164370618,1.6667970631854307
2022-12-22,1.6265803215809969,1.7677920885803657,1.374433297537078,1.6385633214951298
2022-12-23,1.6359367512066134,1.7717680019662916,1.3785542898098404,1.6445711762357458
2022-12-27,1.629485414097046,1.7467184681445092,1.3901755182020787,1.6392802300862868
2022-12-28,1.6092343080176712,1.7236568910156898,1.3839116552220534,1.622812827610145
2022-12-29,1.6382011007171282,1.7656714363456631,1.3916591408168788,1.6487636851906173
2022-12-30,1.6338860736028178,1.7646113165977393,1.3981702532722533,1.6495574328187375
2023-01-03,1.6270075290371233,1.7526829573316798,1.4098738562353736,1.6481283451078952
2023-01-04,1.6395679464050361,1.7610324579898948,1.423143456384176,1.6601573175270354
2023-01-05,1.620855223511114,1.7334643916776193,1.4054232399163802,1.6382879787071944
2023-01-06,1.658024862983065,1.7813109370224511,1.4317151907386358,1.6761003761055415
2023-01-09,1.6570849520366613,1.7928418287715746,1.4349295596808822,1.6806546164319152
2023-01-10,1.668706003887415,1.8080176173452707,1.4402044247595096,1.691384839268916
2023-01-11,1.6898112521644213,1.8392962059599933,1.4392153010954083,1.7078819389271664
2023-01-12,1.695963694047742,1.8492366085330898,1.4558641450909247,1.7196170038915015
2023-01-13,1.702543070672567,1.8619605219413038,1.4733371120833714,1.732664223460064
2023-01-17,1.6994241698924872,1.8657374951993342,1.4636940052566323,1.728997621341103
2023-01-18,1.6725938235455984,1.841483309150279,1.4594906384129882,1.710751254864147
2023-01-19,1.6604175247234596,1.8233919333080078,1.482650594863879,1.7100465853391593
2023-01-20,1.6913493626352512,1.873292267193104,1.4777053538314828,1.734363623697986
2023-01-23,1.7116431485530452,1.9149091386367139,1.4805077241566158,1.7552401064787824
2023-01-24,1.7098062792132798,1.9109996762063712,1.4858649638061252,1.755534847663826
2023-01-25,1.7104470222188144,1.9067577526286847,1.492705826070435,1.757149334041124
2023-01-26,1.7292452411468864,1.9439356176915585,1.479188976446283,1.7697029473867667
2023-01-27,1.733218693196531,1.9632856406707941,1.477128480309902,1.7761085938422818
2023-01-30,1.711472565556679,1.9235908940728457,1.4733371120833714,1.7551908203808886
2023-01-31,1.7366367619174796,1.952417813891513,1.4786944774955844,1.7746883267369167
2023-02-01,1.7550935421381972,1.9941673808768623,1.4973213172938962,1.8010768907805654
2023-02-02,1.7806422661167056,2.065737742842647,1.466249000343712,1.8189044373028975
2023-02-03,1.7617157349587533,2.029024621730002,1.4296546946022548,1.786552663583666
2023-02-06,1.7509492343775646,2.0118606700939154,1.4326218140691516,1.7791115672717608
2023-02-07,1.7738492175851612,2.053543992493109,1.4339404360167807,1.7997005304744316
2023-02-08,1.7544525264180397,2.017029811508359,1.437484554767962,1.7839565914537934
2023-02-09,1.7392429592072827,1.9992034140107122,1.4261105758510733,1.7688408376218283
2023-02-10,1.7433020436483884,1.9860820330855622,1.4288304458426209,1.7674715851769667
2023-02-13,1.763766276205237,2.0178909911283878,1.4215774591984942,1.780832809937369
2023-02-14,1.7629548138460256,2.0328018013574596,1.4226489574334775,1.7853935045973826
2023-02-15,1.7686796392012858,2.048375057448092,1.4084727339541592,1.7859550725691464
2023-02-16,1.744326905199697,2.0099389579871083,1.407318861148294,1.7660998330660642
2023-02-17,1.7399693346042784,1.9957580764223162,1.4115222279919382,1.7622340010808417
2023-02-21,1.7050637719282198,1.9485077323528883,1.4062473629133105,1.734347580238543
2023-02-22,1.7027140627408663,1.9499655259871755,1.3983351281767211,1.7307306523685582
2023-02-23,1.7117715971402363,1.9669967820815228,1.3975933797506728,1.7385322955569111
2023-02-24,1.6934858089878186,1.9340610469657629,1.3875381485441167,1.7184689227883956
2023-02-27,1.6992535868961207,1.9479113247080566,1.3929777627645081,1.7267676598360826
2023-02-28,1.6929729691402309,1.9453929985869909,1.3993241260781188,1.7265184475049937
2023-03-01,1.6864790885495555,1.9297534979102022,1.4074012357191759,1.7230061999288286
2023-03-02,1.6995951619607867,1.9457242215177708,1.4065771127222455,1.7318898319367484
2023-03-03,1.726852988478425,1.9859497502826766,1.4216599595320798,1.7592737398455491
2023-03-06,1.7280492511699668,1.9882030980591183,1.4144893474588351,1.7573875378723745
2023-03-07,1.7015603435304325,1.963815803729469,1.389763393822262,1.7309826318120072
2023-03-08,1.7043375328885353,1.9736239234996809,1.3891040199670956,1.734532364650654
2023-03-09,1.6728931278437784,1.9394285093998198,1.402785744495715,1.7195422327307182
2023-03-10,1.6487539293915974,1.9121920787571791,1.4330338126862654,1.7155813880246482
2023-03-13,1.646404220204244,1.9263739921691077,1.4659193762974811,1.7321308257419865
2023-03-14,1.673618957811529,1.9706410597978137,1.4574301422766074,1.7515989460527326
2023-03-15,1.6631517615285203,1.980979342626701,1.4688041211934961,1.7555669343926346
2023-03-16,1.6923318170627626,2.0331994752438227,1.471771240660393,1.7824422605909296
2023-03-17,1.6725441894843054,2.0235907083403606,1.5146295351445795,1.7899889774293745
2023-03-20,1.688626852558957,2.0307719516707587,1.5152064086661603,1.7980709676858477
2023-03-21,1.710799233153757,2.0597763491968846,1.486606712232174,1.8031881302231942
2023-03-22,1.68163622228342,2.0317674777879446,1.5119096651530317,1.7949993534614723
2023-03-23,1.6861822386829772,2.055860282944869,1.530866254760279,1.8112139163197911
2023-03-24,1.6972469527038565,2.063427024365421,1.513640411480478,1.810604269787625
2023-03-27,1.7004206691230566,2.049289480380357,1.499629062905627,1.8020109674504503
2023-03-28,1.696604027981342,2.038404524938612,1.511909665153032,1.8023911859498325
2023-03-29,1.7212638386478518,2.075572277899549,1.504409429033556,1.8190980205328644
2023-03-30,1.7313422802365044,2.0952188537457825,1.51800865322859,1.8338693705170317
2023-03-31,1.7557447846566971,2.1300637124332855,1.5100964184920005,1.8494651858216546
2023-04-03,1.7624350197755636,2.1248867289806053,1.520975772695487,1.8547574039658634
2023-04-04,1.7526569733435808,2.117718693293553,1.5493282196541232,1.8607665419499773
2023-04-05,1.748068140748293,2.096811406616082,1.548091972277376,1.852524158029296
2023-04-06,1.754886824454351,2.110948950601146,1.5370477431694223,1.8546909981050412
2023-04-10,1.7566881045358818,2.1097540716172096,1.5256737642525333,1.8504007956816988
2023-04-11,1.7571600371900966,2.096214173493541,1.5353168710792726,1.8505065423745286
2023-04-12,1.7499978694170155,2.0776966447839422,1.5428171071987489,1.8455566545749682
2023-04-13,1.7732427002647482,2.1183823773716766,1.5636693180379093,1.8740893187894179
2023-04-14,1.768911037558466,2.114399860164078,1.535976244934439,1.8603253289399317
2023-04-17,1.7752580613249318,2.1161923850094095,1.5291353826701293,1.8603142360899294
2023-04-18,1.7764162803266368,2.1163248741817218,1.5350696216039232,1.8631641201980824
2023-04-19,1.7761162942419004,2.1153289353256812,1.5277342603889146,1.8597992520079463
2023-04-20,1.7664237438440678,2.0992007518450997,1.5337508738935905,1.8541309971018614
2023-04-21,1.7677957711098031,2.101391156946222,1.5185856525128743,1.8491449322513789
2023-04-24,1.769640003744376,2.097010759482832,1.5232011437363353,1.8503764944121015
2023-04-25,1.741549034055038,2.057453042184596,1.530948629331161,1.832087758812764
2023-04-26,1.73417237623137,2.0699311696049225,1.522624270214755,1.8298842261874328
2023-04-27,1.7686965475078797,2.1262140971368537,1.5227066447856368,1.8586457236242526
2023-04-28,1.7837928017929936,2.140882423288875,1.5231187691654537,1.8683755452520168
2023-05-01,1.7819915217114626,2.138427246212556,1.516277906901144,1.864235249098388
2023-05-02,1.7619632234786602,2.1197764028529362,1.5455369771902965,1.8638223865986707
2023-05-03,1.7498691481152016,2.105904869059633,1.558641702434631,1.8607602706501059
2023-05-04,1.737474813952384,2.0984706168113925,1.569603556971703,1.8585396104398397
2023-05-05,1.7696400037443758,2.1430724156511425,1.5450424782395973,1.8734817040830312
2023-05-08,1.7701118000412792,2.1483823010149896,1.546938099471511,1.875961699867512
2023-05-09,1.7623492510267915,2.1347759519357377,1.5578999540085832,1.8736902346029145
2023-05-10,1.770583732695494,2.1580061328866424,1.5556745829677343,1.882512687376181
2023-05-11,1.7674956486677555,2.1650420921402374,1.54232260824805,1.878078452295447
2023-05-12,1.765180028808213,2.157275791483508,1.5396851128273843,1.8739420910421736
2023-05-15,1.771269882685673,2.1689573329145437,1.5429819821032165,1.8808170865346823
2023-05-16,1.7594331135685313,2.1714135418379987,1.5236956426870345,1.8695010866569375
2023-05-17,1.7807908955859608,2.1976967520960455,1.5184207776084069,1.8824513189544916
2023-05-18,1.7979453271269887,2.2385151802255194,1.4987224395751122,1.8920100337314305
2023-05-19,1.7953291757534646,2.2334708923145787,1.5135580369095967,1.8959140972892656
2023-05-22,1.796058551011308,2.2409711827795475,1.510014043921119,1.8968133274167378
2023-05-23,1.7759013951193803,2.212563605637108,1.511827164819447,1.882461581444384
2023-05-24,1.7630356737315926,2.201214318983989,1.499629062905628,1.869634150414903
2023-05-25,1.7783031927996287,2.2547760592478405,1.4852055899509602,1.8842014534307243
2023-05-26,1.8013333972394636,2.312386561305447,1.491139828884754,1.9108922106589539
2023-05-30,1.802019410872331,2.322873430121974,1.500370811331676,1.9179666366738441
2023-05-31,1.7920270107470733,2.3096651676679403,1.5026786827061103,1.9117696316893744
2023-06-01,1.8090529937009094,2.3363470836594864,1.514547034810994,1.9302190887976414
2023-06-02,1.8352140983642138,2.3538690862518994,1.492211327119737,1.9348603054169633
2023-06-05,1.831697443307236,2.3555282964472095,1.50119506009131,1.9379619462529658
2023-06-06,1.8356857583038062,2.3551300034525644,1.5028434318478745,1.9399686015327944
2023-06-07,1.829338461822718,2.31517419952911,1.4847934655711434,1.918995146430297
2023-06-08,1.8404033122009082,2.3439132059717576,1.5044094290335566,1.9392553322653139
2023-06-09,1.8437056135646106,2.3528733537652866,1.5003708113316763,1.9411509838057093
2023-06-12,1.8604316104337102,2.392629804821991,1.4990521893840472,1.9573855155025035
2023-06-13,1.8726972232947137,2.4110148443592783,1.4880078345133896,1.9618936073871276
2023-06-14,1.8749272107627952,2.4285368469516913,1.4888320832730235,1.9677872646113574
2023-06-15,1.8981719052532167,2.4574752062610883,1.4992994388593963,1.9883468358664675
2023-06-16,1.89170638698328,2.442010706858631,1.496991693247666,1.9808983308527486
2023-06-20,1.8818917967918842,2.4385143960216977,1.4814967220580149,1.969692590576704
2023-06-21,1.8722495622419004,2.405283139886077,1.4793538513507518,1.956431451571332
2023-06-22,1.8790077033017663,2.433662650786407,1.4646831289207345,1.9600126865105132
2023-06-23,1.8648024076883196,2.409536620151691,1.4687216208599112,1.9503980285824214
2023-06-26,1.8571834429225715,2.377235883763664,1.471276615946991,1.9401575049425666
2023-06-27,1.8775444529948087,2.4181106507467844,1.464518254016267,1.9553968513342659
2023-06-28,1.8784910454494632,2.4228290813320545,1.461139010169553,1.95549334587003
2023-06-29,1.88589497473538,2.4179779552050453,1.4595730129838707,1.9560587456475498
2023-06-30,1.9081498515034823,2.4552633387395306,1.4692986201441953,1.9781518351592566
2023-07-03,1.9103452042145077,2.4610451909835604,1.4709469919007594,1.9812029834288811
2023-07-05,1.9075041996347428,2.4609789463974048,1.4657545013930138,1.977871843014699
2023-07-06,1.892567347046473,2.442236062273219,1.461386259644902,1.9657232255090082
2023-07-07,1.8877889777885561,2.4341280138449184,1.4723481141819739,1.96680847583778
2023-07-10,1.8925673470464732,2.4349254253119184,1.4735019869878392,1.96919650312002
2023-07-11,1.9046201061446246,2.4469553183361983,1.4790241015418162,1.9790796654222205
2023-07-12,1.9199447589260719,2.477860378287549,1.4990521893840465,2.0016526973947206
2023-07-13,1.9351830975295017,2.5199312624711694,1.500123561856326,2.0187536687988183
2023-07-14,1.9339775625407951,2.519399448457075,1.4953431957283976,2.0160481029204593
2023-07-17,1.9406930237622415,2.542927420491541,1.496414693963381,2.0251388915414967
2023-07-18,1.9551133548555197,2.563730284238809,1.513558036909596,2.0434106798434506
2023-07-19,1.9594609713672173,2.5631314001608505,1.5138052863849454,2.0448774901448212
2023-07-20,1.9464610743851656,2.5040465949147745,1.5061403011237056,2.021191252098737
2023-07-21,1.9464610743851656,2.496536398717296,1.5015246841375407,2.017105914536669
2023-07-24,1.9551564437658724,2.500524281530004,1.4950959462530482,2.0183048580824123
2023-07-25,1.9604941507145113,2.5174721643757314,1.5034204311321577,2.0284472827807836
2023-07-26,1.9607955003723603,2.509097899386243,1.5107557923471666,2.0296010421402935
2023-07-27,1.9477954670329973,2.503116281536608,1.4870188366119912,2.0128731213154953
2023-07-28,1.9668650370104448,2.5487096854744262,1.4988873144795791,2.0370184617334623
2023-07-31,1.9706099542064444,2.5500387045860924,1.5029259321814592,2.040494879161499
2023-08-01,1.9649710339572677,2.5441237440614684,1.4873485864209266,2.029921206885689
2023-08-02,1.9376364382733993,2.488294829269547,1.4802604746812675,2.0024355298970358
2023-08-03,1.9320835594876171,2.4843071528262666,1.479765849967865,1.9992299502279505
2023-08-04,1.92334537391118,2.4726765846437684,1.485123215380078,1.9955088002401002
2023-08-07,1.9401332769995847,2.493611731193922,1.481743971533364,2.0054329231328087
2023-08-08,1.931696304723685,2.4724103680825804,1.4723481141819743,1.9926034953074547
2023-08-09,1.9187821764904063,2.44522697438275,1.465342377013197,1.9776999618521647
2023-08-10,1.919471189984121,2.4497468775789795,1.4637765055902185,1.9784507917205523
2023-08-11,1.9183519691734319,2.4341280138449184,1.4637765055902185,1.9738615817284004
2023-08-14,1.9289412052500037,2.4614438967170607,1.4593257635085213,1.9828764819500992
2023-08-15,1.9064712930020695,2.4353245437842723,1.4554520207111086,1.9664088902365882
2023-08-16,1.8924813055830767,2.4095366201516915,1.4470452870238202,1.9508720975811136
2023-08-17,1.8780608381324875,2.3832175016132986,1.4448199159829715,1.9378138429758007
2023-08-18,1.8789644780341002,2.380226795873195,1.4450671654583211,1.937424588813107
2023-08-21,1.891190001845598,2.4185756010664403,1.4490232828266159,1.953799443342081
2023-08-22,1.886067194019479,2.4151197386372534,1.451413528771932,1.9521790262040528
2023-08-23,1.9070738559604559,2.4532027400081655,1.4661666257728312,1.9763021217334995
2023-08-24,1.880643445607445,2.4007634430592755,1.4658370017265998,1.952942352416521
2023-08-25,1.8939017396943036,2.4193734252722945,1.4639412547319826,1.9617359820085198
2023-08-28,1.9059116825967248,2.4375840826435318,1.4681447473383304,1.9726823008323562
2023-08-29,1.933461313760425,2.4908201719511402,1.4824857199594126,2.0029712700922784
2023-08-30,1.941424717094375,2.504711723578889,1.4861947136150613,2.011115153148284
2023-08-31,1.9385839852292326,2.5122215070375127,1.483722093098863,2.0110288874163085
2023-09-01,1.9421993629795513,2.5095628497058984,1.4844638415249114,2.011904752664078
2023-09-05,1.933805479614005,2.5127533210516066,1.4723481141819743,2.0043854567934645
2023-09-06,1.9208055826319534,2.4906212318232446,1.4656721268221322,1.9909797314537268
2023-09-07,1.9149081289206584,2.4728090738160797,1.4672381240078145,1.9849048904520656
2023-09-08,1.9177924951253988,2.476265142614694,1.4677326229585135,1.9870491993623405
2023-09-11,1.9304048646288954,2.5054422713514515,1.4704524929500609,2.0004368305145936
2023-09-12,1.9198154921950121,2.4776610254207987,1.4628698822597028,1.9859466116437445
2023-09-13,1.9220537974590792,2.4870985056996204,1.4594906384129889,1.987710737418303
2023-09-14,1.9386268014249632,2.507436006388378,1.4602323868390372,1.9991784854525556
2023-09-15,1.9152694757954543,2.4645012597821747,1.4698754936657763,1.9841396397662712
2023-09-18,1.916392378253547,2.467070352782351,1.4785296025911177,1.9891108199228211
2023-09-19,1.9124183807746573,2.461812266144751,1.477128480309903,1.9856944289781129
2023-09-20,1.894836878134814,2.4263361233792065,1.4781999785448863,1.9705511775861595
2023-09-21,1.8635181945310237,2.3818752748582868,1.4674853734831637,1.942897040004492
2023-09-22,1.8593282070711241,2.3822081487444855,1.4721832392775067,1.943604661018154
2023-09-25,1.8671469352978436,2.3935225589643947,1.4646006285871487,1.9460692129393573
2023-09-26,1.8397162077095481,2.3575814658791945,1.4528970256240283,1.9216147636804142
2023-09-27,1.840450355473285,2.3631057690779826,1.4349295596808829,1.9154499767632889
2023-09-28,1.8511204514354245,2.382873483778028,1.4277589476076382,1.9213019959563653
2023-09-29,1.8466280234591859,2.3846038914257486,1.413088225177621,1.9136321366113371
2023-10-02,1.8458936029808266,2.4045055398840964,1.3982526278431362,1.912005216457897
2023-10-03,1.8211842946103352,2.3623069130249914,1.3942141359039597,1.890447897827444
2023-10-04,1.8344458612726635,2.394454729667406,1.3940492609994921,1.903537506445783
2023-10-05,1.8337550751339025,2.3873995780570745,1.391494265912412,1.90026608364906
2023-10-06,1.8555268379482683,2.4274014023628117,1.3986647522229532,1.9216638746653831
2023-10-09,1.8674062869038295,2.4397810915663265,1.4243798295236276,1.9408085284596344
2023-10-10,1.8771256996919772,2.453292923447885,1.4219895835783114,1.9466728774528061
2023-10-11,1.8848148884730158,2.4707977973778337,1.4323744388310988,1.958699785237064
2023-10-12,1.8733243305691223,2.462211590986531,1.4280061970829871,1.9504594630422898
2023-10-13,1.8639931270460857,2.431261542500034,1.473914111367656,1.9599498439465577
2023-10-16,1.8836053991222834,2.4587503629522347,1.4667436250571149,1.9710321306620686
2023-10-17,1.8835189485869548,2.4506972087915897,1.4694633692859587,1.9700683444110325
2023-10-18,1.8584208855221074,2.4185489794103203,1.490727704504936,1.9622062821423791
2023-10-19,1.8420923702152834,2.3959191271233653,1.5090249202570167,1.9583675500085143
2023-10-20,1.8194561020476319,2.360176767796633,1.513145912529779,1.942390231712916
2023-10-23,1.8163028392251188,2.3672987831014027,1.5080359223556188,1.9410353714276483
2023-10-24,1.8299969312787123,2.3903277538607126,1.5078710474511512,1.9521369059469993
2023-10-25,1.8037323314161742,2.331822846705286,1.5142174107647621,1.9296098154563734
2023-10-26,1.7821333333151543,2.287361379076085,1.5166075309473743,1.9106588477747286
2023-10-27,1.774055117125137,2.2983439472569325,1.5342453728442889,1.9182367260963709
2023-10-30,1.7952656332464236,2.324234849233725,1.5255913896816506,1.929477867619496
2023-10-31,1.8065403375266182,2.3353507320645934,1.5172669048025411,1.9330835981379706
2023-11-01,1.8258063983895676,2.375884989492706,1.512486538674612,1.9491093715667338
2023-11-02,1.8607969116705312,2.419015167946541,1.5175141542778905,1.9755144757521517
2023-11-03,1.8777736696350082,2.4474355399934717,1.5230362688318673,1.9916551126975561
2023-11-06,1.8820934692552123,2.457419280146296,1.511167916726983,1.9907171729080686
2023-11-07,1.8874499935128026,2.480648635619492,1.5049039279842547,1.9961277159236326
2023-11-08,1.8888323839341925,2.482245934986619,1.489903581508006,1.9904112530667286
2023-11-09,1.8741017036005234,2.4631437616895435,1.4958378204418,1.9827737927320193
2023-11-10,1.9033466652149176,2.5185209338051546,1.4795186004925147,2.0007359725330596
2023-11-13,1.9015324311888187,2.51066630703355,1.4877605850380387,2.0017355358982445
2023-11-14,1.9384234926738984,2.564712396343222,1.5010301851868413,2.034995352537163
2023-11-15,1.9425274386704032,2.5666425695965467,1.4970740678185466,2.0351541796201484
2023-11-16,1.9449031921042044,2.5688393721499145,1.5139701612894125,2.044220794290443
2023-11-17,1.9473225798776035,2.569437430750164,1.513805286384945,2.0451528727767556
2023-11-20,1.9623122027453246,2.6007209722311413,1.511332665868747,2.0575870093466375
2023-11-21,1.9580350829635398,2.585611428243601,1.5276518858180317,2.0595132646372805
2023-11-22,1.9655950050135194,2.5961948779520942,1.5211406475999536,2.06204779147069
2023-11-24,1.9668046307215632,2.592533677942767,1.529053008099247,2.06507678739931
2023-11-27,1.9632624768473823,2.590271249911525,1.5393554887811525,2.0678744008746524
2023-11-28,1.9652062503191632,2.5970597722218134,1.5598779498113775,2.0795528612908356
2023-11-29,1.9638238598977733,2.594530508521102,1.5621856954231084,2.079415688472221
2023-11-30,1.9715564103037875,2.5880079964025735,1.5556745829677336,2.0775134387057332
2023-12-01,1.983219869278338,2.5953960218991035,1.5825434073115696,2.095547690817964
2023-12-04,1.9728092612794954,2.571301772156188,1.548339221752725,2.070298974033691
2023-12-05,1.972420370227828,2.5777580396885607,1.5424873573898132,2.069287510889514
2023-12-06,1.9644721025554261,2.5628482613066246,1.5481743468482578,2.0650614619909393
2023-12-07,1.9794618617804585,2.5986574843277945,1.5507293419353378,2.081067881311283
2023-12-08,1.987971921575185,2.6102387302171737,1.5300420060006445,2.0778876029993874
2023-12-11,1.9957041992665767,2.6325363277262124,1.513145912529779,2.0788496614477743
2023-12-12,2.004819003736669,2.653502016951602,1.5123217895328487,2.087155798523843
2023-12-13,2.032465448591352,2.6872471329611436,1.5464436005208113,2.121294521616007
2023-12-14,2.0389885096466336,2.6849174284966093,1.5555097080632656,2.127096288525319
2023-12-15,2.035631392643811,2.697896208147511,1.5412511100130657,2.122856974887276
2023-12-18,2.047082134212822,2.714889285897812,1.5482568471818428,2.134510951756754
2023-12-19,2.059530056798958,2.7287616451688237,1.558806577339098,2.147321209285948
2023-12-20,2.030990471555628,2.6882129418808014,1.5503173433182238,2.122868190210839
2023-12-21,2.050247941907969,2.7194915304955236,1.5612790720925922,2.1428145929640765
2023-12-22,2.054368523496446,2.723559484646015,1.5682024346904877,2.148485955217774
2023-12-26,2.063043030208532,2.740232689784036,1.5801532871289572,2.1613518378584606
2023-12-27,2.066773220814918,2.7458108554033434,1.5873237734394985,2.167390364864404
2023-12-28,2.067554139136411,2.744476264317141,1.5780927909925762,2.163110751667449
2023-12-29,2.061568734959364,2.732598878299619,1.5756201704763781,2.156773195169838
2024-01-02,2.050031270140402,2.686357474360151,1.5719113025834328,2.1388917531182043
2024-01-03,2.033289319465887,2.6579315303386832,1.5588065773390978,2.119581065377271
2024-01-04,2.026739805092224,2.6442525392210294,1.5603725745247798,2.114378900313136
2024-01-05,2.029515903591837,2.6473887354073633,1.560619824000129,2.1162918733701663
2024-01-08,2.0584891050849223,2.702105112616832,1.5484215963236065,2.1354285849733357
2024-01-09,2.0553662499428165,2.707442857853361,1.5489160952743053,2.135982157483482
2024-01-10,2.0669901652971063,2.7257930209574384,1.5453721022858276,2.14320535476237
2024-01-11,2.066079434815309,2.7314644655578753,1.5484215963236063,2.1457867447299597
2024-01-12,2.067510777511435,2.7328657139690886,1.563586943467026,2.1536545243996157
2024-01-16,2.059920447781048,2.732598878299619,1.548751346132541,2.144137480463471
2024-01-17,2.0484698425693493,2.717185145776272,1.5316903777572082,2.128259858232756
2024-01-18,2.0666864975649664,2.755753115301286,1.5443006040508442,2.150478736970201
2024-01-19,2.092450257023306,2.8104024224468898,1.5489160952743055,2.1757726173920555
2024-01-22,2.096874506343923,2.814072496341591,1.5430643566740971,2.1755132064279845
2024-01-23,2.102989859038585,2.8257499103840815,1.549080970178773,2.183464849224299
2024-01-24,2.1052888433061554,2.8414304785768985,1.5363058689806697,2.182297043424448
2024-01-25,2.1167390394459207,2.8449005804965677,1.5424049828189308,2.1900296603624696
2024-01-26,2.1140500732681926,2.8279516658037043,1.5413334845839473,2.184246029336511
2024-01-29,2.130791614870774,2.856911487533538,1.5522129645501377,2.202606968451471
2024-01-30,2.129144009479015,2.8378941320710735,1.554355835257401,2.1981655410730783
2024-01-31,2.0944022119337604,2.782310384158758,1.5532019624515354,2.1713143086262208
2024-02-01,2.121813985855793,2.815073388063887,1.5693563074963528,2.1968375676827
2024-02-02,2.1441510860825757,2.8626500021978405,1.5545207101618683,2.2100000847707335
2024-02-05,2.1363438118699998,2.8589128582392744,1.5459491015701126,2.2022940590275644
2024-02-06,2.1425462968865467,2.8531743435749726,1.5540262112111696,2.2067873073022244
2024-02-07,2.1604159225250488,2.882534315624297,1.5536140868313526,2.220296857473222
2024-02-08,2.1613700146318218,2.887872473599681,1.552212964550138,2.2213268344462005
2024-02-09,2.173861707914867,2.916297798512866,1.546196351045462,2.230024345016409
2024-02-12,2.172907479450783,2.9048880456175548,1.5421577333435819,2.2248482094690356
2024-02-13,2.1429796404216797,2.859580050597662,1.5208933981246044,2.19284078363932
2024-02-14,2.1624546006854546,2.8907418341165454,1.5199867747940887,2.207013122068711
2024-02-15,2.1773749540390637,2.899349709297711,1.530206880905112,2.2192262044067648
2024-02-16,2.1665316842916447,2.8730594824791376,1.5358113700299711,2.211543958768675
2024-02-20,2.1546039648479036,2.8513731512136946,1.5451248528104786,2.206391503159575
2024-02-21,2.156555647043736,2.839962366471247,1.5452072273813604,2.204153689720191
2024-02-22,2.2011868949442595,2.9231044813327554,1.545866601236527,2.2411820894218137
2024-02-23,2.2027048245330256,2.9144966061515887,1.5546030847327503,2.2437193587241175
2024-02-26,2.194637516927908,2.9129616303514996,1.5511414663151546,2.2389209300755266
2024-02-27,2.198714464176787,2.9199684915158484,1.5494930945585905,2.2413094190303333
2024-02-28,2.1958082808022477,2.9044208252341983,1.5522953391210201,2.2376950279220376
2024-02-29,2.2037022782647746,2.929310010010986,1.560290074191195,2.2506100423271787
2024-03-01,2.2243912276705533,2.9734161094864158,1.5897963939556967,2.283135770155284
2024-03-04,2.222005792867654,2.9628066572300864,1.6155113454936676,2.291914043418881
2024-03-05,2.199798777515798,2.909625462190134,1.6252369526539927,2.2751650497125024
2024-03-06,2.210945714995357,2.927908555230345,1.6385889273736771,2.2900039140841146
2024-03-07,2.2328924242400485,2.9723491795473915,1.647902410154185,2.313505854915965
2024-03-08,2.219490136832517,2.9294433246610065,1.6618313841581538,2.3042636616432666
2024-03-11,2.2175816799043484,2.918567449474062,1.6648808781959328,2.302161058843953
2024-03-12,2.2414368460772085,2.9604043107271494,1.6466660370147341,2.313020648880428
2024-03-13,2.2379237363103233,2.937651049522682,1.6582048908360905,2.3112891168723033
2024-03-14,2.233499759704329,2.930244450777697,1.6512816540008985,2.3046070050642893
2024-03-15,2.218163107479492,2.89541279973354,1.6460067889222714,2.28774650295544
2024-03-18,2.2313459959732325,2.923027299166953,1.6486441585802332,2.3007735160226734
2024-03-19,2.2437455117138776,2.9303102826249985,1.6467485373483195,2.3060643364170534
2024-03-20,2.2644989581278745,2.965054226662563,1.666364375048029,2.331444935031634
2024-03-21,2.271982247368935,2.9790850776537248,1.664633628720583,2.33688345590997
2024-03-22,2.267675401693299,2.9824926496369284,1.6512816540008983,2.3300498082710135
2024-03-25,2.261410055956268,2.97166857317623,1.6565565190795264,2.327566214666414
2024-03-26,2.2572331587982477,2.9620476304765586,1.6619137587290354,2.3261303959712234
2024-03-27,2.276202778866553,2.9721364126678678,1.6739471115010902,2.340901790924768
2024-03-28,2.2757675263290627,2.9666579234819355,1.6955410707662995,2.3493801649177724
2024-04-01,2.2718085281544096,2.9729381578928407,1.7128492886169822,2.357669863945121
2024-04-02,2.2573641981743524,2.947281278846581,1.7381521157751363,2.3575002239916216
2024-04-03,2.259843583164699,2.953896038099103,1.7533998374894382,2.3670206652064762
2024-04-04,2.232259862673188,2.9087291997674676,1.7433446062828821,2.340800913317008
2024-04-05,2.25558023547135,2.943005097943967,1.773180550093615,2.371500503261419
2024-04-08,2.256841676957667,2.9438735004939502,1.7842247792015686,2.3770994676749204
2024-04-09,2.259451828609496,2.9547646470185134,1.7940327609327755,2.3853029987422545
2024-04-10,2.23682824167179,2.928973834213951,1.7770542928910278,2.3628769586498297
2024-04-11,2.253709276803774,2.975744575734386,1.8115882282588076,2.396704230191663
2024-04-12,2.2226009925312327,2.9283054036389995,1.7876040230482826,2.3623639133060084
2024-04-15,2.194756011431379,2.88013196912136,1.821066460181079,2.3542846990098107
2024-04-16,2.1907532425598166,2.8803994238991115,1.8232918312219277,2.3538853257140375
2024-04-17,2.17778784397751,2.8452547104337746,1.809857356168658,2.333886854206299
2024-04-18,2.1733065973007935,2.829018595742727,1.8160388445778013,2.330503781570275
2024-04-19,2.1543371135897993,2.7704887178866002,1.8217258340362454,2.3100839287081363
2024-04-22,2.1741766933038402,2.7983504478938914,1.7767246688447962,2.3058974834846206
2024-04-23,2.199976860164282,2.84010992061175,1.772356301333981,2.324598975611329
2024-04-24,2.198932772232088,2.849731482419703,1.7690595578208526,2.3254149575969425
2024-04-25,2.1905791142733584,2.835967467098011,1.7796092879781076,2.3233488836042415
2024-04-26,2.2113326970446665,2.879731199693588,1.785378652007434,2.345147797768629
2024-04-29,2.2191636974293987,2.8914236787042698,1.7817521586853706,2.349502231490962
2024-04-30,2.1840099644468762,2.8369025269730055,1.7462292254161929,2.3067144888040807
2024-05-01,2.1769178843317745,2.816390231379344,1.7620538206520753,2.305625990509178
2024-05-02,2.1972793034759457,2.852336896439081,1.7566142064316839,2.320251052040076
2024-05-03,2.2245151764664732,2.90966446601189,1.7552130841504692,2.344765356174391
2024-05-06,2.247487838120963,2.941535334882899,1.7736750490443136,2.369618973728637
2024-05-07,2.249967495825932,2.94200296800511,1.7655155648323748,2.366982339277831
2024-05-08,2.250184849380055,2.940265956535716,1.7603230743246292,2.3642722416394504
2024-05-09,2.2631507933916066,2.9466797119660697,1.7880985219989816,2.3829674316059988
2024-05-10,2.266065703634066,2.953628789690781,1.8026044952872349,2.392307690837503
2024-05-13,2.266370189510073,2.9604437272877617,1.782411532540537,2.3853218125964775
2024-05-14,2.276767979921659,2.979486259820354,1.7974943793503715,2.400812274879605
2024-05-15,2.3049616266663633,3.0260559975186214,1.8205719612303801,2.4335049856727333
2024-05-16,2.300219392095926,3.019909490496592,1.813483849490721,2.427030288535585
2024-05-17,2.3035257841789663,3.018439108327241,1.8434022936350396,2.441146140324605
2024-05-20,2.3061795701703933,3.039486107106978,1.8508200294209303,2.4510318060177934
2024-05-21,2.3118353987261644,3.045432642153976,1.8481001594293827,2.453433282742637
2024-05-22,2.3051797983643536,3.0448312816428897,1.8141432233458874,2.435890942412643
2024-05-23,2.2883418521427226,3.031134336385063,1.7779609162215433,2.4101132146727857
2024-05-24,2.3034824225539903,3.0597980179867545,1.7796092879781076,2.423770465011736
2024-05-28,2.305092529685157,3.07135676960856,1.798318628110005,2.435881060601163
2024-05-29,2.288950823894737,3.049709029426018,1.7815874095436064,2.416917964912313
2024-05-30,2.2737662100719374,3.0170362089606098,1.7849666533903206,2.4044704045800422
2024-05-31,2.2944760221463363,3.0114237860163744,1.7744992978039476,2.405579454980678
2024-06-03,2.296346571741979,3.027593449751839,1.79032389303983,2.417689512722561
2024-06-04,2.2989139071980773,3.0358785631487435,1.7742520483285984,2.413561294336362
2024-06-05,2.32623691251049,3.0970807187186855,1.795269134072226,2.4488720196617444
2024-06-06,2.3261927327416467,3.0960117250853885,1.8085386084583248,2.4546082599047363
2024-06-07,2.3233655002503175,3.0932723773077084,1.7440039801380476,2.4236937036929413
2024-06-10,2.3305438945434367,3.1057663951739354,1.7599933245156942,2.436859958099563
2024-06-11,2.3361569069034767,3.1270806423619972,1.7650209401189725,2.446711260567702
2024-06-12,2.3553437441685934,3.1680385762243106,1.769718931676019,2.466262546882425
2024-06-13,2.3600862514536534,3.1852099571597794,1.7552954587213512,2.465673565378612
2024-06-14,2.3615218212264284,3.2017131138897237,1.778043290792425,2.481083202677998
2024-06-17,2.3803170402936527,3.2409338299132155,1.768812308345503,2.4935028495026965
2024-06-18,2.3863644870473153,3.2419357534826476,1.775900420085162,2.4992021857799145
2024-06-20,2.379882060470784,3.216946892272485,1.798071378634655,2.500918218868888
2024-06-21,2.3766915721023016,3.2083280795116726,1.7702134306267177,2.4846513830161165
2024-06-24,2.368965566847227,3.1718021354695685,1.777219167795495,2.4758077620041528
2024-06-25,2.3780881436840606,3.20807362600784,1.7684001839656862,2.4843280408106194
2024-06-26,2.3810563696352163,3.2146987037317247,1.7520810897791048,2.4794298690509544
2024-06-27,2.384810013699136,3.2229970247719755,1.7719443027168678,2.4922359222116772
2024-06-28,2.3754253581100917,3.2062666553025987,1.772109051858631,2.4847316847873744
2024-07-01,2.380314040432805,3.2250712438855405,1.776724668844796,2.4934510738243567
2024-07-02,2.396333297357728,3.2589339904686305,1.7766421685112104,2.5077329820767975
2024-07-03,2.4070272558493353,3.286103970155688,1.796670256353441,2.5278556251833266
2024-07-05,2.4209073392754656,3.320367692535978,1.8209015852766113,2.552864656878283
2024-07-08,2.4237007551536065,3.3282646250401733,1.7983186281100048,2.5453167956720373
2024-07-09,2.4260575549211447,3.3311418275952747,1.8013681221477835,2.5483140078570403
2024-07-10,2.450064350424108,3.365874008575484,1.8079617349367438,2.5686854333798212
2024-07-11,2.428937966763859,3.2920599981963403,1.8400230497883254,2.5577090118208488
2024-07-12,2.4442588015405913,3.3114003218124934,1.83886917698246,2.5675607693466764
2024-07-15,2.450980671555666,3.320300622472112,1.8448034159162539,2.5749767008508893
2024-07-16,2.4655155427903894,3.3215720645135685,1.8815625965621787,2.5974982666209177
2024-07-17,2.4309465099584804,3.2240676693606907,1.8728261130659551,2.5559217429478673
2024-07-18,2.4122650128888328,3.2088097457549383,1.8608752606274859,2.539905860931085
2024-07-19,2.3962457559639097,3.180368324026425,1.8274951980655711,2.511592577772638
2024-07-22,2.420950700900441,3.227748680835038,1.8280721973498557,2.5329606586295257
2024-07-23,2.4171534224969236,3.2163719470480907,1.8345009352343487,2.531629590946006
2024-07-24,2.362374599850947,3.100999467773256,1.8280721973498557,2.479277798638406
2024-07-25,2.3500658980795905,3.066802609087404,1.7994725009158696,2.452929084884807
2024-07-26,2.3763855862958714,3.0982553734987492,1.8184290905231164,2.4790854532473787
2024-07-29,2.3777827033068757,3.1044792690560072,1.8158740954360364,2.4800702281084352
2024-07-30,2.3657355348584845,3.061850774679884,1.8340064362836495,2.472785120422369
2024-07-31,2.4041899329169745,3.152462430961697,1.8672216239410961,2.5255042492015685
2024-08-01,2.3701439667309967,3.0761049173913593,1.8607928860566036,2.490294017647902
2024-08-02,2.3260157409516515,3.003093684084324,1.8572487673054223,2.4535555701197485
2024-08-05,2.2582734287257256,2.9135528787606533,1.833676686474714,2.3949713058784234
2024-08-06,2.2790939629368543,2.9413925272392256,1.8190059640446972,2.4035725889135744
2024-08-07,2.2638605331966293,2.909537755183545,1.8177697166679498,2.388996171107888
2024-08-08,2.3161947419666267,2.998543031843431,1.84628691276835,2.4442585255317604
2024-08-09,2.3264084500080333,3.0142027567240928,1.8508200294209294,2.4541067681788116
2024-08-12,2.327630756946023,3.0206941070591022,1.8825517202262796,2.470323226522929
2024-08-13,2.3659100722168755,3.095645832090827,1.8796669753302648,2.503035249555053
2024-08-14,2.373374271434362,3.0966496129851047,1.8643368790450814,2.4991333513828597
2024-08-15,2.4140542935269735,3.1748807545856934,1.8701887434079933,2.5370719982103074
2024-08-16,2.4194663152102405,3.1789629482266673,1.9120580399907823,2.5589884082193897
2024-08-19,2.4426004239212435,3.2207215954668165,1.9089260456194177,2.576952139181685
2024-08-20,2.4386277900154663,3.2139625839846278,1.9159317827881948,2.576904888067069
2024-08-21,2.4470088557937557,3.228952846443202,1.9133766619384114,2.5827177705070095
2024-08-22,2.4278034739343095,3.177758369879649,1.8904639549628695,2.5520020694973042
2024-08-23,2.453599550075414,3.2122224769738255,1.9123052894661314,2.580094605030924
2024-08-26,2.447750639566922,3.181037580079087,1.9184042775416887,2.5724380284195023
2024-08-27,2.4511115745744596,3.190540066727501,1.9235967680494344,2.5784978102119736
2024-08-28,2.436882143716923,3.1543356462530943,1.9100799184252824,2.557715473370826
2024-08-29,2.437100588129536,3.14971833668719,1.919970274727371,2.5609585061174047
2024-08-30,2.4603653271447103,3.1872610628974902,1.9062885501987517,2.5731994230529427
2024-09-03,2.4097328576190353,3.0904927874917107,1.8980465656532273,2.525797851201324
2024-09-04,2.404801086385969,3.082462333968066,1.8992004384590924,2.5223988712718035
2024-09-05,2.398952175877477,3.0853399492620217,1.9150251594576781,2.5281446190326182
2024-09-06,2.3585775941620515,3.0026920891788422,1.9008489359783602,2.4851493069993436
2024-09-09,2.3849842783429054,3.0413056663472844,1.908843671048535,2.508560697176733
2024-09-10,2.395372796457327,3.0694125632341813,1.9172504047358234,2.5236134155814156
2024-09-11,2.419946565660442,3.1360661735950828,1.9142009106980447,2.5491723388662977
2024-09-12,2.4403306201182793,3.1668500946926215,1.9478282227353088,2.579598178844097
2024-09-13,2.4530762107148605,3.1810375800790864,1.967196810959669,2.596491604441743
2024-09-16,2.4566986790453638,3.166983822081497,1.9670320618179047,2.5938734554498724
2024-09-17,2.457702541570741,3.1686570653978623,1.9561525818517151,2.5899014145958743
2024-09-18,2.4504136978555144,3.1549382449807446,1.9410697350418806,2.576946971581258
2024-09-19,2.4922282127776745,3.2347086961393954,1.9712354286615488,2.626672890891975
2024-09-20,2.48792041260086,3.228551870646002,1.996291132107057,2.6346219064856764
2024-09-23,2.4941369424204654,3.237109391686913,2.0001647491417662,2.6408481044357752
2024-09-24,2.5012738840909665,3.2527237152935737,2.0281051974832893,2.6599098341112155
2024-09-25,2.4957571399926644,3.2557398044732326,2.025302827158156,2.657551299887181
2024-09-26,2.505652044640383,3.280200359949565,2.0356053078400613,2.67222508506191
2024-09-27,2.50201757686649,3.261971954807582,2.019451088557948,2.6589143402521556
2024-09-30,2.512043929962248,3.2708179803078266,2.0032967435131304,2.6577796905046243
2024-10-01,2.489540064743814,3.225247483376437,2.024313829256758,2.6467945682106797
2024-10-02,2.490590834184259,3.2298047394390035,2.0247259536365747,2.64859320199671
2024-10-03,2.4860373181325834,3.227392280834131,2.0233248313553602,2.645708681174491
2024-10-04,2.508629270174081,3.265792059275914,2.0192862136534795,2.662455653061632
2024-10-07,2.485949776738765,3.230810171288699,2.01244535138917,2.641919277446494
2024-10-08,2.5094610497726686,3.2790609943415676,1.9976097540546853,2.6569080531177334
2024-10-09,2.5268425162369175,3.3048617128786395,1.9867303998511991,2.6651874334735335
2024-10-10,2.522420721347903,3.3011088848436008,2.0013187477103345,2.6691473831066603
2024-10-11,2.537525293429003,3.3062691523726713,2.0231599564508924,2.685575741564299
2024-10-14,2.558278330771066,3.334013458175842,2.019863212937764,2.6989502462892623
2024-10-15,2.538401252796433,3.289448393094147,2.0268688243438375,2.6830551010698995
2024-10-16,2.5494341955637925,3.2898504007384837,2.037006430121276,2.691524821381891
2024-10-17,2.5496531854056497,3.292128925585053,2.0492046577977985,2.6975958252176686
2024-10-18,2.5594600032303045,3.313707944748312,2.070963491967475,2.7164963055047924
2024-10-21,2.555257198183148,3.3200746479492467,2.070551367587658,2.716568975949085
2024-10-22,2.5538996247924044,3.3236933358565555,2.0928870752789153,2.726843020765436
2024-10-23,2.5305639799753834,3.2727613612044992,2.067666622691643,2.6936557733117774
2024-10-24,2.5360370897340876,3.2992996440746607,2.0835737182611114,2.7097861894990127
2024-10-25,2.535160857652035,3.319404566418877,2.0878595854383413,2.71683629491272
2024-10-28,2.542998130473084,3.319940507821516,2.087941960009223,2.71981787908002
2024-10-29,2.5471139395556675,3.3518394429346343,2.110689792080297,2.7398734810953123
2024-10-30,2.5394078424680346,3.326508008475191,2.1223110204725355,2.7352366979551865
2024-10-31,2.489627878852256,3.242537733102018,2.0894254568613193,2.6802211339054924
2024-11-01,2.500135573256704,3.2665290045007227,2.0808538482695638,2.6869369913843424
2024-11-04,2.4947500048918183,3.2570128974701085,2.0838209677364605,2.683675575722821
2024-11-05,2.524916332858287,3.2985624924804258,2.088518833530804,2.7079210957435835
2024-11-06,2.58769987510352,3.3881621130908717,2.0250555776828065,2.727456125935867
2024-11-07,2.6077073106677022,3.441505720870091,2.0576113914850875,2.763415236642816
2024-11-08,2.61900424118963,3.4455272418994447,2.043682543243822,2.762246533589145
2024-11-11,2.6214993072707693,3.443516997308336,1.995714132822772,2.7409751035784384
2024-11-12,2.6133557759286665,3.43728381512685,1.978488415305675,2.728596936299735
2024-11-13,2.614625535210969,3.432861318300296,1.9585428277970303,2.7186994259947315
2024-11-14,2.5978134968784743,3.409003980659895,1.9534327118601664,2.7042098139281014
2024-11-15,2.564539040359514,3.3277808951026384,1.9499710934425711,2.669589839426226
2024-11-18,2.575046734763962,3.3509012875182322,1.987060023897431,2.6963437928145972
2024-11-19,2.584459752673745,3.3739541971311056,2.004862740698812,2.7138650072133537
2024-11-20,2.5853357120411755,3.372011435342716,2.0161542192821154,2.718745592564519
2024-11-21,2.5992141591795708,3.3841412111697986,2.032967938182099,2.7344280734566753
2024-11-22,2.6072704218424776,3.3895691398460484,2.0591773886707694,2.7504660781143033
2024-11-25,2.6161148297643737,3.3949306175667147,1.998516377385201,2.7280177925832056
2024-11-26,2.6297742870609113,3.413158403600416,2.002390120182614,2.7394106350782703
2024-11-27,2.6218058385064453,3.386285595888638,2.0068408622643115,2.731483995157336
2024-11-29,2.6380926284760284,3.4160403526523444,2.0241489543522904,2.7529930101922213
2024-12-02,2.6428215000299637,3.4532334890528364,2.006428737884494,2.7565956895326478
2024-12-03,2.6440468068288006,3.463822097997011,2.0104672298236705,2.761688684000004
2024-12-04,2.660465317961046,3.506644579634775,2.016566343661932,2.7815784371617718
2024-12-05,2.656086884697007,3.496927881520847,2.0016483717565654,2.7706242214572243
2024-12-06,2.6611222874866183,3.5282242179063155,2.0023901201826138,2.780982691628472
2024-12-09,2.647418650421238,3.5007481923586057,2.0222533331203767,2.778185659890056
2024-12-10,2.639187577685316,3.4888188012454098,2.0488749079888637,2.7843417023796753
2024-12-11,2.659590176737483,3.5512773338886165,2.068408496880395,2.8169806239591
2024-12-12,2.6458857215282348,3.528357945295191,2.0380779283562593,2.792312877700985
2024-12-13,2.645360745879946,3.555365512242981,2.013434349290568,2.787998232119609
2024-12-16,2.656656312828761,3.6065649416727887,2.0182972157520824,2.8075939308612097
2024-12-17,2.6457106387405975,3.590682337810667,2.010549730157257,2.796024283137812
2024-12-18,2.566859296367638,3.461141565506104,1.9719771770875967,2.716742580605255
2024-12-19,2.5660711511086487,3.445727832982757,1.9747795474127297,2.713718559511173
2024-12-20,2.5968919941690873,3.4758175273269347,1.9953845087765405,2.741920814469562
2024-12-23,2.6124432728018214,3.5096810993877336,1.985988651425151,2.7519948553654325
2024-12-24,2.6414802895165685,3.557272365751024,1.9899447687934457,2.776457246191389
2024-12-26,2.6416561904480726,3.55485619249646,2.003379243846716,2.782138387568452
2024-12-27,2.6138493893953667,3.5076013082996322,1.9896150189845112,2.7536772692146583
2024-12-30,2.58402095484616,3.4609502610470178,1.9832687814336039,2.7280668266937003
2024-12-31,2.5746202090943893,3.4315504596982285,1.9956317582518905,2.722702435355378
2025-01-02,2.568294047996544,3.4248376749677503,2.0227478320710763,2.731028817242105
2025-01-03,2.6004067402237063,3.4808863731997217,2.006840862264312,2.7501504157559187
2025-01-06,2.6153866817223292,3.5208914994162956,2.004368241748114,2.7648374267245575
2025-01-07,2.5858219622130685,3.45806377186769,2.015659720331417,2.7431657275967196
2025-01-08,2.5895998778783897,3.4586678151813306,2.026374325393139,2.749521980679355
2025-01-10,2.550063348197869,3.404432485106845,2.045743039380203,2.7299177913970385
2025-01-13,2.5540168920800723,3.3934909844420256,2.0253853274917417,2.7193486568577683
2025-01-14,2.55753136542007,3.390269144943371,2.0360174322198783,2.7244937215960037
2025-01-15,2.6040529347263663,3.468266469982855,2.05126515393418,2.768707946792727
2025-01-16,2.599045076113626,3.4439681208763626,2.065441377413498,2.766845490588826
2025-01-17,2.625138956622487,3.50209702293529,2.0544795228764268,2.786776916283335
2025-01-21,2.6491683874391168,3.522636559293353,2.086293588252659,2.8151126116153216
2025-01-22,2.6640607875439213,3.5676762740577854,2.097008067551678,2.8372046649303986
2025-01-23,2.6786011130710943,3.5752615887267924,2.0940410738474844,2.8430390997561785
2025-01-24,2.670781566700507,3.555056783579774,2.1070632987582343,2.8408103090969683
2025-01-27,2.633002410047296,3.4515536419147974,2.085139715446794,2.7899934168112575
2025-01-28,2.655625996985002,3.5025667197517736,2.1031895559608214,2.819779829856398
2025-01-29,2.6437209128549273,3.4959889006267346,2.0951124463197646,2.810191284573031
2025-01-30,2.6579102546629585,3.510890424231579,2.126844011362411,2.8333989382082327
2025-01-31,2.643764819909148,3.5057885592504276,2.131047503968759,2.8288666628033705
2025-02-03,2.625973736081923,3.47773098465665,2.1424214828856476,2.8200072253403374
2025-02-04,2.6435894644068885,3.520421389860957,2.1635209432001576,2.84710941600897
2025-02-05,2.6543079672145193,3.5363968599653535,2.1769554182534274,2.861157064504821
2025-02-06,2.663533357464031,3.55485619249646,2.1711859284613975,2.866922473886127
2025-02-07,2.6391523974990148,3.5100166560764867,2.17505967125881,2.8478258495841184
2025-02-10,2.657075475203524,3.552506057458625,2.2119013522383204,2.8818427964458957
2025-02-11,2.6590962905561573,3.5440494510676532,2.2038243683599674,2.8767788960362193
2025-02-12,2.6505300515491985,3.5461292421557546,2.2061321139716976,2.8752566103152395
2025-02-13,2.6785132989626534,3.597143764578722,2.2278908223786704,2.9086157296798496
2025-02-14,2.6783813050853698,3.612245879266881,2.194758135054809,2.898219668774243
2025-02-18,2.6862447585101776,3.620435030880101,2.23110531708362,2.9192451470938625
2025-02-19,2.6925706468934005,3.6214421136852146,2.2323415644603672,2.9223465350947158
2025-02-20,2.6813688937747213,3.6060708932638867,2.233495311503529,2.914662794978938
2025-02-21,2.635506202996355,3.531228131289765,2.231434815367148,2.8769845532077984
2025-02-24,2.623513577472462,3.4895448088905714,2.2435505427100852,2.866507497497355
2025-02-25,2.6104660917887865,3.445578834256263,2.2139618483747014,2.837115318706518
2025-02-26,2.611784394273892,3.453901919627787,2.2173410922214156,2.8413207974411514
2025-02-27,2.570095328078076,3.3579828544152543,2.183548905279684,2.785466977970236
2025-02-28,2.6102026494634636,3.4110103042318847,2.1698671807510648,2.808800855361881
2025-03-03,2.5644722252770036,3.3363689588187855,2.198466877185051,2.784250101737769
2025-03-04,2.534116906077151,3.3263004008313497,2.217588341696765,2.778535844961886
2025-03-05,2.5613531881396123,3.36966212578259,2.2222038329202265,2.8024916147265184
2025-03-06,2.515886478993098,3.2769649000687116,2.2109123543369233,2.755464300588978
2025-03-07,2.5299871885488208,3.3010622453530365,2.2120663529054925,2.767845685855332
2025-03-10,2.462599678046751,3.173125169867846,2.1926976389184287,2.6994358083418417
2025-03-11,2.4421283549097175,3.165540061568266,2.2184125904563996,2.7003574207694814
2025-03-12,2.4550877537703295,3.2012498145254886,2.2280555715204353,2.7192006687792114
2025-03-13,2.422360090069457,3.1436580920857637,2.2676172482541967,2.7069055403725555
2025-03-14,2.472395860001129,3.2196414578844483,2.2685237458220087,2.747712968828914
2025-03-17,2.4914613392592386,3.2405169636701188,2.280804473832117,2.765672633411416
2025-03-18,2.464532679290943,3.1852743444210927,2.3074259229379,2.7507528483662633
2025-03-19,2.4913732524361754,3.2278978859309615,2.316904154860172,2.77677485873357
2025-03-20,2.484169495683165,3.2169565916355696,2.3139371611559785,2.7697758409438022
2025-03-21,2.48498900312374,3.227562122872781,2.295310195594963,2.7656920371927516
2025-03-24,2.5294911206505155,3.2983889357920853,2.285090215246643,2.7983273839057676
2025-03-25,2.535571838588122,3.3172112721457734,2.295145446453199,2.809997172719601
2025-03-26,2.505301333635863,3.256172354792808,2.293249699458582,2.7808059966508596
2025-03-27,2.498647914991033,3.237618711433435,2.3239923923625345,2.7854888787756065
2025-03-28,2.4483290672812186,3.152379264082507,2.3412181098796316,2.7492272647230376
2025-03-31,2.4647642140054353,3.152244917585349,2.374845547679599,2.768502469944137
2025-04-01,2.4717260728882993,3.17765539153544,2.3701475561225527,2.776722518821039
2025-04-02,2.487368165490322,3.2008473941422984,2.3750102968213636,2.791234164905367
2025-04-03,2.364788396974584,3.0294947312853484,2.3606693242002814,2.6899563548442136
2025-04-04,2.226346727871099,2.8413361677486377,2.305447927135105,2.5607989099797357
2025-04-07,2.2223813209028176,2.848192998339356,2.2559135195283733,2.54299820603502
2025-04-08,2.1875727082750536,2.796901321775555,2.2681942475384815,2.519070747639293
2025-04-09,2.4173099606902313,3.1326152640321525,2.3520975898458225,2.739104167260636
2025-04-10,2.3113859650283026,2.999378415285052,2.409544232189144,2.682562190378741
2025-04-11,2.3526277792432384,3.0546365122411236,2.455534395281991,2.7320579141235823
2025-04-14,2.375451811428473,3.0753411441410083,2.441523172469844,2.741869306822078
2025-04-15,2.3687981200690196,3.0787695594363678,2.4542981479052437,2.7451103481298524
2025-04-16,2.316144017046844,2.9859336534673586,2.5341629982734077,2.7269551423706004
2025-04-17,2.3194487728421493,2.9853958547398736,2.523036268831868,2.7240973227927916
2025-04-21,2.2642397428791985,2.911517250729991,2.6010878725390008,2.7081034798652244
2025-04-22,2.3231500556985516,2.98795050188014,2.5641636912259047,2.742472984291237
2025-04-23,2.35914865858154,3.055711696957238,2.5026785569434065,2.7554495625393156
2025-04-24,2.4088061733318216,3.1416907723355294,2.5391082393058038,2.8139958472670266
2025-04-25,2.426210820538982,3.1767141405776274,2.511580041106801,2.8210605536513267
2025-04-28,2.4271358685384596,3.17570581955595,2.5473502238513284,2.8345132192021696
2025-04-29,2.4424250684189834,3.1966795571890043,2.5225417698811694,2.8375034269640085
2025-04-30,2.443394568901927,3.196276104958677,2.5036675548448044,2.8306825520053
2025-05-01,2.460710856571401,3.238021750924908,2.451660652484578,2.830093209071056
2025-05-02,2.4972377076781487,3.2860866351238,2.455946645424511,2.859748933201545
2025-05-05,2.482917735565946,3.2665919471760425,2.529300257574597,2.877098969328207
2025-05-06,2.4621646982238827,3.2362071445508582,2.600181374971188,2.8870383807247397
2025-05-07,2.472519127010493,3.248912071971763,2.561196697521711,2.880434978757402
2025-05-08,2.489747600571526,3.2824568032674186,2.5107557923471666,2.8781293092832962
2025-05-09,2.486575111368128,3.2803058147269066,2.5289705077656612,2.8832381372171305
2025-05-12,2.568750026845344,3.4139461157043347,2.4576773917519565,2.9270605282354465
2025-05-13,2.585713967222564,3.4659774202954976,2.4681446215756258,2.9525296329083908
2025-05-14,2.589018723017869,3.4867493286286746,2.416220219548985,2.9389808116967844
2025-05-15,2.6016639546333753,3.490581196154361,2.4547926468559416,2.9604815261061783
2025-05-16,2.6181430084118125,3.5057732879128127,2.425121452186972,2.9590992839786265
2025-05-19,2.621006784662555,3.5091350458831614,2.4563586440416234,2.9738290995321255
2025-05-20,2.6121945570661125,3.4974380267450798,2.502101557659121,2.985651840910841
2025-05-21,2.5681770534234976,3.4488349310798485,2.520563774078372,2.9623947450676584
2025-05-22,2.5691904609606615,3.455288515809667,2.498227814861708,2.9558817668650157
2025-05-23,2.5516538198762175,3.4232901106326006,2.5529547129761854,2.9616160177990563
2025-05-27,2.6047044499594905,3.503823509563896,2.509684294112182,2.9886325484057346
2025-05-28,2.5896350580646916,3.488295035638983,2.503997304653738,2.9761965147027114
2025-05-29,2.599857492974018,3.495151866229701,2.518832776225519,2.9879404134696217
2025-05-30,2.596949536954433,3.4896401515659767,2.502266558326292,2.9787052790243513
2025-06-02,2.6115776765900462,3.5172012013177247,2.568779433974772,3.018532386422279
2025-06-03,2.626470622124095,3.544695387375035,2.5460314761409943,3.0232253740251958
2025-06-04,2.6257653821103424,3.5545775937696398,2.5624329448984575,3.0322560984785354
2025-06-05,2.6130756980113707,3.527822623000837,2.5494929687958865,3.014659369524398
2025-06-06,2.639909453291041,3.5623081925154505,2.5152887832370414,3.0213200283183164
2025-06-09,2.6422886156576233,3.567552039662569,2.5271572611046293,3.028462227454078
2025-06-10,2.6572699207293584,3.591147494499755,2.5278990095306777,3.041158791735208
2025-06-11,2.649690908655805,3.579047229500773,2.5415807340592975,3.0403383281089624
2025-06-12,2.6602217838031645,3.5874501798406535,2.573147675722884,3.0593327370600694
2025-06-13,2.6304803452185315,3.5424100523373663,2.6068573623310303,3.048488004992168
2025-06-16,2.655507366124221,3.5916848804883847,2.5696859315425846,3.057801254023381
2025-06-17,2.632815600530893,3.556661512246287,2.5710046792529173,3.0396754096901346
2025-06-18,2.6324188007551736,3.5560564370855094,2.5571582055825344,3.0338934757823735
2025-06-20,2.6262366329780016,3.541536284182273,2.5560867073475513,3.0269653664610368
2025-06-23,2.652176975154402,3.5779518205807843,2.5639164417505547,3.050397071761121
2025-06-24,2.6814766160506047,3.63266613409598,2.523613268116152,3.061195569653986
2025-06-25,2.682979000905889,3.641952758323462,2.531278253377392,3.067475111904988
2025-06-26,2.7039701181133844,3.676005777518502,2.5284760088149625,3.0839034569023034
2025-06-27,2.717404313131747,3.6885914234104398,2.482650594863879,3.073899604928318
2025-06-30,2.7303969831763024,3.712481986528632,2.512404038341027,3.0977148539508494
2025-07-01,2.7295131150848198,3.6811885393151456,2.5348222463658696,3.09789043682784
2025-07-02,2.741886722936328,3.7068291151766504,2.548833720703424,3.1154721630854167
2025-07-03,2.7634966296222476,3.7433053241867813,2.5314432540445635,3.126790425721359
2025-07-07,2.7429031303343394,3.715107005643601,2.533338749513774,3.111952563556761
2025-07-08,2.741400745479055,3.7171938132922295,2.5068820495497546,3.1011339242246754
2025-07-09,2.7578399829226092,3.7435071534866586,2.518091027799472,3.1192722055677846
2025-07-10,2.7656180766705787,3.7381233878678466,2.523695768449738,3.1230236355025562
2025-07-11,2.75589525494965,3.729711357273166,2.5479272231356123,3.127016561392935
2025-07-14,2.761154283729702,3.743238047753489,2.5386137403551046,3.1289758510093018
2025-07-15,2.7493552855877748,3.746670384067966,2.5280640101978498,3.121140922366045
2025-07-16,2.7585471319387205,3.7505063789821977,2.540674236491486,3.1308738991973777
2025-07-17,2.7754281670707046,3.780858368868445,2.5351519961748057,3.1434378625666275
2025-07-18,2.7733958977039266,3.7772242032540904,2.541745734726469,3.1443887386917884
2025-07-21,2.778654381054733,3.7968082491638584,2.580812660984124,3.1679202253077374
2025-07-22,2.779052271688943,3.777156514081943,2.605291365145348,3.17262165235801
2025-07-23,2.8026944477416404,3.7943850593487674,2.572982675055713,3.173327398185406
2025-07-24,2.8036227683165884,3.8024615332546943,2.557240454390713,3.169457504660213
2025-07-25,2.815466218941981,3.8116140173544464,2.533585998989123,3.1666909219405546
2025-07-28,2.8147590699258704,3.8235256606968964,2.51718453023166,3.162891217428631
2025-07-29,2.80733495975789,3.81760327087289,2.5241077670668512,3.1613771306238747
2025-07-30,2.8037994873919603,3.8227187562362412,2.480507598393913,3.143259390099284
2025-07-31,2.7932819752611024,3.802461533254694,2.4969915674849616,3.1407396181776397
2025-08-01,2.7474989171525026,3.7275572731912434,2.5476797221348555,3.1242092620695083
2025-08-04,2.7892602527232775,3.7963369013919563,2.5625154452320436,3.1653182904599415
2025-08-05,2.7751186359741817,3.7705617726638665,2.564575941368425,3.1536536637707964
2025-08-06,2.7963756499386023,3.8180073422114984,2.5591362013853303,3.1727037370110898
2025-08-07,2.7940330313314337,3.830928957531044,2.580730160650539,3.184320740710668
2025-08-08,2.815819657092725,3.866664713036103,2.5801531613662547,3.2022614127615063
2025-08-11,2.8102513699307727,3.8552231792489913,2.5430642309113947,3.1816482198409015
2025-08-12,2.8401692548761552,3.903678720773719,2.540756485299664,3.2053062332614215
2025-08-13,2.8498918038824614,3.9056309755557637,2.5485039708944894,3.2127560254199365
2025-08-14,2.8501568824955195,3.9026022978410406,2.5323497516123754,3.2052369366825197
2025-08-15,2.84348382839787,3.885441441746363,2.5338332484644726,3.1986632513993136
2025-08-18,2.842865311634068,3.8838928455640738,2.529877256858881,3.1963417127158946
2025-08-19,2.827442208873903,3.8311980632642144,2.5160305316630907,3.1702744881568448
2025-08-20,2.819929466453614,3.8084507867731383,2.5414982337257124,3.171888913528379
2025-08-21,2.80861644576896,3.790818995645414,2.532679501421311,3.1590836235776245
2025-08-22,2.8517478996031134,3.8493012021638404,2.5597954494777935,3.202774368836083
2025-08-25,2.83919729996161,3.838197288759754,2.5536139610686504,3.192418183148917
2025-08-26,2.851084657641223,3.8536085448499744,2.5721584262960806,3.208874197412631
2025-08-27,2.8575809926635003,3.859530934673981,2.577350916803826,3.215114516584661
2025-08-28,2.867700886874771,3.8836910162641973,2.596472381315541,3.233569603075212
2025-08-29,2.8505986801839494,3.8387359129649483,2.6215280847610494,3.225066190247282
2025-09-02,2.8294750236699255,3.806566221163242,2.6835077179942464,3.233507289316096
2025-09-03,2.8448094941777824,3.836514552449734,2.704524929500578,3.256270192714536
2025-09-04,2.8685850276808758,3.8712407487165525,2.6925739512994045,3.2703699803144106
2025-09-05,2.8602767767067903,3.876826756374097,2.728508883185696,3.283334383022203
2025-09-08,2.867303268955184,3.895737625212087,2.7595813258985835,3.3038252019317187
2025-09-09,2.8739324159986133,3.9067746749217354,2.7533173371558544,3.3069915696816734
2025-09-10,2.8822401215434534,3.908053339893146,2.763207819220647,3.3144986720779435
2025-09-11,2.9061921014072967,3.930800616384222,2.7590868269478848,3.3284631319648756
2025-09-12,2.9052201464927507,3.948163714517631,2.7645265669309795,3.335180326818271
2025-09-15,2.920686883592514,3.981947627979501,2.79329101250673,3.362179142957168
2025-09-16,2.916665706483934,3.9785825680983162,2.7988955016315886,3.3619376715690343
2025-09-17,2.9130418745803186,3.9706418852755374,2.77730154236638,3.3496626925346673
2025-09-18,2.9266527886740534,4.00644491721389,2.7661748129248407,3.3604743256934655
2025-09-19,2.9411483890031382,4.033565574607827,2.795516257784875,3.385486836664817
2025-09-22,2.9550631071863243,4.057444581038093,2.843896666823038,3.417036813934015
2025-09-23,2.9389770351788918,4.0304939720522315,2.855517895215277,3.4079253426248206
2025-09-24,2.9296264689176583,4.016344458640385,2.829638194535542,3.3900277858573005
2025-09-25,2.9161107322271715,3.9990288254752495,2.8414241720695443,3.38464942705756
2025-09-26,2.9328169572861413,4.01546862679102,2.8578256408270075,3.4022633225635484
2025-09-29,2.94105975675083,4.034064575882984,2.9049698024884236,3.429411266012507
2025-09-30,2.9521379701455226,4.045114833235978,2.9297782564585826,3.446610886889812
2025-10-01,2.9621975944252235,4.06451892500516,2.9343937476820434,3.457846682851233
2025-10-02,2.965609527067166,4.081228244792954,2.9241737673337234,3.459898361532638
2025-10-03,2.965565892727568,4.064047577233258,2.947663473593549,3.4642907530145313
2025-10-06,2.976200944860718,4.094569202788728,3.0032143689422535,3.4988667684145427
2025-10-07,2.965166911234869,4.073008550504497,3.0187093401319043,3.494418973400911
2025-10-08,2.9828480910692314,4.119700871642566,3.068490745688578,3.533926595125698
2025-10-09,2.9742068555410888,4.1147149862795445,3.0118683521048912,3.5073513763903
2025-10-10,2.893820402558146,3.9718759744506547,3.0422812951999085,3.446973075860867
2025-10-13,2.938223524676959,4.056164265111263,3.116211906634279,3.516908071107824
2025-10-14,2.934634054815777,4.029146379692109,3.1384653655173578,3.5160389239526277
2025-10-15,2.9476624504758786,4.057579133904676,3.1928625138229005,3.549826536993845
2025-10-16,2.927588199829187,4.04255420138232,3.26753487368332,3.5650601674748046
2025-10-17,2.9442060653504702,4.069100739029572,3.206049487875414,3.5572479519987055
2025-10-20,2.974827281307248,4.1203744614532,3.322756019223089,3.627685285451991
2025-10-21,2.9747828288237823,4.119296800303958,3.1092061694655024,3.5496351770841743
2025-10-22,2.9593169098678866,4.079611546699664,3.1095359192744376,3.5322100899091375
2025-10-23,2.9768658231103426,4.113906430863473,3.12198139642631,3.553802281812035
2025-10-24,3.0011944218678415,4.157835878109154,3.111513915077233,3.572161227464522
2025-10-27,3.036601506734655,4.231883705049404,3.0248908285410483,3.574265655676391
2025-10-28,3.044666768980104,4.264426925514481,3.003214368942254,3.578054369941408
2025-10-29,3.0461290647858825,4.283629600722642,2.991840390025365,3.5794808250689862
2025-10-30,3.012627709701013,4.218138675715021,3.050605780079019,3.571552543523986
2025-10-31,3.022509796761474,4.2384871139834255,3.034039310654385,3.5747356345083476
2025-11-03,3.028181988194594,4.258767037601974,3.0394790506374796,3.584809550731033
2025-11-04,2.9922870168681506,4.172322186426317,2.986235900900505,3.5254583365063716
2025-11-05,3.00265671767362,4.19947586292862,3.0207698362682853,3.5507686536418435
2025-11-06,2.9704403938899118,4.121250706041422,3.0171433429462216,3.514601524780743
2025-11-07,2.9733647127868466,4.108246955689819,3.035605307840066,3.5192269775219573
2025-11-10,3.0197619242252887,4.1991386552844485,3.118602152579595,3.595558544546356
2025-11-11,3.02667523990535,4.187953845064869,3.130882629064296,3.5998295598686028
2025-11-12,3.0283589799845885,4.184652346967286,3.1813235342388397,3.6188831340904484
2025-11-13,2.978106674642661,4.0992187059852885,3.1556085827008684,3.5644877596218687
2025-11-14,2.9776187881830305,4.102317549305286,3.098656439308246,3.5437474596054086
2025-11-17,2.9498782567835895,4.067281798897551,3.063133506039068,3.5091122844320215
2025-11-18,2.9251064967645486,4.017758914694944,3.0853869649221473,3.4935452338979465
2025-11-19,2.936406699861946,4.041745645966248,3.0904144547627213,3.5068938436881667
2025-11-20,2.891649321448522,3.946069890308475,3.0895079571949093,3.4610617311069123
2025-11-21,2.920453439875665,3.9757160967534335,3.084727465304277,3.4794361049178573
2025-11-24,2.963438445957542,4.077388122490178,3.133602624818547,3.544543437480788
2025-11-25,2.99131233480738,4.102520204082871,3.1326133753917413,3.562566267677052
2025-11-26,3.0119628314513873,4.138768581245287,3.1576690788372495,3.5907550329003155
2025-11-28,3.028403432468054,4.172322186426316,3.1969010057620757,3.621862836000958
2025-12-01,3.014577346537177,4.15830763861991,3.2123134766181414,3.6181162161947245
2025-12-02,3.0201609057179883,4.190850859084987,3.191626014920745,3.6220216217071344
2025-12-03,3.0306192387757664,4.201092148283054,3.1886590212165515,3.628030491575139
2025-12-04,3.0328350450834782,4.1971847495469845,3.1907195173529326,3.62857136296434
2025-12-05,3.038595596054284,4.214298140673388,3.185032527894488,3.6336445791699594
2025-12-08,3.0294670194957556,4.206212999251515,3.1766257942072,3.62448517684832
2025-12-09,3.0268525044099666,4.211400713914414,3.1929447626310776,3.6311391512642723
2025-12-10,3.0469267550566586,4.228649483385112,3.2065439868261105,3.6492790329447358
2025-12-11,3.0540170625267145,4.2149721432228775,3.241077922193891,3.6612759402966626
2025-12-12,3.0211803129768473,4.134389009259608,3.259210388804207,3.631649243405238
2025-12-15,3.016615888340272,4.113636912391449,3.2621773825083995,3.624846130843169
2025-12-16,3.0083733615902055,4.121789330246614,3.2629193824598555,3.6242140580817934
2025-12-17,2.97527044256879,4.045383938969148,3.290942079609557,3.598902169297908
2025-12-18,2.997737491313188,4.1040019365707225,3.285007840675763,3.623180548091852
2025-12-19,3.0249075037223854,4.157499495942691,3.288716582806005,3.6512335767441066
2025-12-22,3.0437520841362806,4.177428178796013,3.3646254415685783,3.6927418216112513
2025-12-23,3.0576635297439974,4.196992413240762,3.4092146081429147,3.72044496101382
2025-12-24,3.0684193944549096,4.209271394163767,3.395120633471775,3.7233087781870564
2025-12-26,3.0681082270706512,4.209001050214034,3.434764559013715,3.7375952380533475
2025-12-29,3.0571745524258773,4.1886270221366475,3.285255090151114,3.672894299195781
2025-12-30,3.053441089244022,4.178911974978138,3.2876453360964297,3.6694503084872805
2025-12-31,3.0308185931648057,4.14437068571816,3.2663808751147485,3.6423667538821043
2026-01-02,3.036374062739501,4.13634291499707,3.282617594730448,3.6482756710945003
2026-01-05,3.0565969428554483,4.169197340558483,3.368993683316691,3.698033589993265
2026-01-06,3.0747750087319834,4.205830390333345,3.405423114153681,3.7295246913676303
2026-01-07,3.0648637412069157,4.209878533018817,3.3728674261141034,3.7148292963914624
2026-01-08,3.0645525738226573,4.185928535505568,3.3914941401497116,3.714497424620385
2026-01-09,3.0848196337074474,4.227621350898417,3.4160553446445205,3.7439851050761703
2026-01-12,3.0896641362613173,4.231129218423278,3.4800132252059206,3.770346394762391
2026-01-13,3.083486331918105,4.224855175095191,3.4750679841735246,3.764183917959052
2026-01-14,3.0683302167733553,4.179721768610774,3.5105909174427024,3.757438681926228
2026-01-15,3.076686192806376,4.194766512598149,3.489079206985672,3.757683037327141
2026-01-16,3.07410822148,4.191258232334434,3.472265739611095,3.74954998833744
2026-01-20,3.011529215201632,4.1022061098145555,3.6036429933887875,3.744840885256964
2026-01-21,3.04628560297919,4.157661289573677,3.6561443946997123,3.794308321718293
2026-01-22,3.0621971376282304,4.187884917676158,3.72364626824959,3.8334595428231513
2026-01-23,3.063307904285623,4.201107832359528,3.7748289218501827,3.8555216914489514
2026-01-26,3.0788640917815617,4.219593167438472,3.8300503189153594,3.886503621507468
2026-01-27,3.091130795501055,4.257844979000897,3.9240088924292555,3.935190360171003
2026-01-28,3.0908196281167966,4.271944963750196,4.076155856712522,3.9902623191666478
2026-01-29,3.0846862762570497,4.246376204449383,4.087200085820476,3.983265821165078
2026-01-30,3.07548624846743,4.195373651453198,3.6672711241412523,3.826941520098575
2026-02-02,3.0907751756333313,4.224180759806847,3.5203988991739092,3.790953169154053
2026-02-03,3.064641478789587,4.159280464100095,3.7442512296134014,3.841205822419552
2026-02-04,3.0497968037437184,4.086621916144277,3.741613734192736,3.8117344468715593
2026-02-05,3.011707025135494,4.027793834465734,3.6419681712203946,3.7437378368234273
2026-02-06,3.0694859813434574,4.112932779905579,3.753894210677437,3.83240819520527
2026-02-09,3.0842862039058607,4.144438374890306,3.849254032235252,3.8808048186820017
2026-02-10,3.0761527630047896,4.125210935350873,3.811093603545409,3.8585676600386383
2026-02-11,3.0754417959839646,4.136275225824923,3.8541992732676484,3.8762676436431986
2026-02-12,3.027929727168793,4.052147903317591,3.720349524736462,3.785154606175339
2026-02-13,3.0300629009458913,4.060783225632585,3.8129068502064403,3.8201221308679587
2026-02-17,3.034951855983227,4.056600117341673,3.6940575739142067,3.7811735729097187
2026-02-18,3.0502410558637507,4.0868914346163,3.7771366674619133,3.8252807174679053
2026-02-19,3.0421965199296106,4.0712399645127295,3.7876863976191686,3.8205960610269467
2026-02-20,3.064197226669555,4.107265875432541,3.862358757479587,3.86618243627636
2026-02-23,3.0329075871730597,4.057342221802162,3.9667023120089753,3.872173954641667
2026-02-24,3.0549522009672243,4.100924142932307,3.911728164419148,3.877531837846144
2026-02-25,3.0807308233724897,4.160359776204754,3.901920434213349,3.903930427084318
2026-02-26,3.0636190716698812,4.110166604102352,3.9353828713461456,3.892162446023896
2026-02-27,3.048907754074409,4.097010965852274,3.987060023897437,3.8988163836933176
2026-03-02,3.05064112821494,4.102408351853287,4.038572427306964,3.9180581025852326
2026-03-03,3.0237520118669052,4.058489635817825,3.858402765873996,3.8343003909567863
2026-03-04,3.0450856586402444,4.120353824510472,3.888568207968256,3.87279245702258
2026-03-05,3.0281072643880322,4.107939877982028,3.841836296449361,3.846191183095557
2026-03-06,2.9884174690896734,4.046143378461528,3.9026621826393963,3.8303989637511813
2026-03-09,3.014595891131506,4.100182038471818,3.8945849472356358,3.8559935430692214
2026-03-10,3.009751388577636,4.100249727643965,3.938514614192102,3.868447337915041
2026-03-11,3.0059737456269375,4.0997098652222075,3.9251626394724175,3.8622876034991687
2026-03-12,2.9603281356880715,4.029345319820004,3.8480177848585044,3.795338464664601
2026-03-13,2.943572276567809,4.005462598740048,3.798236127776423,3.764312466603332
2026-03-16,2.973528614274962,4.050393763185733,3.7948568839297097,3.790041102284315
2026-03-17,2.981350615077152,4.070160652408069,3.785296151673852,3.7963469623714787
2026-03-18,2.939749908419022,4.013423918505555,3.6655401262883984,3.7210141701941692
2026-03-19,2.9325052444726385,4.000740453505087,3.514464660240115,3.6629171025086644
2026-03-20,2.8904657399869262,3.926799938667022,3.407071611672948,3.5855381675381874
2026-03-23,2.920815604894329,3.9718755617118005,3.330091506200799,3.5848028312998563
2026-03-24,2.9110109687866537,3.9447206469929346,3.3308332546268478,3.5728882942336724
2026-03-25,2.9272331253907073,3.9706596330462824,3.4310558168834735,3.623191756888772
2026-03-26,2.8749564594060546,3.875888188218839,3.302068809051098,3.527393800881982
2026-03-27,2.8259330061530563,3.800166292484515,3.417951091639139,3.525636326206879
2026-03-30,2.8164848080569724,3.7711202083340796,3.4169618422123333,3.512384410975009
2026-03-31,2.89835401044238,3.898787352608392,3.546443600520815,3.6304187877850667
2026-04-01,2.920191633838077,3.9469498495463853,3.608505734087597,3.675662897851891
2026-04-02,2.9228211482281026,3.951475531086578,3.539190613876688,3.6546359886398414
2026-04-06,2.9366368710033255,3.9752530037586227,3.524684640588435,3.66273166632299
2026-04-07,2.937928992884672,3.9758609680913817,3.558971326480865,3.6753321072857332
2026-04-08,3.012756976432072,4.0940714397301345,3.5813895345057083,3.7506773339394006
2026-04-09,3.0301376247524536,4.1217666296096125,3.609247482513646,3.7760722379216745
2026-04-10,3.028132354133302,4.1277108945929095,3.602818744629153,3.7748125450472494
2026-04-13,3.057724617819434,4.170401712536071,3.588230271007314,3.7950276176829116
2026-04-14,3.0949826168290713,4.246123608270395,3.6684248711844134,3.8616824734852937
2026-04-15,3.1194050294167055,4.305567083581079,3.6302644424945703,3.8764701899163683
2026-04-16,3.127070492025588,4.326304321850474,3.6271324481232057,3.8847541809447868
2026-04-17,3.164863284409923,4.382910217536094,3.675348108019605,3.9345604336551077
2026-04-20,3.1585343961658525,4.368995139793635,3.6436989175478396,3.9164800884730333
2026-04-21,3.1378558099157283,4.352378273509261,3.54050936158702,3.8659963276303193
2026-04-22,3.1696319722987414,4.425196138662938,3.587406273773087,3.917675824140037
2026-04-23,3.1573314519660594,4.400270426497522,3.5526250889299575,3.8925912362816573
2026-04-24,3.1817985897517818,4.4844365464571805,3.570839804348452,3.9341172850511117
2026-04-27,3.1872801536637834,4.48680071461607,3.543146857007686,3.926897757714844
2026-04-28,3.171770873082912,4.441678039341872,3.4773757297852543,3.883066163742638
2026-04-29,3.171280804906302,4.468832541321884,3.4402867993303947,3.876973991788842
2026-04-30,3.2028338867281203,4.510510085377113,3.491799202739922,3.9212350676046133
2026-05-01,3.2117028389660405,4.553809280391889,3.4878429596089244,3.9359210184435414
2026-05-04,3.199937112008057,4.545230503299968,3.418033340447316,3.902383839294888
2026-05-05,3.2256077394228173,4.604200567144478,3.44737478530735,3.9408621094290552
2026-05-06,3.2704417506451606,4.699849907515559,3.551965589312088,4.026264565409649
2026-05-07,3.260414306690913,4.694243262915288,3.5578998282458825,4.0227907955228455
2026-05-08,3.287332603503554,4.804280267017294,3.575125545762979,4.071786346062906
2026-05-11,3.294819710749329,4.8181953447597525,3.582378532407106,4.081562285690324
2026-05-12,3.289828215013938,4.777328419814868,3.568202308927788,4.062577642615616
2026-05-13,3.308234270314873,4.827787808478459,3.548174346848261,4.0768565180403
2026-05-14,3.3343505134227773,4.862102091368432,3.521058147266372,4.0868579717282
2026-05-15,3.294240464891165,4.788744363792998,3.4392978014289977,4.018284048854106
2026-05-18,3.291922936029265,4.768141678390188,3.4486935330176838,4.0152382577591945
2026-05-19,3.269996134952015,4.738758386595581,3.3915766404832968,3.975908863975521
2026-05-20,3.3035103076241414,4.817250172782821,3.4402042989968096,4.030445816993407
2026-05-21,3.3100614582855394,4.826436501468646,3.436825055150096,4.03435235745002
2026-05-22,3.3230751273560264,4.846903808527162,3.4106981049950114,4.035119093516525
2026-05-26,3.345135831312918,4.932961510657246,3.4121816018471085,4.068514796628569
2026-05-27,3.344556312740132,4.927354866056974,3.3667681865131387,4.048688907515601
2026-05-28,3.3630068205245323,4.968897031767909,3.4020438703069673,4.081652138008368
2026-05-29,3.3713854318712198,4.987202825445122,3.43789655338508,4.104392453812421
2026-06-01,3.380566096922643,5.01712721787805,3.389598644680502,4.09710670451392
2026-06-02,3.3851567021629774,5.040228624306335,3.395285634138947,4.107540977209375
2026-06-03,3.361402440400438,5.027056889240929,3.3616581963389787,4.080794506380474
2026-06-04,3.3741041239427987,5.002739141408272,3.38968089348868,4.090693544788014
2026-06-05,3.2870206179754278,4.762602722962064,3.265803875830464,3.940216439389367
2026-06-08,3.294463000023115,4.836974137164285,3.274293109851338,3.9671140805676868
2026-06-09,3.2847922667950815,4.78131382619445,3.2208027106390147,3.9264125726632577
2026-06-10,3.233005668987039,4.685799864167662,3.0872824603913562,3.8253759595649672
2026-06-11,3.2879565745598054,4.844066641640954,3.1840435299930894,3.9300822419774577
2026-06-12,3.305738658804488,4.872572450630778,3.1858567766541217,3.9456223277932545
2026-06-15,3.364031954790463,5.025638305797826,3.2683588709175435,4.04418936178517
2026-06-16,3.3439770668819677,4.930123931032184,3.277260355080938,4.014203785611102
2026-06-17,3.302217913028173,4.880475574217793,3.2028352446958688,3.9536323552919446
2026-06-18,3.3365510477116302,5.002806830580421,3.1906370170193457,3.9953482615682496
2026-06-22,3.3260509893166117,4.990249250930592,3.169784806180185,3.979110467485447
2026-06-23,3.2777502298132055,4.825925118027855,3.109865669083369,3.89110021515713
2026-06-24,3.276230936651327,4.805435110332339,3.0159070955694722,3.845804693586333
2026-06-25,3.28096717150007,4.84438610151438,3.0450835397623357,3.8704504461604783
2026-06-26,3.257241272058269,4.777709790516479,3.0794527259883515,3.8579253864266843
2026-06-29,3.310903873754404,4.896455997188444,3.037830553118209,3.893692185868236
2026-06-30,3.336685223305894,4.979767747719175,3.036182307124349,3.9251777903008733
2026-07-01,3.3321723417329685,4.903826687653083,3.054479522876429,3.9113401837938118
2026-07-02,3.327793635754307,4.818824358774096,3.1165416564432116,3.9135180863667425
2026-07-06,3.3568366521907493,4.887935416275016,3.149509594625309,3.9574116789920604
2026-07-07,3.340885301206826,4.797387940885086,3.1112666656018804,3.9106890391017632
2026-07-08,3.3305638708895366,4.810980256843283,3.08621121368178,3.8998573548505564
2026-07-09,3.3587579267061747,4.8910462290217955,3.1169536550603256,3.9454451464727076
2026-07-10,3.373234709726308,4.906126055811808,3.10731067399629,3.9510997445895395
2026-07-13,3.3474086349767296,4.81300886831342,3.0258798264424436,3.881504853230495
2026-07-14,3.359294083653985,4.86676934233574,3.0672544983118297,3.918242091703379
2026-07-15,3.372609102382321,4.85358274867157,3.068902995831097,3.920582026138968
2026-07-16,3.3543342228148028,4.773787533181646,3.007994609307476,3.8660780268785095
2026-07-17,3.3211358536755164,4.7020394871389755,3.0364295565996984,3.8461372903555793
2026-07-20,3.31577428419741,4.70697584383945,3.029753569239856,3.842594772419628
2026-07-21,3.3434321830662372,4.794277128138307,3.089178207385973,3.9021578213855217
2026-07-22,3.339544636122676,4.769797586674665,3.12470114065515,3.9089611289565838
2026-07-23,3.2983036400516075,4.6792505240235895,3.062062007804083,3.8420147684865515
2026-07-24,3.3016547573327353,4.626977560833085,3.065194002175448,3.8303191954071685
2026-07-27,3.3023698150728977,4.612709178631127,3.087694710533876,3.836030905007995
2026-07-28,3.3102782664104162,4.567875007816263,3.0443417913362874,3.808711370787593
2026-07-29,3.259341447366045,4.474825509490022,3.05843551448202,3.769191667680939
2026-07-30,3.3139869125616257,4.62237923725449,3.108546921373036,3.8522704805063768
2026-07-31,3.33784698759769,4.652403925229075,3.062227008471254,3.8507224970278924
2026-08-03,3.3853879641628453,4.734092786583697,3.0636280049897646,3.8921292331635415
2026-08-04,3.446423132963311,4.894900384445629,3.0838209677364623,3.968140157885778
2026-08-05,3.439541997608703,4.8506073142690855,3.2114069790503272,4.008254460029085
2026-08-06,3.4340462525363322,4.832687431420882,3.211654228525677,4.001286536352269
2026-08-07,3.4550466420409918,4.88935565067354,3.2841835919161286,4.05520327752467
2026-08-10,3.4540190533434583,4.874748822610847,3.317728529382511,4.0645697094452045
2026-08-11,3.4429825652860067,4.858384139766605,3.3047060529463543,4.050374323194545
2026-08-12,3.451606074363688,4.8938862850799865,3.3373444928449243,4.076956136104362
2026-08-13,3.47568950267557,4.950486815160498,3.2882220838553056,4.082152901553703
2026-08-14,3.468808640035585,4.9437245017674725,3.3089920458862876,4.086195281584875
2026-08-17,3.452410309785404,4.935609643148071,3.342042232876563,4.091124839332491
2026-08-18,3.4290866644117726,4.852027548667607,3.2848428400085905,4.035478230058765
2026-08-19,3.4362803307237506,4.842357490044244,3.4108628541367736,4.087225081902327
2026-08-20,3.407415942365038,4.807531410974623,3.4225665828625975,4.070657445704755
2026-08-21,3.42135656843736,4.8245048836293325,3.48932645646102,4.107466573832194
2026-08-24,3.4113032165939763,4.776357245290103,3.516772405851844,4.100548869888165
2026-08-25,3.4222055290571642,4.8061111765761,3.528146384768733,4.117852593420937
2026-08-26,3.422965311995415,4.810506845377108,3.472512989086443,4.097768682468714
2026-08-27,3.4453952715511544,4.876371711786955,3.4830627192436987,4.1295710972998245
2026-08-28,3.4375759978951894,4.844724134636261,3.370065181551673,4.072856290996289
2026-08-31,3.427299292775988,4.846955813622839,3.36619143875426,4.0678625128790395
2026-09-01,3.403752294126539,4.785283548497559,3.2700073684368114,4.002549047513316
2026-09-02,3.4188544117760364,4.7961030848308575,3.3197065251853073,4.031762838420334
2026-09-03,3.454644387972822,4.853109337205396,3.3810269103260415,4.08662974490809
2026-09-04,3.441329369244486,4.861832985635265,3.3525919630338192,4.072371697675969
2026-09-08,3.422429155047604,4.857775349956137,3.294486072598035,4.0402565025002115
2026-09-09,3.406522529261768,4.843912690048207,3.3244045167423537,4.042384242633648
2026-09-10,3.3861030219030073,4.792383895012464,3.2667928737318612,3.9966217617204145
2026-09-11,3.4149671375470976,4.834242631424843,3.286656086669624,4.027714222588296
