Date,LQD,HYG,SPY
2015-01-02,79.4454116821,48.073135376,169.267425537
2015-01-05,79.7702178955,47.6277885437,166.210632324
2015-01-06,80.0951385498,47.4453468323,164.645065308
2015-01-07,80.2011566162,47.740447998,166.696731567
2015-01-08,79.9426345825,48.0999336243,169.654785156
2015-01-09,80.1547851562,48.3413658142,168.295211792
2015-01-12,80.3072967529,48.2823143005,166.976867676
2015-01-13,80.3802185059,48.2823143005,166.507278442
2015-01-14,80.5194244385,48.1696548462,165.501983643
2015-01-15,80.9371109009,47.874584198,163.98588562
2015-01-16,80.486289978,48.0569915771,166.136444092
2015-01-20,80.6718978882,47.9711494446,166.490753174
2015-01-21,80.6387786865,48.2286720276,167.331192017
2015-01-22,80.598991394,48.2930679321,169.819580078
2015-01-23,81.0697174072,48.2930679321,168.888519287
2015-01-26,81.0498199463,48.5130805969,169.283966064
2015-01-27,81.1095275879,48.4754905701,167.051040649
2015-01-28,81.6597595215,48.3735618591,164.908721924
2015-01-29,81.4674911499,48.5452575684,166.433059692
2015-01-30,82.1370697021,48.4110946655,164.340179443
2015-02-02,82.2135772705,48.5969619751,166.375366211
2015-02-03,81.5487823486,48.8717422485,168.781387329
2015-02-04,81.6617889404,48.667011261,168.138687134
2015-02-05,81.402557373,48.9525184631,169.836029053
2015-02-06,80.5515823364,48.9902191162,169.366424561
2015-02-09,80.6047897339,48.8717422485,168.608352661
2015-02-10,80.3853988647,49.0387039185,170.404556274
2015-02-11,80.4385910034,49.0225753784,170.503463745
2015-02-12,80.6447067261,49.0171890259,172.143173218
2015-02-13,80.3255844116,49.0871658325,172.851776123
2015-02-17,79.9533004761,49.0548439026,173.123703003
2015-02-18,80.2391891479,49.2219009399,173.140167236
2015-02-19,80.2258377075,49.1087341309,173.016571045
2015-02-20,80.345489502,49.2434310913,174.054748535
2015-02-23,80.6180419922,49.2811279297,174.030029297
2015-02-24,81.1432571411,49.3296012878,174.524429321
2015-02-25,81.2163848877,49.491230011,174.37612915
2015-02-26,80.7776412964,49.4804458618,174.170135498
2015-02-27,80.970413208,49.491230011,173.576858521
2015-03-02,80.2685089111,49.4820137024,174.672805786
2015-03-03,80.2218704224,49.3413848877,173.955871582
2015-03-04,80.1685409546,49.2493743896,173.222564697
2015-03-05,80.2751693726,49.3413848877,173.412139893
2015-03-06,79.4219894409,49.0275535583,170.973098755
2015-03-09,79.7419586182,48.9247817993,171.681716919
2015-03-10,79.8685455322,48.7354202271,168.896697998
2015-03-11,80.2751693726,48.8706550598,168.501235962
2015-03-12,80.1951828003,48.9680595398,170.643554688
2015-03-13,79.9685516357,48.8003349304,169.597106934
2015-03-16,80.0485153198,48.7516517639,171.863037109
2015-03-17,80.1818618774,48.5081863403,171.352142334
2015-03-18,81.1684036255,48.9409751892,173.412139893
2015-03-19,80.7551345825,48.5514640808,172.621047974
2015-03-20,80.9817352295,48.9301757812,174.144760132
2015-03-23,81.1684036255,48.9680595398,173.805419922
2015-03-24,81.2883605957,49.0438041687,172.828826904
2015-03-25,81.0217819214,48.9139404297,170.29624939
2015-03-26,80.5217971802,48.9085426331,169.890625
2015-03-27,80.8417663574,48.9463996887,170.279663086
2015-03-30,80.9817352295,49.0816917419,172.357009888
2015-03-31,81.12840271,49.0221328735,170.850708008
2015-04-01,81.361656189,49.1232299805,170.246551514
2015-04-02,81.2279586792,49.1612434387,170.859039307
2015-04-06,81.3349304199,49.2862815857,172.009490967
2015-04-07,81.6289978027,49.5471229553,171.554199219
2015-04-08,81.6022796631,49.5362510681,172.133560181
2015-04-09,81.1878585815,49.4873428345,172.89503479
2015-04-10,81.3014907837,49.6014556885,173.838546753
2015-04-13,81.2747650146,49.5090942383,173.05229187
2015-04-14,81.4619064331,49.5308418274,173.383331299
2015-04-15,81.5153579712,49.7264709473,174.161300659
2015-04-16,81.4685821533,49.6232299805,174.111633301
2015-04-17,81.6891403198,49.4710273743,172.108734131
2015-04-20,81.4953613281,49.5797386169,173.681304932
2015-04-21,81.4752731323,49.612361908,173.47442627
2015-04-22,80.9472503662,49.5634536743,174.326797485
2015-04-23,81.1544418335,49.5471229553,174.765487671
2015-04-24,81.3082427979,49.6286430359,175.171066284
2015-04-27,81.248046875,49.6449432373,174.442718506
2015-04-28,80.7668075562,49.5688552856,174.997253418
2015-04-29,80.0984420776,49.4764823914,174.27722168
2015-04-30,80.1653137207,49.4493370056,172.530883789
2015-05-01,79.722946167,49.5595779419,174.401351929
2015-05-04,79.468208313,49.5486602783,174.897918701
2015-05-05,79.3341827393,49.4831733704,172.89503479
2015-05-06,78.9923629761,49.3358039856,172.18321228
2015-05-07,79.3074111938,49.3303260803,172.87020874
2015-05-08,79.7631378174,49.7179031372,175.146255493
2015-05-11,78.9588623047,49.4067306519,174.310333252
2015-05-12,78.8449249268,49.4012870789,173.788833618
2015-05-13,78.7712097168,49.3303260803,173.822006226
2015-05-14,79.0392990112,49.5705070496,175.634521484
2015-05-15,79.5888671875,49.6796569824,175.824905396
2015-05-18,78.9789505005,49.5977973938,176.371124268
2015-05-19,78.5566864014,49.5213813782,176.313232422
2015-05-20,78.6505584717,49.4613304138,176.189041138
2015-05-21,79.0258865356,49.5322799683,176.702163696
2015-05-22,78.9722595215,49.5705070496,176.280105591
2015-05-26,79.3208084106,49.4667816162,174.384765625
2015-05-27,79.4011688232,49.575920105,176.040054321
2015-05-28,79.2336654663,49.5540809631,175.841445923
2015-05-29,79.2671127319,49.6250648499,174.748947144
2015-06-01,78.8228912354,49.708442688,175.104873657
2015-06-02,78.4196472168,49.6152153015,174.930999756
2015-06-03,77.9155578613,49.3465194702,175.39453125
2015-06-04,78.3188323975,49.1875648499,173.913009644
2015-06-05,77.9222793579,49.0395126343,173.615066528
2015-06-08,77.8685379028,49.0395126343,172.547424316
2015-06-09,77.5190658569,48.9572486877,172.522583008
2015-06-10,77.3107147217,49.0230445862,174.591690063
2015-06-11,77.9962615967,49.1217422485,175.15447998
2015-06-12,77.8618011475,48.9408187866,173.813720703
2015-06-15,77.8483886719,48.710521698,173.068786621
2015-06-16,78.043296814,48.9846382141,174.012298584
2015-06-17,78.0365600586,48.9408187866,174.293731689
2015-06-18,77.8954238892,49.1217422485,176.106307983
2015-06-19,78.3121414185,49.1491508484,175.324539185
2015-06-22,77.6938247681,49.2478675842,176.222747803
2015-06-23,77.5190658569,49.2149734497,176.347457886
2015-06-24,77.7341079712,49.08335495,175.066696167
2015-06-25,77.6064224243,48.9353637695,174.534408569
2015-06-26,77.2502288818,48.7927322388,174.501144409
2015-06-29,77.9222793579,48.4583053589,170.841766357
2015-06-30,77.7744369507,48.6886100769,171.199447632
2015-07-01,77.5250854492,48.6968727112,172.571670532
2015-07-02,77.821647644,48.878616333,172.413635254
2015-07-06,78.131652832,48.7188796997,171.922973633
2015-07-07,78.4552307129,48.7574691772,173.004135132
2015-07-08,78.5630645752,48.5151138306,170.101577759
2015-07-09,78.0440597534,48.6252441406,170.409332275
2015-07-10,77.5453338623,48.9061126709,172.555038452
2015-07-13,77.3767700195,48.9501991272,174.459594727
2015-07-14,77.444190979,48.9006347656,175.216369629
2015-07-15,77.6463775635,48.9006347656,175.158218384
2015-07-16,77.7676696777,48.9777374268,176.563735962
2015-07-17,77.821647644,48.8455696106,176.713363647
2015-07-20,77.6396713257,48.6197471619,176.804870605
2015-07-21,77.8014373779,48.5316352844,176.106262207
2015-07-22,77.9025344849,48.2177429199,175.79019165
2015-07-23,78.131652832,48.1901435852,174.800537109
2015-07-24,78.0979385376,48.0524940491,172.987518311
2015-07-27,78.1047286987,47.8487052917,171.981155396
2015-07-28,78.0440597534,48.1075401306,174.093658447
2015-07-29,77.9766311646,48.3884468079,175.291244507
2015-07-30,78.0170822144,48.5316352844,175.332839966
2015-07-31,78.4214935303,48.4489974976,175.066696167
2015-08-03,78.6040267944,48.3582839966,174.476211548
2015-08-04,78.2051925659,48.3859291077,174.135177612
2015-08-05,77.9010543823,48.3195495605,174.709075928
2015-08-06,78.0497207642,48.1204223633,173.278564453
2015-08-07,78.3201370239,47.9710197449,172.94593811
2015-08-10,78.0091781616,48.1093292236,175.124969482
2015-08-11,78.3336410522,47.88804245,173.544692993
2015-08-12,78.2118988037,47.8216362,173.752655029
2015-08-13,77.9415969849,47.7607650757,173.536407471
2015-08-14,78.0159454346,47.7884521484,174.168441772
2015-08-17,78.2659912109,47.7884521484,175.141525269
2015-08-18,77.9686355591,47.7275886536,174.634185791
2015-08-19,78.34715271,47.6833763123,173.253692627
2015-08-20,78.3944625854,47.4509773254,169.635894775
2015-08-21,78.4147644043,47.2794761658,164.529464722
2015-08-24,78.1984558105,46.8922348022,157.601593018
2015-08-25,77.7996139526,46.9862632751,155.74697876
2015-08-26,77.7523040771,47.3790588379,161.726730347
2015-08-27,77.8266525269,47.7331237793,165.727005005
2015-08-28,77.9686355591,47.7774047852,165.735351562
2015-08-31,77.7725830078,47.7110290527,164.396377563
2015-09-01,78.2436981201,47.5570526123,159.489517212
2015-09-02,78.1285247803,47.7515907288,162.516799927
2015-09-03,78.501335144,47.8182563782,162.633209229
2015-09-04,78.6776199341,47.7682304382,160.171463013
2015-09-08,78.3115310669,48.0294189453,164.196716309
2015-09-09,78.4810180664,47.9682846069,162.001113892
2015-09-10,78.3251342773,48.0850105286,162.882720947
2015-09-11,78.3793029785,48.0683097839,163.622879028
2015-09-14,78.3725357056,47.9849586487,163.015808105
2015-09-15,77.7827682495,47.9738311768,165.053405762
2015-09-16,77.9251327515,47.8016052246,166.483886719
2015-09-17,78.569152832,47.8404769897,166.109573364
2015-09-18,78.8064041138,47.7070846558,163.395111084
2015-09-21,78.4064483643,47.6182060242,164.239471436
2015-09-22,78.7453994751,47.2736778259,162.107696533
2015-09-23,78.6979675293,47.1903076172,161.848495483
2015-09-24,78.7115402222,46.9569244385,161.26335144
2015-09-25,78.4742202759,46.7179450989,161.221511841
2015-09-28,78.6097946167,46.0011138916,157.175323486
2015-09-29,78.7115402222,45.9955368042,157.267303467
2015-09-30,78.6979675293,46.2844963074,160.201660156
2015-10-01,78.6802978516,45.9874610901,160.619628906
2015-10-02,79.027015686,46.0321311951,163.01890564
2015-10-05,78.8162460327,46.5849189758,165.919799805
2015-10-06,78.9726257324,46.8417472839,165.351272583
2015-10-07,79.2513580322,47.3219566345,166.705673218
2015-10-08,78.938621521,47.5174102783,168.21043396
2015-10-09,78.9726257324,47.5229797363,168.310791016
2015-10-12,79.2921142578,47.4336395264,168.469589233
2015-10-13,79.2309799194,47.3219566345,167.407867432
2015-10-14,79.5437393188,47.288482666,166.605300903
2015-10-15,79.5097198486,47.4001350403,169.163528442
2015-10-16,79.5369110107,47.6179122925,169.932601929
2015-10-19,79.5300827026,47.7463150024,170.016204834
2015-10-20,79.3805084229,47.7910041809,169.798858643
2015-10-21,79.7748718262,47.7407493591,168.745498657
2015-10-22,79.9448013306,47.7574958801,171.596191406
2015-10-23,79.6524963379,47.9249992371,173.477172852
2015-10-26,79.7952575684,47.8747253418,173.050888062
2015-10-27,79.8156280518,47.7183990479,172.71647644
2015-10-28,79.5028991699,47.8468322754,174.681015015
2015-10-29,78.9454269409,47.7240028381,174.580749512
2015-10-30,79.1493759155,47.7798423767,173.828323364
2015-11-02,78.8091430664,47.9279136658,175.88482666
2015-11-03,78.8159561157,47.9784202576,176.394821167
2015-11-04,78.7273483276,47.8381652832,175.859802246
2015-11-05,78.7477874756,47.6530342102,175.68421936
2015-11-06,78.2364273071,47.4230537415,175.592285156
2015-11-09,78.1068954468,47.226726532,173.953689575
2015-11-10,78.3046188354,47.1201591492,174.354980469
2015-11-11,78.2978057861,47.0079574585,173.669509888
2015-11-12,78.2704925537,46.6938171387,171.24508667
2015-11-13,78.5023117065,46.5591926575,169.32232666
2015-11-16,78.5159683228,46.7779693604,171.897201538
2015-11-17,78.5977783203,46.811630249,171.771820068
2015-11-18,78.6182479858,46.901386261,174.49710083
2015-11-19,78.8500518799,46.4806480408,174.346679688
2015-11-20,78.8364334106,46.4694252014,174.982025146
2015-11-23,78.8636779785,46.43019104,174.781356812
2015-11-24,78.8909378052,46.4918785095,175.015472412
2015-11-25,78.9659194946,46.5423812866,174.990356445
2015-11-27,78.9932479858,46.6152839661,175.190979004
2015-11-30,79.0273361206,46.5872383118,174.463668823
2015-12-01,79.6214752197,46.9186630249,176.127288818
2015-12-02,79.4300537109,46.8228492737,174.329925537
2015-12-03,78.3770980835,46.6988372803,171.888793945
2015-12-04,78.8010253906,46.5917358398,175.241165161
2015-12-07,78.9377746582,46.264831543,174.179443359
2015-12-08,78.8351974487,45.6898841858,173.009033203
2015-12-09,78.814666748,45.9266319275,171.663101196
2015-12-10,78.6300735474,45.7349891663,172.106170654
2015-12-11,78.7668457031,44.8218612671,168.770584106
2015-12-14,78.1856384277,44.4329490662,169.623245239
2015-12-15,78.192489624,45.160068512,171.403930664
2015-12-16,78.1788101196,45.5038642883,173.911941528
2015-12-17,78.2676849365,44.9966087341,171.261825562
2015-12-18,78.2676849365,44.8275146484,168.210754395
2015-12-21,78.3223953247,44.6866073608,169.598358154
2015-12-22,78.2198028564,45.2277069092,171.137329102
2015-12-23,78.288192749,45.5151824951,173.256652832
2015-12-24,78.5432815552,45.6080932617,172.970687866
2015-12-28,78.4472579956,45.3360824585,172.575424194
2015-12-29,78.0427322388,45.5967636108,174.417114258
2015-12-30,78.0427322388,45.6307678223,173.180923462
2015-12-31,78.173034668,45.6590919495,171.448547363
2016-01-04,78.1318588257,45.3871040344,169.051712036
2016-01-05,78.173034668,45.4721374512,169.337661743
2016-01-06,78.4815216064,45.4721374512,167.20161438
2016-01-07,78.5432815552,45.1774635315,163.190200806
2016-01-08,78.6049346924,45.0584564209,161.398880005
2016-01-11,78.351272583,44.9904594421,161.55871582
2016-01-12,78.529586792,45.0357971191,162.862243652
2016-01-13,78.7695465088,44.5371551514,158.800308228
2016-01-14,78.3786849976,44.7354812622,161.407318115
2016-01-15,78.2621459961,44.1462097168,157.942581177
2016-01-19,77.9124450684,43.9931983948,158.152770996
2016-01-20,78.0290374756,43.6985397339,156.12600708
2016-01-21,77.8027877808,43.9931983948,157.000610352
2016-01-22,77.8507537842,44.6674919128,160.221618652
2016-01-25,77.7684860229,44.2255172729,157.799545288
2016-01-26,77.9878463745,44.6221694946,159.952438354
2016-01-27,77.7753143311,44.5541687012,158.211700439
2016-01-28,77.8644866943,44.7808265686,159.035766602
2016-01-29,78.2689743042,44.9281272888,162.912612915
2016-02-01,78.0193710327,44.6610679626,162.853805542
2016-02-02,78.1637649536,44.3421669006,159.91885376
2016-02-03,77.971244812,44.5585632324,160.8775177
2016-02-04,78.005607605,44.4162101746,161.129867554
2016-02-05,77.9918670654,44.0745620728,158.060272217
2016-02-08,78.3975830078,43.5620498657,155.932617188
2016-02-09,78.1293945312,43.3969306946,155.941040039
2016-02-10,78.2256698608,43.3342514038,155.80645752
2016-02-11,78.4869766235,43.0438652039,153.779724121
2016-02-12,78.0468673706,43.6873435974,156.950241089
2016-02-16,77.6754760742,43.7271881104,159.599227905
2016-02-17,77.654876709,44.0859413147,162.206283569
2016-02-18,78.2875137329,44.125793457,161.5418396
2016-02-19,78.2325973511,44.2112121582,161.466217041
2016-02-22,78.3907470703,44.5927314758,163.804077148
2016-02-23,78.548866272,44.5016365051,161.735321045
2016-02-24,78.6245117188,44.5756607056,162.475311279
2016-02-25,79.0646896362,44.8148193359,164.443191528
2016-02-26,79.0371704102,45.1166152954,164.064819336
2016-02-29,79.0922012329,45.6006546021,162.778137207
2016-03-01,78.6610946655,46.3213500977,166.604553223
2016-03-02,78.8197174072,46.0064888,167.352996826
2016-03-03,79.192199707,46.1610870361,168.008926392
2016-03-04,79.1784057617,46.2927055359,168.555557251
2016-03-07,79.268119812,46.3499908447,168.690170288
2016-03-08,79.6887817383,46.0236968994,166.848403931
2016-03-09,79.5991363525,46.1381568909,167.672592163
2016-03-10,79.9301681519,46.458732605,167.807113647
2016-03-11,80.1578292847,47.0197257996,170.515075684
2016-03-14,80.3922729492,46.8880577087,170.296401978
2016-03-15,80.364692688,46.4529953003,170.018890381
2016-03-16,80.7509536743,46.7620849609,171.002822876
2016-03-17,80.9992294312,47.0597915649,172.08770752
2016-03-18,81.1853942871,47.1685562134,172.763870239
2016-03-21,81.0888366699,47.1170005798,173.009048462
2016-03-22,80.9371490479,46.991104126,172.916030884
2016-03-23,81.3440551758,46.7735710144,171.774887085
2016-03-24,81.3095626831,46.5674629211,171.698806763
2016-03-28,81.3578796387,46.3556938171,171.800231934
2016-03-29,81.7234268188,46.5331420898,173.389465332
2016-03-30,81.6268539429,46.6991500854,174.150192261
2016-03-31,81.9510345459,46.7620849609,173.727584839
2016-04-01,82.2152328491,46.7960472107,174.910964966
2016-04-04,82.2221755981,46.6810340881,174.344650269
2016-04-05,82.484954834,46.5085144043,172.603302002
2016-04-06,82.4158172607,46.8995475769,174.488327026
2016-04-07,82.6371002197,46.669506073,172.400390625
2016-04-08,82.4504165649,46.8822898865,172.865386963
2016-04-11,82.4434432983,46.9455718994,172.459579468
2016-04-12,82.1184234619,47.221622467,174.065689087
2016-04-13,82.4019470215,47.5321617126,175.823928833
2016-04-14,82.346572876,47.5149383545,175.832366943
2016-04-15,82.6924438477,47.4401664734,175.637939453
2016-04-18,82.7823104858,47.7104301453,176.872085571
2016-04-19,82.9345550537,47.9117546082,177.429962158
2016-04-20,82.7063064575,48.0037727356,177.599105835
2016-04-21,82.6716842651,47.8542251587,176.643875122
2016-04-22,82.7616271973,47.9634895325,176.643875122
2016-04-25,82.5679626465,47.7794761658,176.339538574
2016-04-26,82.5333633423,47.9404907227,176.601638794
2016-04-27,83.0590057373,48.2223091125,176.965087891
2016-04-28,83.1351318359,48.1417770386,175.359039307
2016-04-29,83.2250137329,48.2223091125,174.41229248
2016-05-02,83.1175231934,48.2407875061,175.798583984
2016-05-03,83.2631225586,47.9288215637,174.268569946
2016-05-04,83.12449646,47.7497177124,173.296463013
2016-05-05,83.2909088135,47.7092781067,173.262634277
2016-05-06,83.1106033325,47.6803703308,173.896575928
2016-05-09,83.0273666382,47.5937423706,174.040298462
2016-05-10,83.1660614014,47.9981613159,176.204269409
2016-05-11,83.2562789917,47.9634666443,174.555984497
2016-05-12,83.0828475952,48.0385971069,174.606643677
2016-05-13,83.2354202271,47.8248138428,173.085113525
2016-05-16,82.9580154419,48.0905799866,174.792648315
2016-05-17,82.9302902222,47.9923439026,173.161239624
2016-05-18,82.222869873,47.9981613159,173.211914062
2016-05-19,82.4170837402,47.8652648926,172.611755371
2016-05-20,82.4725723267,48.0327911377,173.702194214
2016-05-23,82.4725723267,48.0443229675,173.465484619
2016-05-24,82.3339004517,48.3332138062,175.714004517
2016-05-25,82.4794692993,48.4083099365,176.905929565
2016-05-26,82.7152557373,48.269695282,176.956619263
2016-05-27,82.652885437,48.3505630493,177.717407227
2016-05-31,82.7985076904,48.3043365479,177.379272461
2016-06-01,82.856918335,48.3809585571,177.742767334
2016-06-02,83.0237960815,48.3925666809,178.2837677
2016-06-03,83.6914749146,48.4796524048,177.751220703
2016-06-06,83.4898300171,48.6944541931,178.655700684
2016-06-07,83.6149749756,48.9092445374,178.934677124
2016-06-08,83.8931655884,49.0950126648,179.517929077
2016-06-09,84.0113830566,48.9034347534,179.27281189
2016-06-10,84.1087493896,48.6654434204,177.57371521
2016-06-13,83.983581543,48.3403053284,176.204269409
2016-06-14,83.7958221436,48.1777763367,175.857727051
2016-06-15,84.1087493896,48.2010116577,175.612548828
2016-06-16,84.2339477539,48.2300415039,176.136688232
2016-06-17,83.983581543,48.2590446472,175.480728149
2016-06-20,83.8792495728,48.5434951782,176.610824585
2016-06-21,83.8027420044,48.7292900085,177.112136841
2016-06-22,83.9557647705,48.7757072449,176.823257446
2016-06-23,83.8722839355,49.1356544495,179.125900269
2016-06-24,84.2686767578,48.328704834,172.69367981
2016-06-27,84.6233673096,47.6320838928,169.600784302
2016-06-28,85.0893783569,48.2300415039,172.659744263
2016-06-29,85.0615463257,48.8395652771,175.599655151
2016-06-30,85.3605957031,49.1704673767,177.995834351
2016-07-01,85.8076019287,49.2678756714,178.369689941
2016-07-05,86.1004562378,48.9878959656,177.086639404
2016-07-06,86.2538833618,49.2037391663,178.148773193
2016-07-07,86.2677993774,49.2678756714,178.038345337
2016-07-08,86.7489776611,49.9211349487,180.689346313
2016-07-11,86.5258407593,49.9503173828,181.326629639
2016-07-12,86.0377349854,50.0902862549,182.643737793
2016-07-13,86.3723983765,49.9444618225,182.618209839
2016-07-14,86.1632232666,50.0435943604,183.637863159
2016-07-15,85.8354492188,49.9444618225,183.391448975
2016-07-18,85.8354492188,50.1136207581,183.884277344
2016-07-19,85.988899231,49.9794654846,183.697387695
2016-07-20,85.9609680176,50.1077842712,184.462020874
2016-07-21,86.05859375,50.0377960205,183.765289307
2016-07-22,86.0098190308,50.2594490051,184.589508057
2016-07-25,85.9609680176,50.0202941895,184.08821106
2016-07-26,85.8772964478,49.8278236389,184.173141479
2016-07-27,86.2329864502,49.9794654846,183.977752686
2016-07-28,86.1492919922,49.7694892883,184.190155029
2016-07-29,86.4630279541,49.8161392212,184.487548828
2016-08-01,85.975730896,49.5366744995,184.334640503
2016-08-02,85.4933013916,49.4663696289,183.153549194
2016-08-03,85.6051940918,49.688999176,183.688827515
2016-08-04,85.9687652588,50.0053901672,183.884277344
2016-08-05,85.6192016602,50.1167259216,185.388275146
2016-08-08,85.6751403809,50.3217697144,185.277801514
2016-08-09,86.1784896851,50.4975357056,185.388275146
2016-08-10,86.4231719971,50.4037857056,184.929412842
2016-08-11,86.1365432739,50.526802063,185.787628174
2016-08-12,86.5281143188,50.5678253174,185.626159668
2016-08-15,86.2624435425,50.7201766968,186.161483765
2016-08-16,86.1086349487,50.6146812439,185.20135498
2016-08-17,86.346321106,50.6850242615,185.549682617
2016-08-18,86.5560531616,50.8842086792,185.966064453
2016-08-19,86.2973861694,50.7318954468,185.694168091
2016-08-22,86.591003418,50.6498756409,185.685653687
2016-08-23,86.688873291,50.8197441101,186.059494019
2016-08-24,86.6329650879,50.6791610718,185.107910156
2016-08-25,86.5490875244,50.7728919983,184.980407715
2016-08-26,86.2764205933,50.7143211365,184.632019043
2016-08-29,86.7658081055,50.9662475586,185.541244507
2016-08-30,86.6539230347,50.9955062866,185.235275269
2016-08-31,86.6189346313,50.7963256836,184.708496094
2016-09-01,86.6189575195,50.8969535828,184.716995239
2016-09-02,86.4648208618,51.1323051453,185.549682617
2016-09-06,86.766166687,51.1911392212,186.110473633
2016-09-07,86.6469726562,51.0499229431,186.093475342
2016-09-08,86.0371627808,50.9557991028,185.668624878
2016-09-09,85.3922424316,50.4674263,181.224700928
2016-09-12,85.3992843628,50.6439361572,183.824813843
2016-09-13,85.1188964844,50.2555809021,181.182159424
2016-09-14,85.1749954224,50.2437896729,181.11428833
2016-09-15,85.2310562134,50.5380516052,182.924072266
2016-09-16,85.3291854858,50.5498085022,182.216995239
2016-09-19,85.3011627197,50.5792274475,182.251144409
2016-09-20,85.4133071899,50.520401001,182.25970459
2016-09-21,85.84790802,50.9381408691,184.309295654
2016-09-22,86.1983795166,51.1087532043,185.470718384
2016-09-23,86.1352996826,51.0499229431,184.454498291
2016-09-26,86.2685089111,50.8263092041,182.959945679
2016-09-27,86.4787445068,50.9734382629,184.095855713
2016-09-28,86.5348587036,51.3147010803,185.009552002
2016-09-29,86.4998168945,51.1205177307,183.335708618
2016-09-30,86.3456115723,51.3441200256,184.719223022
2016-10-03,86.1010360718,51.3122024536,184.275146484
2016-10-04,85.7004165649,51.2235870361,183.335708618
2016-10-05,85.6090545654,51.359500885,184.14704895
2016-10-06,85.616065979,51.3890342712,184.275146484
2016-10-07,85.8199005127,51.5072746277,183.643203735
2016-10-10,85.8199005127,51.6550102234,184.59967041
2016-10-11,85.5528564453,51.3654251099,182.268264771
2016-10-12,85.6652908325,51.3476600647,182.507354736
2016-10-13,85.8761367798,51.217666626,181.90953064
2016-10-14,85.4755249023,51.335849762,182.003494263
2016-10-17,85.756690979,51.2649154663,181.371566772
2016-10-18,85.9674911499,51.4718017578,182.507354736
2016-10-19,86.0799102783,51.6195335388,182.994140625
2016-10-20,86.0518264771,51.6254425049,182.652542114
2016-10-21,86.1010360718,51.6372718811,182.737945557
2016-10-24,85.8550491333,51.6668586731,183.515075684
2016-10-25,85.7917709351,51.6372718811,182.900192261
2016-10-26,85.4333648682,51.4304351807,182.532989502
2016-10-27,85.0467758179,51.2412872314,182.046188354
2016-10-28,84.9484405518,50.9930725098,181.508224487
2016-10-31,85.0256881714,50.8394050598,181.516708374
2016-11-01,84.9185714722,50.6411209106,180.201568604
2016-11-02,85.0454864502,50.4155273438,179.117004395
2016-11-03,84.8763580322,50.4273986816,178.297119141
2016-11-04,85.129989624,50.4511604309,178.100738525
2016-11-07,85.073638916,51.1576385498,182.029129028
2016-11-08,84.8833770752,51.0448188782,182.848953247
2016-11-09,83.6361236572,50.6885871887,184.787521362
2016-11-10,83.5656814575,50.0236701965,185.248672485
2016-11-11,83.2063369751,49.5546913147,184.821685791
2016-11-14,82.7764968872,49.9227600098,184.966827393
2016-11-15,83.0301361084,50.5817451477,186.410140991
2016-11-16,83.1499176025,50.3798904419,186.059967041
2016-11-17,82.621383667,50.2433662415,187.016418457
2016-11-18,82.1563644409,50.2433662415,186.598007202
2016-11-21,82.2409133911,50.6470489502,188.007080078
2016-11-22,82.452293396,51.0210800171,188.374313354
2016-11-23,82.1493225098,50.8311004639,188.476760864
2016-11-25,82.1563644409,50.8964004517,189.177078247
2016-11-28,82.5298461914,50.8904838562,188.288879395
2016-11-29,82.6425552368,50.8251609802,188.65612793
2016-11-30,82.3325271606,50.8489151001,188.203521729
2016-12-01,81.871131897,50.6109733582,187.511795044
2016-12-02,82.2456207275,50.9150924683,187.605682373
2016-12-05,82.4222259521,51.0463142395,188.732955933
2016-12-06,82.4151535034,51.3027038574,189.330810547
2016-12-07,82.7614135742,51.5591278076,191.807357788
2016-12-08,82.4222259521,51.5531768799,192.277053833
2016-12-09,82.104309082,51.5770301819,193.438537598
2016-12-12,82.0265731812,51.5054588318,193.216430664
2016-12-13,82.2102661133,51.6306724548,194.506011963
2016-12-14,81.6874237061,51.2430915833,192.900466919
2016-12-15,81.7439575195,51.2669372559,193.69468689
2016-12-16,81.6803436279,51.314666748,193.315856934
2016-12-19,82.0760345459,51.44581604,193.73677063
2016-12-20,82.0265731812,51.517414093,194.484146118
2016-12-21,82.2880172729,51.6068687439,193.942993164
2016-12-22,82.2936630249,51.718132019,193.608016968
2016-12-23,82.4212036133,51.8138694763,193.891403198
2016-12-27,82.2723999023,51.7660140991,194.372497559
2016-12-28,82.5770645142,51.6941642761,192.766143799
2016-12-29,82.8958892822,51.7660140991,192.723144531
2016-12-30,83.0234832764,51.783946991,192.018768311
2017-01-03,83.0942993164,51.9993629456,193.48765564
2017-01-04,83.3776779175,52.2805557251,194.638763428
2017-01-05,83.8240356445,52.2027626038,194.484146118
2017-01-06,83.3847961426,52.1908226013,195.180038452
2017-01-09,83.5477600098,52.1788253784,194.53565979
2017-01-10,83.4981613159,52.1848373413,194.53565979
2017-01-11,83.6256637573,52.2147331238,195.085510254
2017-01-12,83.6185531616,52.2267150879,194.595794678
2017-01-13,83.4485092163,52.2446517944,195.042556763
2017-01-17,83.8098907471,52.1908226013,194.355285645
2017-01-18,83.2572250366,52.2386627197,194.784790039
2017-01-19,82.9738540649,52.0711288452,194.063262939
2017-01-20,83.1226119995,52.1728439331,194.776229858
2017-01-23,83.505241394,52.1728439331,194.269363403
2017-01-24,83.2572250366,52.2087516785,195.515014648
2017-01-25,82.9384155273,52.3942527771,197.207305908
2017-01-26,83.037612915,52.3702926636,197.00112915
2017-01-27,83.1367645264,52.4181747437,196.691848755
2017-01-30,82.9950942993,52.3104705811,195.472015381
2017-01-31,83.1438827515,52.2566070557,195.454879761
2017-02-01,83.041595459,52.4501457214,195.532150269
2017-02-02,83.0628890991,52.4801635742,195.66104126
2017-02-03,83.1552581787,52.5703353882,197.009689331
2017-02-06,83.4181060791,52.5342559814,196.657485962
2017-02-07,83.5601577759,52.4561424255,196.666107178
2017-02-08,83.8514709473,52.4921722412,196.92376709
2017-02-09,83.5175704956,52.5643196106,198.09211731
2017-02-10,83.4962539673,52.6003608704,198.873825073
2017-02-13,83.4607162476,52.6784973145,199.956192017
2017-02-14,83.2618103027,52.7145385742,200.7550354
2017-02-15,83.1978912354,52.7325782776,201.803085327
2017-02-16,83.4323425293,52.6904792786,201.631271362
2017-02-17,83.6454391479,52.7445907593,201.94909668
2017-02-21,83.6809768677,52.9188804626,203.151779175
2017-02-22,83.7448883057,52.9428825378,202.971343994
2017-02-23,83.9580459595,52.9909629822,203.108825684
2017-02-24,84.3842773438,53.0330505371,203.366500854
2017-02-27,84.1853637695,53.0991325378,203.684341431
2017-02-28,84.2422027588,53.0570755005,203.134597778
2017-03-01,83.7442779541,53.2526359558,205.97795105
2017-03-02,83.6160583496,53.0836334229,204.680831909
2017-03-03,83.7015151978,53.1077728271,204.809661865
2017-03-06,83.5519104004,52.9387702942,204.19972229
2017-03-07,83.1387557983,52.5947608948,203.58984375
2017-03-08,82.8823242188,52.2446937561,203.211868286
2017-03-09,82.4335403442,52.1058311462,203.469589233
2017-03-10,82.6401519775,52.0877723694,204.18258667
2017-03-13,82.3622817993,52.1299667358,204.28565979
2017-03-14,82.4335403442,51.9730529785,203.503982544
2017-03-15,83.1458816528,52.6913070679,205.264938354
2017-03-16,83.0247573853,52.5404052734,204.861175537
2017-03-17,83.217124939,52.5585212708,204.501480103
2017-03-20,83.4094543457,52.4559173584,204.277130127
2017-03-21,83.6160583496,52.0816955566,201.654312134
2017-03-22,83.8297119141,52.2084541321,202.128829956
2017-03-23,83.7727661133,52.2265625,201.913162231
2017-03-24,83.8582305908,52.407623291,201.766494751
2017-03-27,84.0363464355,52.353313446,201.559432983
2017-03-28,83.8582305908,52.6430397034,203.026123047
2017-03-29,84.1289291382,52.7516517639,203.215911865
2017-03-30,83.9081268311,52.9991188049,203.863037109
2017-03-31,83.9935913086,52.9809989929,203.388473511
2017-04-03,84.3707504272,52.952545166,203.03477478
2017-04-04,84.1492767334,52.9707145691,203.164138794
2017-04-05,84.2564468384,52.9283027649,202.560241699
2017-04-06,84.3350067139,52.9949645996,203.129669189
2017-04-07,84.1278381348,52.9707145691,202.922592163
2017-04-10,84.2849807739,53.0434570312,203.043395996
2017-04-11,84.6778869629,52.9404144287,202.801742554
2017-04-12,84.9564285278,52.9767608643,201.913162231
2017-04-13,85.0992736816,52.8676948547,200.601699829
2017-04-17,84.9349975586,53.0253067017,202.378982544
2017-04-18,85.4350280762,53.0131759644,201.775146484
2017-04-19,85.1778564453,52.9646720886,201.404129028
2017-04-20,85.0564651489,53.1404495239,203.043395996
2017-04-21,85.0564651489,53.0980110168,202.396286011
2017-04-24,84.9421386719,53.346534729,204.622192383
2017-04-25,84.6064071655,53.4435195923,205.812820435
2017-04-26,84.8135910034,53.3949928284,205.683456421
2017-04-27,84.8921051025,53.4314041138,205.856002808
2017-04-28,84.992149353,53.4132080078,205.407348633
2017-05-01,84.7286071777,53.4406051636,205.925003052
2017-05-02,84.9792633057,53.4588432312,206.002655029
2017-05-03,84.9363021851,53.50756073,205.752426147
2017-05-04,84.7715606689,53.2214508057,205.994064331
2017-05-05,84.8001861572,53.3127708435,206.805038452
2017-05-08,84.6497879028,53.3736152649,206.770492554
2017-05-09,84.6641159058,53.3371124268,206.580749512
2017-05-10,84.7787094116,53.5684394836,206.951751709
2017-05-11,84.821685791,53.5745239258,206.528930664
2017-05-12,85.2513809204,53.556224823,206.183822632
2017-05-15,85.2442550659,53.6780090332,207.322738647
2017-05-16,85.3660125732,53.757106781,207.132888794
2017-05-17,85.8888626099,53.5197181702,203.457489014
2017-05-18,85.8745269775,53.5805931091,204.277130127
2017-05-19,85.9246673584,53.6780090332,205.605789185
2017-05-22,85.8530349731,53.8423309326,206.649734497
2017-05-23,85.5880737305,53.8362731934,207.107025146
2017-05-24,85.724105835,53.9275856018,207.590179443
2017-05-25,85.7599105835,53.8849830627,208.582321167
2017-05-26,85.8244018555,53.9153900146,208.539199829
2017-05-30,86.0249557495,53.9702301025,208.358032227
2017-05-31,86.1252059937,53.9641113281,208.306274414
2017-06-01,86.1438827515,54.121219635,209.962799072
2017-06-02,86.5460281372,54.1517753601,210.661636353
2017-06-05,86.301864624,54.1028862,210.506271362
2017-06-06,86.5532226562,54.0172843933,209.833312988
2017-06-07,86.4454421997,53.9072570801,210.221542358
2017-06-08,86.2946929932,53.9500617981,210.325057983
2017-06-09,86.2085113525,53.9928245544,210.005859375
2017-06-12,86.2300338745,54.0845413208,209.962799072
2017-06-13,86.3234176636,54.1823234558,210.989440918
2017-06-14,86.9122314453,54.1884765625,210.722000122
2017-06-15,86.7040100098,53.9806098938,210.316497803
2017-06-16,86.7757949829,53.8889045715,210.362426758
2017-06-19,86.6680984497,54.053981781,212.113677979
2017-06-20,86.8619537354,53.8644599915,210.683197021
2017-06-21,86.9050521851,53.5526657104,210.631240845
2017-06-22,86.9768829346,53.6994361877,210.535797119
2017-06-23,87.0199356079,53.9194717407,210.787261963
2017-06-26,87.1779632568,53.9928245544,210.925979614
2017-06-27,86.7830200195,53.8216629028,209.22668457
2017-06-28,86.876335144,54.0417633057,211.099411011
2017-06-29,86.6106414795,53.9072570801,209.244033813
2017-06-30,86.5388793945,54.0356292725,209.634185791
2017-07-03,86.3516235352,54.0092468262,209.989608765
2017-07-05,86.4956283569,53.9662513733,210.475143433
2017-07-06,86.2724075317,53.8311729431,208.550476074
2017-07-07,86.2004013062,53.7820739746,209.902893066
2017-07-10,86.3444519043,53.8434333801,210.128341675
2017-07-11,86.3804702759,53.8066291809,209.972320557
2017-07-12,86.762008667,54.1565666199,211.550201416
2017-07-13,86.6108398438,54.1995429993,211.905685425
2017-07-14,86.8124389648,54.3530578613,212.894012451
2017-07-17,86.8916320801,54.3714485168,212.868057251
2017-07-18,87.2660446167,54.396030426,212.980697632
2017-07-19,87.2372360229,54.4880905151,214.133789062
2017-07-20,87.3164367676,54.5188179016,214.229187012
2017-07-21,87.5180435181,54.4758491516,214.038406372
2017-07-24,87.4172668457,54.5188179016,213.986404419
2017-07-25,86.8988571167,54.5433616638,214.506546021
2017-07-26,87.1868438721,54.6231689453,214.51524353
2017-07-27,86.9708633423,54.5801925659,214.315826416
2017-07-28,87.2012481689,54.5863456726,214.064407349
2017-07-31,87.2012481689,54.5863456726,213.943069458
2017-08-01,87.5174484253,54.6405525208,214.41986084
2017-08-02,87.380279541,54.6529350281,214.523971558
2017-08-03,87.5029907227,54.5481147766,214.107803345
2017-08-04,87.1637268066,54.5604476929,214.497940063
2017-08-07,87.1853637695,54.5358123779,214.89666748
2017-08-08,86.7666549683,54.3015289307,214.367889404
2017-08-09,86.8532943726,54.091884613,214.359176636
2017-08-10,86.8243865967,53.7466583252,211.333450317
2017-08-11,86.9832458496,53.8391418457,211.645568848
2017-08-14,86.9254608154,54.1227149963,213.743652344
2017-08-15,86.8243865967,54.1412162781,213.717590332
2017-08-16,87.0698699951,54.147354126,214.090454102
2017-08-17,87.1565093994,53.8453178406,210.752593994
2017-08-18,87.0987625122,53.9254608154,210.423126221
2017-08-21,87.2214508057,53.9809341431,210.587860107
2017-08-22,87.1348342896,54.2028770447,212.789932251
2017-08-23,87.4669189453,54.2090301514,212.027038574
2017-08-24,87.3008499146,54.289188385,211.532867432
2017-08-25,87.5029907227,54.3878173828,212.027038574
2017-08-28,87.5029907227,54.3940086365,212.035675049
2017-08-29,87.5679779053,54.3261871338,212.278488159
2017-08-30,87.6401977539,54.4741134644,213.284133911
2017-08-31,87.7918014526,54.6221160889,214.56729126
2017-09-01,87.4443817139,54.6777992249,214.87071228
2017-09-05,87.9871902466,54.5539932251,213.32749939
2017-09-06,87.675994873,54.5168418884,214.055755615
2017-09-07,88.0161590576,54.5230674744,214.02973938
2017-09-08,87.7555923462,54.3496780396,213.778289795
2017-09-11,87.4877471924,54.5230674744,216.058456421
2017-09-12,87.393661499,54.591178894,216.786697388
2017-09-13,87.3068237305,54.6097068787,216.890731812
2017-09-14,87.5239639282,54.6840019226,216.821380615
2017-09-15,87.5962982178,54.7335510254,217.11328125
2017-09-18,87.5094909668,54.7087249756,217.575012207
2017-09-19,87.5601348877,54.7644882202,217.792907715
2017-09-20,87.4515838623,54.7582778931,217.871246338
2017-09-21,87.4515838623,54.6902084351,217.287521362
2017-09-22,87.5673522949,54.7459144592,217.331085205
2017-09-25,87.8930969238,54.7768478394,216.886734009
2017-09-26,87.8786315918,54.8449516296,217.017471313
2017-09-27,87.5384368896,54.8696784973,217.862564087
2017-09-28,87.6687316895,54.8696784973,218.123947144
2017-09-29,87.748336792,54.9502220154,218.890655518
2017-10-02,87.8303375244,54.9222297668,219.840362549
2017-10-03,88.0263366699,55.021697998,220.310836792
2017-10-04,87.9755020142,54.9657592773,220.57220459
2017-10-05,87.8521575928,55.0341377258,221.879196167
2017-10-06,87.7795257568,54.9533157349,221.626495361
2017-10-09,87.8521575928,54.9595565796,221.2605896
2017-10-10,87.9101638794,55.003036499,221.84425354
2017-10-11,87.8666152954,54.9471168518,222.192840576
2017-10-12,87.8884124756,54.8849258423,221.861740112
2017-10-13,88.2368011475,54.9098014832,222.131820679
2017-10-16,88.1134185791,54.9408988953,222.428024292
2017-10-17,88.0988922119,55.021697998,222.584884644
2017-10-18,87.9682540894,55.077671051,222.802688599
2017-10-19,88.0988922119,55.08385849,222.863708496
2017-10-20,87.8593673706,55.1335945129,224.013778687
2017-10-23,87.9464187622,55.0714187622,223.14251709
2017-10-24,87.7287597656,55.0714187622,223.534576416
2017-10-25,87.4965133667,54.9160385132,222.428024292
2017-10-26,87.4892501831,54.8476524353,222.715591431
2017-10-27,87.7505493164,54.9968528748,224.5365448
2017-10-30,88.0408325195,54.9843826294,223.70010376
2017-10-31,87.9174346924,54.9968528748,224.048568726
2017-11-01,88.0564727783,54.9443855286,224.34487915
2017-11-02,88.0418930054,54.9132041931,224.432006836
2017-11-03,88.143737793,54.9194068909,225.181304932
2017-11-06,88.1655883789,54.9256744385,225.529769897
2017-11-07,88.0927886963,54.7695884705,225.372940063
2017-11-08,87.9763946533,54.526184082,225.75630188
2017-11-09,87.743522644,54.2577629089,224.937332153
2017-11-10,87.2414779663,54.3763504028,224.867614746
2017-11-13,87.2559661865,54.3389015198,225.076690674
2017-11-14,87.2777481079,54.1079330444,224.553985596
2017-11-15,87.64894104,54.1079330444,223.429992676
2017-11-16,87.5470809937,54.63854599,225.329421997
2017-11-17,87.6562194824,54.6010818481,224.667251587
2017-11-20,87.6562194824,54.6135597229,225.050598145
2017-11-21,87.9473114014,54.7259063721,226.52305603
2017-11-22,88.2893066406,54.813331604,226.32270813
2017-11-24,88.1873931885,54.8507957458,226.845397949
2017-11-27,88.13646698,54.6822166443,226.732162476
2017-11-28,88.2601928711,54.8507957458,229.032333374
2017-11-29,87.9108734131,54.782119751,228.892913818
2017-11-30,87.8090286255,54.7945709229,230.896865845
2017-12-01,88.0804443359,54.7770385742,230.417648315
2017-12-04,88.2190551758,54.7582359314,230.138839722
2017-12-05,88.3869018555,54.7268791199,229.311187744
2017-12-06,88.5547027588,54.6767349243,229.354721069
2017-12-07,88.3796081543,54.7018051147,230.077880859
2017-12-08,88.2701416016,54.7582359314,231.332489014
2017-12-11,88.3357849121,54.7707901001,232.02947998
2017-12-12,88.2701416016,54.7456893921,232.439025879
2017-12-13,88.5766067505,54.7770385742,232.412887573
2017-12-14,88.7371063232,54.6642036438,231.463150024
2017-12-15,88.8611297607,54.6704597473,233.390701294
2017-12-18,88.598449707,54.7268791199,234.870635986
2017-12-19,88.1461029053,54.6140480042,233.96862793
2017-12-20,87.9126663208,54.657951355,233.846069336
2017-12-21,88.1494979858,54.7152023315,234.32774353
2017-12-22,88.2152862549,54.7655220032,234.266433716
2017-12-26,88.3322982788,54.8473739624,233.986129761
2017-12-27,88.8221817017,54.872592926,234.100036621
2017-12-28,88.7637252808,54.8473739624,234.581665039
2017-12-29,88.8806686401,54.9292373657,233.69720459
2018-01-02,88.288444519,54.9796066284,235.369827271
2018-01-03,88.4493103027,55.2439689636,236.858596802
2018-01-04,88.4200668335,55.3383789062,237.856933594
2018-01-05,88.3908004761,55.3761940002,239.44203186
2018-01-08,88.3834991455,55.3321075439,239.879867554
2018-01-09,88.0618057251,55.1621208191,240.422836304
2018-01-10,88.1202850342,55.0425415039,240.054946899
2018-01-11,88.3322982788,55.2251052856,241.806411743
2018-01-12,88.3469696045,55.1306648254,243.382827759
2018-01-16,88.4273605347,55.0991821289,242.550735474
2018-01-17,88.186088562,55.1054916382,244.862716675
2018-01-18,87.8424301147,55.0488433838,244.451171875
2018-01-19,87.5718536377,55.1054916382,245.563339233
2018-01-22,87.4915161133,55.1558609009,247.559967041
2018-01-23,87.8716964722,55.3195304871,248.08531189
2018-01-24,87.8131713867,55.2376670837,247.989059448
2018-01-25,88.2591781616,55.199924469,248.094223022
2018-01-26,88.1421966553,55.2439689636,250.966522217
2018-01-29,87.9082260132,55.0488433838,249.302688599
2018-01-30,87.6084747314,54.8600234985,246.745544434
2018-01-31,87.7912750244,54.9544143677,246.868133545
2018-02-01,87.4034118652,54.8507614136,246.587890625
2018-02-02,86.9561767578,54.5030555725,241.219680786
2018-02-05,87.0075683594,54.1996269226,231.13130188
2018-02-06,86.8315734863,54.5283737183,235.685028076
2018-02-07,86.589630127,54.3260765076,234.406478882
2018-02-08,86.2157669067,53.8519668579,225.614227295
2018-02-09,85.937210083,53.7002410889,229.00328064
2018-02-12,85.937210083,54.0668945312,232.366043091
2018-02-13,85.9078445435,53.8962364197,232.944061279
2018-02-14,85.5926208496,53.9910430908,236.087982178
2018-02-15,85.9958343506,54.4272117615,239.10043335
2018-02-16,86.2523956299,54.6484527588,239.170516968
2018-02-20,85.885848999,54.4588317871,237.672973633
2018-02-21,85.4166412354,54.2122764587,236.490814209
2018-02-22,85.5339584351,54.2502212524,236.797286987
2018-02-23,85.9298171997,54.6105537415,240.571716309
2018-02-26,86.0398178101,54.7053451538,243.365280151
2018-02-27,85.6659393311,54.5599746704,240.326461792
2018-02-28,85.8272094727,54.477771759,237.891937256
2018-03-01,85.7389831543,54.11668396,234.432723999
2018-03-02,85.4669113159,54.4213104248,235.641326904
2018-03-05,85.4375152588,54.4213104248,238.36479187
2018-03-06,85.5110778809,54.497467041,238.969055176
2018-03-07,85.4816360474,54.3641853333,238.881546021
2018-03-08,85.6507720947,54.4276428223,240.037490845
2018-03-09,85.3493347168,54.6243667603,244.214706421
2018-03-12,85.459602356,54.5355415344,243.908233643
2018-03-13,85.4669113159,54.3641853333,242.331878662
2018-03-14,85.6581039429,54.3007316589,241.08833313
2018-03-15,85.7463226318,54.3387718201,240.825683594
2018-03-16,85.8419265747,54.4530487061,241.086791992
2018-03-19,85.5551986694,54.2309074402,237.824737549
2018-03-20,85.2537078857,54.3387718201,238.229187012
2018-03-21,85.2022628784,54.3578262329,237.772018433
2018-03-22,85.3493347168,54.0341873169,231.828384399
2018-03-23,85.077331543,53.8945236206,226.887039185
2018-03-26,85.3787689209,54.2436027527,233.094543457
2018-03-27,85.6875457764,54.1928482056,229.129119873
2018-03-28,85.9154510498,54.1674346924,228.452087402
2018-03-29,86.3050918579,54.3514709473,231.371154785
2018-04-02,86.2586364746,54.1405487061,226.37713623
2018-04-03,86.0300827026,54.2935028076,229.278610229
2018-04-04,86.0300827026,54.4145889282,231.731658936
2018-04-05,86.0595779419,54.4592132568,233.560501099
2018-04-06,86.3175888062,54.3381195068,228.355438232
2018-04-09,86.3618545532,54.5420379639,229.480834961
2018-04-10,86.3839797974,54.7395553589,233.129638672
2018-04-11,86.4429550171,54.7587051392,231.907516479
2018-04-12,86.2070083618,54.9562530518,233.815475464
2018-04-13,86.2365188599,54.9880714417,233.129638672
2018-04-16,86.243888855,55.070941925,235.046356201
2018-04-17,86.2512588501,55.0964279175,237.561019897
2018-04-18,85.8088760376,55.0390625,237.736923218
2018-04-19,85.4844360352,54.8670272827,236.418029785
2018-04-20,85.1379165649,54.7332191467,234.413345337
2018-04-23,85.10105896,54.5866470337,234.378204346
2018-04-24,84.8503875732,54.4782905579,231.221740723
2018-04-25,84.5849380493,54.4846839905,231.793243408
2018-04-26,84.835609436,54.6758346558,234.149520874
2018-04-27,85.0273132324,54.6503486633,234.369476318
2018-04-30,84.9536056519,54.6121253967,232.566970825
2018-05-01,84.7236328125,54.652431488,232.980194092
2018-05-02,84.6571350098,54.6332359314,231.415161133
2018-05-03,84.671875,54.62682724,230.905197144
2018-05-04,84.7901687622,54.6652412415,233.894638062
2018-05-07,84.6940383911,54.7164230347,234.685958862
2018-05-08,84.6644744873,54.6332359314,234.685958862
2018-05-09,84.6496734619,54.7228240967,236.954299927
2018-05-10,85.0785217285,54.8828163147,239.170089722
2018-05-11,85.2264633179,54.8636207581,239.89982605
2018-05-14,85.0711746216,54.8764190674,240.014053345
2018-05-15,84.4278488159,54.6076202393,238.361129761
2018-05-16,84.3169555664,54.6780281067,239.363464355
2018-05-17,84.1542510986,54.7100448608,239.1612854
2018-05-18,84.5017623901,54.652431488,238.563323975
2018-05-21,84.5535507202,54.7292289734,240.357025146
2018-05-22,84.4648284912,54.7676200867,239.688690186
2018-05-23,84.8271713257,54.8124389648,240.348205566
2018-05-24,85.0637664795,54.8444442749,239.855773926
2018-05-25,85.3151779175,54.7548294067,239.284317017
2018-05-29,85.7662200928,54.524433136,236.532272339
2018-05-30,85.4334487915,54.6908683777,239.688690186
2018-05-31,85.3964996338,54.6396484375,238.220474243
2018-06-01,85.2326278687,54.764339447,240.559234619
2018-06-04,85.0397415161,54.8800582886,241.70223999
2018-06-05,85.0990905762,54.9443321228,241.878097534
2018-06-06,84.7875518799,55.079334259,243.900299072
2018-06-07,85.0693893433,55.0986328125,243.873886108
2018-06-08,84.9284896851,55.0665054321,244.594940186
2018-06-11,84.8469009399,55.1693687439,244.920211792
2018-06-12,84.854309082,55.2143592834,245.236801147
2018-06-13,84.7726821899,55.2336273193,244.454269409
2018-06-14,85.1583786011,55.3943595886,245.06968689
2018-06-15,85.0397415161,55.3622055054,244.757049561
2018-06-18,84.9507522583,55.3557662964,244.253692627
2018-06-19,84.9952468872,55.2786026001,243.317459106
2018-06-20,84.5205154419,55.3364906311,243.732543945
2018-06-21,84.4537658691,55.2207450867,242.204666138
2018-06-22,84.5575866699,55.2272033691,242.646331787
2018-06-25,84.4760284424,55.0986328125,239.34312439
2018-06-26,84.7578659058,55.0922203064,239.873077393
2018-06-27,85.047164917,54.9764900208,237.885940552
2018-06-28,84.9358978271,54.8222007751,239.245986938
2018-06-29,84.9803619385,54.6936607361,239.590454102
2018-07-02,84.9915771484,54.7459411621,240.102630615
2018-07-03,85.3040542603,54.7524147034,239.254821777
2018-07-05,85.5718383789,54.9590530396,241.206634521
2018-07-06,85.6909179688,55.101108551,243.246765137
2018-07-09,85.7504043579,55.1850624084,245.437088013
2018-07-10,85.653678894,55.1914978027,246.320220947
2018-07-11,85.824798584,55.10754776,244.518554688
2018-07-12,86.0107879639,55.2818832397,246.735412598
2018-07-13,86.0777740479,55.2818832397,246.929702759
2018-07-16,85.936416626,55.243144989,246.708938599
2018-07-17,85.8768768311,55.2625236511,247.70690918
2018-07-18,85.8620223999,55.2883415222,248.228012085
2018-07-19,85.9959335327,55.2625236511,247.291748047
2018-07-20,85.7429580688,55.2883415222,247.009109497
2018-07-23,85.4007034302,55.2689933777,247.468460083
2018-07-24,85.6685562134,55.3852348328,248.713668823
2018-07-25,85.7801589966,55.4885635376,250.833358765
2018-07-26,85.8620223999,55.4950180054,250.241531372
2018-07-27,85.9735870361,55.475643158,248.545928955
2018-07-30,85.8545684814,55.4950180054,247.247665405
2018-07-31,86.1223983765,55.6112556458,248.466384888
2018-08-01,85.818687439,55.6611557007,248.051422119
2018-08-02,85.9231643677,55.6935997009,249.402542114
2018-08-03,86.1918029785,55.7389793396,250.471252441
2018-08-06,86.2738571167,55.8427581787,251.389785767
2018-08-07,86.0052490234,55.8686943054,252.219909668
2018-08-08,85.870880127,55.8362693787,252.114059448
2018-08-09,85.9380874634,55.7973518372,251.769561768
2018-08-10,86.0798797607,55.7000808716,250.082687378
2018-08-13,86.0574645996,55.6611557007,249.146453857
2018-08-14,86.1693954468,55.7584648132,250.736221313
2018-08-15,86.3484802246,55.6611557007,248.863815308
2018-08-16,86.4604415894,55.7325057983,250.877532959
2018-08-17,86.5350494385,55.7973518372,251.760742188
2018-08-20,86.7588729858,55.8233032227,252.299453735
2018-08-21,86.5425033569,55.9075813293,252.891204834
2018-08-22,86.5350494385,55.9270553589,252.741043091
2018-08-23,86.5648727417,55.9205551147,252.405487061
2018-08-24,86.7365036011,56.0178489685,253.924514771
2018-08-27,86.6021881104,56.0372924805,255.929321289
2018-08-28,86.2738571167,56.011390686,256.053100586
2018-08-29,86.1843338013,55.9789428711,257.430786133
2018-08-30,86.2663879395,55.9335327148,256.388580322
2018-08-31,86.1395568848,56.0048866272,256.397338867
2018-09-04,85.9808731079,55.8882827759,255.955871582
2018-09-05,85.9284896851,55.8296699524,255.266906738
2018-09-06,86.1679916382,55.8752670288,254.498641968
2018-09-07,85.8087539673,55.8166542053,254.003967285
2018-09-10,86.0931625366,55.9273490906,254.445648193
2018-09-11,85.8985366821,55.9404029846,255.284545898
2018-09-12,86.0707168579,56.0706787109,255.346466064
2018-09-13,86.2503051758,56.1748695374,256.856658936
2018-09-14,86.1454925537,56.2269477844,256.900848389
2018-09-17,86.0931625366,56.1878967285,255.540664673
2018-09-18,85.7414093018,56.1814041138,256.927307129
2018-09-19,85.6141357422,56.0771789551,257.201263428
2018-09-20,85.8386764526,56.1553459167,259.285430908
2018-09-21,85.8536453247,56.168346405,259.048522949
2018-09-24,85.6590042114,56.142288208,258.188049316
2018-09-25,85.6590042114,56.0967178345,257.948547363
2018-09-26,85.9659118652,56.1553459167,257.176544189
2018-09-27,86.0781936646,56.2595214844,257.895202637
2018-09-28,86.0183410645,56.298625946,257.921813965
2018-10-01,85.8996963501,56.4615211487,258.817932129
2018-10-02,85.9747695923,56.4157180786,258.666931152
2018-10-03,85.4717636108,56.2652511597,258.809020996
2018-10-04,85.1189117432,56.0558776855,256.7862854
2018-10-05,84.7886047363,55.807258606,255.348999023
2018-10-08,84.6985092163,55.682975769,255.348999023
2018-10-09,84.9387359619,55.767993927,254.976318359
2018-10-10,84.7060089111,55.368888855,246.903060913
2018-10-11,85.0588607788,55.4147224426,241.464599609
2018-10-12,85.0738830566,55.7091407776,244.818222046
2018-10-15,84.9162445068,55.6698570251,243.44303894
2018-10-16,85.133934021,55.8596038818,248.766113281
2018-10-17,84.7135314941,55.7484130859,248.810394287
2018-10-18,84.7135314941,55.5128860474,245.217376709
2018-10-19,84.6084060669,55.5455818176,245.084274292
2018-10-22,84.5033111572,55.5717544556,243.984161377
2018-10-23,84.6234436035,55.5194091797,242.742141724
2018-10-24,84.7435455322,55.2446098328,235.387405396
2018-10-25,84.6384124756,55.3558425903,239.610397339
2018-10-26,84.7810745239,55.1072120667,235.396270752
2018-10-29,84.6835021973,55.0548744202,234.092071533
2018-10-30,84.4957809448,55.1857452393,237.561035156
2018-10-31,84.2555541992,55.1857452393,240.098358154
2018-11-01,84.5109176636,55.4388694763,242.653457642
2018-11-02,84.1719284058,55.4059753418,241.216217041
2018-11-05,84.3226013184,55.4520454407,242.546981812
2018-11-06,84.4656982422,55.5966758728,244.081787109
2018-11-07,84.6841506958,55.9188270569,249.307342529
2018-11-08,84.4356460571,55.78074646,248.854812622
2018-11-09,84.4958343506,55.465171814,246.423965454
2018-11-12,84.4883117676,55.1232795715,241.819503784
2018-11-13,84.3753356934,55.0312423706,241.366928101
2018-11-14,84.1493759155,54.9260406494,239.71685791
2018-11-15,83.9911575317,54.9129104614,242.218643188
2018-11-16,84.1569137573,54.7485198975,242.84866333
2018-11-19,84.0740737915,54.5775718689,238.740982056
2018-11-20,83.8707122803,54.4066123962,234.322814941
2018-11-21,84.0514450073,54.6827735901,235.121231079
2018-11-23,84.0890884399,54.3803024292,233.550949097
2018-11-26,84.1267700195,54.6367340088,237.321426392
2018-11-27,84.0213012695,54.6104660034,238.119888306
2018-11-28,84.2472457886,55.0641098022,243.60269165
2018-11-29,84.0062332153,55.0772361755,243.070404053
2018-11-30,83.9535140991,54.9654846191,244.551986694
2018-12-03,84.2655563354,55.3459091187,247.79019165
2018-12-04,84.2807312012,55.0024757385,239.761245728
2018-12-06,84.537612915,54.8109474182,239.39743042
2018-12-07,84.545173645,54.7052459717,233.834838867
2018-12-10,84.8020935059,54.7448997498,234.2784729
2018-12-11,84.9531936646,54.8439483643,234.33164978
2018-12-12,85.0438613892,55.0222930908,235.511581421
2018-12-13,85.2705688477,55.1543807983,235.431747437
2018-12-14,85.1798858643,54.9231987,231.084579468
2018-12-17,85.2705688477,54.5665359497,226.551025391
2018-12-18,85.5752944946,54.4677352905,226.302627563
2018-12-19,85.5070495605,53.9766273499,222.913604736
2018-12-20,85.2265930176,53.5055122375,219.285018921
2018-12-21,85.1431884766,53.2400665283,214.791976929
2018-12-24,84.9461517334,52.841884613,209.116516113
2018-12-26,84.8779296875,53.731098175,219.682098389
2018-12-27,84.8779296875,53.6979064941,221.36869812
2018-12-28,85.2796478271,53.7775726318,221.0831604
2018-12-31,85.5146179199,53.8173599243,223.019592285
2019-01-02,85.7798995972,53.744392395,223.251556396
2019-01-03,85.8178329468,53.7709274292,217.92414856
2019-01-04,85.7647705078,54.6734161377,225.223709106
2019-01-07,85.7723083496,55.2042732239,226.999526978
2019-01-08,85.9618530273,55.562625885,229.132232666
2019-01-09,86.2877578735,55.6289825439,230.203140259
2019-01-10,86.0603561401,55.8479385376,231.015151978
2019-01-11,86.2195281982,55.6688041687,231.104415894
2019-01-14,85.9921569824,55.4896469116,229.694458008
2019-01-15,86.0452346802,55.6754150391,232.326965332
2019-01-16,86.2119598389,55.7616767883,232.88911438
2019-01-17,86.3863067627,55.914352417,234.655975342
2019-01-18,86.5378952026,56.0735473633,237.779266357
2019-01-22,86.6818847656,55.7019767761,234.566696167
2019-01-23,86.9017181396,55.8147964478,235.057540894
2019-01-24,87.1291046143,55.8745193481,235.182495117
2019-01-25,87.2049026489,56.0138816833,237.17250061
2019-01-28,87.1897659302,55.92760849,235.369842529
2019-01-29,87.3792037964,55.8944320679,235.057540894
2019-01-30,87.7809524536,56.3390159607,238.778701782
2019-01-31,88.3949279785,56.4784088135,240.875762939
2019-02-01,88.1843261719,56.4510421753,240.991790771
2019-02-04,88.0626831055,56.5843811035,242.687179565
2019-02-05,88.4200286865,56.7843856812,243.704528809
2019-02-06,88.252746582,56.7310295105,243.383285522
2019-02-07,88.2375411987,56.5376968384,241.063201904
2019-02-08,88.4580154419,56.5243759155,241.357666016
2019-02-11,88.260383606,56.5510406494,241.49156189
2019-02-12,88.3819885254,56.8243408203,244.596954346
2019-02-13,88.1538848877,56.7443618774,245.391098022
2019-02-14,88.252746582,56.7510261536,244.846847534
2019-02-15,88.3591842651,56.9310302734,247.514984131
2019-02-19,88.412437439,56.9510498047,247.943283081
2019-02-20,88.3363876343,56.9976959229,248.443054199
2019-02-21,88.0855026245,56.9443817139,247.559570312
2019-02-22,88.4808120728,57.0576972961,249.094528198
2019-02-25,88.4504318237,57.1043663025,249.433517456
2019-02-26,88.5872573853,57.1776885986,249.255111694
2019-02-27,88.3363876343,57.1976737976,249.147964478
2019-02-28,88.2147293091,57.1643447876,248.683944702
2019-03-01,88.0607223511,57.3263969421,250.236755371
2019-03-04,88.258972168,57.2393417358,249.32649231
2019-03-05,88.2894592285,57.2125854492,248.987365723
2019-03-06,88.3733673096,57.1188011169,247.479248047
2019-03-07,88.6631546021,57.0786476135,245.408966064
2019-03-08,88.77759552,56.9848899841,244.918182373
2019-03-11,88.876701355,57.1723899841,248.469833374
2019-03-12,89.1207122803,57.272819519,249.406784058
2019-03-13,88.9758453369,57.4268226624,251.057739258
2019-03-14,88.8004455566,57.3866691589,250.897018433
2019-03-15,89.1207122803,57.4402313232,252.136535645
2019-03-18,89.075012207,57.4201393127,253.050827026
2019-03-19,89.0902633667,57.45362854,253.113525391
2019-03-20,89.6927185059,57.7013702393,252.35168457
2019-03-21,89.8605270386,57.6879844666,255.201950073
2019-03-22,90.4095840454,57.4804267883,250.290176392
2019-03-25,90.5926361084,57.460319519,250.101989746
2019-03-26,90.6307601929,57.600944519,251.966186523
2019-03-27,90.7527923584,57.6410980225,250.648773193
2019-03-28,90.8671646118,57.7549476624,251.598815918
2019-03-29,90.7985153198,57.9022598267,253.185195923
2019-04-01,90.4604263306,57.8881759644,256.187896729
2019-04-02,90.5828094482,57.9150352478,256.31338501
2019-04-03,90.3915634155,57.935218811,256.716644287
2019-04-04,90.5369262695,58.0226669312,257.397766113
2019-04-05,90.6822433472,58.1302909851,258.643615723
2019-04-08,90.5522232056,58.0966262817,258.840820312
2019-04-09,90.7434616089,58.0562934875,257.514251709
2019-04-10,91.1870880127,58.3118629456,258.392791748
2019-04-11,91.0953369141,58.3993377686,258.320922852
2019-04-12,91.0417480469,58.4867401123,260.068786621
2019-04-15,90.896446228,58.4463768005,259.8984375
2019-04-16,90.6440048218,58.4127616882,260.068786621
2019-04-17,90.6287155151,58.2715072632,259.432525635
2019-04-18,90.7051696777,58.2984313965,259.943328857
2019-04-22,90.5598526001,58.197555542,260.167419434
2019-04-23,90.9346618652,58.3993377686,262.506744385
2019-04-24,91.2406616211,58.3186035156,261.924133301
2019-04-25,91.1947479248,58.3455162048,261.762756348
2019-04-26,91.5160217285,58.4934501648,262.981811523
2019-04-29,91.1565093994,58.4665870667,263.394042969
2019-04-30,91.1947479248,58.4732818604,263.528533936
2019-05-01,91.1656036377,58.2814369202,261.547607422
2019-05-02,90.835723877,58.3219947815,260.983032227
2019-05-03,91.2423324585,58.4705696106,263.537536621
2019-05-06,91.3650894165,58.4976081848,262.452941895
2019-05-07,91.3574142456,58.1464118958,258.070037842
2019-05-08,91.0505065918,58.1666183472,257.711456299
2019-05-09,91.1349258423,58.0788459778,256.93170166
2019-05-10,91.1886367798,58.2409629822,258.222473145
2019-05-13,91.2423324585,57.7073707581,251.733276367
2019-05-14,91.3727416992,57.8356933594,254.009841919
2019-05-15,91.6259155273,57.8897285461,255.497695923
2019-05-16,91.480140686,58.0653419495,257.863891602
2019-05-17,91.4878387451,58.0450592041,256.196868896
2019-05-20,91.2730178833,57.9910392761,254.502807617
2019-05-21,91.3497543335,58.173412323,256.797332764
2019-05-22,91.4647979736,58.2206764221,256.008575439
2019-05-23,91.664276123,57.9302368164,252.880477905
2019-05-24,91.856048584,57.8492355347,253.454147339
2019-05-28,91.9174575806,57.795173645,251.096878052
2019-05-29,91.9558105469,57.639793396,249.411849976
2019-05-30,92.4851531982,57.7613868713,250.092987061
2019-05-31,92.6999969482,57.3426361084,246.723007202
2019-06-03,92.9855041504,57.4349250793,246.095458984
2019-06-04,93.0162658691,58.0116539001,251.437484741
2019-06-05,92.9546813965,58.1473274231,253.615493774
2019-06-06,93.1317138672,58.2694625854,255.264633179
2019-06-07,93.5472793579,58.4187583923,257.819061279
2019-06-10,93.2086639404,58.5069656372,259.002258301
2019-06-11,93.2933044434,58.5883674622,258.939361572
2019-06-12,93.4318389893,58.452671051,258.482421875
2019-06-13,93.6704177856,58.5883674622,259.548919678
2019-06-14,93.7088470459,58.5476264954,259.262176514
2019-06-17,93.7550201416,58.4594726562,259.360687256
2019-06-18,94.3783950806,58.866558075,262.076568604
2019-06-19,94.9786224365,59.1447525024,262.66809082
2019-06-20,95.4942398071,59.443271637,265.177612305
2019-06-21,95.14793396,59.2532958984,264.792236328
2019-06-24,95.3864898682,59.2465209961,264.467956543
2019-06-25,95.1017837524,58.9954719543,261.874176025
2019-06-26,94.9093780518,58.9683418274,261.612976074
2019-06-27,95.4634780884,59.1311683655,262.540557861
2019-06-28,95.7097320557,59.1515159607,263.891479492
2019-07-01,95.8910980225,59.1692466736,266.287261963
2019-07-02,96.1534729004,59.2987251282,266.980773926
2019-07-03,96.4158782959,59.5236320496,269.115325928
2019-07-05,95.5669250488,59.2851066589,268.809112549
2019-07-08,95.4357299805,59.1692466736,267.33203125
2019-07-09,95.2350692749,59.1010780334,267.665222168
2019-07-10,95.4511871338,59.2646446228,268.944213867
2019-07-11,94.8877868652,59.1488189697,269.574707031
2019-07-12,94.9804077148,59.2442359924,270.781524658
2019-07-15,95.1425018311,59.2851066589,270.871612549
2019-07-16,94.9418029785,59.1624336243,269.997894287
2019-07-17,95.4434509277,59.0874633789,268.160644531
2019-07-18,95.6672821045,59.114692688,269.14239502
2019-07-19,95.5206069946,59.0124816895,267.64730835
2019-07-22,95.813911438,59.2101402283,268.304718018
2019-07-23,95.8679275513,59.312374115,270.223083496
2019-07-24,96.1380615234,59.3600654602,271.49307251
2019-07-25,95.8293762207,59.2782974243,270.196044922
2019-07-26,95.9605560303,59.4077682495,272.006408691
2019-07-29,95.8988037109,59.3191871643,271.511108398
2019-07-30,95.8679275513,59.346446991,270.844726562
2019-07-31,95.9528503418,59.2442359924,267.881378174
2019-08-01,96.7329559326,59.2147941589,265.54876709
2019-08-02,96.8335876465,59.1258163452,263.549285889
2019-08-05,96.9031906128,58.5098304749,255.623565674
2019-08-06,97.5068511963,58.8862762451,259.208129883
2019-08-07,97.4913787842,58.8794593811,259.361175537
2019-08-08,97.7545318604,59.1121101379,264.449920654
2019-08-09,97.4681930542,59.0299911499,262.648651123
2019-08-12,98.0795898438,58.8246421814,259.451324463
2019-08-13,98.0021514893,59.0847702026,263.486206055
2019-08-14,98.2885437012,58.5577468872,255.695587158
2019-08-15,98.7683639526,58.7288513184,256.37109375
2019-08-16,98.9463729858,58.9273376465,260.153869629
2019-08-19,98.6213302612,59.0984344482,263.28805542
2019-08-20,99.1940383911,59.1463470459,261.270629883
2019-08-21,99.3720169067,59.3996200562,263.396179199
2019-08-22,99.0082626343,59.5090713501,263.315155029
2019-08-23,99.3720169067,59.2353096008,256.551300049
2019-08-26,99.3797988892,59.5296134949,259.388214111
2019-08-27,99.9137420654,59.5022392273,258.370483398
2019-08-28,99.9137420654,59.6459503174,260.189880371
2019-08-29,99.6971054077,59.7075538635,263.513214111
2019-08-30,99.6816177368,59.6528129578,263.396179199
2019-09-03,99.5877227783,59.4816665649,261.856109619
2019-09-04,99.77394104,59.6053657532,264.82824707
2019-09-05,99.0444641113,59.8390426636,268.232666016
2019-09-06,99.4014358521,59.8940734863,268.439849854
2019-09-09,98.6720046997,59.9559288025,268.574890137
2019-09-10,97.8416519165,59.9902801514,268.511810303
2019-09-11,97.7640457153,59.9833984375,270.421234131
2019-09-12,97.6321029663,60.017780304,271.357910156
2019-09-13,96.7552261353,59.9078102112,271.177886963
2019-09-16,97.244102478,60.1209068298,270.340270996
2019-09-17,97.4923934937,60.1552200317,271.024749756
2019-09-18,97.7329940796,60.1209068298,271.186828613
2019-09-19,98.0123748779,60.052154541,271.168823242
2019-09-20,98.6875076294,60.1277427673,269.887634277
2019-09-23,98.6176376343,60.1002578735,269.824279785
2019-09-24,98.9281005859,60.017780304,267.707000732
2019-09-25,98.3693161011,59.9559288025,269.290405273
2019-09-26,98.5788955688,59.9146881104,268.72946167
2019-09-27,98.6021270752,59.8459510803,267.281768799
2019-09-30,98.9281005859,59.9146881104,268.521270752
2019-10-01,99.0416488647,59.7766723633,265.327362061
2019-10-02,99.002784729,59.4246673584,260.640380859
2019-10-03,99.3918380737,59.4592514038,262.775787354
2019-10-04,99.8042144775,59.6455497742,266.331695557
2019-10-07,99.2984390259,59.5972366333,265.18258667
2019-10-08,99.2128448486,59.3764076233,261.065673828
2019-10-09,99.2517700195,59.5558433533,263.544921875
2019-10-10,98.668182373,59.631729126,265.327362061
2019-10-11,98.4892425537,59.8801422119,268.078033447
2019-10-14,98.8160476685,59.9216041565,267.779388428
2019-10-15,98.5514907837,60.052696228,270.43057251
2019-10-16,98.660446167,60.0043869019,269.996246338
2019-10-17,98.8004684448,60.0872116089,270.792327881
2019-10-18,98.9250183105,60.1009788513,269.607086182
2019-10-21,98.6993408203,60.1216621399,271.434783936
2019-10-22,98.8704986572,60.1355171204,270.548126221
2019-10-23,98.9250183105,60.1907196045,271.335235596
2019-10-24,99.1428451538,60.2597312927,271.778625488
2019-10-25,98.9716644287,60.3080596924,272.89163208
2019-10-28,98.6759643555,60.3011360168,274.4296875
2019-10-29,98.4191894531,60.1907196045,274.348358154
2019-10-30,98.7693252563,60.1148109436,275.189819336
2019-10-31,99.3684387207,59.9077758789,274.45690918
2019-11-01,99.4660110474,60.1648750305,276.999389648
2019-11-04,98.9979019165,60.2896232605,278.11227417
2019-11-05,98.4283599854,60.2272758484,277.8046875
2019-11-06,98.9822845459,60.157951355,277.868041992
2019-11-07,98.2099151611,60.1301956177,278.845214844
2019-11-08,98.0772476196,60.1856689453,279.53302002
2019-11-11,98.1084747314,60.151008606,278.999053955
2019-11-12,98.2020797729,60.1648750305,279.587188721
2019-11-13,98.4361724854,60.1025238037,279.677642822
2019-11-14,98.9510803223,60.0678367615,280.084838867
2019-11-15,98.9666671753,60.2480201721,282.111694336
2019-11-18,99.075881958,60.1718139648,282.319763184
2019-11-19,99.270980835,59.9569816589,282.238311768
2019-11-20,99.4114227295,59.8322029114,281.188781738
2019-11-21,99.1773452759,59.8460769653,280.736328125
2019-11-22,99.4504394531,60.0747680664,281.360687256
2019-11-25,99.7936706543,60.2341461182,283.541229248
2019-11-26,100.051139832,60.3034553528,284.183563232
2019-11-27,100.043296814,60.3797073364,285.450439453
2019-11-29,99.840461731,60.2480201721,284.391723633
2019-12-02,99.4070739746,60.2069816589,281.975952148
2019-12-03,100.17375946,60.1234970093,280.084838867
2019-12-04,100.040748596,60.304359436,281.812988281
2019-12-05,99.9312362671,60.3948287964,282.319763184
2019-12-06,99.876449585,60.4783287048,284.8984375
2019-12-09,99.8608322144,60.4783287048,284.002655029
2019-12-10,99.8608322144,60.6244392395,283.686035156
2019-12-11,100.251976013,60.7496337891,284.491210938
2019-12-12,99.7904129028,60.888759613,286.943328857
2019-12-13,100.439750671,60.9514122009,287.115264893
2019-12-16,100.21282959,61.0696678162,289.08770752
2019-12-17,100.134643555,61.2574958801,289.151092529
2019-12-18,100.064239502,61.368812561,289.169189453
2019-12-19,100.163078308,61.3366966248,290.354492188
2019-12-20,100.13167572,61.2459449768,291.627349854
2019-12-23,100.178756714,61.2738685608,292.072937012
2019-12-24,100.280708313,61.3227539062,292.08203125
2019-12-26,100.461120605,61.4134902954,293.63684082
2019-12-27,100.602256775,61.3855628967,293.564086914
2019-12-30,100.782691956,61.3437004089,291.945617676
2019-12-31,100.366981506,61.3995361328,292.654876709
2020-01-02,100.57875824,61.6578521729,295.39175415
2020-01-03,100.92388916,61.5950393677,293.154876709
2020-01-06,100.586601257,61.5321846008,294.273498535
2020-01-07,100.327774048,61.4763450623,293.445861816
2020-01-08,100.186637878,61.5321846008,295.009887695
2020-01-09,100.665039062,61.692779541,297.010345459
2020-01-10,100.947441101,61.7137184143,296.155517578
2020-01-13,100.70425415,61.7137184143,298.192321777
2020-01-14,100.829734802,61.7067337036,297.737670898
2020-01-15,101.049377441,61.7207260132,298.410430908
2020-01-16,101.190582275,61.7416915894,300.892822266
2020-01-17,101.174880981,61.692779541,301.829315186
2020-01-21,101.661186218,61.5601463318,301.23828125
2020-01-22,101.716079712,61.6718254089,301.274688721
2020-01-23,101.849395752,61.4833297729,301.620239258
2020-01-24,102.021987915,61.2250099182,298.937805176
2020-01-27,102.218093872,60.8130722046,294.145996094
2020-01-28,102.163162231,61.3366966248,297.228485107
2020-01-29,102.492637634,61.301776886,296.983062744
2020-01-30,102.555351257,61.3646316528,297.946746826
2020-01-31,102.821968079,61.1132659912,292.536743164
2020-02-03,102.741020203,61.1034660339,294.709777832
2020-02-04,102.489402771,61.4680480957,299.201507568
2020-02-05,102.426475525,61.7204627991,302.656768799
2020-02-06,102.37928772,61.7695579529,303.675140381
2020-02-07,102.772506714,61.6783905029,302.056671143
2020-02-10,103.016265869,61.7625045776,304.311676025
2020-02-11,102.866859436,61.8045959473,304.839050293
2020-02-12,102.819664001,61.9658432007,306.803009033
2020-02-13,102.748908997,61.9869270325,306.47567749
2020-02-14,103.000556946,61.979888916,306.966644287
2020-02-18,103.197120667,61.8536682129,306.175689697
2020-02-19,103.055618286,61.8817138672,307.639556885
2020-02-20,103.401611328,61.9869270325,306.375640869
2020-02-21,103.606048584,61.9307861328,303.22052002
2020-02-24,103.621788025,61.2647209167,293.164031982
2020-02-25,103.724021912,60.8370513916,284.280548096
2020-02-26,103.338668823,60.9001541138,283.234924316
2020-02-27,102.788223267,60.0798034668,270.514373779
2020-02-28,103.944198608,60.3252029419,269.377838135
2020-03-02,103.840927124,60.7829627991,281.043670654
2020-03-03,105.023628235,60.5223960876,272.996673584
2020-03-04,105.173469543,61.3534011841,284.471496582
2020-03-05,105.133972168,60.5787391663,275.015167236
2020-03-06,105.867279053,59.8956031799,270.468933105
2020-03-09,103.296897888,57.3180999756,249.346801758
2020-03-10,100.97089386,58.1983947754,262.249206543
2020-03-11,97.6514434814,56.9307670593,249.465011597
2020-03-12,92.9916534424,54.6560745239,225.596893311
2020-03-13,97.0206985474,56.3744087219,244.882293701
2020-03-16,95.64087677,53.2757759094,218.086395264
2020-03-17,91.7222137451,53.77576828,229.861282349
2020-03-18,87.1333389282,51.4024963379,218.222763062
2020-03-19,82.8283233643,50.2475318909,218.686477661
2020-03-20,84.1608123779,49.1207427979,209.262374878
2020-03-23,90.3818283081,48.3320007324,203.911895752
2020-03-24,92.2347412109,50.3249931335,222.387008667
2020-03-25,96.650100708,51.7404975891,225.716156006
2020-03-26,96.7289810181,54.1067581177,238.895645142
2020-03-27,96.5318450928,54.2476081848,231.780029297
2020-03-30,97.7066650391,54.7124176025,239.307220459
2020-03-31,97.383430481,54.2757873535,235.740264893
2020-04-01,95.968460083,52.7859153748,225.130828857
2020-04-02,96.2214660645,53.1963996887,230.325775146
2020-04-03,95.7234573364,52.0569038391,226.996612549
2020-04-06,97.6126251221,53.3238258362,242.243103027
2020-04-07,97.7628326416,53.3238258362,242.490097046
2020-04-08,99.5254974365,54.7110595703,250.630096436
2020-04-09,104.204978943,58.2924194336,254.444030762
2020-04-13,103.193191528,57.4572219849,252.120910645
2020-04-14,102.687309265,57.6978759766,259.55670166
2020-04-15,103.375,57.1599884033,254.041549683
2020-04-16,102.861183167,57.103351593,255.267211914
2020-04-17,103.201095581,57.393535614,262.163299561
2020-04-20,102.616165161,56.5300788879,257.544494629
2020-04-21,102.252532959,55.4967079163,249.724639893
2020-04-22,102.315788269,55.9850349426,255.267211914
2020-04-23,102.750549316,55.9567718506,255.248825073
2020-04-24,102.679382324,55.433013916,258.806640625
2020-04-27,101.849411011,55.6594924927,262.538269043
2020-04-28,102.126083374,55.8293571472,261.33102417
2020-04-29,102.797950745,56.8131446838,268.172271729
2020-04-30,102.102401733,56.9263954163,265.675506592
2020-05-01,101.698226929,55.944480896,258.641998291
2020-05-04,101.856704712,55.8662567139,259.35546875
2020-05-05,101.72202301,56.3497619629,261.751800537
2020-05-06,100.580940247,56.029800415,259.977416992
2020-05-07,100.850372314,56.1720085144,263.114440918
2020-05-08,100.366989136,56.7052574158,267.468017578
2020-05-11,99.4874343872,56.4492988586,267.522888184
2020-05-12,100.446228027,56.3782157898,262.190734863
2020-05-13,100.676025391,56.0795631409,257.553619385
2020-05-14,101.508049011,55.887588501,260.635955811
2020-05-15,101.864624023,55.9657936096,261.83404541
2020-05-18,102.443107605,56.9541435242,269.809417725
2020-05-19,102.522361755,57.0252723694,267.038085938
2020-05-20,103.647605896,57.6296386719,271.574615479
2020-05-21,103.568351746,57.615398407,269.699707031
2020-05-22,103.568351746,57.7576255798,270.211853027
2020-05-26,103.425682068,58.1913490295,273.540924072
2020-05-27,103.853591919,58.3122024536,277.611083984
2020-05-28,103.940788269,58.3690834045,277.0987854
2020-05-29,104.614349365,58.6037216187,278.333618164
2020-06-01,104.568252563,59.0470046997,279.458557129
2020-06-02,104.901863098,59.6323814392,281.772460938
2020-06-03,104.838310242,59.9107170105,285.522338867
2020-06-04,104.520576477,59.7251281738,284.772369385
2020-06-05,105.060752869,60.2890319824,292.071014404
2020-06-08,105.410240173,60.3604621887,295.601409912
2020-06-09,105.187835693,59.8893241882,293.397186279
2020-06-10,105.878913879,59.8036575317,291.759979248
2020-06-11,104.615936279,58.2689628601,274.940216064
2020-06-12,105.124305725,58.8471641541,278.232971191
2020-06-15,106.617683411,59.4182167053,280.830383301
2020-06-16,106.323760986,59.6609153748,286.235748291
2020-06-17,106.117202759,59.3825111389,285.046813965
2020-06-18,106.355537415,59.3611183167,285.156524658
2020-06-19,106.43497467,59.1612281799,283.526916504
2020-06-22,106.331672668,59.1184082031,285.34576416
2020-06-23,106.133132935,59.2040901184,286.659423828
2020-06-24,105.839202881,58.5973052979,279.347137451
2020-06-25,105.950424194,58.6187286377,282.34173584
2020-06-26,106.045722961,58.0619506836,275.635803223
2020-06-29,106.538223267,57.7336082458,279.686981201
2020-06-30,106.840042114,58.2618370056,283.269622803
2020-07-01,107.262054443,58.4431800842,285.253845215
2020-07-02,107.52481842,58.8732643127,286.824829102
2020-07-06,107.803474426,59.2961997986,291.252532959
2020-07-07,107.946800232,58.9019470215,288.248748779
2020-07-08,107.771621704,59.0596580505,290.453399658
2020-07-09,108.376724243,58.9306182861,288.799804688
2020-07-10,108.177642822,59.1313247681,291.748657227
2020-07-13,107.891075134,58.8087348938,289.222412109
2020-07-14,108.520042419,59.3105392456,292.970458984
2020-07-15,108.73500061,59.6474571228,295.662078857
2020-07-16,109.037582397,59.7048187256,294.688323975
2020-07-17,109.332145691,59.869682312,295.542633057
2020-07-20,109.634666443,60.2280845642,297.931121826
2020-07-21,109.777999878,60.5076408386,298.564880371
2020-07-22,110.136329651,60.6295280457,300.264404297
2020-07-23,110.215888977,60.5864944458,296.681671143
2020-07-24,109.969154358,60.6438674927,294.771057129
2020-07-27,109.634666443,60.7872238159,296.920593262
2020-07-28,109.523231506,60.6295280457,295.037353516
2020-07-29,110.120391846,60.9664230347,298.665924072
2020-07-30,110.000968933,61.0954742432,297.600250244
2020-07-31,110.152206421,61.2101478577,299.952087402
2020-08-03,110.299812317,61.2252540588,302.037353516
2020-08-04,110.706726074,61.203666687,303.203979492
2020-08-05,110.555175781,61.3116226196,305.087188721
2020-08-06,111.025939941,61.4483642578,307.126556396
2020-08-07,110.714729309,61.2972106934,307.347137451
2020-08-10,110.475372314,61.3260154724,308.265655518
2020-08-11,109.781219482,60.7718505859,305.721038818
2020-08-12,109.509925842,60.7862281799,309.983581543
2020-08-13,108.520545959,60.6206932068,309.423065186
2020-08-14,108.041809082,60.5127830505,309.432342529
2020-08-17,108.265220642,60.8726272583,310.415283203
2020-08-18,108.576377869,60.9661712646,311.085845947
2020-08-19,108.289146423,60.7934417725,309.790588379
2020-08-20,108.672103882,60.9949645996,310.755157471
2020-08-21,108.871643066,60.9877319336,311.857574463
2020-08-24,108.680130005,61.2684516907,315.017700195
2020-08-25,108.209388733,61.3332290649,316.1199646
2020-08-26,108.24924469,61.3260154724,319.289306641
2020-08-27,107.387512207,61.2324523926,319.987365723
2020-08-28,107.714675903,61.2828330994,322.054382324
2020-08-31,108.19342041,61.196472168,320.88772583
2020-09-01,108.877067566,61.5295677185,323.910003662
2020-09-02,109.308898926,61.601852417,328.595001221
2020-09-03,109.069023132,61.2188796997,317.286651611
2020-09-04,107.909561157,61.0526809692,314.696136475
2020-09-08,108.01348114,60.7130432129,306.097625732
2020-09-09,108.085418701,61.1899681091,312.14239502
2020-09-10,108.165390015,60.9009284973,306.722351074
2020-09-11,108.245422363,61.0237770081,306.878601074
2020-09-14,108.517303467,60.9587516785,310.920593262
2020-09-15,108.637184143,61.1249389648,312.491333008
2020-09-16,108.709159851,61.1249389648,311.251190186
2020-09-17,108.733177185,61.0599021912,308.513702393
2020-09-18,108.533256531,60.9081459045,304.961853027
2020-09-21,108.42930603,60.4167976379,301.567718506
2020-09-22,108.493309021,60.6263618469,304.639099121
2020-09-23,107.709617615,60.012134552,297.57421875
2020-09-24,107.437789917,60.0482597351,298.367340088
2020-09-25,107.325813293,59.9398612976,303.191040039
2020-09-28,107.869537354,60.330078125,308.226806641
2020-09-29,107.733650208,60.3806724548,306.548248291
2020-09-30,107.717636108,60.6263618469,308.872436523
2020-10-01,108.017318726,60.8346214294,310.85546875
2020-10-02,108.033401489,60.8346214294,307.904174805
2020-10-05,107.672775269,61.2918014526,313.364105225
2020-10-06,107.584640503,61.1539382935,308.909454346
2020-10-07,107.616676331,61.3716163635,314.286376953
2020-10-08,107.881111145,61.5094985962,317.071777344
2020-10-09,108.129516602,61.6473693848,319.90335083
2020-10-12,108.754646301,61.9594306946,325.049804688
2020-10-13,108.650436401,61.6836891174,322.928527832
2020-10-14,108.754646301,61.53125,320.899383545
2020-10-15,108.642417908,61.4877281189,320.502838135
2020-10-16,108.458076477,61.4151687622,320.309112549
2020-10-19,108.249755859,61.1974449158,315.439331055
2020-10-20,108.025344849,61.4151687622,316.702880859
2020-10-21,107.849029541,61.4079017639,316.103424072
2020-10-22,107.608627319,61.5167732239,317.837402344
2020-10-23,107.881111145,61.5893745422,318.916442871
2020-10-26,108.10546875,61.0450630188,313.022949219
2020-10-27,108.54624939,61.0741043091,311.943725586
2020-10-28,108.009307861,60.5660972595,301.281921387
2020-10-29,107.728881836,60.7402648926,304.343963623
2020-10-30,107.167869568,60.8709068298,301.171203613
2020-11-02,107.587905884,61.0159378052,304.546813965
2020-11-03,107.692329407,61.5406608582,309.923919678
2020-11-04,109.306488037,62.1164512634,316.850494385
2020-11-05,109.716056824,62.3350868225,323.029937744
2020-11-06,109.370742798,62.1164512634,322.95614624
2020-11-09,108.54359436,62.5901603699,327.014312744
2020-11-10,108.262504578,62.5027160645,326.534667969
2020-11-11,108.463287354,62.4808502197,328.960388184
2020-11-12,108.89692688,62.0581245422,325.769195557
2020-11-13,109.025398254,62.2694625854,330.279296875
2020-11-16,109.378738403,62.6193237305,334.402069092
2020-11-17,109.73210144,62.6411781311,332.603485107
2020-11-18,109.964996338,62.5245666504,328.600708008
2020-11-19,110.575363159,62.7359046936,329.984222412
2020-11-20,110.478996277,62.6193237305,327.72454834
2020-11-23,110.615493774,62.7140541077,329.688995361
2020-11-24,110.366539001,62.9035377502,335.001556396
2020-11-25,110.430801392,62.8743972778,334.485015869
2020-11-27,110.824295044,62.9764175415,335.416595459
2020-11-30,111.209754944,62.9108161926,333.931640625
2020-12-01,110.788070679,63.0725517273,337.583984375
2020-12-02,110.417961121,63.2481498718,338.294250488
2020-12-03,110.852485657,63.2847366333,338.201934814
2020-12-04,110.240921021,63.5481681824,341.116516113
2020-12-07,110.337501526,63.5188674927,340.415496826
2020-12-08,110.208763123,63.4676742554,341.411499023
2020-12-09,109.806404114,63.3725318909,338.349578857
2020-12-10,110.353599548,63.4896240234,338.238830566
2020-12-11,110.466247559,63.4237632751,337.842285156
2020-12-14,110.385795593,63.4383926392,336.329650879
2020-12-15,110.603019714,63.6359481812,340.876647949
2020-12-16,110.51449585,63.5408477783,341.411499023
2020-12-17,110.675827026,63.6356239319,343.320709229
2020-12-18,110.595161438,63.6870307922,341.949951172
2020-12-21,110.377441406,63.4592819214,340.727233887
2020-12-22,110.683822632,63.5400924683,340.152984619
2020-12-23,110.708053589,63.8266372681,340.458740234
2020-12-24,111.087036133,63.9589080811,341.78326416
2020-12-28,111.159553528,64.0396957397,344.719390869
2020-12-29,111.207977295,63.9589080811,344.061737061
2020-12-30,111.35308075,64.0911331177,344.55267334
2020-12-31,111.377304077,64.1425704956,346.303344727
2021-01-04,110.812850952,64.0103149414,341.588745117
2021-01-05,110.458076477,64.032371521,343.941375732
2021-01-06,109.563049316,63.9148139954,345.997558594
2021-01-07,109.546958923,64.0984725952,351.138305664
2021-01-08,109.466308594,64.1940155029,353.138946533
2021-01-11,108.998626709,63.8486785889,350.758514404
2021-01-12,109.232460022,63.9295043945,350.832580566
2021-01-13,110.079124451,64.1205444336,351.77734375
2021-01-14,109.603378296,64.1058425903,350.545440674
2021-01-15,109.772750854,64.0029907227,347.989013672
2021-01-19,109.9662323,64.1866760254,350.721435547
2021-01-20,109.933990479,64.3042297363,355.575012207
2021-01-21,109.498573303,64.2674636841,355.899078369
2021-01-22,109.417953491,64.1425704956,354.639434814
2021-01-25,109.885597229,64.1572875977,356.03805542
2021-01-26,109.877601624,64.0617523193,355.482421875
2021-01-27,109.684020996,63.8780822754,346.794158936
2021-01-28,109.506622314,64.0690841675,349.776702881
2021-01-29,109.337280273,63.9001159668,342.774261475
2021-02-01,109.553001404,64.1051177979,348.479980469
2021-02-02,109.262161255,64.2600097656,353.407501221
2021-02-03,109.003631592,64.3115997314,353.68548584
2021-02-04,109.189498901,64.4443511963,357.70526123
2021-02-05,108.898605347,64.5401992798,359.11315918
2021-02-08,109.367202759,64.7319488525,361.706634521
2021-02-09,109.197517395,64.6139602661,361.465820312
2021-02-10,109.45602417,64.5992202759,361.308410645
2021-02-11,109.165229797,64.6287078857,361.891876221
2021-02-12,108.809745789,64.7319488525,363.67956543
2021-02-16,108.042198181,64.6287078857,363.364654541
2021-02-17,108.58354187,64.606552124,363.448028564
2021-02-18,108.373451233,64.5180587769,361.9012146
2021-02-19,107.589752197,64.5254669189,361.262115479
2021-02-22,106.919212341,64.3263244629,358.483337402
2021-02-23,107,64.4812164307,358.918670654
2021-02-24,107.161598206,64.5475921631,362.873687744
2021-02-25,105.464981079,63.9355316162,354.129974365
2021-02-26,106.862663269,63.7437934875,352.305267334
2021-03-01,106.967086792,64.4594116211,360.845245361
2021-03-02,106.845672607,64.3632278442,358.029541016
2021-03-03,106.052276611,64.1560134888,353.287139893
2021-03-04,105.186035156,63.9117927551,348.915283203
2021-03-05,105.048439026,64.1041946411,355.334136963
2021-03-08,104.068870544,63.637966156,353.565032959
2021-03-09,104.854171753,63.726764679,358.613037109
2021-03-10,105.347961426,63.9265594482,360.845245361
2021-03-11,105.412742615,64.1633911133,364.50390625
2021-03-12,104.198410034,63.9857788086,364.994812012
2021-03-15,104.554595947,63.9931945801,367.171478271
2021-03-16,104.481719971,63.8451766968,366.708374023
2021-03-17,104.578872681,63.9339752197,367.958740234
2021-03-18,103.979858398,63.4455566406,362.605163574
2021-03-19,104.133621216,63.6897506714,361.934173584
2021-03-22,104.506011963,63.9192085266,364.824249268
2021-03-23,104.813652039,63.9857788086,361.952789307
2021-03-24,105.129379272,64.0227890015,360.112854004
2021-03-25,105.007995605,64.1337890625,362.138641357
2021-03-26,104.935112,64.3261947632,367.97442627
2021-03-29,104.684150696,64.3632278442,367.788604736
2021-03-30,105.007995605,64.2078170776,366.812927246
2021-03-31,105.283203125,64.5186309814,368.299713135
2021-04-01,105.943473816,64.6552810669,372.277008057
2021-04-05,105.424346924,64.6849594116,377.620300293
2021-04-06,106.130027771,64.7963638306,377.397338867
2021-04-07,105.919128418,64.7740325928,377.83404541
2021-04-08,106.308479309,64.7963638306,379.627593994
2021-04-09,106.089477539,64.7518005371,382.387542725
2021-04-12,106.065132141,64.6849594116,382.526977539
2021-04-13,106.535621643,64.7295455933,383.660644531
2021-04-14,106.389587402,64.699798584,382.350372314
2021-04-15,107.046607971,64.9597244263,386.457733154
2021-04-16,106.316627502,64.8260345459,387.749511719
2021-04-19,106.040802002,64.7220916748,385.844512939
2021-04-20,106.243629456,64.6106948853,383.01940918
2021-04-21,106.608604431,64.8260345459,386.64364624
2021-04-22,106.714080811,64.7072296143,383.112335205
2021-04-23,106.803283691,64.8780288696,387.266235352
2021-04-26,106.754638672,64.8483276367,388.074676514
2021-04-27,106.276054382,64.7592086792,387.991027832
2021-04-28,106.292259216,64.8854598999,387.879547119
2021-04-29,106.162460327,64.9597244263,390.351379395
2021-04-30,106.381507874,64.9300079346,387.786560059
2021-05-03,106.637504578,64.9553070068,388.623046875
2021-05-04,106.702522278,64.9180526733,386.22543335
2021-05-05,106.83253479,65.0447158813,386.346252441
2021-05-06,107.035758972,65.0224075317,389.43145752
2021-05-07,107.076393127,65.0671157837,392.265716553
2021-05-10,106.499343872,64.9180526733,388.381439209
2021-05-11,106.109199524,64.8510437012,384.915130615
2021-05-12,105.532211304,64.5380935669,376.737487793
2021-05-13,105.930412292,64.7690582275,381.263122559
2021-05-14,106.507507324,64.9776763916,387.117523193
2021-05-17,106.385551453,64.8584823608,386.132537842
2021-05-18,106.036094666,64.7020339966,382.80569458
2021-05-19,105.8491745,64.5306549072,381.802124023
2021-05-20,106.572463989,64.8063201904,385.909454346
2021-05-21,106.645599365,64.903213501,385.59362793
2021-05-24,106.938232422,64.9776763916,389.524414062
2021-05-25,107.33644104,64.9851760864,388.660217285
2021-05-26,107.279563904,65.0074996948,389.43145752
2021-05-27,106.954490662,64.9776763916,389.635894775
2021-05-28,107.043884277,64.9553070068,390.332824707
2021-06-01,107.05770874,65.1504440308,389.988983154
2021-06-02,107.228713989,65.2326965332,390.602294922
2021-06-03,106.805244446,65.0981140137,389.152618408
2021-06-04,107.562583923,65.2401733398,392.711730957
2021-06-07,107.47303009,65.2625732422,392.330810547
2021-06-08,107.880142212,65.3074264526,392.414550781
2021-06-09,108.271072388,65.3597946167,391.828979492
2021-06-10,108.759658813,65.4794006348,393.650360107
2021-06-11,108.849205017,65.5018081665,394.300872803
2021-06-14,108.450180054,65.441986084,395.18371582
2021-06-15,108.531608582,65.4345474243,394.458831787
2021-06-16,108.222167969,65.3448486328,392.256408691
2021-06-17,108.824775696,65.3896484375,392.126342773
2021-06-18,109.39478302,65.3597946167,386.836456299
2021-06-21,108.759658813,65.4868774414,392.374328613
2021-06-22,108.938735962,65.5317001343,394.472045898
2021-06-23,108.76776886,65.4644241333,393.996520996
2021-06-24,108.979492188,65.6662826538,396.327362061
2021-06-25,108.694473267,65.7335510254,397.735107422
2021-06-28,109.158630371,65.7260971069,398.53692627
2021-06-29,109.2889328,65.8083648682,398.751312256
2021-06-30,109.411117554,65.8157958984,399.087036133
2021-07-01,109.315612793,65.94480896,401.296630859
2021-07-02,109.625617981,66.0498046875,404.363922119
2021-07-06,110.025413513,66.0123138428,403.627349854
2021-07-07,110.400688171,66.034828186,405.053833008
2021-07-08,110.457778931,65.892288208,401.753479004
2021-07-09,109.99282074,66.0047912598,406.042114258
2021-07-12,109.935646057,65.9822921753,407.496490479
2021-07-13,109.527732849,65.7873153687,406.107391357
2021-07-14,110.033561707,65.892288208,406.713256836
2021-07-15,110.27016449,65.8472747803,405.324188232
2021-07-16,110.115158081,65.757270813,402.145050049
2021-07-19,110.906524658,65.3147506714,396.206207275
2021-07-20,110.751525879,65.6447753906,401.884033203
2021-07-21,110.359901428,65.8023071289,405.137817383
2021-07-22,110.81678772,65.8397903442,405.986114502
2021-07-23,110.767837524,65.967300415,410.162872314
2021-07-26,110.523094177,65.8698043823,411.169830322
2021-07-27,110.996253967,65.7797851562,409.295898438
2021-07-28,111.192085266,65.8322982788,409.128082275
2021-07-29,110.873878479,65.9748153687,410.824829102
2021-07-30,110.963661194,65.884803772,408.829742432
2021-08-02,111.284843445,65.7215042114,407.972045898
2021-08-03,111.399284363,65.7967529297,411.29095459
2021-08-04,111.42375946,65.676361084,409.267883301
2021-08-05,110.966094971,65.8268814087,411.859802246
2021-08-06,110.058891296,65.7516174316,412.540435791
2021-08-09,109.584854126,65.6010818481,412.204681396
2021-08-10,109.339622498,65.450630188,412.717468262
2021-08-11,109.511268616,65.5559539795,413.743041992
2021-08-12,109.666557312,65.668838501,414.983062744
2021-08-13,110.402160645,65.8118438721,415.738189697
2021-08-16,110.467536926,65.8343505859,416.717132568
2021-08-17,110.271400452,65.6838684082,413.985443115
2021-08-18,110.197845459,65.5334091187,409.454376221
2021-08-19,110.451217651,65.5258483887,410.088378906
2021-08-20,110.524719238,65.6838684082,413.351470947
2021-08-23,110.606468201,65.8870239258,416.987518311
2021-08-24,110.353141785,65.977355957,417.64932251
2021-08-25,110.06703186,66.0450897217,418.525817871
2021-08-26,110.034378052,66.0074386597,416.055175781
2021-08-27,110.647354126,66.188041687,419.775085449
2021-08-30,110.835319519,66.2708129883,421.621063232
2021-08-31,110.581977844,66.2858581543,420.996429443
2021-09-01,110.72441864,66.3424911499,421.220123291
2021-09-02,110.920860291,66.4255065918,422.516143799
2021-09-03,110.519737244,66.4330749512,422.413513184
2021-09-07,109.995727539,66.2594680786,420.903198242
2021-09-08,110.347801208,66.3349151611,420.390441895
2021-09-09,111.068321228,66.3953018188,418.591033936
2021-09-10,110.748962402,66.2971878052,415.290618896
2021-09-13,111.01915741,66.4632720947,416.353515625
2021-09-14,111.354850769,66.4330749512,414.106658936
2021-09-15,111.223854065,66.5312042236,417.56552124
2021-09-16,111.068321228,66.5085449219,416.903564453
2021-09-17,110.822639465,66.4255065918,412.842529297
2021-09-20,111.166526794,66.1915283203,405.958679199
2021-09-21,111.158340454,66.3047409058,405.575195312
2021-09-22,111.469444275,66.4255065918,409.531494141
2021-09-23,110.699882507,66.4557189941,414.507354736
2021-09-24,110.462440491,66.3575744629,415.190216064
2021-09-27,110.40512085,66.2971878052,414.002197266
2021-09-28,109.226150513,65.995262146,405.659393311
2021-09-29,109.201560974,66.1160125732,406.342132568
2021-09-30,108.915016174,66.0405349731,401.375793457
2021-10-01,109.706611633,66.1988372803,406.145782471
2021-10-04,109.526161194,65.9640579224,400.908050537
2021-10-05,109.075004578,65.9337463379,405.079559326
2021-10-06,109.107803345,65.895904541,406.763061523
2021-10-07,108.623832703,65.9034500122,410.279876709
2021-10-08,108.123458862,65.7065429688,409.531494141
2021-10-11,107.918388367,65.5020828247,406.566619873
2021-10-12,108.607421875,65.6232452393,405.565826416
2021-10-13,109.157035828,65.797416687,407.024932861
2021-10-14,109.673774719,66.1685333252,413.871459961
2021-10-15,109.280052185,66.0549240112,417.02331543
2021-10-18,109.189842224,66.0246200562,418.257904053
2021-10-19,108.591041565,66.0700683594,421.484710693
2021-10-20,108.328552246,66.0928115845,423.140136719
2021-10-21,108.098823547,65.9261779785,424.243835449
2021-10-22,108.533592224,65.7671661377,423.804260254
2021-10-25,108.582801819,65.8807296753,426.077056885
2021-10-26,109.050361633,65.895904541,426.460540771
2021-10-27,109.714836121,65.8428573608,424.57119751
2021-10-28,109.550765991,66.0094909668,428.667816162
2021-10-29,109.493347168,65.8353271484,429.537689209
2021-11-01,109.297698975,65.7646255493,430.276550293
2021-11-02,109.716896057,65.9241943359,432.016204834
2021-11-03,109.437408447,66.0533294678,434.653717041
2021-11-04,110.012771606,66.2280807495,436.702056885
2021-11-05,110.818283081,66.4788360596,438.217254639
2021-11-08,110.563446045,66.3952407837,438.591369629
2021-11-09,110.859359741,66.4484176636,437.141662598
2021-11-10,109.725112915,66.0761566162,433.624908447
2021-11-11,109.412811279,65.9621734619,433.765228271
2021-11-12,109.297698975,65.9849853516,437.038696289
2021-11-15,108.467590332,65.9090270996,437.188446045
2021-11-16,108.28679657,65.9393920898,438.918762207
2021-11-17,108.722396851,65.8709945679,437.852478027
2021-11-18,108.968940735,65.8178329468,439.339569092
2021-11-19,109.379943848,65.7646255493,438.553985596
2021-11-22,108.426490784,65.5139389038,437.319335938
2021-11-23,107.653900146,65.4227523804,437.899200439
2021-11-24,108.171684265,65.4075546265,439.068359375
2021-11-26,109.051177979,64.9365310669,429.275787354
2021-11-29,109.125152588,65.3391799927,434.541564941
2021-11-30,109.363502502,65.0657119751,426.086364746
2021-12-01,109.379096985,65.0748138428,421.353790283
2021-12-02,109.63433075,65.5550384521,427.807312012
2021-12-03,110.548355103,65.5550384521,424.084838867
2021-12-06,109.988456726,65.8447036743,429.107391357
2021-12-07,110.037849426,66.1953659058,437.983428955
2021-12-08,109.305046082,66.1800994873,439.143249512
2021-12-09,109.214447021,65.8828201294,436.178253174
2021-12-10,109.337936401,66.0352783203,440.284210205
2021-12-13,109.832000732,66.0352783203,436.384033203
2021-12-14,109.337936401,65.9209442139,433.381713867
2021-12-15,109.477958679,66.1724777222,440.153320312
2021-12-16,109.474617004,66.1235275269,436.271759033
2021-12-17,109.730392456,66.0623626709,431.628662109
2021-12-20,109.251930237,65.9476013184,427.038970947
2021-12-21,109.466384888,66.2994537354,434.622741699
2021-12-22,109.639648438,66.4753646851,438.968444824
2021-12-23,109.474617004,66.666595459,441.699676514
2021-12-27,109.796363831,66.7354202271,447.950622559
2021-12-28,109.656135559,66.7048339844,447.584625244
2021-12-29,109.053924561,66.5977554321,448.15713501
2021-12-30,109.491149902,66.5671463013,446.918273926
2021-12-31,109.326133728,66.5518493652,445.791992188
2022-01-03,108.162918091,66.5212783813,448.373016357
2022-01-04,108.253639221,66.3529891968,448.222839355
2022-01-05,107.618408203,65.8405380249,439.615997314
2022-01-06,107.47819519,65.8481903076,439.203094482
2022-01-07,107.016212463,65.6799087524,437.46673584
2022-01-10,106.917190552,65.7334518433,436.922271729
2022-01-11,107.238945007,66.0393981934,440.901977539
2022-01-12,107.164665222,66.1464996338,442.093933105
2022-01-13,107.502960205,65.9093856812,436.002410889
2022-01-14,106.554206848,65.8481903076,436.180755615
2022-01-18,105.539466858,65.5269165039,428.45614624
2022-01-19,105.704498291,65.4657211304,424.007354736
2022-01-20,105.646743774,65.3433456421,419.314331055
2022-01-21,106.33972168,65.3509902954,411.08291626
2022-01-24,106.009735107,65.2821731567,412.828704834
2022-01-25,105.712722778,65.0909347534,407.788513184
2022-01-26,104.995002747,64.8691482544,406.765411377
2022-01-27,105.234237671,64.5861358643,404.756866455
2022-01-28,105.349739075,64.7696838379,414.809173584
2022-01-31,105.399215698,64.7850112915,422.280273438
2022-02-01,105.574462891,65.0421676636,425.133544922
2022-02-02,105.582763672,65.1419448853,429.263366699
2022-02-03,104.731407166,64.5585479736,419.173583984
2022-02-04,103.689926147,64.3051986694,421.144592285
2022-02-07,103.880050659,64.2591629028,419.793151855
2022-02-08,103.491569519,64.1900787354,423.24710083
2022-02-09,103.838699341,64.5278244019,429.441741943
2022-02-10,102.425331116,63.6757469177,421.7265625
2022-02-11,103.185775757,63.4531326294,413.410644531
2022-02-14,102.268295288,63.3456459045,412.059082031
2022-02-15,101.755828857,63.4531326294,418.704345703
2022-02-16,101.90461731,63.8062515259,419.173583984
2022-02-17,101.979011536,63.5375595093,410.219421387
2022-02-18,102.226959229,63.6296768188,407.563232422
2022-02-22,102.094703674,63.4838523865,403.189453125
2022-02-23,101.168998718,63.3687057495,396.037414551
2022-02-24,101.648391724,63.8216133118,401.997375488
2022-02-25,102.061668396,64.1824035645,410.867034912
2022-02-28,103.152694702,64.228477478,409.815887451
2022-03-01,103.505523682,64.0489807129,403.574249268
2022-03-02,101.931877136,64.2030410767,410.998504639
2022-03-03,102.3045578,64.0103988647,408.952392578
2022-03-04,102.403953552,63.594367981,405.62979126
2022-03-07,101.161613464,63.0396232605,393.672180176
2022-03-08,100.556991577,62.8162078857,390.68737793
2022-03-09,100.730926514,63.3401298523,401.162109375
2022-03-10,99.5796661377,62.8084945679,399.350616455
2022-03-11,99.538230896,62.3539047241,394.272827148
2022-03-14,98.0971374512,61.6142730713,391.391357422
2022-03-15,98.8673629761,62.07654953,399.99822998
2022-03-16,99.7121505737,62.9471664429,408.867889404
2022-03-17,100.689491272,63.3786315918,413.983215332
2022-03-18,100.888267517,63.5866851807,418.517425537
2022-03-21,99.4885482788,62.8547172546,418.395019531
2022-03-22,99.2483673096,63.1783256531,423.290893555
2022-03-23,99.5299606323,62.9780044556,417.839508057
2022-03-24,99.5713577271,63.1089859009,424.138275146
2022-03-25,98.7845230103,62.6544036865,426.209533691
2022-03-28,99.3311767578,63.0473480225,429.241241455
2022-03-29,100.16771698,63.8255386353,434.551269531
2022-03-30,100.399604797,63.6328964233,431.867980957
2022-03-31,100.16771698,63.4017562866,425.220977783
2022-04-01,100.503852844,63.397102356,426.426086426
2022-04-04,100.85244751,63.8767471313,430.07913208
2022-04-05,99.0845870972,63.0489692688,424.646606445
2022-04-06,98.503578186,62.5538482666,420.400421143
2022-04-07,98.0470809937,62.4533157349,422.518798828
2022-04-08,97.2751617432,62.074256897,421.389007568
2022-04-11,96.3290023804,61.6487541199,414.186523438
2022-04-12,96.3953704834,62.1206550598,412.651885986
2022-04-13,96.8933639526,62.4920082092,417.378265381
2022-04-14,95.7645874023,62.074256897,412.181152344
2022-04-18,95.0342102051,61.9736595154,412.35055542
2022-04-19,94.2789077759,61.9195098877,419.007080078
2022-04-20,95.2583084106,62.1129341125,418.69631958
2022-04-21,94.2457046509,61.6874465942,412.435333252
2022-04-22,94.1378250122,61.3161010742,401.118438721
2022-04-25,95.1835708618,61.8344039917,403.444000244
2022-04-26,95.1337814331,61.4708061218,391.75994873
2022-04-27,94.2208099365,61.1691246033,392.861541748
2022-04-28,94.5030136108,61.5094947815,402.784973145
2022-04-29,93.4572219849,60.7513618469,387.899688721
2022-05-02,92.903175354,60.7552528381,390.234680176
2022-05-03,93.5020980835,61.0736465454,392.023529053
2022-05-04,94.4172134399,61.6949806213,403.961791992
2022-05-05,92.9697570801,60.5999221802,389.603881836
2022-05-06,92.179473877,60.2582206726,387.27835083
2022-05-09,92.5038833618,59.6213951111,374.878723145
2022-05-10,92.8948516846,59.9630851746,375.744873047
2022-05-11,93.3274459839,59.6058769226,369.775787354
2022-05-12,93.3690490723,59.5825653076,369.389709473
2022-05-13,92.8782196045,59.6524620056,378.221130371
2022-05-16,93.0030288696,59.5670051575,376.686401367
2022-05-17,92.4706115723,59.5126495361,384.434967041
2022-05-18,92.8116760254,59.0233688354,368.937805176
2022-05-19,93.0612411499,59.4194755554,366.678283691
2022-05-20,93.5187911987,59.3806343079,366.838256836
2022-05-23,93.1860198975,59.6136360168,373.701904297
2022-05-24,94.4088592529,59.9708747864,370.849121094
2022-05-25,95.3821640015,60.879524231,374.125488281
2022-05-26,95.4071121216,61.7260627747,381.601104736
2022-05-27,95.9062652588,62.2774162292,390.969085693
2022-05-31,95.1991882324,61.741558075,388.775360107
2022-06-01,94.6438217163,61.5131378174,385.630706787
2022-06-02,94.6854934692,61.7704048157,392.974487305
2022-06-03,94.3853378296,61.3104476929,386.525146484
2022-06-06,93.718170166,60.8504447937,387.702087402
2022-06-07,94.2185287476,60.9908065796,391.420959473
2022-06-08,93.6764907837,60.468421936,387.165374756
2022-06-09,93.0594406128,59.9850540161,377.957489014
2022-06-10,92.1588668823,58.9637260437,366.998352051
2022-06-13,90.0325393677,56.9912567139,353.064056396
2022-06-14,89.5655441284,57.3654937744,352.000152588
2022-06-15,90.966468811,58.4803581238,357.018463135
2022-06-16,91.0664825439,57.5525932312,345.202575684
2022-06-17,91.2499694824,57.7319297791,345.946685791
2022-06-21,90.3327178955,57.6929397583,354.655426025
2022-06-22,90.9914550781,57.6773414612,354.012390137
2022-06-23,91.6919174194,58.090549469,357.482727051
2022-06-24,91.8002929688,58.5037651062,368.848358154
2022-06-27,90.9581069946,58.1450958252,367.439575195
2022-06-28,90.9330673218,57.5058021545,359.931732178
2022-06-29,91.4750976562,57.4200553894,359.638580322
2022-06-30,91.750289917,57.3888626099,356.716705322
2022-07-01,92.9099807739,57.9362678528,360.489562988
2022-07-05,92.8848953247,57.8814735413,361.170379639
2022-07-06,92.4250411987,57.6621932983,362.390136719
2022-07-07,92.416633606,58.6019363403,367.817779541
2022-07-08,92.2661514282,58.6489257812,367.515136719
2022-07-11,92.5253677368,58.3200111389,363.316772461
2022-07-12,92.6591491699,58.5549430847,360.101898193
2022-07-13,93.3531112671,58.4923210144,358.210754395
2022-07-14,92.7594833374,58.3826904297,357.340881348
2022-07-15,93.5036621094,59.1266365051,364.16784668
2022-07-18,92.8514556885,58.5549430847,361.160949707
2022-07-19,93.1106414795,59.330242157,370.919158936
2022-07-20,93.010307312,59.5886917114,373.28314209
2022-07-21,94.2812271118,60.2935180664,377.084442139
2022-07-22,95.0086288452,60.2151947021,373.585754395
2022-07-25,94.2059631348,60.1995429993,374.039611816
2022-07-26,94.1892547607,59.7766532898,369.614440918
2022-07-27,94.8163299561,60.434463501,379.211914062
2022-07-28,95.6023025513,61.0531349182,383.968078613
2022-07-29,95.8280563354,61.2332763672,389.565856934
2022-08-01,96.0174636841,61.2521476746,388.412261963
2022-08-02,94.8440856934,60.9691009521,385.849822998
2022-08-03,95.8749847412,61.5037117004,391.892028809
2022-08-04,96.0258560181,61.6688537598,391.627227783
2022-08-05,94.7267227173,61.3543510437,390.965332031
2022-08-08,95.1038970947,61.4093933105,390.511474609
2022-08-09,94.6764450073,60.9533958435,388.960754395
2022-08-10,95.5732803345,61.8653564453,397.130493164
2022-08-11,94.6512756348,61.5115814209,397.130493164
2022-08-12,95.7492828369,62.0618896484,403.853485107
2022-08-15,95.6822433472,61.9518661499,405.51763916
2022-08-16,95.3134231567,61.6609535217,406.311950684
2022-08-17,94.416595459,61.0241279602,403.428009033
2022-08-18,94.6596603394,61.1184959412,404.600494385
2022-08-19,93.5365600586,60.4973831177,399.163391113
2022-08-22,92.9079742432,59.8134231567,390.851837158
2022-08-23,93.0085372925,59.9627914429,389.906341553
2022-08-24,92.7319564819,60.033531189,391.154510498
2022-08-25,93.6874465942,60.599609375,396.676635742
2022-08-26,93.1258621216,59.6011390686,383.249481201
2022-08-29,92.438621521,59.3731498718,380.715362549
2022-08-30,92.5559616089,58.9171447754,376.535919189
2022-08-31,91.5837020874,58.5947952271,373.67086792
2022-09-01,91.0323257446,58.7496643066,374.843322754
2022-09-02,91.0995864868,58.7101554871,370.890899658
2022-09-06,89.8640670776,58.5521469116,369.491394043
2022-09-07,91.0911941528,59.397518158,376.129272461
2022-09-08,90.8810424805,59.6582374573,378.587890625
2022-09-09,91.0911941528,59.8952789307,384.469238281
2022-09-12,90.8894424438,60.0769958496,388.60144043
2022-09-13,90.2339172363,58.7101554871,371.70413208
2022-09-14,90.6625366211,58.7970733643,373.122406006
2022-09-15,90.2254943848,58.4257354736,368.886230469
2022-09-16,90.0153427124,58.6232681274,366.07208252
2022-09-19,90.1666564941,58.8444747925,368.910949707
2022-09-20,89.2673568726,58.24401474,364.676391602
2022-09-21,89.6035232544,58.070224762,358.315002441
2022-09-22,88.3427963257,57.7225875854,355.305206299
2022-09-23,88.0906677246,56.9878196716,349.352203369
2022-09-26,86.5610275269,56.3162574768,345.896179199
2022-09-27,85.2582397461,56.1977348328,345.013122559
2022-09-28,86.9728164673,57.2011413574,351.801757812
2022-09-29,86.3256835938,56.6638717651,344.453033447
2022-09-30,86.107131958,56.4031677246,339.126495361
2022-10-03,87.7000808716,57.1423492432,348.07989502
2022-10-04,88.1048583984,58.3729972839,358.865692139
2022-10-05,87.4386825562,58.1427688599,358.030151367
2022-10-06,87.2362442017,57.9680900574,354.336791992
2022-10-07,86.3676986694,57.2614250183,344.453033447
2022-10-10,85.5919113159,56.5627632141,341.822967529
2022-10-11,85.4148101807,56.7374229431,339.658233643
2022-10-12,85.3136138916,56.8327064514,338.537811279
2022-10-13,85.4654159546,56.9597358704,347.472229004
2022-10-14,84.6474380493,56.7771453857,339.55380249
2022-10-17,85.052192688,57.4758110046,348.27923584
2022-10-18,85.5581741333,57.880771637,352.371429443
2022-10-19,84.3860168457,57.3249588013,349.874328613
2022-10-20,83.6523590088,57.0073699951,346.940490723
2022-10-21,83.8885116577,57.5552177429,355.371734619
2022-10-24,83.8463287354,57.5949249268,359.720245361
2022-10-25,84.9678649902,58.1506881714,365.464385986
2022-10-26,85.355796814,58.3094863892,362.710998535
2022-10-27,85.7521286011,58.7382469177,360.774108887
2022-10-28,85.9292221069,59.1908035278,369.357177734
2022-10-31,85.4654159546,58.3015518188,366.689178467
2022-11-01,86.080329895,58.652256012,365.084655762
2022-11-02,85.6658935547,58.1182327271,355.922332764
2022-11-03,85.3613586426,57.7038040161,352.257476807
2022-11-04,85.5305099487,58.1023139954,357.327545166
2022-11-07,85.2175750732,58.0943260193,360.745574951
2022-11-08,85.5728149414,58.0385475159,362.691986084
2022-11-09,85.352897644,57.3451385498,355.21975708
2022-11-10,88.2118301392,59.1304550171,374.740539551
2022-11-11,88.4486465454,59.3376693726,378.367553711
2022-11-14,88.0003585815,58.8993263245,375.148895264
2022-11-15,89.2268066406,59.4173698425,378.348510742
2022-11-16,89.9880523682,59.289855957,375.462219238
2022-11-17,89.5059585571,59.0348167419,374.313323975
2022-11-18,89.497467041,59.1623153687,376.012817383
2022-11-21,89.362159729,59.1384162903,374.6456604
2022-11-22,90.1572265625,59.5687828064,379.687255859
2022-11-23,91.0623016357,59.903553009,382.07989502
2022-11-25,91.1553344727,59.7840003967,381.994476318
2022-11-28,90.4955673218,59.1543579102,375.898925781
2022-11-29,90.0472793579,59.4094085693,375.253295898
2022-11-30,91.1468582153,60.302066803,387.074127197
2022-12-01,92.2873306274,60.5253753662,386.78918457
2022-12-02,92.8473434448,60.4773635864,386.342926025
2022-12-05,92.0581817627,59.901058197,379.392913818
2022-12-06,92.3382110596,59.6849708557,373.92401123
2022-12-07,93.3649520874,60.0131149292,373.287902832
2022-12-08,93.0679626465,60.0611419678,376.212188721
2022-12-09,92.3721389771,60.0611419678,373.401885986
2022-12-12,92.2533493042,60.2932624817,378.78527832
2022-12-13,93.059463501,60.9175643921,381.652648926
2022-12-14,93.1443099976,60.5733604431,379.212524414
2022-12-15,93.2226104736,60.3448867798,369.936340332
2022-12-16,92.8226089478,60.0230560303,365.568878174
2022-12-19,91.8863983154,59.7172966003,362.46887207
2022-12-20,90.8054504395,59.5644378662,362.964874268
2022-12-21,91.4268035889,60.0713119507,368.392181396
2022-12-22,91.401222229,59.7012176514,363.136566162
2022-12-23,91.1203765869,59.8540802002,365.22543335
2022-12-27,89.945854187,59.2345504761,363.785217285
2022-12-28,89.6649703979,58.4379882812,359.264099121
2022-12-29,90.3032989502,59.194316864,365.730957031
2022-12-30,89.7330627441,59.2425880432,364.76763916
2023-01-03,90.354385376,59.3552284241,363.232025146
2023-01-04,91.0097503662,60.0391159058,366.036224365
2023-01-05,90.9416351318,59.9184532166,361.85848999
2023-01-06,92.431098938,60.7713241577,370.156707764
2023-01-09,92.7970733643,60.9885444641,369.946868896
2023-01-10,92.482170105,60.9161491394,372.541259766
2023-01-11,93.2736968994,61.3184509277,377.252990723
2023-01-12,94.3290710449,61.6644172668,378.626586914
2023-01-13,94.0226745605,61.6644172668,380.095458984
2023-01-17,93.6822280884,61.4552345276,379.399139404
2023-01-18,94.780166626,61.5276412964,373.409179688
2023-01-19,94.5844268799,61.1655654907,370.690795898
2023-01-20,94.0907592773,61.286277771,377.596466064
2023-01-23,93.8184356689,61.2782249451,382.127075195
2023-01-24,94.3120651245,61.3184509277,381.716918945
2023-01-25,94.3546066284,61.3104133606,381.859985352
2023-01-26,94.32056427,61.4632644653,386.056732178
2023-01-27,94.048210144,61.2782249451,386.943847656
2023-01-30,93.6907653809,60.940284729,382.088928223
2023-01-31,94.3631210327,61.4149971008,387.706878662
2023-02-01,95.3210372925,62.0601921082,391.827362061
2023-02-02,95.4576263428,62.4159126282,397.531158447
2023-02-03,94.3733520508,61.7610359192,393.305755615
2023-02-06,93.6476821899,61.3648681641,390.902130127
2023-02-07,93.34034729,61.5831680298,396.01461792
2023-02-08,93.4342422485,61.3244438171,391.684295654
2023-02-09,92.6488113403,60.9283065796,388.288696289
2023-02-10,91.9999771118,60.4593696594,389.194793701
2023-02-13,92.3414535522,60.6129722595,393.76361084
2023-02-14,92.1109085083,60.6291389465,393.582427979
2023-02-15,91.7609176636,60.5321311951,394.86050415
2023-02-16,91.0266799927,60.0470199585,389.42376709
2023-02-17,91.3852462769,60.2814903259,388.450836182
2023-02-21,90.0875396729,59.3517227173,380.658172607
2023-02-22,90.3436584473,59.739818573,380.133666992
2023-02-23,91.0522994995,60.3299789429,382.155700684
2023-02-24,90.3692703247,59.9661827087,378.073364258
2023-02-27,90.3949356079,60.370426178,379.360961914
2023-02-28,90.4290618896,60.2572593689,377.95892334
2023-03-01,89.8653259277,60.0864105225,376.509094238
2023-03-02,89.9423904419,60.1596336365,379.437286377
2023-03-03,90.9619750977,60.7778205872,385.522644043
2023-03-06,90.7135009766,60.7778205872,385.789703369
2023-03-07,90.456489563,60.346698761,379.876068115
2023-03-08,90.3108215332,60.0620231628,380.496063232
2023-03-09,90.2251586914,59.7285194397,373.475982666
2023-03-10,91.5188446045,59.7366676331,368.086914062
2023-03-13,91.5959777832,59.4112701416,367.562255859
2023-03-14,91.3218078613,59.8423957825,373.638092041
2023-03-15,92.1956863403,59.6471481323,371.301330566
2023-03-16,92.0586166382,60.0375900269,377.815795898
2023-03-17,92.5212783813,59.6797103882,373.398101807
2023-03-20,92.2471237183,59.5170135498,376.988555908
2023-03-21,92.6926193237,60.1677627563,381.938659668
2023-03-22,93.2323760986,60.2247085571,375.427947998
2023-03-23,93.4979553223,59.9887924194,376.442840576
2023-03-24,93.7892532349,59.866809845,378.91305542
2023-03-27,92.6669235229,59.7203979492,379.621582031
2023-03-28,92.5127029419,59.6878318787,378.769439697
2023-03-29,92.9410705566,60.4361877441,384.274810791
2023-03-30,93.0696029663,60.7940864563,386.524841309
2023-03-31,93.9092025757,61.4529762268,391.97277832
2023-04-03,94.4764175415,61.4055557251,393.466400146
2023-04-04,94.5967559814,61.2258033752,391.283447266
2023-04-05,94.9061355591,60.882610321,390.258972168
2023-04-06,94.8201828003,61.1522407532,391.781311035
2023-04-10,94.3819046021,61.0950241089,392.183380127
2023-04-11,94.356086731,61.2258033752,392.288726807
2023-04-12,94.1584472656,61.2094459534,390.689727783
2023-04-13,94.3217315674,61.626159668,395.879180908
2023-04-14,94.0123291016,61.5117797852,394.91217041
2023-04-17,93.4193115234,61.348361969,396.329162598
2023-04-18,93.7287063599,61.389213562,396.587677002
2023-04-19,93.2646560669,61.1440696716,396.520721436
2023-04-20,93.6169967651,61.086894989,394.356903076
2023-04-21,93.6771774292,61.2748184204,394.663208008
2023-04-24,94.0896835327,61.4464111328,395.074951172
2023-04-25,94.502204895,61.348361969,388.803527832
2023-04-26,94.0896835327,61.1113967896,387.156738281
2023-04-27,93.7459411621,61.3156738281,394.864257812
2023-04-28,94.4764175415,61.5771827698,398.234466553
2023-05-01,92.9518051147,61.2948570251,397.832458496
2023-05-02,94.0728683472,61.2373771667,393.36114502
2023-05-03,94.2280654907,61.2045669556,390.66104126
2023-05-04,93.9693832397,61.0240516663,387.894042969
2023-05-05,93.5985717773,61.3522872925,395.074951172
2023-05-08,92.9259490967,61.1799545288,395.180236816
2023-05-09,92.8914413452,61.0240516663,393.447265625
2023-05-10,93.6244354248,61.3933143616,395.285522461
2023-05-11,93.986618042,61.2948570251,394.596191406
2023-05-12,93.4088363647,61.0732727051,394.079193115
2023-05-15,92.9086761475,61.0568580627,395.438751221
2023-05-16,92.4430160522,60.6300926208,392.796173096
2023-05-17,92.4343948364,60.7942314148,397.56427002
2023-05-18,92.046333313,60.8270568848,401.394134521
2023-05-19,91.9342575073,60.8927192688,400.810058594
2023-05-22,91.8997497559,61.1635169983,400.972839355
2023-05-23,92.0894622803,60.8434829712,396.472839355
2023-05-24,91.7272796631,60.4167671204,393.600402832
2023-05-25,91.425453186,60.3757247925,397.008972168
2023-05-26,91.8135147095,60.7449836731,402.150543213
2023-05-30,92.5033798218,61.0076065063,402.303741455
2023-05-31,92.8052139282,60.8188705444,400.072845459
2023-06-01,93.0898361206,61.1841468811,403.87399292
2023-06-02,92.8389358521,61.4974899292,409.714447021
2023-06-05,92.6399917603,61.4480247498,408.929351807
2023-06-06,92.8216629028,61.5469589233,409.819763184
2023-06-07,91.991104126,61.2089004517,408.402740479
2023-06-08,92.6053771973,61.5964660645,410.872924805
2023-06-09,92.3631286621,61.6129493713,411.610168457
2023-06-12,92.6572723389,61.5469589233,415.344207764
2023-06-13,92.2419891357,61.6211624146,418.082611084
2023-06-14,92.5274658203,61.6459197998,418.580474854
2023-06-15,93.332069397,61.9427757263,423.769927979
2023-06-16,93.1677398682,61.7860679626,422.326446533
2023-06-20,93.5051345825,61.6211624146,420.135314941
2023-06-21,93.4012985229,61.4645118713,417.98260498
2023-06-22,92.9168014526,61.2831268311,419.491424561
2023-06-23,93.1763458252,61.1758995056,416.320159912
2023-06-26,93.2801818848,61.2089004517,414.619110107
2023-06-27,93.1763458252,61.415019989,419.164703369
2023-06-28,93.5829620361,61.7696228027,419.37612915
2023-06-29,92.8735733032,61.6046867371,421.02911377
2023-06-30,93.5570220947,61.9015464783,425.997528076
2023-07-03,93.294921875,61.8045539856,426.487609863
2023-07-05,92.6265792847,61.6138687134,425.85333252
2023-07-06,91.6892166138,61.1661682129,422.518615723
2023-07-07,91.602432251,61.2242088318,421.451843262
2023-07-10,92.079788208,61.5309753418,422.518615723
2023-07-11,92.5137557983,61.8625831604,425.209472656
2023-07-12,93.3296508789,62.3433990479,428.63067627
2023-07-13,93.9892425537,62.7164802551,432.032684326
2023-07-14,93.2602005005,62.2605133057,431.763519287
2023-07-17,93.4164199829,62.3765792847,433.26272583
2023-07-18,93.6507797241,62.5506668091,436.482147217
2023-07-19,94.1802215576,62.6004219055,437.452728271
2023-07-20,93.5466079712,62.3268241882,434.550506592
2023-07-21,93.7115097046,62.4843406677,434.550506592
2023-07-24,93.5986785889,62.3765792847,436.491729736
2023-07-25,93.4511489868,62.3351211548,437.683410645
2023-07-26,93.8850784302,62.5838470459,437.750671387
2023-07-27,92.7394256592,62.0864334106,434.848419189
2023-07-28,93.3470001221,62.442905426,439.105712891
2023-07-31,93.6073608398,62.5921211243,439.941833496
2023-08-01,92.674621582,62.282245636,438.682830811
2023-08-02,92.1084899902,62.0156974792,432.580444336
2023-08-03,91.2811508179,61.8157691956,431.34072876
2023-08-04,92.230430603,62.1823120117,429.389831543
2023-08-07,92.0039901733,62.2989196777,433.137878418
2023-08-08,92.3697738647,62.432182312,431.254272461
2023-08-09,92.4568862915,62.440536499,428.37121582
2023-08-10,91.8036804199,62.4238624573,428.524902344
2023-08-11,91.4901657104,62.3322219849,428.275054932
2023-08-14,91.4553375244,62.3239059448,430.639190674
2023-08-15,90.97631073,62.1239852905,425.622741699
2023-08-16,90.5669708252,61.9324073792,422.499450684
2023-08-17,90.3231277466,61.6742019653,419.280059814
2023-08-18,90.6627883911,61.7158470154,419.481811523
2023-08-21,90.1228103638,61.699180603,422.211181641
2023-08-22,90.4014968872,61.7324981689,421.067474365
2023-08-23,91.6730728149,62.2322616577,425.757263184
2023-08-24,91.3595123291,61.8907470703,419.856689453
2023-08-25,91.4117660522,62.148979187,422.816558838
2023-08-28,91.6991653442,62.3822288513,425.497802734
2023-08-29,92.4307403564,62.7737121582,431.648193359
2023-08-30,92.3001480103,62.7487373352,433.426116943
2023-08-31,92.4568862915,62.7070846558,432.7918396
2023-09-01,91.7987289429,62.8250923157,433.599151611
2023-09-05,91.1432189941,62.4150009155,431.725097656
2023-09-06,91.0558242798,62.2643737793,428.822906494
2023-09-07,91.4578781128,62.4735870361,427.506286621
2023-09-08,91.5277786255,62.448474884,428.150177002
2023-09-11,91.352973938,62.5572967529,430.965942383
2023-09-12,91.3267593384,62.4568443298,428.601837158
2023-09-13,91.5277786255,62.624206543,429.101593018
2023-09-14,91.3617324829,62.6995315552,432.801452637
2023-09-15,91.2218780518,62.4652099609,427.58694458
2023-09-18,91.3966751099,62.507068634,427.83770752
2023-09-19,91.0907897949,62.3145599365,426.950378418
2023-09-20,91.1257629395,62.2643737793,423.025360107
2023-09-21,90.2080001831,61.8208007812,416.033355713
2023-09-22,90.7586517334,61.9296035767,415.097930908
2023-09-25,89.8759002686,61.8459281921,416.843505859
2023-09-26,89.6224136353,61.5781097412,410.719543457
2023-09-27,89.2028884888,61.4944381714,410.883453369
2023-09-28,89.3602294922,61.7873497009,413.265533447
2023-09-29,89.1679077148,61.6952819824,412.262542725
2023-10-02,88.3510284424,61.3209114075,412.09866333
2023-10-03,87.3331680298,60.6983528137,406.582244873
2023-10-04,88.0965499878,61.0096168518,409.54296875
2023-10-05,87.9912643433,61.0685348511,409.38861084
2023-10-06,87.7280349731,61.1526641846,414.249176025
2023-10-09,88.8160552979,61.6069412231,416.901367188
2023-10-10,88.8511734009,61.590133667,419.071350098
2023-10-11,89.3951873779,61.5817070007,420.78793335
2023-10-12,88.4651031494,61.2535896301,418.222595215
2023-10-13,88.9564590454,61.2031135559,416.139526367
2023-10-16,88.3422241211,61.1863174438,420.517852783
2023-10-17,87.6402664185,60.9002609253,420.498596191
2023-10-18,86.9383468628,60.6058044434,414.895385742
2023-10-19,86.236366272,60.3871002197,411.249969482
2023-10-20,86.5785598755,60.5132789612,406.196502686
2023-10-23,87.2541809082,60.7572593689,405.492431641
2023-10-24,87.7455825806,61.0685348511,408.549621582
2023-10-25,86.9470901489,60.7404212952,402.686065674
2023-10-26,87.5788574219,60.9507598877,397.864074707
2023-10-27,87.4033660889,60.8750152588,396.06060791
2023-10-30,87.1401367188,60.8918647766,400.79586792
2023-10-31,87.0172653198,61.0517082214,403.312957764
2023-11-01,88.2625808716,61.6336135864,407.61416626
2023-11-02,89.3105926514,62.3271827698,415.425872803
2023-11-03,89.7509384155,62.936164856,419.215881348
2023-11-06,89.2753753662,62.6824073792,420.180297852
2023-11-07,89.9887237549,62.6908760071,421.376220703
2023-11-08,90.4466934204,62.7246932983,421.684783936
2023-11-09,89.5307769775,62.3356513977,418.396148682
2023-11-10,89.9799194336,62.6401023865,424.925170898
2023-11-13,89.9887237549,62.5808982849,424.520172119
2023-11-14,91.3978424072,63.2152748108,432.756134033
2023-11-15,90.9222640991,63.0122680664,433.672332764
2023-11-16,91.6708374023,63.096824646,434.202728271
2023-11-17,91.9350585938,63.2406349182,434.742797852
2023-11-20,92.30493927,63.3083190918,438.089233398
2023-11-21,92.3313598633,63.3928947449,437.134490967
2023-11-22,92.7012481689,63.5028266907,438.822143555
2023-11-24,92.2256698608,63.4351654053,439.092254639
2023-11-27,92.974281311,63.5282173157,438.301483154
2023-11-28,93.3441314697,63.8073234558,438.73538208
2023-11-29,94.1015319824,64.1540908813,438.42678833
2023-11-30,93.6083374023,64.035697937,440.153045654
2023-12-01,94.7354049683,64.5658721924,442.756988525
2023-12-04,94.3022689819,64.4044570923,440.432769775
2023-12-05,95.0536422729,64.4639205933,440.346008301
2023-12-06,95.4072494507,64.47240448,438.571502686
2023-12-07,95.416053772,64.5828857422,441.917938232
2023-12-08,94.9033889771,64.4554290771,443.817810059
2023-12-11,94.8768539429,64.412940979,445.544158936
2023-12-12,95.416053772,64.5573806763,447.578948975
2023-12-13,97.0160751343,65.5429916382,453.751159668
2023-12-14,98.0478439331,65.8324508667,455.207397461
2023-12-15,97.9058609009,65.6873092651,454.457885742
2023-12-18,97.497795105,65.7299957275,457.014251709
2023-12-19,97.6219863892,65.9178543091,459.793334961
2023-12-20,97.8792648315,65.9263687134,453.421844482
2023-12-21,97.8438110352,66.2252197266,457.721191406
2023-12-22,97.675201416,66.1483917236,458.641052246
2023-12-26,97.8792648315,66.2764511108,460.577667236
2023-12-27,98.7930297852,66.5496749878,461.410461426
2023-12-28,98.5357818604,66.3362197876,461.584716797
2023-12-29,98.1720046997,66.080078125,460.248474121
2024-01-02,97.5066680908,65.8580627441,457.672698975
2024-01-03,97.284866333,65.6787567139,453.934997559
2024-01-04,96.7437286377,65.4225997925,452.472930908
2024-01-05,96.3977355957,65.4738311768,453.09262085
2024-01-08,97.1340255737,65.8409881592,459.560943604
2024-01-09,97.3026275635,65.9434585571,458.863769531
2024-01-10,97.1784286499,66.0629959106,461.458831787
2024-01-11,97.7639465332,66.2764511108,461.255462646
2024-01-12,97.9768447876,66.3447799683,461.574981689
2024-01-16,96.983253479,65.9263687134,459.880432129
2024-01-17,96.7792053223,65.6445922852,457.324157715
2024-01-18,96.5929107666,65.7812194824,461.391082764
2024-01-19,96.6904830933,65.8922348022,467.142852783
2024-01-22,96.9566345215,65.9434585571,468.130554199
2024-01-23,96.601776123,65.8666381836,469.495788574
2024-01-24,96.4154586792,65.8324508667,470.009002686
2024-01-25,97.0542221069,66.3362197876,472.565429688
2024-01-26,96.7792053223,66.2849960327,471.964996338
2024-01-29,97.1784286499,66.4301452637,475.702697754
2024-01-30,97.4889144897,66.3447799683,475.334747314
2024-01-31,97.7373199463,66.1569213867,467.578552246
2024-02-01,98.4931869507,66.5379104614,473.698303223
2024-02-02,97.5939941406,66.2375793457,478.685089111
2024-02-05,96.6591796875,65.9286499023,476.942108154
2024-02-06,97.202255249,66.1689224243,478.326873779
2024-02-07,96.917350769,66.2804794312,482.316253662
2024-02-08,96.4187927246,66.2461624146,482.529266357
2024-02-09,96.2941589355,66.3834457397,485.318023682
2024-02-12,96.3030700684,66.2375793457,485.104980469
2024-02-13,95.2436141968,65.7055435181,478.423614502
2024-02-14,95.6887664795,65.9629974365,482.771362305
2024-02-15,96.035987854,66.1946792603,486.102386475
2024-02-16,95.6887664795,65.9973297119,483.681549072
2024-02-20,96.009262085,66.1346054077,481.018798828
2024-02-21,95.7688827515,66.0144805908,481.454467773
2024-02-22,95.9202270508,66.3319778442,491.418395996
2024-02-23,96.2051086426,66.3748779297,491.757324219
2024-02-26,95.9024353027,66.1603622437,489.956237793
2024-02-27,95.7688827515,66.2461624146,490.866455078
2024-02-28,95.759979248,66.2375793457,490.217681885
2024-02-29,95.8490142822,66.3577194214,491.979980469
2024-03-01,96.4324951172,66.6062545776,496.598876953
2024-03-04,96.2537841797,66.5889892578,496.06628418
2024-03-05,96.78099823,66.5372161865,491.108520508
2024-03-06,97.0401153564,66.7011947632,493.597076416
2024-03-07,97.2813720703,66.7788619995,498.496734619
2024-03-08,97.415397644,66.7961120605,495.504699707
2024-03-11,97.4332733154,66.7874832153,495.078674316
2024-03-12,97.1205368042,66.8478927612,500.404388428
2024-03-13,97.0222549438,66.8737869263,499.619995117
2024-03-14,96.3073959351,66.5544891357,498.632354736
2024-03-15,96.3342208862,66.5113372803,495.208435059
2024-03-18,96.1733627319,66.6666488647,498.151519775
2024-03-19,96.4503631592,66.9342041016,500.919830322
2024-03-20,96.6290817261,67.1585617065,505.55291748
2024-03-21,96.7720565796,67.1240768433,507.22366333
2024-03-22,97.1026535034,67.055015564,506.262054443
2024-03-25,96.7720565796,66.9514541626,504.863372803
2024-03-26,96.745223999,66.8737869263,503.930877686
2024-03-27,97.415397644,67.2276153564,508.165802002
2024-03-28,97.3260574341,67.080909729,508.068664551
2024-04-01,96.3941268921,66.8076553345,507.184783936
2024-04-02,96.2506332397,66.6948928833,503.960083008
2024-04-03,96.3134231567,66.746963501,504.513641357
2024-04-04,96.4210357666,66.6948928833,498.355529785
2024-04-05,95.99949646,66.6342086792,503.561737061
2024-04-08,95.9904937744,66.7903213501,503.843414307
2024-04-09,96.4838256836,66.9291000366,504.426239014
2024-04-10,95.1115112305,66.339263916,499.375457764
2024-04-11,94.9141769409,66.2785873413,503.144134521
2024-04-12,95.1294403076,66.2438659668,496.199157715
2024-04-15,94.0800094604,65.862197876,489.982696533
2024-04-16,93.7660980225,65.6453475952,489.089080811
2024-04-17,94.2773666382,65.7321014404,486.194580078
2024-04-18,94.0890045166,65.7841186523,485.194122314
2024-04-19,94.1876602173,65.9055862427,480.959136963
2024-04-22,94.4208526611,66.2698745728,485.388366699
2024-04-23,94.5822982788,66.5387649536,491.148284912
2024-04-24,94.2145843506,66.3913192749,490.915222168
2024-04-25,93.9365158081,66.2525482178,489.050262451
2024-04-26,94.2953109741,66.4607162476,493.68347168
2024-04-29,94.6899490356,66.6602096558,495.431793213
2024-04-30,94.1697158813,66.1744689941,487.583557129
2024-05-01,94.5614318848,66.5232543945,486.000305176
2024-05-02,95.1467895508,66.93309021,490.546112061
2024-05-03,95.8131332397,67.2121276855,496.626556396
2024-05-06,96.0832672119,67.2905960083,501.755096436
2024-05-07,96.128326416,67.299331665,502.308776855
2024-05-08,95.8851699829,67.1423568726,502.357299805
2024-05-09,96.0382614136,67.1597824097,505.251800537
2024-05-10,95.7320632935,67.0551528931,505.902709961
2024-05-13,95.7681121826,67.0377349854,505.97064209
2024-05-14,96.0472564697,67.1423568726,508.292053223
2024-05-15,96.9027557373,67.5347595215,514.586303711
2024-05-16,96.7496490479,67.3778076172,513.527526855
2024-05-17,96.5245437622,67.3865203857,514.26574707
2024-05-20,96.4795150757,67.4214019775,514.858337402
2024-05-21,96.6415863037,67.3690872192,516.12097168
2024-05-22,96.4975204468,67.2208175659,514.634887695
2024-05-23,96.0742645264,66.9853973389,510.875732422
2024-05-24,96.3354263306,67.2208175659,514.255981445
2024-05-28,95.7591018677,66.9505233765,514.615478516
2024-05-29,95.245803833,66.7499694824,511.011810303
2024-05-30,95.8311386108,67.0202789307,507.621948242
2024-05-31,96.2543792725,67.2556991577,512.245483398
2024-06-03,96.9187698364,67.4642105103,512.663085938
2024-06-04,97.2984008789,67.4291763306,513.236083984
2024-06-05,97.6238250732,67.6481933594,519.335998535
2024-06-06,97.5605545044,67.534286499,519.32635498
2024-06-07,96.6837387085,67.359085083,518.695007324
2024-06-10,96.4848709106,67.420425415,520.297668457
2024-06-11,96.9006881714,67.5080108643,521.55065918
2024-06-12,97.4972839355,67.7796020508,525.834228516
2024-06-13,97.9582748413,67.7708358765,526.892822266
2024-06-14,98.0396118164,67.5080108643,527.213500977
2024-06-17,97.5786209106,67.5518341064,531.409545898
2024-06-18,98.0306015015,67.7620773315,532.75970459
2024-06-20,97.7051773071,67.7182769775,531.312438965
2024-06-21,97.7322998047,67.7971115112,530.600158691
2024-06-24,97.8317260742,67.7270431519,528.875366211
2024-06-25,97.7955703735,67.8146591187,530.91192627
2024-06-26,97.262260437,67.665725708,531.574584961
2024-06-27,97.4520874023,67.7445526123,532.412536621
2024-06-28,96.8283843994,67.5781173706,530.317565918
2024-07-01,96.2532653809,67.5648956299,531.408996582
2024-07-02,96.8700866699,67.7498321533,534.985107422
2024-07-03,97.5867156982,67.9876022339,537.372558594
2024-07-05,98.0946884155,68.1901626587,540.471252441
2024-07-08,98.0856323242,68.1725921631,541.095031738
2024-07-09,97.9041976929,68.0932998657,541.62109375
2024-07-10,98.140045166,68.2518463135,546.98059082
2024-07-11,98.6661529541,68.4984207153,542.264282227
2024-07-12,99.0289993286,68.6745223999,545.684631348
2024-07-15,98.4847640991,68.6833572388,547.185302734
2024-07-16,99.0562133789,68.9475631714,550.430175781
2024-07-17,99.1015777588,68.8682937622,542.712585449
2024-07-18,98.6752319336,68.7273788452,538.541870117
2024-07-19,98.3123855591,68.6745223999,534.965698242
2024-07-22,98.2579650879,68.92993927,540.481079102
2024-07-23,98.1854019165,68.9387512207,539.633300781
2024-07-24,97.5867156982,68.7185668945,527.403869629
2024-07-25,97.9767608643,68.7273788452,524.655944824
2024-07-26,98.5210342407,68.9475631714,530.531860352
2024-07-29,98.7296600342,68.8858947754,530.84375
2024-07-30,98.8113021851,68.9211349487,528.154174805
2024-07-31,99.3827819824,69.1677322388,536.739135742
2024-08-01,99.712348938,69.0163421631,529.13848877
2024-08-02,100.686431885,68.7861633301,519.286621094
2024-08-05,100.431526184,68.3612289429,504.16317749
2024-08-06,99.7760543823,68.6179580688,508.811309814
2024-08-07,99.3209075928,68.7507400513,505.410461426
2024-08-08,99.3663864136,69.0340194702,517.094116211
2024-08-09,99.8761825562,69.0251998901,519.374389648
2024-08-12,100.085594177,69.069442749,519.647277832
2024-08-13,100.786567688,69.3881454468,528.193115234
2024-08-14,101.232666016,69.5120773315,529.859558105
2024-08-15,100.92313385,69.5740509033,538.941467285
2024-08-16,101.223556519,69.7953720093,540.149780273
2024-08-19,101.460243225,69.9104614258,545.314331055
2024-08-20,101.724243164,69.8485107422,544.427612305
2024-08-21,101.951843262,70.0078659058,546.298583984
2024-08-22,101.533073425,69.9193191528,542.010925293
2024-08-23,102.11567688,70.2911224365,547.769958496
2024-08-26,101.988243103,70.1494750977,546.464233398
2024-08-27,101.906311035,70.1937561035,547.214599609
2024-08-28,101.69694519,70.1583480835,544.037841797
2024-08-29,101.523971558,70.2291717529,544.086547852
2024-08-30,101.241752625,70.23802948,549.280395508
2024-09-03,101.547851562,69.9889297485,537.97668457
2024-09-04,102.17829895,70.2469177246,536.875610352
2024-09-05,102.680809021,70.4870986938,535.569885254
2024-09-06,102.635147095,70.3981323242,526.556152344
2024-09-09,102.863571167,70.5671615601,532.451538086
2024-09-10,103.146789551,70.4337158203,534.770690918
2024-09-11,103.192474365,70.540473938,540.256896973
2024-09-12,103.119392395,70.6383056641,544.807678223
2024-09-13,103.439186096,70.8340072632,547.653076172
2024-09-16,103.896026611,71.0119171143,548.461853027
2024-09-17,103.905166626,71.0297088623,548.685974121
2024-09-18,103.475746155,71.0919647217,547.058654785
2024-09-19,103.567115784,71.305480957,556.393981934
2024-09-20,103.658462524,71.3944320679,555.432128906
2024-09-23,103.512275696,71.2609863281,556.820068359
2024-09-24,103.685882568,71.2698822021,558.413330078
2024-09-25,103.073722839,71.1898193359,557.18170166
2024-09-26,103.073722839,71.305480957,559.390808105
2024-09-27,103.484870911,71.4833831787,558.579406738
2024-09-30,103.229042053,71.4300003052,560.817810059
2024-10-01,103.725143433,71.3942489624,555.793762207
2024-10-02,103.495895386,71.4031677246,556.028381348
2024-10-03,102.826438904,71.2333526611,555.01184082
2024-10-04,102.267074585,71.1528930664,560.055480957
2024-10-07,101.744369507,70.848991394,554.992126465
2024-10-08,101.946090698,71.0188293457,560.241149902
2024-10-09,101.744369507,70.9741134644,564.121520996
2024-10-10,101.634315491,70.9383621216,563.134338379
2024-10-11,101.615974426,71.1260681152,566.506469727
2024-10-14,101.625167847,71.1618270874,571.139587402
2024-10-15,102.12033844,71.143951416,566.702087402
2024-10-16,102.441329956,71.2691040039,569.165161133
2024-10-17,101.680160522,71.1618270874,569.214050293
2024-10-18,101.560958862,71.3316726685,571.403564453
2024-10-21,100.524711609,71.0456466675,570.465209961
2024-10-22,100.515563965,70.9473190308,570.16217041
2024-10-23,100.176254272,70.7327728271,564.952331543
2024-10-24,100.478858948,70.9383621216,566.174194336
2024-10-25,100.240455627,70.8668441772,565.978637695
2024-10-28,100.157897949,71.0456466675,567.728393555
2024-10-29,100.277130127,71.0634918213,568.647094727
2024-10-30,100.148719788,70.9383621216,566.926879883
2024-10-31,99.9469985962,70.7417068481,555.813354492
2024-11-01,99.3994293213,70.7461853027,558.159057617
2024-11-04,100.135635376,70.9438476562,556.95690918
2024-11-05,100.614181519,71.1414794922,563.691467285
2024-11-06,99.565071106,71.2672653198,577.707946777
2024-11-07,100.743034363,71.5727157593,582.174987793
2024-11-08,101.092727661,71.6894836426,584.696777344
2024-11-11,100.899467468,71.6086349487,585.253845215
2024-11-12,99.9884033203,71.3211593628,583.435852051
2024-11-13,99.611076355,71.3391265869,583.719299316
2024-11-14,99.5834732056,71.1863937378,579.965942383
2024-11-15,99.629486084,71.1774291992,572.53729248
2024-11-18,99.8135757446,71.3121795654,574.883239746
2024-11-19,100.02520752,71.4199676514,576.984680176
2024-11-20,99.7859420776,71.4020233154,577.180236816
2024-11-21,99.6662979126,71.4289627075,580.278686523
2024-11-22,99.75831604,71.4110031128,582.077148438
2024-11-25,101.000701904,71.6805038452,584.051696777
2024-11-26,100.743034363,71.5457382202,587.101318359
2024-11-27,101.111160278,71.7613525391,585.32244873
2024-11-29,101.736930847,71.9050750732,588.958374023
2024-12-02,101.896690369,71.878944397,590.014038086
2024-12-03,101.536521912,71.878944397,590.287658691
2024-12-04,102.026000977,72.0503768921,593.953063965
2024-12-05,101.998275757,71.9872055054,592.975585938
2024-12-06,102.229141235,72.1045227051,594.099731445
2024-12-09,101.970565796,72.0142822266,591.040344238
2024-12-10,101.813575745,72.0503768921,589.202758789
2024-12-11,101.536521912,72.0684280396,593.757629395
2024-12-12,100.963973999,71.8698883057,590.698242188
2024-12-13,100.400672913,71.6623382568,590.580993652
2024-12-16,100.529937744,71.797706604,593.102661133
2024-12-17,100.539176941,71.6442871094,590.659057617
2024-12-18,99.292678833,70.9086380005,573.055419922
2024-12-19,98.7551727295,70.8360595703,572.879394531
2024-12-20,99.1444091797,71.2805480957,579.760314941
2024-12-23,98.8571243286,71.0900421143,583.232116699
2024-12-24,99.1629562378,71.3168258667,589.714599609
2024-12-26,99.2556152344,71.4982376099,589.75402832
2024-12-27,98.8385696411,71.2533340454,583.545898438
2024-12-30,99.2649002075,71.3531112671,576.886657715
2024-12-31,99.0146713257,71.3440475464,574.787963867
2025-01-02,99.0239181519,71.5163803101,573.375671387
2025-01-03,98.7922515869,71.6252365112,580.54486084
2025-01-06,98.5420150757,71.7522354126,583.889099121
2025-01-07,98.0879211426,71.5163803101,577.288696289
2025-01-08,98.2454681396,71.6071014404,578.132263184
2025-01-10,97.6801300049,71.2351837158,569.305603027
2025-01-13,97.4020996094,71.2170410156,570.188354492
2025-01-14,97.5133132935,71.3077468872,570.972900391
2025-01-15,98.6810531616,71.9336624146,581.358886719
2025-01-16,98.8756484985,72.0152893066,580.240844727
2025-01-17,98.9590530396,72.0788040161,586.066467285
2025-01-21,99.5336380005,72.26927948,591.430908203
2025-01-22,99.2185592651,72.1695022583,594.755737305
2025-01-23,99.0795516968,72.2602233887,598.00189209
2025-01-24,99.2741622925,72.3418731689,596.256103516
2025-01-27,99.9599533081,72.3962860107,587.821899414
2025-01-28,99.8209381104,72.3690795898,592.872741699
2025-01-29,99.6912155151,72.3237228394,590.214904785
2025-01-30,99.9136047363,72.459777832,593.382568359
2025-01-31,99.5892486572,72.3146362305,590.22467041
2025-02-03,99.7464447021,72.223526001,586.252807617
2025-02-04,99.9417648315,72.4513397217,590.18548584
2025-02-05,100.63936615,72.6426696777,592.578430176
2025-02-06,100.453346252,72.5333328247,594.638000488
2025-02-07,100.016181946,72.305519104,589.195007324
2025-02-10,100.044075012,72.4513397217,593.196289062
2025-02-11,99.820854187,72.4239959717,593.647460938
2025-02-12,99.2813873291,72.2690811157,591.734985352
2025-02-13,100.053382874,72.597114563,597.982299805
2025-02-14,100.444030762,72.6791381836,597.952819824
2025-02-18,100.034797668,72.6153411865,599.708374023
2025-02-19,100.09059906,72.6700363159,601.120666504
2025-02-20,100.332435608,72.7155838013,598.619750977
2025-02-21,100.685874939,72.5788955688,588.38092041
2025-02-24,100.946304321,72.6700363159,585.703552246
2025-02-25,101.718315125,72.8522644043,582.790710449
2025-02-26,101.932243347,72.9524841309,583.084960938
2025-02-27,101.504379272,72.815826416,573.777832031
2025-02-28,101.950836182,73.0162658691,582.731811523
2025-03-03,102.272964478,72.8643112183,572.522460938
2025-03-04,101.936828613,72.8551864624,565.745605469
2025-03-05,101.610046387,72.891784668,571.82611084
2025-03-06,101.292617798,72.617149353,561.675537109
2025-03-07,101.133888245,72.7361373901,564.823669434
2025-03-10,101.479362488,72.4615020752,549.77923584
2025-03-11,100.816452026,72.2051544189,545.209106445
2025-03-12,100.517700195,72.2875518799,548.102294922
2025-03-13,100.835121155,71.8847427368,540.795715332
2025-03-14,100.78842926,72.2143173218,551.966369629
2025-03-17,100.993843079,72.3882598877,556.222717285
2025-03-18,101.236595154,72.2600784302,550.210754395
2025-03-19,101.834136963,72.7361373901,556.203125
2025-03-20,101.684745789,72.6354370117,554.594726562
2025-03-21,101.544685364,72.5255737305,554.777648926
2025-03-24,101.105865479,72.7361373901,564.71295166
2025-03-25,101.208580017,72.6995391846,566.0703125
2025-03-26,100.797767639,72.4065628052,559.312438965
2025-03-27,100.67640686,72.2692337036,557.827026367
2025-03-28,101.283279419,72.1410751343,546.593444824
2025-03-31,101.479362488,72.2234725952,550.262573242
2025-04-01,101.842056274,72.3908996582,551.816772461
2025-04-02,102.076377869,72.5380783081,555.308898926
2025-04-03,102.067001343,71.6365509033,527.942871094
2025-04-04,101.954528809,70.6154022217,497.035430908
2025-04-07,99.9675598145,70.0082168579,496.150115967
2025-04-08,98.7022476196,69.6862487793,488.379089355
2025-04-09,100.35181427,71.5537338257,539.668334961
2025-04-10,98.6460266113,70.3854141235,516.020507812
2025-04-11,98.627281189,70.5969772339,525.227722168
2025-04-14,99.2364959717,70.9465942383,530.323242188
2025-04-15,99.7707214355,71.1397628784,528.837890625
2025-04-16,100.192504883,71.1305618286,517.082824707
2025-04-17,100.051902771,71.5445480347,517.820678711
2025-04-21,98.9740600586,71.12134552,505.495117188
2025-04-22,99.2177581787,71.397354126,518.646972656
2025-04-23,99.6582641602,71.7561264038,526.683654785
2025-04-24,100.679862976,72.4000930786,537.769836426
2025-04-25,101.214096069,72.4644927979,541.655334473
2025-04-28,101.448410034,72.5012893677,541.861877441
2025-04-29,101.68271637,72.694480896,545.275268555
2025-04-30,101.204719543,72.3080978394,545.491638184
2025-05-01,100.849021912,72.4014892578,549.35760498
2025-05-02,100.604362488,72.6234130859,557.512329102
2025-05-05,100.46320343,72.595664978,554.315307617
2025-05-06,100.660820007,72.540184021,549.682128906
2025-05-07,100.867835999,72.6049194336,551.993835449
2025-05-08,100.359687805,72.5864181519,555.840087891
2025-05-09,100.322052002,72.6326599121,555.131774902
2025-05-12,100.303222656,73.3538970947,573.477478027
2025-05-13,100.387916565,73.4833526611,577.264709473
2025-05-14,99.879776001,73.2151947021,578.002380371
2025-05-15,100.594940186,73.3538970947,580.825561523
2025-05-16,100.78314209,73.4371109009,584.504516602
2025-05-19,100.792549133,73.4001312256,585.143920898
2025-05-20,100.54788208,73.3631362915,583.176635742
2025-05-21,99.4280853271,72.8730621338,573.34954834
2025-05-22,99.9362258911,73.0210113525,573.575866699
2025-05-23,100.011505127,73.0025253296,569.660644531
2025-05-27,100.914901733,73.4463653564,581.504333496
2025-05-28,100.670249939,73.4001312256,578.140197754
2025-05-29,101.121917725,73.5111083984,580.422302246
2025-05-30,101.413619995,73.5758209229,579.773071289
2025-06-02,101.126502991,73.5628128052,583.038818359
2025-06-03,101.173736572,73.7021636963,586.363708496
2025-06-04,101.910446167,73.8415374756,586.206298828
2025-06-05,101.598747253,73.68359375,583.373352051
2025-06-06,100.984832764,73.6743164062,589.363952637
2025-06-09,101.287078857,73.7114486694,589.895080566
2025-06-10,101.53263855,73.8879928589,593.239685059
2025-06-11,101.853775024,73.8694152832,591.547729492
2025-06-12,102.420455933,73.9530029297,593.898681641
2025-06-13,101.806541443,73.7300491333,587.258911133
2025-06-16,101.627082825,73.8787078857,592.846130371
2025-06-17,101.976539612,73.7950744629,587.780273438
2025-06-18,102.052116394,73.9065628052,587.691650391
2025-06-20,102.137123108,74.1388168335,586.311523438
2025-06-23,102.392127991,74.2781906128,592.102661133
2025-06-24,102.873802185,74.4825897217,598.643798828
2025-06-25,102.751022339,74.4639892578,598.979248047
2025-06-26,103.128837585,74.6776809692,603.665649414
2025-06-27,102.958824158,74.6405258179,606.664855957
2025-06-30,103.525527954,74.9285354614,609.565368652
2025-07-01,103.650642395,74.8342514038,609.368103027
2025-07-02,103.63167572,74.9742584229,612.130554199
2025-07-03,103.3852005,75.0209350586,616.95501709
2025-07-07,102.76902771,74.7688903809,612.357421875
2025-07-08,102.475166321,74.666229248,612.022033691
2025-07-09,103.062904358,74.87159729,615.692138672
2025-07-10,103.081848145,74.7969207764,617.428466797
2025-07-11,102.456214905,74.7035751343,615.257995605
2025-07-14,102.427764893,74.7595672607,616.432067871
2025-07-15,102.058059692,74.5355606079,613.797912598
2025-07-16,102.219207764,74.7315750122,615.849914551
2025-07-17,102.465675354,74.8062515259,619.618774414
2025-07-18,102.655273438,74.9089126587,619.164916992
2025-07-21,103.053421021,75.0116119385,620.338989258
2025-07-22,103.29989624,75.1422958374,620.427734375
2025-07-23,103.13874054,75.1796188354,625.705993652
2025-07-24,102.987075806,75.0862731934,625.913208008
2025-07-25,103.318847656,75.1329498291,628.557189941
2025-07-28,103.110290527,75.0956115723,628.399475098
2025-07-29,103.79283905,75.1422958374,626.741943359
2025-07-30,103.404174805,74.9835891724,625.952697754
2025-07-31,103.432617188,75.0302734375,623.604614258
2025-08-01,104.350158691,75.0340118408,613.383483887
2025-08-04,104.531028748,75.287322998,622.706726074
2025-08-05,104.607177734,75.2498092651,619.549682617
2025-08-06,104.578620911,75.3248519897,624.295288086
2025-08-07,104.473922729,75.2498092651,623.772338867
2025-08-08,104.140777588,75.2591934204,628.636230469
2025-08-11,104.302581787,75.2591934204,627.393127441
2025-08-12,104.397773743,75.4280700684,634.07232666
2025-08-13,104.94985199,75.6250686646,636.242858887
2025-08-14,104.588142395,75.4280700684,636.302062988
2025-08-15,104.454872131,75.484336853,634.812316895
2025-08-18,104.264511108,75.4280700684,634.674133301
2025-08-19,104.426322937,75.409286499,631.230957031
2025-08-20,104.473922729,75.3811416626,629.553710938
2025-08-21,104.074142456,75.2404022217,627.028076172
2025-08-22,104.892723083,75.8502197266,636.657226562
2025-08-25,104.616699219,75.7001266479,633.855224609
2025-08-26,104.692832947,75.8690032959,636.509216309
2025-08-27,104.730903625,75.9628143311,637.959472656
2025-08-28,104.892723083,76.000328064,640.218811035
2025-08-29,104.512001038,75.8596038818,636.400634766
2025-09-02,104.162376404,75.7776031494,631.684753418
2025-09-03,104.783256531,75.9849700928,635.108215332
2025-09-04,105.499633789,76.1923522949,640.41619873
2025-09-05,106.1873703,76.2300796509,638.561218262
2025-09-08,106.559890747,76.2300796509,640.130065918
2025-09-09,106.368850708,76.1452178955,641.609863281
2025-09-10,106.684074402,76.2017745972,643.46472168
2025-09-11,107.180763245,76.3903045654,648.811950684
2025-09-12,106.989723206,76.3148803711,648.594848633
2025-09-15,107.324043274,76.5317001343,652.048034668
2025-09-16,107.228530884,76.4751358032,651.15020752
2025-09-17,107.037483215,76.3997268677,650.341247559
2025-09-18,106.817802429,76.5694122314,653.379882812
2025-09-19,106.731819153,76.5976867676,656.616027832
2025-09-22,106.493019104,76.6542358398,659.722473145
2025-09-23,106.703170776,76.5976867676,656.131286621
2025-09-24,106.273345947,76.4939880371,654.043701172
2025-09-25,106.082290649,76.2771911621,651.026306152
2025-09-26,106.225578308,76.428024292,654.756103516
2025-09-29,106.578987122,76.5599822998,656.596252441
2025-09-30,106.473930359,76.5317001343,659.069519043
2025-10-01,106.901504517,76.674697876,661.315368652
2025-10-02,107.074073792,76.6462936401,662.077026367
2025-10-03,106.939857483,76.561050415,662.067199707
2025-10-06,106.594726562,76.5799942017,664.44152832
2025-10-07,106.796051025,76.494758606,661.978149414
2025-10-08,106.661819458,76.3811187744,665.925537109
2025-10-09,106.450927734,76.1632843018,663.996337891
2025-10-10,106.74810791,75.7181625366,646.049987793
2025-10-13,107.112419128,76.191696167,655.963012695
2025-10-14,107.46710968,76.2769241333,655.161682129
2025-10-15,107.46710968,76.5231781006,658.070373535
2025-10-16,107.773887634,76.2485275269,653.588684082
2025-10-17,107.562988281,76.4474105835,657.29864502
2025-10-20,107.888923645,76.5989303589,664.134887695
2025-10-21,107.908111572,76.4852905273,664.12487793
2025-10-22,108.013557434,76.4095230103,660.672241211
2025-10-23,107.879341125,76.5799942017,664.58996582
2025-10-24,108.061485291,76.7883453369,670.021362305
2025-10-27,108.243637085,76.9777679443,677.926086426
2025-10-28,108.253227234,76.9019927979,679.726623535
2025-10-29,107.639663696,76.6652297974,680.053100586
2025-10-30,107.064483643,76.5231781006,672.573791504
2025-10-31,106.633079529,76.5231781006,674.780029297
2025-11-03,106.346343994,76.2852020264,676.046386719
2025-11-04,106.49066925,76.2947235107,668.032836914
2025-11-05,106.173141479,76.3708648682,670.347839355
2025-11-06,106.731201172,76.3994293213,663.155456543
2025-11-07,106.519538879,76.4660568237,663.808349609
2025-11-10,106.577262878,76.7230758667,674.166687012
2025-11-11,107.000610352,76.8087615967,675.709960938
2025-11-12,106.894775391,76.6564407349,676.0859375
2025-11-13,106.365600586,76.3423156738,664.866943359
2025-11-14,106.076950073,76.3613433838,664.758178711
2025-11-17,106.144294739,76.2376022339,658.564941406
2025-11-18,106.19241333,76.2566375732,653.034667969
2025-11-19,106.202018738,76.2947235107,655.557495117
2025-11-20,106.346343994,76.2471237183,645.565246582
2025-11-21,106.721572876,76.5041351318,651.995910645
2025-11-24,107.144935608,76.7135543823,661.592224121
2025-11-25,107.443199158,76.9800796509,667.815124512
2025-11-26,107.808822632,77.0562286377,672.425476074
2025-11-28,107.62600708,77.0943069458,676.095825195
2025-12-01,107.049468994,76.9556274414,673.009155273
2025-12-02,107.1170578,77.0990905762,674.255737305
2025-12-03,107.358505249,77.1660385132,676.590515137
2025-12-04,107.165367126,77.2234115601,677.085144043
2025-12-05,107.059127808,77.2234115601,678.371276855
2025-12-08,106.837013245,77.0321502686,676.333312988
2025-12-09,106.701812744,76.9460678101,675.749450684
2025-12-10,107.194343567,77.2042694092,680.231262207
2025-12-11,107.03981781,77.1947402954,681.814147949
2025-12-12,106.392791748,77.0512771606,674.483215332
2025-12-15,106.518333435,77.0895233154,673.464172363
2025-12-16,106.759773254,77.1373519897,671.624084473
2025-12-17,106.643867493,77.0417022705,664.233825684
2025-12-18,107.049468994,77.2521057129,669.249633789
2025-12-19,106.774131775,77.2146377563,675.315368652
2025-12-22,106.754737854,77.2818908691,679.522521973
2025-12-23,106.861381531,77.3395462036,682.628173828
2025-12-24,107.278282166,77.4836730957,685.02947998
2025-12-26,107.268585205,77.4452438354,684.960021973
2025-12-29,107.414016724,77.474067688,682.519042969
2025-12-30,107.287979126,77.5509414673,681.68560791
2025-12-31,106.832305908,77.474067688,676.635009766
