Date,SPY,QQQ,GLD,BZ=F,GBPUSD=X
2019-01-01,,,,,1.2738043069839478
2019-01-02,223.8059539794922,147.87838745117188,121.33000183105469,54.90999984741211,1.2754288911819458
2019-01-03,218.46533203125,143.04708862304688,122.43000030517578,55.95000076293945,1.2521913051605225
2019-01-04,225.78297424316406,149.16734313964844,121.44000244140625,57.060001373291016,1.2628813982009888
2019-01-07,227.5631561279297,150.94325256347656,121.86000061035156,57.33000183105469,1.2734960317611694
2019-01-08,229.7012176513672,152.30857849121094,121.52999877929688,58.720001220703125,1.278608798980713
2019-01-09,230.77468872070312,153.54983520507812,122.30999755859375,61.439998626708984,1.2737879753112793
2019-01-10,231.5888214111328,153.98899841308594,121.58999633789062,61.68000030517578,1.279967188835144
2019-01-11,231.6782989501953,153.42568969726562,121.80000305175781,60.47999954223633,1.2753963470458984
2019-01-14,230.26478576660156,152.0699005126953,122.08999633789062,58.9900016784668,1.2849836349487305
2019-01-15,232.90379333496094,155.03927612304688,121.87999725341797,60.63999938964844,1.2874983549118042
2019-01-16,233.4674072265625,155.01065063476562,122.2699966430664,61.31999969482422,1.2872166633605957
2019-01-17,235.2386474609375,156.23280334472656,122.11000061035156,61.18000030517578,1.2885768413543701
2019-01-18,238.3696746826172,157.779541015625,121.0199966430664,62.70000076293945,1.2983977794647217
2019-01-21,,,,,1.2853471040725708
2019-01-22,235.149169921875,154.61917114257812,121.44999694824219,61.5,1.2891747951507568
2019-01-23,235.64125061035156,154.81968688964844,121.27999877929688,61.13999938964844,1.2957731485366821
2019-01-24,235.7664794921875,155.8221893310547,121.08999633789062,61.09000015258789,1.308215618133545
2019-01-25,237.76141357421875,157.68405151367188,122.86000061035156,61.63999938964844,1.3121638298034668
2019-01-28,235.95436096191406,155.736328125,123.29000091552734,59.93000030517578,1.3208470344543457
2019-01-29,235.64125061035156,154.2659454345703,123.9800033569336,61.31999969482422,1.3160146474838257
2019-01-30,239.3717041015625,158.19007873535156,124.69000244140625,61.650001525878906,1.30804443359375
2019-01-31,241.47389221191406,160.55796813964844,124.75,61.88999938964844,1.3117163181304932
2019-02-01,241.5901641845703,159.88009643554688,124.5,61.869998931884766,1.3109424114227295
2019-02-04,243.2898712158203,161.86607360839844,123.95999908447266,62.5099983215332,1.3077365159988403
2019-02-05,244.30970764160156,163.29824829101562,124.27999877929688,61.97999954223633,1.3031013011932373
2019-02-06,243.98764038085938,162.8113250732422,123.44000244140625,62.689998626708984,1.2957228422164917
2019-02-07,241.66172790527344,160.6248016357422,123.73999786376953,61.630001068115234,1.2934435606002808
2019-02-08,241.95697021484375,160.93988037109375,124.20999908447266,62.099998474121094,1.2949174642562866
2019-02-11,242.09117126464844,160.78712463378906,123.5999984741211,61.5099983215332,1.293677806854248
2019-02-12,245.20437622070312,163.16458129882812,123.86000061035156,62.41999816894531,1.2864052057266235
2019-02-13,246.00038146972656,163.27914428710938,123.37000274658203,63.61000061035156,1.2892080545425415
2019-02-14,245.45484924316406,163.4796142578125,124.05999755859375,64.56999969482422,1.2856775522232056
2019-02-15,248.1295623779297,164.1671600341797,124.80000305175781,66.25,1.2798361778259277
2019-02-18,,,,,1.290555715560913
2019-02-19,248.55899047851562,164.4917449951172,126.69999694824219,66.44999694824219,1.2924071550369263
2019-02-20,249.0599822998047,164.4630889892578,126.4800033569336,67.08000183105469,1.3061310052871704
2019-02-21,248.1743621826172,163.86158752441406,125.05000305175781,67.06999969482422,1.30451238155365
2019-02-22,249.7129364013672,165.0741424560547,125.5,67.12000274658203,1.3041380643844604
2019-02-25,250.0529327392578,165.6757049560547,125.37000274658203,64.76000213623047,1.306557536125183
2019-02-26,249.87405395507812,165.84759521484375,125.58000183105469,65.20999908447266,1.31271493434906
2019-02-27,249.76673889160156,165.74249267578125,124.69000244140625,66.38999938964844,1.3258028030395508
2019-02-28,249.3014678955078,165.360595703125,123.98999786376953,66.02999877929688,1.3318239450454712
2019-03-01,250.85801696777344,166.5063934326172,121.87999725341797,65.06999969482422,1.3264886140823364
2019-03-04,249.94557189941406,166.53497314453125,121.55999755859375,65.66999816894531,1.3239772319793701
2019-03-05,249.60569763183594,166.6591033935547,121.72000122070312,65.86000061035156,1.3178529739379883
2019-03-06,248.09381103515625,165.71388244628906,121.61000061035156,65.98999786376953,1.3156682252883911
2019-03-07,246.01837158203125,163.6801300048828,121.51000213623047,66.30000305175781,1.3182177543640137
2019-03-08,245.52633666992188,163.43190002441406,122.83999633789062,65.73999786376953,1.3092432022094727
2019-03-11,249.08676147460938,166.8309326171875,122.23999786376953,66.58000183105469,1.2988362312316895
2019-03-12,250.02603149414062,167.74758911132812,122.9800033569336,66.66999816894531,1.3248542547225952
2019-03-13,251.6810302734375,169.0079345703125,123.83999633789062,67.55000305175781,1.3066771030426025
2019-03-14,251.51998901367188,168.72149658203125,122.41000366210938,67.2300033569336,1.3285682201385498
2019-03-15,252.7626953125,170.28732299804688,122.97000122070312,67.16000366210938,1.3258554935455322
2019-03-18,253.67913818359375,170.69285583496094,123.04000091552734,67.54000091552734,1.329716444015503
2019-03-19,253.7421112060547,171.26681518554688,123.37999725341797,67.61000061035156,1.326435923576355
2019-03-20,252.97833251953125,171.9459228515625,124.18000030517578,68.5,1.3271400928497314
2019-03-21,255.83558654785156,174.63381958007812,123.68000030517578,67.86000061035156,1.320533037185669
2019-03-22,250.91177368164062,170.79808044433594,123.97000122070312,67.02999877929688,1.313232183456421
2019-03-25,250.72308349609375,170.47291564941406,124.91999816894531,67.20999908447266,1.3206549882888794
2019-03-26,252.59197998046875,171.26681518554688,124.30000305175781,67.97000122070312,1.3215277194976807
2019-03-27,251.27114868164062,170.1667938232422,123.6500015258789,67.83000183105469,1.321143627166748
2019-03-28,252.22361755371094,170.55902099609375,121.9000015258789,67.81999969482422,1.3152703046798706
2019-03-29,253.81390380859375,171.85031127929688,122.01000213623047,68.38999938964844,1.30565345287323
2019-04-01,256.82391357421875,174.12681579589844,121.52999877929688,69.01000213623047,1.3022867441177368
2019-04-02,256.9497985839844,174.78684997558594,121.9800033569336,69.37000274658203,1.3068991899490356
2019-04-03,257.3541564941406,175.79122924804688,121.80000305175781,69.30999755859375,1.312766671180725
2019-04-04,258.0370178222656,175.72421264648438,122.11000061035156,69.4000015258789,1.3176966905593872
2019-04-05,259.28594970703125,176.6329345703125,121.9800033569336,70.33999633789062,1.3077024221420288
2019-04-08,259.48358154296875,177.08253479003906,122.51000213623047,71.0999984741211,1.3038150072097778
2019-04-09,258.1538391113281,176.4608154296875,123.1500015258789,70.61000061035156,1.306335687637329
2019-04-10,259.0343322753906,177.40774536132812,123.52999877929688,71.7300033569336,1.305721640586853
2019-04-11,258.96246337890625,176.98684692382812,121.94999694824219,70.83000183105469,1.3099292516708374
2019-04-12,260.7146301269531,177.75210571289062,121.83000183105469,71.55000305175781,1.3056023120880127
2019-04-15,260.5439147949219,177.78082275390625,121.5999984741211,71.18000030517578,1.3083868026733398
2019-04-16,260.7146301269531,178.39295959472656,120.51000213623047,71.72000122070312,1.3102725744247437
2019-04-17,260.0766296386719,179.0146942138672,120.27999877929688,71.62000274658203,1.3046314716339111
2019-04-18,260.5888671875,179.2443084716797,120.37000274658203,71.97000122070312,1.3039339780807495
2019-04-19,,,,,1.2994438409805298
2019-04-22,260.8134460449219,179.75125122070312,120.37000274658203,74.04000091552734,1.299376368522644
2019-04-23,263.1585998535156,182.037353515625,120.12000274658203,74.51000213623047,1.2981449365615845
2019-04-24,262.5745544433594,181.46343994140625,120.47000122070312,74.56999969482422,1.2938116788864136
2019-04-25,262.4127197265625,182.1999969482422,120.56999969482422,74.3499984741211,1.2904890775680542
2019-04-26,263.6347351074219,182.3625946044922,121.37000274658203,72.1500015258789,1.289607048034668
2019-04-29,264.04803466796875,182.71649169921875,120.83000183105469,72.04000091552734,1.2920230627059937
2019-04-30,264.18292236328125,181.30084228515625,121.19999694824219,72.80000305175781,1.2932428121566772
2019-05-01,262.1971435546875,180.7173309326172,120.4000015258789,72.18000030517578,1.3039849996566772
2019-05-02,261.6310729980469,179.9329833984375,119.94000244140625,70.75,1.3053126335144043
2019-05-03,264.1919250488281,182.80262756347656,120.6500015258789,70.8499984741211,1.3033220767974854
2019-05-06,263.10467529296875,181.68345642089844,120.80999755859375,71.23999786376953,1.3150626420974731
2019-05-07,258.71087646484375,178.14427185058594,121.20999908447266,69.87999725341797,1.3099292516708374
2019-05-08,258.3514709472656,177.69471740722656,120.91000366210938,70.37000274658203,1.3068820238113403
2019-05-09,257.5697937011719,176.7381591796875,121.19999694824219,70.38999938964844,1.3012022972106934
2019-05-10,258.8636474609375,176.95819091796875,121.43000030517578,70.62000274658203,1.3009653091430664
2019-05-13,252.3583526611328,170.8172607421875,122.66999816894531,70.2300033569336,1.3010668754577637
2019-05-14,254.64056396484375,172.69204711914062,122.45999908447266,71.23999786376953,1.2963106632232666
2019-05-15,256.1322021484375,175.13121032714844,122.38999938964844,71.7699966430664,1.2906556129455566
2019-05-16,258.50421142578125,176.89120483398438,121.51000213623047,72.62000274658203,1.2847524881362915
2019-05-17,256.8330078125,175.08335876464844,120.6500015258789,72.20999908447266,1.2797706127166748
2019-05-20,255.13482666015625,172.12770080566406,120.63999938964844,71.97000122070312,1.2731555700302124
2019-05-21,257.4350280761719,173.92596435546875,120.36000061035156,72.18000030517578,1.2729123830795288
2019-05-22,256.6443176269531,173.15118408203125,120.23999786376953,70.98999786376953,
2019-05-23,253.50845336914062,170.50157165527344,121.16999816894531,67.76000213623047,1.2664159536361694
2019-05-24,254.08346557617188,170.4154815673828,121.30000305175781,68.69000244140625,1.2664639949798584
2019-05-27,,,,,1.2724751234054565
2019-05-28,251.72042846679688,169.77459716796875,120.83000183105469,70.11000061035156,1.2682307958602905
2019-05-29,250.0311737060547,168.37811279296875,120.87000274658203,69.44999694824219,1.2659670114517212
2019-05-30,250.71408081054688,169.08596801757812,121.69000244140625,66.87000274658203,1.2629451751708984
2019-05-31,247.33563232421875,166.38851928710938,123.33000183105469,64.48999786376953,1.2609704732894897
2019-06-03,246.70672607421875,162.72496032714844,125.11000061035156,61.279998779296875,1.2639508247375488
2019-06-04,252.06187438964844,167.3067626953125,125.1500015258789,61.970001220703125,1.2664159536361694
2019-06-05,254.24530029296875,168.55027770996094,125.47000122070312,60.630001068115234,1.2702767848968506
2019-06-06,255.89852905273438,169.88943481445312,125.87999725341797,61.66999816894531,1.2688584327697754
2019-06-07,258.45928955078125,173.17031860351562,126.58999633789062,63.290000915527344,1.269841194152832
2019-06-10,259.64532470703125,175.1885986328125,125.33000183105469,62.290000915527344,1.2722970247268677
2019-06-11,259.5824279785156,175.427734375,125.18000030517578,62.290000915527344,1.2691160440444946
2019-06-12,259.1242370605469,174.413818359375,125.83000183105469,59.970001220703125,1.2724426984786987
2019-06-13,260.1933898925781,175.4468536376953,126.5999984741211,61.310001373291016,1.2693415880203247
2019-06-14,259.90594482421875,174.7007598876953,126.55999755859375,62.0099983215332,1.268005609512329
2019-06-17,260.0047302246094,175.75296020507812,126.4800033569336,60.939998626708984,1.2596044540405273
2019-06-18,262.72723388671875,178.30686950683594,127.12000274658203,62.13999938964844,1.2541544437408447
2019-06-19,263.3203125,178.97647094726562,127.88999938964844,61.81999969482422,1.2566603422164917
2019-06-20,265.8360290527344,180.6408233642578,131.11000061035156,64.44999694824219,1.2656625509262085
2019-06-21,265.4496765136719,180.3729705810547,131.97999572753906,65.19999694824219,1.2707933187484741
2019-06-24,265.124755859375,180.37875366210938,133.94000244140625,64.86000061035156,1.2750873565673828
2019-06-25,262.5243835449219,177.2822723388672,134.1999969482422,65.05000305175781,1.2739664316177368
2019-06-26,262.2624206542969,178.10675048828125,132.97000122070312,66.48999786376953,1.2690677642822266
2019-06-27,263.1925354003906,178.78738403320312,132.83999633789062,66.55000305175781,1.269841194152832
2019-06-28,264.5468444824219,179.01747131347656,133.1999969482422,66.55000305175781,1.267748475074768
2019-07-01,266.948486328125,181.43328857421875,130.6199951171875,65.05999755859375,1.2694543600082397
2019-07-02,267.64373779296875,182.15219116210938,133.41000366210938,62.400001525878906,1.2644623517990112
2019-07-03,269.7835998535156,183.5231170654297,133.6300048828125,63.81999969482422,1.25982666015625
2019-07-04,,,,,1.2582731246948242
2019-07-05,269.4765625,183.14923095703125,132.13999938964844,64.2300033569336,1.2583048343658447
2019-07-08,267.9959716796875,181.86465454101562,131.2899932861328,64.11000061035156,1.2525520324707031
2019-07-09,268.3298645019531,182.77537536621094,131.75,64.16000366210938,1.2516427040100098
2019-07-10,269.612060546875,184.5968017578125,133.8300018310547,67.01000213623047,1.2458575963974
2019-07-11,270.2440185546875,184.4626007080078,132.6999969482422,66.5199966430664,1.2508130073547363
2019-07-12,271.4539489746094,185.52667236328125,133.52999877929688,66.72000122070312,1.2523481845855713
2019-07-15,271.5441589355469,186.1210174560547,133.52999877929688,66.4800033569336,1.2571974992752075
2019-07-16,270.66845703125,185.16236877441406,132.39999389648438,64.3499984741211,1.251799464225769
2019-07-17,268.8265075683594,184.2516632080078,134.5800018310547,63.65999984741211,1.2412029504776
2019-07-18,269.8106689453125,184.4626007080078,136.47999572753906,61.93000030517578,1.2434717416763306
2019-07-19,268.3119201660156,183.11083984375,134.47000122070312,62.470001220703125,1.2541857957839966
2019-07-22,268.970947265625,184.56800842285156,134.4499969482422,63.2599983215332,1.2512825727462769
2019-07-23,270.8941345214844,185.7759246826172,133.69000244140625,63.83000183105469,1.2474894523620605
2019-07-24,272.16717529296875,187.0796661376953,134.3699951171875,63.18000030517578,1.243904948234558
2019-07-25,270.8670654296875,185.30618286132812,133.4199981689453,63.38999938964844,1.2485953569412231
2019-07-26,272.6819152832031,187.2138671875,133.63999938964844,63.459999084472656,1.2453454732894897
2019-07-29,272.1852111816406,186.5715789794922,134.52999877929688,63.709999084472656,1.2376697063446045
2019-07-30,271.5171203613281,185.76632690429688,134.97999572753906,64.72000122070312,1.2217471599578857
2019-07-31,268.5466003417969,183.19715881347656,133.2100067138672,65.16999816894531,1.2161602973937988
2019-08-01,266.20806884765625,182.2864532470703,136.41000366210938,60.5,1.215376853942871
2019-08-02,264.2037658691406,179.6022491455078,135.88999938964844,61.88999938964844,1.2124298810958862
2019-08-05,256.25830078125,173.2559814453125,137.7899932861328,59.810001373291016,1.215214490890503
2019-08-06,259.851806640625,175.6813507080078,138.91000366210938,58.939998626708984,1.2158203125
2019-08-07,260.0053405761719,176.63038635253906,141.02000427246094,56.22999954223633,1.2169743776321411
2019-08-08,265.1066589355469,180.474609375,141.72999572753906,57.380001068115234,1.2143291234970093
2019-08-09,263.3008728027344,178.77781677246094,141.25999450683594,58.529998779296875,1.2143733501434326
2019-08-12,260.09552001953125,176.7262725830078,142.6300048828125,58.56999969482422,1.2021976709365845
2019-08-13,264.14056396484375,180.5991973876953,141.77999877929688,61.29999923706055,1.207875370979309
2019-08-14,256.33056640625,175.20205688476562,142.75,59.47999954223633,1.2064181566238403
2019-08-15,257.00762939453125,175.00074768066406,143.6999969482422,58.22999954223633,1.2060399055480957
2019-08-16,260.79986572265625,177.8095245361328,142.77999877929688,58.63999938964844,1.209160566329956
2019-08-19,263.94189453125,180.63760375976562,141.11000061035156,59.7400016784668,1.2161011695861816
2019-08-20,261.91943359375,179.2379608154297,142.2100067138672,60.029998779296875,1.2131506204605103
2019-08-21,264.05035400390625,180.82931518554688,141.75999450683594,60.29999923706055,1.2162343263626099
2019-08-22,263.9690246582031,180.24452209472656,141.39999389648438,59.91999816894531,1.213224172592163
2019-08-23,257.188232421875,174.54058837890625,144.1699981689453,59.34000015258789,1.2251899242401123
2019-08-26,260.0323181152344,177.1768798828125,144.19000244140625,58.70000076293945,1.2262415885925293
2019-08-27,259.0120544433594,176.80296325683594,145.57000732421875,59.5099983215332,1.222195029258728
2019-08-28,260.8359069824219,177.4357147216797,145.16000366210938,60.4900016784668,1.2283201217651367
2019-08-29,264.16766357421875,180.14866638183594,144.1199951171875,61.08000183105469,1.2218515872955322
2019-08-30,264.05035400390625,179.71726989746094,143.75,60.43000030517578,1.218650221824646
2019-09-02,,,,,1.21592378616333
2019-09-03,262.50628662109375,177.97254943847656,145.75,58.2599983215332,1.2066656351089478
2019-09-04,265.48590087890625,180.54173278808594,146.66000366210938,60.70000076293945,1.2090436220169067
2019-09-05,268.8988342285156,183.84901428222656,143.13999938964844,60.95000076293945,1.2248897552490234
2019-09-06,269.1064147949219,183.66690063476562,141.9199981689453,61.540000915527344,1.2323921918869019
2019-09-09,269.2418518066406,183.2834930419922,141.38999938964844,62.59000015258789,1.2283051013946533
2019-09-10,269.1786804199219,182.7561492919922,140.17999267578125,62.380001068115234,1.2345373630523682
2019-09-11,271.0927429199219,184.47213745117188,141.02999877929688,60.810001373291016,1.2354830503463745
2019-09-12,272.0318298339844,185.2390899658203,141.32000732421875,60.380001068115234,1.233471393585205
2019-09-13,271.85113525390625,184.5775909423828,140.14999389648438,60.220001220703125,1.2329391241073608
2019-09-16,271.0115051269531,183.753173828125,141.32000732421875,69.0199966430664,1.2497344017028809
2019-09-17,271.69775390625,184.63516235351562,141.60000610351562,64.55000305175781,1.2428536415100098
2019-09-18,271.8602294921875,184.5584259033203,140.7100067138672,63.599998474121094,1.2502655982971191
2019-09-19,271.8421630859375,184.86520385742188,141.27999877929688,64.4000015258789,1.247053861618042
2019-09-20,270.5577392578125,182.9095458984375,142.9499969482422,64.27999877929688,1.2525050640106201
2019-09-23,270.4942932128906,182.99024963378906,143.75,64.7699966430664,1.2471938133239746
2019-09-24,268.3717041015625,180.55996704101562,144.50999450683594,63.099998474121094,1.243456244468689
2019-09-25,269.9591369628906,182.58677673339844,141.8300018310547,62.38999938964844,1.2485953569412231
2019-09-26,269.3968200683594,181.9143829345703,141.7899932861328,62.7400016784668,1.2359564304351807
2019-09-27,267.94549560546875,179.6570587158203,141.05999755859375,61.90999984741211,1.2331976890563965
2019-09-30,269.18817138671875,181.3668670654297,138.8699951171875,60.779998779296875,1.2293167114257812
2019-10-01,265.986083984375,179.88758850097656,139.6300048828125,58.88999938964844,1.2289994955062866
2019-10-02,261.28765869140625,176.79449462890625,141.25999450683594,57.689998626708984,1.2292261123657227
2019-10-03,263.4282531738281,178.7349090576172,141.89999389648438,57.709999084472656,1.230436086654663
2019-10-04,266.9930725097656,181.3668670654297,141.89999389648438,58.369998931884766,1.2342326641082764
2019-10-07,265.841064453125,180.81932067871094,140.69000244140625,58.349998474121094,1.2334411144256592
2019-10-08,261.71392822265625,178.11048889160156,141.9199981689453,58.2400016784668,1.2288031578063965
2019-10-09,264.19921875,179.84912109375,142.0500030517578,58.31999969482422,1.2219561338424683
2019-10-10,265.986083984375,181.24197387695312,140.80999755859375,59.099998474121094,1.2212995290756226
2019-10-11,268.7437744140625,183.57623291015625,140.02999877929688,60.5099983215332,1.2433171272277832
2019-10-14,268.4443359375,183.55697631835938,140.58999633789062,59.349998474121094,1.261899709701538
2019-10-15,271.10205078125,185.89117431640625,139.61000061035156,58.7400016784668,1.2611771821975708
2019-10-16,270.6666259765625,185.43014526367188,140.41000366210938,59.41999816894531,1.2760635614395142
2019-10-17,271.46484375,185.92002868652344,140.61000061035156,59.90999984741211,1.2823801040649414
2019-10-18,270.27667236328125,184.13330078125,140.4600067138672,59.41999816894531,1.286860466003418
2019-10-21,272.1088562011719,185.7662811279297,139.7899932861328,58.959999084472656,1.2900229692459106
2019-10-22,271.21990966796875,184.2870330810547,140.1999969482422,59.70000076293945,1.297168254852295
2019-10-23,272.0090637207031,184.64242553710938,140.52999877929688,61.16999816894531,1.2884771823883057
2019-10-24,272.4534912109375,186.438720703125,141.52999877929688,61.66999816894531,1.2923235893249512
2019-10-25,273.5691833496094,187.9276123046875,141.86000061035156,62.02000045776367,1.2840267419815063
2019-10-28,275.1112060546875,189.7816162109375,140.63999938964844,61.56999969482422,1.283202886581421
2019-10-29,275.029541015625,188.31185913085938,140.25,61.59000015258789,1.2857435941696167
2019-10-30,275.8731689453125,189.2244110107422,141.02000427246094,60.61000061035156,1.2866700887680054
2019-10-31,275.1384582519531,189.3108367919922,142.42999267578125,60.22999954223633,1.290172815322876
2019-11-01,277.6872253417969,191.03025817871094,142.55999755859375,61.689998626708984,1.2939623594284058
2019-11-04,278.802978515625,192.21180725097656,142.14999389648438,62.130001068115234,1.2937614917755127
2019-11-05,278.4945373535156,192.3174591064453,139.85000610351562,62.959999084472656,1.2891582250595093
2019-11-06,278.55810546875,191.88516235351562,140.4499969482422,61.7400016784668,1.288062334060669
2019-11-07,279.5376892089844,192.52874755859375,138.27000427246094,62.290000915527344,1.2856775522232056
2019-11-08,280.2270202636719,193.29727172851562,137.38999938964844,62.5099983215332,1.2779992818832397
2019-11-11,279.69189453125,193.03793334960938,137.05999755859375,62.18000030517578,1.2796396017074585
2019-11-12,280.28143310546875,193.5950164794922,137.42999267578125,62.060001373291016,1.2858428955078125
2019-11-13,280.3721923828125,193.64308166503906,137.97999572753906,62.369998931884766,1.285214900970459
2019-11-14,280.78033447265625,193.4893798828125,138.55999755859375,62.279998779296875,1.2853800058364868
2019-11-15,282.8121643066406,194.9110565185547,138.2100067138672,63.29999923706055,1.2881784439086914
2019-11-18,283.020751953125,195.0647430419922,138.6199951171875,62.439998626708984,1.2921231985092163
2019-11-19,282.9391174316406,195.3529052734375,138.69000244140625,60.90999984741211,1.2950851917266846
2019-11-20,281.8869323730469,194.18101501464844,138.75999450683594,62.400001525878906,1.2929502725601196
2019-11-21,281.4334411621094,193.74871826171875,138.0,63.970001220703125,1.2927078008651733
2019-11-22,282.0592956542969,193.8736114501953,137.74000549316406,63.38999938964844,1.2919896841049194
2019-11-25,284.245361328125,196.1693572998047,137.0800018310547,63.650001525878906,1.2853471040725708
2019-11-26,284.88922119140625,196.54405212402344,137.74000549316406,64.2699966430664,1.289723515510559
2019-11-27,286.1592102050781,197.91763305664062,137.00999450683594,64.05999755859375,1.2860909700393677
2019-11-28,,,,,1.2929919958114624
2019-11-29,285.0979309082031,197.01473999023438,137.86000061035156,62.43000030517578,1.29128897190094
2019-12-02,282.6761474609375,194.9975128173828,137.7899932861328,60.91999816894531,1.29128897190094
2019-12-03,280.78033447265625,193.47018432617188,139.11000061035156,60.81999969482422,1.294062852859497
2019-12-04,282.5128479003906,194.44996643066406,138.9199981689453,63.0,1.2997816801071167
2019-12-05,283.020751953125,194.83419799804688,139.0,63.38999938964844,1.311131477355957
2019-12-06,285.6059265136719,196.91867065429688,137.6199951171875,64.38999938964844,1.3158414363861084
2019-12-09,284.70794677734375,196.02532958984375,137.5800018310547,64.25,1.3139568567276
2019-12-10,284.39044189453125,195.86204528808594,137.97000122070312,64.33999633789062,1.314578652381897
2019-12-11,285.1977844238281,196.89942932128906,138.9199981689453,63.720001220703125,1.3131287097930908
2019-12-12,287.6558837890625,198.3690948486328,138.42999267578125,64.19999694824219,1.3200099468231201
2019-12-13,287.82818603515625,199.02230834960938,139.0500030517578,65.22000122070312,1.347527265548706
2019-12-16,289.8055725097656,201.0203399658203,139.0399932861328,65.33999633789062,1.335327386856079
2019-12-17,289.869140625,201.13560485839844,139.00999450683594,66.0999984741211,1.3272457122802734
2019-12-18,289.88720703125,201.28929138183594,139.02000427246094,66.16999816894531,1.3122154474258423
2019-12-19,291.0754699707031,202.54763793945312,139.3800048828125,66.54000091552734,1.3087291717529297
2019-12-20,292.3515625,203.36410522460938,139.52000427246094,66.13999938964844,1.3017443418502808
2019-12-23,292.7982177734375,203.9012908935547,139.9499969482422,66.38999938964844,1.3005423545837402
2019-12-24,292.807373046875,204.00717163085938,141.27000427246094,67.19999694824219,1.2944984436035156
2019-12-25,,,,,1.2934937477111816
2019-12-26,294.36602783203125,205.8073272705078,142.3800048828125,67.91999816894531,1.2973533868789673
2019-12-27,294.2931823730469,205.6340789794922,142.3300018310547,68.16000366210938,1.3002209663391113
2019-12-30,292.6706237792969,204.28636169433594,142.6300048828125,68.44000244140625,1.3091918230056763
2019-12-31,293.381591796875,204.67144775390625,142.89999389648438,66.0,1.3113033771514893
2020-01-01,,,,,1.326259970664978
2020-01-02,296.1253967285156,208.08888244628906,143.9499969482422,66.25,1.3250298500061035
2020-01-03,293.8829650878906,206.18276977539062,145.86000061035156,68.5999984741211,1.3152703046798706
2020-01-06,295.0042724609375,207.51126098632812,147.38999938964844,68.91000366210938,1.308010220527649
2020-01-07,294.17462158203125,207.48240661621094,147.97000122070312,68.2699966430664,1.317002534866333
2020-01-08,295.7425231933594,209.0419158935547,146.86000061035156,65.44000244140625,1.31137216091156
2020-01-09,297.7477722167969,210.81317138671875,146.02999877929688,65.37000274658203,1.3105130195617676
2020-01-10,296.89093017578125,210.2740936279297,146.91000366210938,64.9800033569336,1.3070186376571655
2020-01-13,298.9327697753906,212.70001220703125,145.82000732421875,64.19999694824219,1.3045634031295776
2020-01-14,298.4770202636719,211.86251831054688,145.69000244140625,64.48999786376953,1.2988194227218628
2020-01-15,299.15155029296875,211.94912719726562,146.5399932861328,64.0,1.3022528886795044
2020-01-16,301.6400146484375,213.98037719726562,146.30999755859375,64.62000274658203,1.3041210174560547
2020-01-17,302.57879638671875,215.039306640625,146.5800018310547,64.8499984741211,1.3078734874725342
2020-01-20,,,,,1.3007283210754395
2020-01-21,301.986328125,214.94297790527344,146.74000549316406,64.58999633789062,1.3005592823028564
2020-01-22,302.0228271484375,215.51100158691406,146.7899932861328,63.209999084472656,1.3048017024993896
2020-01-23,302.3692626953125,216.20411682128906,147.1199951171875,62.040000915527344,1.3144749402999878
2020-01-24,299.6802062988281,214.3846435546875,147.97999572753906,60.689998626708984,1.311991572380066
2020-01-27,294.8764953613281,209.9564208984375,148.99000549316406,59.31999969482422,1.3061821460723877
2020-01-28,297.966552734375,213.18133544921875,147.66000366210938,59.5099983215332,1.3060115575790405
2020-01-29,297.7204284667969,213.52792358398438,148.4600067138672,59.810001373291016,1.3024563789367676
2020-01-30,298.68670654296875,214.28839111328125,148.47000122070312,58.290000915527344,1.3022021055221558
2020-01-31,293.2631530761719,210.89024353027344,149.3300018310547,58.15999984741211,1.3089004755020142
2020-02-03,295.441650390625,214.0766143798828,148.36000061035156,54.45000076293945,1.31816565990448
2020-02-04,299.9445495605469,218.97657775878906,146.42999267578125,53.959999084472656,1.2997479438781738
2020-02-05,303.4083557128906,219.69851684570312,146.61000061035156,55.279998779296875,1.3032711744308472
2020-02-06,304.4292297363281,221.59498596191406,147.39999389648438,54.93000030517578,1.2997140884399414
2020-02-07,302.80682373046875,220.6419677734375,147.7899932861328,54.470001220703125,1.2930254936218262
2020-02-10,305.0672912597656,223.30853271484375,148.1699981689453,53.27000045776367,1.2891582250595093
2020-02-11,305.59600830078125,223.34707641601562,147.66000366210938,54.0099983215332,1.2918227910995483
2020-02-12,307.5648193359375,225.52268981933594,147.5399932861328,55.790000915527344,1.2956557273864746
2020-02-13,307.2366943359375,225.23385620117188,148.3800048828125,56.34000015258789,1.295756459236145
2020-02-14,307.72894287109375,225.87881469726562,149.0,57.31999969482422,1.3046824932098389
2020-02-17,,,,,1.3052955865859985
2020-02-18,306.93597412109375,225.9654541015625,150.91000366210938,57.75,1.3008975982666016
2020-02-19,308.4034729003906,228.13145446777344,151.7899932861328,59.119998931884766,1.3002209663391113
2020-02-20,307.1364440917969,226.01365661621094,152.41000366210938,59.310001373291016,1.2928247451782227
2020-02-21,303.97344970703125,221.67201232910156,154.6999969482422,58.5,1.2883278131484985
2020-02-24,293.8920593261719,213.1236114501953,156.08999633789062,56.29999923706055,1.29537034034729
2020-02-25,284.98651123046875,207.32838439941406,153.3000030517578,54.95000076293945,1.292657732963562
2020-02-26,283.9383544921875,208.39694213867188,153.97000122070312,53.43000030517578,1.3003394603729248
2020-02-27,271.18609619140625,197.96170043945312,154.0,52.18000030517578,1.2906889915466309
2020-02-28,270.04681396484375,198.1156768798828,148.3800048828125,50.52000045776367,1.2888922691345215
2020-03-02,281.7414855957031,208.33912658691406,149.1999969482422,51.900001525878906,1.2807048559188843
2020-03-03,273.6745300292969,201.65826416015625,153.88999938964844,51.86000061035156,1.2767152786254883
2020-03-04,285.1780090332031,210.0719451904297,154.16000366210938,51.130001068115234,1.2820841073989868
2020-03-05,275.69818115234375,203.68948364257812,157.49000549316406,49.9900016784668,1.2874983549118042
2020-03-06,271.14056396484375,200.25277709960938,157.5500030517578,45.27000045776367,1.295068383216858
2020-03-09,249.96597290039062,186.34237670898438,157.80999755859375,34.36000061035156,1.3099292516708374
2020-03-10,262.900390625,196.48880004882812,154.47999572753906,37.220001220703125,1.3075313568115234
2020-03-11,250.08445739746094,187.93075561523438,153.92999267578125,35.790000915527344,1.2909722328186035
2020-03-12,226.1570281982422,170.6990966796875,147.7899932861328,33.220001220703125,1.2818212509155273
2020-03-13,245.49038696289062,185.1582794189453,143.27999877929688,33.849998474121094,1.257023572921753
2020-03-16,218.62791442871094,162.9785614013672,141.63999938964844,30.049999237060547,1.2399870157241821
2020-03-17,230.43215942382812,175.339111328125,143.55999755859375,28.729999542236328,1.2266627550125122
2020-03-18,218.76467895507812,170.00599670410156,140.6999969482422,24.8799991607666,1.2121652364730835
2020-03-19,219.22952270507812,171.02639770507812,138.0399932861328,28.469999313354492,1.1625338792800903
2020-03-20,209.78201293945312,164.3262939453125,140.11000061035156,26.979999542236328,1.149438500404358
2020-03-23,204.41824340820312,164.4449462890625,146.3000030517578,27.030000686645508,1.162304162979126
2020-03-24,222.93917846679688,177.17916870117188,153.39999389648438,27.149999618530273,1.1595547199249268
2020-03-25,226.27662658691406,175.8671112060547,151.3000030517578,27.389999389648438,1.1792036294937134
2020-03-26,239.4888916015625,185.1283721923828,153.24000549316406,26.34000015258789,1.1851149797439575
2020-03-27,232.35556030273438,178.7612762451172,152.25,24.93000030517578,1.2200626134872437
2020-03-30,239.9014892578125,185.2634735107422,152.9199981689453,22.760000228881836,1.245319128036499
2020-03-31,236.32565307617188,183.6813201904297,148.0500030517578,22.739999771118164,1.2371643781661987
2020-04-01,225.68983459472656,175.8767852783203,149.4499969482422,24.739999771118164,1.2408487796783447
2020-04-02,230.8977508544922,179.44618225097656,151.89999389648438,29.940000534057617,1.238236665725708
2020-04-03,227.5602569580078,176.89938354492188,152.64999389648438,34.11000061035156,1.2394952774047852
2020-04-06,242.84463500976562,189.54672241210938,156.8800048828125,33.04999923706055,1.2220158576965332
2020-04-07,243.0922393798828,189.4695587158203,156.0399932861328,31.8700008392334,1.2240501642227173
2020-04-08,251.25247192382812,193.492431640625,154.64999389648438,32.84000015258789,1.2338672876358032
2020-04-09,255.07586669921875,193.77224731445312,158.69000244140625,31.479999542236328,1.23931086063385
2020-04-10,,,,,1.2454850673675537
2020-04-13,252.74688720703125,195.86563110351562,161.41000366210938,31.739999771118164,1.2461059093475342
2020-04-14,260.20111083984375,204.384033203125,162.67999267578125,29.600000381469727,1.2523951530456543
2020-04-15,254.6724090576172,202.03976440429688,161.85000610351562,27.690000534057617,1.26262629032135
2020-04-16,255.9010009765625,205.72499084472656,161.7100067138672,27.81999969482422,1.252097249031067
2020-04-17,262.81427001953125,207.6929931640625,158.57000732421875,28.079999923706055,1.2487823963165283
2020-04-20,258.1840515136719,205.2329864501953,159.6999969482422,25.56999969482422,1.248751163482666
2020-04-21,250.34471130371094,197.66000366210938,158.61000061035156,19.329999923706055,1.2442762851715088
2020-04-22,255.9010009765625,203.5254669189453,161.72999572753906,20.3700008392334,1.2298610210418701
2020-04-23,255.8826446533203,203.09132385253906,163.33999633789062,21.329999923706055,1.2323921918869019
2020-04-24,259.44940185546875,206.294189453125,162.63999938964844,21.440000534057617,1.235223650932312
2020-04-27,263.19024658203125,207.95350646972656,161.55999755859375,19.989999771118164,1.2366595268249512
2020-04-28,261.97991943359375,204.0366973876953,160.83999633789062,20.459999084472656,1.2422668933868408
2020-04-29,268.8382873535156,211.27210998535156,161.72999572753906,22.540000915527344,1.2435646057128906
2020-04-30,266.335205078125,211.1852569580078,158.8000030517578,25.270000457763672,1.2471472024917603
2020-05-01,259.2843322753906,205.2329864501953,159.77999877929688,26.440000534057617,1.2581465244293213
2020-05-04,259.9994812011719,207.62551879882812,160.33999633789062,27.200000762939453,1.2454230785369873
2020-05-05,262.4017639160156,209.9794464111328,161.02000427246094,30.969999313354492,1.244555115699768
2020-05-06,260.6229248046875,211.27210998535156,158.9499969482422,29.719999313354492,1.2444202899932861
2020-05-07,263.7678527832031,213.9926300048828,161.38999938964844,29.459999084472656,1.232559323310852
2020-05-08,268.1321716308594,216.92530822753906,160.4199981689453,30.969999313354492,1.237593173980713
2020-05-11,268.187255859375,218.86439514160156,159.4199981689453,29.6299991607666,1.2417423725128174
2020-05-12,262.84185791015625,214.281982421875,160.0399932861328,29.979999542236328,1.2333498001098633
2020-05-13,258.19329833984375,211.60008239746094,161.5800018310547,29.190000534057617,1.2254902124404907
2020-05-14,261.2831115722656,214.0022430419922,163.00999450683594,31.1299991607666,1.224155068397522
2020-05-15,262.48419189453125,215.39144897460938,163.92999267578125,32.5,1.2233912944793701
2020-05-18,270.4793701171875,219.4046173095703,162.69000244140625,34.810001373291016,1.2085760831832886
2020-05-19,267.7013244628906,218.85470581054688,164.25999450683594,34.650001525878906,1.2200031280517578
2020-05-20,272.24896240234375,223.22491455078125,164.64999389648438,35.75,1.2255953550338745
2020-05-21,270.3692321777344,220.7937774658203,162.25,36.060001373291016,1.2236906290054321
2020-05-22,270.8828430175781,221.5559539794922,163.2100067138672,35.130001068115234,1.2223445177078247
2020-05-25,,,,,1.218605637550354
2020-05-26,274.2203063964844,220.957763671875,160.88999938964844,36.16999816894531,1.220137119293213
2020-05-27,278.3003845214844,222.16363525390625,161.17999267578125,34.7400016784668,1.23350191116333
2020-05-28,277.7868957519531,221.87429809570312,161.72000122070312,35.290000915527344,1.2264822721481323
2020-05-29,279.0247802734375,225.12538146972656,162.91000366210938,35.33000183105469,1.2321492433547974
2020-06-01,280.1524963378906,225.80064392089844,163.66000366210938,38.31999969482422,1.2347996234893799
2020-06-02,282.4721374511719,227.31527709960938,162.60000610351562,39.56999969482422,1.248704433441162
2020-06-03,286.23138427734375,228.33782958984375,159.60000610351562,39.790000915527344,1.2581465244293213
2020-06-04,285.47955322265625,226.7364501953125,161.27999877929688,39.9900016784668,1.2575136423110962
2020-06-05,292.79632568359375,231.2319793701172,158.00999450683594,42.29999923706055,1.2609069347381592
2020-06-08,296.33544921875,233.02638244628906,159.72000122070312,40.79999923706055,1.2725722789764404
2020-06-09,294.1258239746094,234.7146453857422,161.25999450683594,41.18000030517578,1.2735283374786377
2020-06-10,292.4845275878906,237.53160095214844,163.57000732421875,41.72999954223633,1.2711325883865356
2020-06-11,275.6231384277344,225.76210021972656,162.38999938964844,38.54999923706055,1.2710679769515991
2020-06-12,278.9237976074219,227.55648803710938,162.6199951171875,38.72999954223633,1.257703423500061
2020-06-15,281.5277404785156,230.3251495361328,162.3300018310547,39.720001220703125,1.2508755922317505
2020-06-16,286.946533203125,234.2804718017578,162.25,40.959999084472656,1.2637752294540405
2020-06-17,285.754638671875,235.02330017089844,162.55999755859375,40.709999084472656,1.258510708808899
2020-06-18,285.8646545410156,235.6600341796875,162.24000549316406,41.5099983215332,1.2552721500396729
2020-06-19,284.2309265136719,235.62142944335938,164.02999877929688,42.189998626708984,1.2426837682724
2020-06-22,286.05438232421875,238.44717407226562,165.08999633789062,43.08000183105469,1.234811782836914
2020-06-23,287.3712463378906,240.4766082763672,166.47999572753906,42.630001068115234,1.250156283378601
2020-06-24,280.0407409667969,235.51905822753906,165.89999389648438,40.310001373291016,1.2524893283843994
2020-06-25,283.0429992675781,237.76107788085938,165.8000030517578,41.04999923706055,1.2412954568862915
2020-06-26,276.3201904296875,232.1462860107422,166.5399932861328,41.02000045776367,1.2425447702407837
2020-06-29,280.381591796875,234.67823791503906,166.6300048828125,41.709999084472656,1.2342174053192139
2020-06-30,283.97308349609375,239.2782745361328,167.3699951171875,41.150001525878906,1.2310571670532227
2020-07-01,285.9621887207031,242.07113647460938,166.6199951171875,42.029998779296875,1.2389271259307861
2020-07-02,287.53704833984375,243.71401977539062,166.97999572753906,43.13999938964844,1.2464786767959595
2020-07-03,,,,,1.2466403245925903
2020-07-06,291.9758605957031,249.7056121826172,167.97999572753906,43.099998474121094,1.247551679611206
2020-07-07,288.9644470214844,247.9854278564453,169.0399932861328,43.08000183105469,1.249547004699707
2020-07-08,291.1745910644531,251.2518768310547,170.08999633789062,43.290000915527344,1.2542802095413208
2020-07-09,289.5169677734375,253.3682098388672,169.6300048828125,42.349998474121094,1.2613521814346313
2020-07-10,292.4731140136719,255.0980987548828,169.19000244140625,43.2400016784668,1.2605094909667969
2020-07-13,289.94061279296875,249.85055541992188,169.39999389648438,42.720001220703125,1.2627506256103516
2020-07-14,293.697998046875,251.61911010742188,170.19000244140625,42.900001525878906,1.255177617073059
2020-07-15,296.39617919921875,252.13121032714844,170.33999633789062,43.790000915527344,1.25692880153656
2020-07-16,295.42010498046875,250.4110870361328,168.72999572753906,43.369998931884766,1.2591001987457275
2020-07-17,296.27642822265625,250.7010040283203,170.1199951171875,43.13999938964844,1.2559500932693481
2020-07-20,298.6708984375,257.8135986328125,170.94000244140625,43.279998779296875,1.2571184635162354
2020-07-21,299.30621337890625,255.1270751953125,173.0,44.31999969482422,1.266175389289856
2020-07-22,301.01007080078125,256.02581787109375,175.6300048828125,44.290000915527344,1.2730745077133179
2020-07-23,297.4184265136719,249.3384246826172,177.17999267578125,43.310001373291016,1.2729934453964233
2020-07-24,295.5029602050781,246.9707489013672,178.6999969482422,43.34000015258789,1.2730745077133179
2020-07-27,297.65789794921875,251.37750244140625,182.22999572753906,43.40999984741211,1.2795906066894531
2020-07-28,295.77001953125,248.17872619628906,183.75,43.220001220703125,1.2889753580093384
2020-07-29,299.4076232910156,251.03927612304688,185.1300048828125,43.75,1.292373776435852
2020-07-30,298.33935546875,252.35362243652344,183.75999450683594,42.939998626708984,1.298246145248413
2020-07-31,300.69677734375,256.85693359375,185.42999267578125,43.29999923706055,1.311785101890564
2020-08-03,302.7873840332031,260.3262939453125,185.63999938964844,44.150001525878906,1.3101695775985718
2020-08-04,303.9569091796875,261.2926330566406,189.58999633789062,44.43000030517578,1.3078734874725342
2020-08-05,305.8447570800781,261.9401550292969,191.35000610351562,45.16999816894531,1.3086093664169312
2020-08-06,307.88922119140625,265.4093933105469,193.88999938964844,45.09000015258789,1.3126804828643799
2020-08-07,308.1103210449219,262.34600830078125,190.80999755859375,44.400001525878906,1.3138015270233154
2020-08-10,309.0311584472656,261.2250061035156,190.14999389648438,44.9900016784668,1.3052273988723755
2020-08-11,306.4801330566406,256.2770690917969,179.94000244140625,44.5,1.3077194690704346
2020-08-12,310.7532653808594,262.722900390625,179.10000610351562,45.43000030517578,1.3050740957260132
2020-08-13,310.1915283203125,263.3221130371094,183.3300018310547,44.959999084472656,1.3048017024993896
2020-08-14,310.2007751464844,263.0128173828125,182.5399932861328,44.79999923706055,1.3070528507232666
2020-08-17,311.18603515625,266.06658935546875,186.5,45.369998931884766,1.3107001781463623
2020-08-18,311.8584899902344,268.6275329589844,188.17999267578125,45.459999084472656,1.3107877969741821
2020-08-19,310.5599365234375,266.8204040527344,182.24000549316406,45.369998931884766,1.325398564338684
2020-08-20,311.52685546875,270.5217590332031,183.5,44.900001525878906,1.311079978942871
2020-08-21,312.6319274902344,272.396484375,182.02999877929688,44.349998474121094,1.3220343589782715
2020-08-24,315.7999572753906,274.0973205566406,181.0,45.130001068115234,1.3094146251678467
2020-08-25,316.9049987792969,276.25238037109375,181.22000122070312,45.86000061035156,1.307138204574585
2020-08-26,320.0820617675781,282.1473693847656,183.36000061035156,45.63999938964844,1.3152183294296265
2020-08-27,320.78204345703125,281.2679748535156,181.24000549316406,45.09000015258789,1.3219819068908691
2020-08-28,322.85400390625,282.6981506347656,184.38999938964844,45.04999923706055,1.3199577331542969
2020-08-31,321.6844787597656,284.96923828125,184.8300018310547,45.279998779296875,1.3356484174728394
2020-09-01,324.71435546875,289.83984375,185.0500030517578,45.58000183105469,1.3364516496658325
2020-09-02,329.4109802246094,292.5844421386719,182.6199951171875,44.43000030517578,1.339943766593933
2020-09-03,318.07452392578125,277.7503356933594,181.13999938964844,44.06999969482422,1.335131287574768
2020-09-04,315.4775390625,274.0489501953125,181.63999938964844,42.65999984741211,1.3262248039245605
2020-09-07,,,,,1.3245735168457031
2020-09-08,306.85784912109375,260.87713623046875,181.2899932861328,39.779998779296875,1.3162224292755127
2020-09-09,312.91741943359375,268.5404968261719,183.0500030517578,40.790000915527344,1.2968486547470093
2020-09-10,307.4840393066406,263.186767578125,182.4600067138672,40.060001373291016,1.2999167442321777
2020-09-11,307.6406555175781,261.3603210449219,182.4499969482422,39.83000183105469,1.2808295488357544
2020-09-14,311.69256591796875,265.9119567871094,183.88999938964844,39.61000061035156,1.2806557416915894
2020-09-15,313.267333984375,269.68084716796875,183.4499969482422,40.529998779296875,1.2849671840667725
2020-09-16,312.024169921875,265.3805236816406,183.97000122070312,42.220001220703125,1.2884771823883057
2020-09-17,309.2798156738281,261.2346496582031,182.9600067138672,43.29999923706055,1.2959998846054077
2020-09-18,305.7191467285156,257.9005432128906,183.1999969482422,43.150001525878906,1.2975554466247559
2020-09-21,302.316650390625,258.51910400390625,179.52000427246094,41.439998626708984,1.2932761907577515
2020-09-22,305.3956298828125,263.3221130371094,178.64999389648438,41.720001220703125,1.2820513248443604
2020-09-23,298.3131408691406,255.28172302246094,174.7899932861328,41.77000045776367,1.2744048833847046
2020-09-24,299.10821533203125,256.4703063964844,175.44000244140625,41.939998626708984,1.2717468738555908
2020-09-25,303.9440002441406,262.4329833984375,174.94000244140625,41.91999816894531,1.2757054567337036
2020-09-28,308.99224853515625,267.8834228515625,176.6999969482422,42.43000030517578,1.2766826152801514
2020-09-29,307.30950927734375,266.6754455566406,178.19000244140625,41.029998779296875,1.2873492240905762
2020-09-30,309.63946533203125,268.5019836425781,177.1199951171875,40.95000076293945,1.2866535186767578
2020-10-01,311.6273193359375,272.76373291015625,178.6999969482422,40.93000030517578,1.2917560338974
2020-10-02,308.6686096191406,265.09063720703125,178.5399932861328,39.27000045776367,1.2886265516281128
2020-10-05,314.1423645019531,270.7439880371094,179.41000366210938,41.290000915527344,1.2931090593338013
2020-10-06,309.676513671875,265.9119567871094,177.3000030517578,42.650001525878906,1.2992581129074097
2020-10-07,315.06689453125,270.5119323730469,177.22000122070312,41.9900016784668,1.2883278131484985
2020-10-08,317.8592224121094,271.951904296875,177.85000610351562,43.34000015258789,1.2917560338974
2020-10-09,320.69769287109375,276.1073913574219,181.0800018310547,42.849998474121094,1.29404616355896
2020-10-12,325.8569030761719,284.6309814453125,180.55999755859375,41.720001220703125,1.3031693696975708
2020-10-13,323.7304382324219,284.6213073730469,177.72000122070312,42.45000076293945,1.3065747022628784
2020-10-14,321.6962585449219,282.2440490722656,178.27000427246094,43.31999969482422,1.2935272455215454
2020-10-15,321.2986755371094,280.3498840332031,178.9199981689453,43.15999984741211,1.3012362718582153
2020-10-16,321.1044616699219,278.8133239746094,178.3000030517578,42.93000030517578,1.2902060747146606
2020-10-19,316.22259521484375,274.26153564453125,178.38999938964844,42.619998931884766,1.2927746772766113
2020-10-20,317.48931884765625,274.8510437011719,179.25,43.15999984741211,1.2948671579360962
2020-10-21,316.8883361816406,274.6385192871094,180.60000610351562,41.72999954223633,1.2954038381576538
2020-10-22,318.6265869140625,274.6288146972656,178.8300018310547,42.459999084472656,1.3131976127624512
2020-10-23,319.70831298828125,275.1699523925781,178.63999938964844,41.77000045776367,1.307805061340332
2020-10-26,313.8002014160156,271.04351806640625,178.5500030517578,40.459999084472656,1.3054660558700562
2020-10-27,312.71844482421875,273.1598815917969,179.02000427246094,41.20000076293945,1.301574945449829
2020-10-28,302.0299987792969,262.5103759765625,176.1300048828125,39.119998931884766,1.303186297416687
2020-10-29,305.0997619628906,267.1006774902344,175.39999389648438,37.650001525878906,1.2989881038665771
2020-10-30,301.9190368652344,260.3262939453125,176.1999969482422,37.459999084472656,1.2931926250457764
2020-11-02,305.3031311035156,260.90606689453125,177.91000366210938,38.970001220703125,1.2926744222640991
2020-11-03,310.6935729980469,265.41912841796875,178.9199981689453,39.709999084472656,1.2923903465270996
2020-11-04,317.6373291015625,277.2671203613281,178.82000732421875,41.22999954223633,1.3121638298034668
2020-11-05,323.8321533203125,284.4956970214844,182.92999267578125,40.93000030517578,1.2966804504394531
2020-11-06,323.7581787109375,284.7082214355469,183.19000244140625,39.45000076293945,1.3139395713806152
2020-11-09,327.8263244628906,278.8905944824219,175.0800018310547,42.400001525878906,1.318061351776123
2020-11-10,327.3456115722656,273.8943176269531,175.66000366210938,43.61000061035156,1.3169677257537842
2020-11-11,329.7773132324219,280.02130126953125,174.89999389648438,43.79999923706055,1.3261544704437256
2020-11-12,326.578125,278.7070007324219,175.9600067138672,43.529998779296875,1.3224189281463623
2020-11-13,331.0993957519531,281.1520080566406,177.16000366210938,42.779998779296875,1.3121638298034668
2020-11-16,335.232421875,283.345703125,177.14999389648438,43.81999969482422,1.3220518827438354
2020-11-17,333.42950439453125,282.4469299316406,176.5,43.75,1.322209119796753
2020-11-18,329.4167175292969,280.3594665527344,175.49000549316406,44.34000015258789,1.3259083032608032
2020-11-19,330.8035583496094,282.5532531738281,175.16000366210938,44.20000076293945,1.325644612312317
2020-11-20,328.5382995605469,280.620361328125,175.69000244140625,44.959999084472656,1.3249244689941406
2020-11-23,330.50775146484375,280.6302490234375,172.22999572753906,46.060001373291016,1.3305126428604126
2020-11-24,335.8334045410156,284.57293701171875,169.58999633789062,47.86000061035156,1.332906723022461
2020-11-25,335.315673828125,286.3221130371094,169.50999450683594,48.61000061035156,1.3363267183303833
2020-11-26,,,,,1.3385447263717651
2020-11-27,336.2494201660156,288.96051025390625,167.7899932861328,48.18000030517578,1.3354523181915283
2020-11-30,334.76080322265625,289.5498962402344,166.6699981689453,47.59000015258789,1.333191156387329
2020-12-01,338.42218017578125,293.2608642578125,170.17999267578125,47.41999816894531,1.3336889743804932
2020-12-02,339.1342468261719,293.6376953125,171.4600067138672,48.25,1.3422638177871704
2020-12-03,339.041748046875,294.0533142089844,172.80999755859375,48.709999084472656,1.3370771408081055
2020-12-04,341.9635314941406,295.2515563964844,172.32000732421875,49.25,1.345496654510498
2020-12-07,341.2607421875,296.9234924316406,174.88999938964844,48.790000915527344,1.3417415618896484
2020-12-08,342.25946044921875,297.92852783203125,175.5,48.84000015258789,1.3357375860214233
2020-12-09,339.1896667480469,291.1830749511719,172.5,48.86000061035156,1.3365589380264282
2020-12-10,339.0787658691406,292.3523864746094,172.1699981689453,50.25,1.3367018699645996
2020-12-11,338.68109130859375,291.7049865722656,172.49000549316406,49.970001220703125,1.3305658102035522
2020-12-14,337.16485595703125,293.82135009765625,171.5399932861328,50.290000915527344,1.3318239450454712
2020-12-15,341.7231140136719,296.9621276855469,173.94000244140625,50.7599983215332,1.3330844640731812
2020-12-16,342.25946044921875,298.5953063964844,174.89999389648438,51.08000183105469,1.3444474935531616
2020-12-17,344.1733093261719,300.5474853515625,176.74000549316406,51.5,1.3502929210662842
2020-12-18,342.79901123046875,299.63897705078125,176.44000244140625,52.2599983215332,1.3570178747177124
2020-12-21,341.5733337402344,299.07843017578125,175.8800048828125,50.90999984741211,1.3401951789855957
2020-12-22,340.9976501464844,299.8917236328125,174.49000549316406,50.08000183105469,1.3449536561965942
2020-12-23,341.30413818359375,298.38140869140625,175.64999389648438,51.20000076293945,1.339943766593933
2020-12-24,342.6319580078125,299.69805908203125,176.35000610351562,51.290000915527344,1.3505300283432007
2020-12-25,,,,,1.3552008867263794
2020-12-28,345.57537841796875,302.7187194824219,175.7100067138672,50.86000061035156,1.3572388887405396
2020-12-29,344.9161376953125,302.98974609375,176.35000610351562,51.09000015258789,1.3466018438339233
2020-12-30,345.408203125,302.9994201660156,177.6999969482422,51.34000015258789,1.3499903678894043
2020-12-31,347.16326904296875,303.744873046875,178.36000061035156,51.79999923706055,1.36306631565094
2021-01-01,,,,,1.3673007488250732
2021-01-04,342.43695068359375,299.4560546875,182.3300018310547,51.09000015258789,1.3684196472167969
2021-01-05,344.7953796386719,301.9248046875,182.8699951171875,53.599998474121094,1.3571596145629883
2021-01-06,346.8567810058594,297.7424011230469,179.89999389648438,54.29999923706055,1.3629549741744995
2021-01-07,352.0101013183594,304.9454040527344,179.47999572753906,54.380001068115234,1.3625277280807495
2021-01-08,354.01580810546875,308.86639404296875,173.33999633789062,55.9900016784668,1.3569625616073608
2021-01-11,351.6294860839844,304.4032897949219,173.0,55.65999984741211,1.3516253232955933
2021-01-12,351.7037658691406,303.9191589355469,174.1199951171875,56.58000183105469,1.3524113893508911
2021-01-13,352.65087890625,305.9716491699219,173.3699951171875,56.060001373291016,1.3670539855957031
2021-01-14,351.41595458984375,304.3354797363281,173.27999877929688,56.41999816894531,1.364926815032959
2021-01-15,348.8531799316406,301.9248046875,171.1300048828125,55.099998474121094,1.3683634996414185
2021-01-18,,,,,1.357533574104309
2021-01-19,351.59234619140625,306.3297424316406,172.5800018310547,55.900001525878906,1.3581236600875854
2021-01-20,356.4578552246094,313.455322265625,175.38999938964844,56.08000183105469,1.3644241094589233
2021-01-21,356.7829284667969,315.96282958984375,175.27999877929688,56.099998474121094,1.3668484687805176
2021-01-22,355.52008056640625,315.05279541015625,173.89999389648438,55.40999984741211,1.3729474544525146
2021-01-25,356.9222106933594,317.65704345703125,174.0500030517578,55.880001068115234,1.3688204288482666
2021-01-26,356.364990234375,318.121826171875,173.6199951171875,55.90999984741211,1.3678992986679077
2021-01-27,347.6553039550781,309.2536315917969,172.52000427246094,55.810001373291016,1.374154806137085
2021-01-28,350.645263671875,311.0834045410156,172.67999267578125,55.529998779296875,1.3669419288635254
2021-01-29,343.6254577636719,304.53875732421875,172.61000061035156,55.880001068115234,1.3725008964538574
2021-02-01,349.3453063964844,312.1483459472656,174.22999572753906,56.349998474121094,1.3697690963745117
2021-02-02,354.2850646972656,317.24078369140625,172.11000061035156,57.459999084472656,1.3678767681121826
2021-02-03,354.5636291503906,315.9822082519531,171.85000610351562,58.459999084472656,1.3659336566925049
2021-02-04,358.5936584472656,319.7192687988281,168.14999389648438,58.84000015258789,1.364908218383789
2021-02-05,360.00494384765625,320.8034973144531,169.80999755859375,59.34000015258789,1.3676148653030396
2021-02-08,362.6048583984375,322.952880859375,171.52000427246094,60.560001373291016,1.3738716840744019
2021-02-09,362.36346435546875,322.88507080078125,172.0800018310547,61.09000015258789,1.374570369720459
2021-02-10,362.2055969238281,322.1492919921875,172.7100067138672,61.470001220703125,1.3817994594573975
2021-02-11,362.79052734375,323.92095947265625,171.2100067138672,61.13999938964844,1.3832597732543945
2021-02-12,364.58270263671875,325.7314147949219,170.69000244140625,62.43000030517578,1.381024718284607
2021-02-15,,,,,1.3871549367904663
2021-02-16,364.2669372558594,324.8503723144531,168.24000549316406,63.349998474121094,1.3914785385131836
2021-02-17,364.3505554199219,323.2916564941406,166.3300018310547,64.33999633789062,1.388811707496643
2021-02-18,362.7998352050781,321.8782043457031,166.32000732421875,63.93000030517578,1.3866355419158936
2021-02-19,362.1591796875,320.47442626953125,167.00999450683594,62.90999984741211,1.3967455625534058
2021-02-22,359.37359619140625,312.167724609375,169.50999450683594,65.23999786376953,1.403114914894104
2021-02-23,359.8099365234375,311.2383117675781,169.1199951171875,65.37000274658203,1.4071228504180908
2021-02-24,363.7747802734375,313.80389404296875,169.0,67.04000091552734,1.412030577659607
2021-02-25,355.0093994140625,302.8638916015625,165.82000732421875,66.87999725341797,1.4148274660110474
2021-02-26,353.18011474609375,304.1322021484375,161.80999755859375,66.12999725341797,1.4008152484893799
2021-03-01,361.74127197265625,313.2811279296875,161.52999877929688,63.689998626708984,1.3972529172897339
2021-03-02,358.9185791015625,308.2564697265625,162.41000366210938,62.70000076293945,1.3929517269134521
2021-03-03,354.16448974609375,299.3108215332031,160.6199951171875,64.06999969482422,1.3954981565475464
2021-03-04,349.78173828125,294.41204833984375,159.0399932861328,66.73999786376953,1.3926994800567627
2021-03-05,356.2165832519531,298.8460693359375,159.13999938964844,69.36000061035156,1.3894098997116089
2021-03-08,354.4429931640625,290.3845520019531,157.49000549316406,68.23999786376953,1.385367751121521
2021-03-09,359.5035095214844,301.837646484375,160.83999633789062,67.5199966430664,1.3823610544204712
2021-03-10,361.74127197265625,300.97607421875,161.66000366210938,67.9000015258789,1.3890432119369507
2021-03-11,365.4090270996094,307.9078674316406,161.52000427246094,69.62999725341797,1.3931456804275513
2021-03-12,365.9011535644531,305.4100646972656,161.49000549316406,69.22000122070312,1.3989927768707275
2021-03-15,368.0832214355469,308.6727600097656,162.1999969482422,68.87999725341797,1.3929517269134521
2021-03-16,367.6190185546875,310.366943359375,162.35000610351562,68.38999938964844,1.3899120092391968
2021-03-17,368.8724670410156,311.6448974609375,163.50999450683594,68.0,1.3902212381362915
2021-03-18,363.5055847167969,302.0989990234375,162.55999755859375,63.279998779296875,1.3975849151611328
2021-03-19,362.8328857421875,303.1640625,163.24000549316406,64.52999877929688,1.3925055265426636
2021-03-22,365.730224609375,308.8493347167969,163.0,64.62000274658203,1.3832597732543945
2021-03-23,362.8515930175781,307.5019226074219,161.80999755859375,60.790000915527344,1.3862512111663818
2021-03-24,361.0069885253906,302.3158874511719,162.3699951171875,64.41000366210938,1.3730417490005493
2021-03-25,363.03790283203125,301.7923278808594,161.77999877929688,61.95000076293945,1.3688879013061523
2021-03-26,368.88818359375,306.3193664550781,162.24000549316406,64.56999969482422,1.374910593032837
2021-03-29,368.701904296875,306.2320556640625,160.30999755859375,64.9800033569336,1.3791011571884155
2021-03-30,367.7237548828125,304.6907958984375,157.57000732421875,64.13999938964844,1.3775053024291992
2021-03-31,369.2142639160156,309.35345458984375,159.9600067138672,63.540000915527344,1.3746649026870728
2021-04-01,373.2014465332031,314.6268005371094,161.97999572753906,64.86000061035156,1.3786258697509766
2021-04-02,,,,,1.383508563041687
2021-04-05,378.55804443359375,320.908203125,161.9199981689453,62.150001525878906,1.383125901222229
2021-04-06,378.33447265625,320.6852722167969,163.22000122070312,62.7400016784668,1.3914011716842651
2021-04-07,378.77239990234375,321.4607849121094,162.75999450683594,63.15999984741211,1.383125901222229
2021-04-08,380.5703125,324.81475830078125,164.50999450683594,63.20000076293945,1.3743815422058105
2021-04-09,383.3370361328125,326.7825622558594,163.27000427246094,62.95000076293945,1.373437762260437
2021-04-12,383.4767761230469,326.3560791015625,162.27999877929688,63.279998779296875,1.3712154626846313
2021-04-13,384.6133117675781,330.16571044921875,163.42999267578125,63.66999816894531,1.3753834962844849
2021-04-14,383.29974365234375,326.2010192871094,162.72000122070312,66.58000183105469,1.3759700059890747
2021-04-15,387.4174499511719,331.1446838378906,165.35000610351562,66.94000244140625,1.3779228925704956
2021-04-16,388.7123107910156,331.5325012207031,166.35000610351562,66.7699966430664,1.3785498142242432
2021-04-19,386.80255126953125,328.49835205078125,165.88999938964844,67.05000305175781,1.3818453550338745
2021-04-20,383.9705505371094,326.1040344238281,166.47999572753906,66.56999969482422,1.3993842601776123
2021-04-21,387.6037902832031,328.89581298828125,168.1300048828125,65.31999969482422,1.3938837051391602
2021-04-22,384.0636901855469,324.9311828613281,167.0399932861328,65.4000015258789,1.3931845426559448
2021-04-23,388.2279052734375,329.0218200683594,166.39999389648438,66.11000061035156,1.3840255737304688
2021-04-26,389.0382995605469,331.16412353515625,166.83999633789062,65.6500015258789,1.3866355419158936
2021-04-27,388.9544982910156,329.72943115234375,166.4199981689453,66.41999816894531,1.3895643949508667
2021-04-28,388.84271240234375,328.6147155761719,166.91000366210938,67.2699966430664,1.390356421470642
2021-04-29,391.3207092285156,329.79730224609375,166.22000122070312,68.55999755859375,1.395673394203186
2021-04-30,388.7496032714844,327.6355895996094,165.66000366210938,67.25,1.3952839374542236
2021-05-03,389.5879821777344,325.89068603515625,167.80999755859375,67.55999755859375,1.3819791078567505
2021-05-04,387.18450927734375,320.0260925292969,166.5800018310547,68.87999725341797,1.3903758525848389
2021-05-05,387.3056945800781,318.95013427734375,167.27000427246094,68.95999908447266,1.388811707496643
2021-05-06,390.3985290527344,321.3540954589844,170.05999755859375,68.08999633789062,1.3909753561019897
2021-05-07,393.2397766113281,323.9618225097656,171.58999633789062,68.27999877929688,1.389854073524475
2021-05-10,389.34576416015625,315.7803649902344,172.11000061035156,68.31999969482422,1.4041197299957275
2021-05-11,385.8709411621094,315.3440856933594,172.13999938964844,68.55000305175781,1.4131278991699219
2021-05-12,377.67315673828125,307.1820983886719,170.42999267578125,69.31999969482422,1.4138271808624268
2021-05-13,382.2098693847656,309.5569152832031,171.1300048828125,67.05000305175781,1.4063708782196045
2021-05-14,388.078857421875,316.39093017578125,172.69000244140625,68.70999908447266,1.4050863981246948
2021-05-17,387.09136962890625,314.4715881347656,174.6999969482422,69.45999908447266,1.4101786613464355
2021-05-18,383.7562561035156,312.3489074707031,175.0399932861328,68.70999908447266,1.4148674011230469
2021-05-19,382.75018310546875,312.7073669433594,175.16000366210938,66.66000366210938,1.41880202293396
2021-05-20,386.8678894042969,318.7562255859375,175.9600067138672,65.11000061035156,1.4106162786483765
2021-05-21,386.5510559082031,316.99200439453125,176.0399932861328,66.44000244140625,1.4185603857040405
2021-05-24,390.4916076660156,322.3235168457031,176.35000610351562,68.45999908447266,1.4142870903015137
2021-05-25,389.625244140625,322.7694396972656,177.9499969482422,68.6500015258789,1.415608525276184
2021-05-26,390.3985290527344,323.8938293457031,177.63999938964844,68.87000274658203,1.4143872261047363
2021-05-27,390.6033935546875,322.6822204589844,177.7100067138672,69.45999908447266,1.4116119146347046
2021-05-28,391.3021240234375,323.6999816894531,178.3800048828125,69.62999725341797,1.4203739166259766
2021-05-31,,,,,1.4180374145507812
2021-06-01,390.9574279785156,322.62408447265625,177.89999389648438,70.25,1.4226775169372559
2021-06-02,391.572265625,323.2541809082031,178.77000427246094,71.3499984741211,1.4157087802886963
2021-06-03,390.1189880371094,319.8905029296875,175.27000427246094,71.30999755859375,1.4171934127807617
2021-06-04,393.6869812011719,325.31884765625,177.16000366210938,71.88999938964844,1.4109944105148315
2021-06-07,393.304931640625,326.2882385253906,177.8699951171875,71.48999786376953,1.4164307117462158
2021-06-08,393.38885498046875,326.4433288574219,177.32000732421875,72.22000122070312,1.41765558719635
2021-06-09,392.80194091796875,326.5208435058594,176.97999572753906,72.22000122070312,1.414987564086914
2021-06-10,394.62786865234375,329.92333984375,177.74000549316406,72.5199966430664,1.4112334251403809
2021-06-11,395.2799072265625,330.7860107421875,175.74000549316406,72.69000244140625,1.4170126914978027
2021-06-14,396.1649169921875,333.9558410644531,174.7100067138672,72.86000061035156,1.411930799484253
2021-06-15,395.4383239746094,331.7747802734375,174.0500030517578,73.98999786376953,1.4109944105148315
2021-06-16,393.2304992675781,330.5631103515625,171.11000061035156,74.38999938964844,1.4081531763076782
2021-06-17,393.1001281738281,334.7604675292969,165.85000610351562,73.08000183105469,1.3990709781646729
2021-06-18,387.7970275878906,332.1335144042969,164.92999267578125,73.51000213623047,1.3938642740249634
2021-06-21,393.3486633300781,334.1976623535156,166.9499969482422,74.9000015258789,1.381711721420288
2021-06-22,395.4515686035156,337.31292724609375,166.25,74.80999755859375,1.392540454864502
2021-06-23,394.97491455078125,337.47796630859375,166.13999938964844,75.19000244140625,1.3949919939041138
2021-06-24,397.31158447265625,339.5644836425781,166.0399932861328,75.55999755859375,1.3967455625534058
2021-06-25,398.722900390625,339.1471252441406,166.58999633789062,76.18000030517578,1.3916915655136108
2021-06-28,399.526611328125,343.2718200683594,166.5800018310547,74.68000030517578,1.389506459236145
2021-06-29,399.7415771484375,344.5140686035156,164.8300018310547,74.76000213623047,1.3879058361053467
2021-06-30,400.0780334472656,343.9705810546875,165.6300048828125,75.12999725341797,1.3842746019363403
2021-07-01,402.2930603027344,344.1064453125,166.1999969482422,75.83999633789062,1.3829153776168823
2021-07-02,405.36798095703125,348.05633544921875,167.2899932861328,76.16999816894531,1.3759511709213257
2021-07-05,,,,,1.383125901222229
2021-07-06,404.6297607421875,349.560546875,168.1199951171875,74.52999877929688,1.3856172561645508
2021-07-07,406.0596923828125,350.29815673828125,168.75999450683594,73.43000030517578,1.3805670738220215
2021-07-08,402.7510681152344,348.1824645996094,168.64999389648438,74.12000274658203,1.3801099061965942
2021-07-09,407.05035400390625,350.3563537597656,169.2100067138672,75.55000305175781,1.3790820837020874
2021-07-12,408.50848388671875,351.72479248046875,169.0,75.16000366210938,1.3899506330490112
2021-07-13,407.1158447265625,351.72479248046875,169.22000122070312,76.48999786376953,1.3886960744857788
2021-07-14,407.7232666015625,352.3555603027344,171.0399932861328,74.76000213623047,1.3806052207946777
2021-07-15,406.3306579589844,349.88079833984375,171.07000732421875,73.47000122070312,1.385809302330017
2021-07-16,403.1435852050781,347.0470275878906,169.41000366210938,73.58999633789062,1.3829728364944458
2021-07-19,397.1900634765625,344.2034606933594,169.61000061035156,68.62000274658203,1.3763866424560547
2021-07-20,402.88189697265625,348.201904296875,169.38999938964844,69.3499984741211,1.3669979572296143
2021-07-21,406.1437683105469,350.8901672363281,168.75999450683594,72.2300033569336,1.3633265495300293
2021-07-22,406.9942932128906,353.2096252441406,169.08999633789062,73.79000091552734,1.3714035749435425
2021-07-23,411.181396484375,357.3341369628906,168.55999755859375,74.0999984741211,1.377389669418335
2021-07-26,412.1907653808594,357.6155700683594,168.16000366210938,74.5,1.3757808208465576
2021-07-27,410.3122863769531,353.6753845214844,168.44000244140625,74.4800033569336,1.3829153776168823
2021-07-28,410.1439514160156,355.0340881347656,169.2899932861328,74.73999786376953,1.3882719278335571
2021-07-29,411.8450622558594,355.66497802734375,171.1699981689453,76.05000305175781,1.3906852006912231
2021-07-30,409.84490966796875,353.8113708496094,169.82000732421875,76.33000183105469,1.3964334726333618
2021-08-02,408.9850769042969,353.8403625488281,169.61000061035156,72.88999938964844,1.3896223306655884
2021-08-03,412.3122863769531,355.9851989746094,169.49000549316406,72.41000366210938,1.3892748355865479
2021-08-04,410.2842712402344,356.4994812011719,169.52999877929688,70.37999725341797,1.391788363456726
2021-08-05,412.8825378417969,358.7607727050781,168.86000061035156,71.29000091552734,1.3890432119369507
2021-08-06,413.56475830078125,357.1885681152344,164.63999938964844,70.69999694824219,1.3927576541900635
2021-08-09,413.22821044921875,357.8485412597656,161.72000122070312,69.04000091552734,1.3868471384048462
2021-08-10,413.7422790527344,356.0142822265625,161.77000427246094,70.62999725341797,1.3849073648452759
2021-08-11,414.7704162597656,355.4029541015625,164.0,71.44000244140625,1.3836042881011963
2021-08-12,416.0135192871094,356.6839599609375,164.0399932861328,71.30999755859375,1.3866932392120361
2021-08-13,416.7705383300781,357.93585205078125,166.38999938964844,70.58999633789062,1.3811582326889038
2021-08-16,417.75189208984375,358.0911560058594,167.22000122070312,69.51000213623047,1.3863856792449951
2021-08-17,415.0134582519531,354.93707275390625,166.97000122070312,69.02999877929688,1.3842746019363403
2021-08-18,410.47113037109375,351.52093505859375,167.10000610351562,68.2300033569336,1.3740416765213013
2021-08-19,411.1066589355469,353.21929931640625,166.61000061035156,66.44999694824219,1.3743815422058105
2021-08-20,414.37786865234375,356.87811279296875,166.6999969482422,65.18000030517578,1.3630849123001099
2021-08-23,418.02294921875,362.2156982421875,168.72999572753906,68.75,1.3625277280807495
2021-08-24,418.68658447265625,363.3220520019531,168.64999389648438,71.05000305175781,1.37247633934021
2021-08-25,419.5650939941406,363.7394104003906,167.47999572753906,72.25,1.3725517988204956
2021-08-26,417.0883483886719,361.4296875,167.6699981689453,71.06999969482422,1.3766520023345947
2021-08-27,420.8175048828125,364.94287109375,170.19000244140625,72.69999694824219,1.3702384233474731
2021-08-30,422.66802978515625,369.0381774902344,169.35000610351562,73.41000366210938,1.3762996196746826
2021-08-31,422.0418395996094,368.7374267578125,169.69000244140625,72.98999786376953,1.376045823097229
2021-09-01,422.26611328125,369.348876953125,169.6999969482422,71.58999633789062,1.3753398656845093
2021-09-02,423.5653076171875,369.1741027832031,169.25,73.02999877929688,1.3771638870239258
2021-09-03,423.46246337890625,370.3096923828125,171.05999755859375,72.61000061035156,1.383680820465088
2021-09-06,,,,,1.3859245777130127
2021-09-07,421.94842529296875,370.8336486816406,167.7100067138672,71.69000244140625,1.3839489221572876
2021-09-08,421.434326171875,369.5428466796875,167.2899932861328,72.5999984741211,1.3779798746109009
2021-09-09,419.63055419921875,368.2715759277344,168.02999877929688,71.44999694824219,1.3767657279968262
2021-09-10,416.3218994140625,365.4765625,167.17999267578125,72.91999816894531,1.3839681148529053
2021-09-13,417.3873291015625,365.2242736816406,167.74000549316406,73.51000213623047,1.3840830326080322
2021-09-14,415.1348876953125,364.18585205078125,168.82000732421875,73.5999984741211,1.3838149309158325
2021-09-15,418.6024169921875,366.8934631347656,167.8300018310547,75.45999908447266,1.381024718284607
2021-09-16,417.9388732910156,367.1457824707031,164.02999877929688,75.66999816894531,1.3848881721496582
2021-09-17,413.8676452636719,362.7979736328125,163.77000427246094,75.33999633789062,1.3797005414962769
2021-09-20,406.9667663574219,355.30145263671875,164.94000244140625,73.91999816894531,1.3729662895202637
2021-09-21,406.5823059082031,355.7385559082031,166.0399932861328,74.36000061035156,1.366269588470459
2021-09-22,410.54852294921875,359.0614013671875,165.4199981689453,76.19000244140625,1.3657469749450684
2021-09-23,415.53668212890625,362.3743896484375,163.50999450683594,77.25,1.3617113828659058
2021-09-24,416.2211608886719,362.7144775390625,163.3000030517578,78.08999633789062,1.3722503185272217
2021-09-27,415.0303955078125,359.8192138671875,163.63999938964844,79.52999877929688,1.3669044971466064
2021-09-28,406.6666259765625,349.63714599609375,162.0500030517578,79.08999633789062,1.3701633214950562
2021-09-29,407.3511657714844,349.06402587890625,161.32000732421875,78.63999938964844,1.354224443435669
2021-09-30,402.37237548828125,347.7814636230469,164.22000122070312,78.5199966430664,1.3426424264907837
2021-10-01,407.1542663574219,349.93841552734375,164.58999633789062,79.27999877929688,1.346982717514038
2021-10-04,401.9035949707031,342.5932312011719,165.36000061035156,81.26000213623047,1.3570915460586548
2021-10-05,406.0853576660156,347.21795654296875,164.58999633789062,82.55999755859375,1.3607479333877563
2021-10-06,407.7731628417969,349.44293212890625,165.02999877929688,81.08000183105469,1.3627691268920898
2021-10-07,411.298583984375,352.6490478515625,164.16000366210938,81.94999694824219,1.3592127561569214
2021-10-08,410.54852294921875,350.89056396484375,164.22999572753906,82.38999938964844,1.3620266914367676
2021-10-11,407.5762023925781,348.1993408203125,163.9199981689453,83.6500015258789,1.361655831336975
2021-10-12,406.57293701171875,346.98486328125,164.66000366210938,83.41999816894531,1.3590649366378784
2021-10-13,408.0356140136719,349.7635498046875,167.58999633789062,83.18000030517578,1.3578838109970093
2021-10-14,414.8990783691406,356.2049560546875,168.0,84.0,1.366923213005066
2021-10-15,418.058837890625,358.44927978515625,165.3300018310547,84.86000061035156,1.3668859004974365
2021-10-18,419.29656982421875,362.0538635253906,164.9199981689453,84.33000183105469,1.376159429550171
2021-10-19,422.5312805175781,364.79364013671875,165.4499969482422,85.08000183105469,1.373645305633545
2021-10-20,424.1908874511719,364.3175354003906,166.89999389648438,85.81999969482422,1.3793197870254517
2021-10-21,425.2973327636719,366.54241943359375,166.75,84.61000061035156,1.3822999000549316
2021-10-22,424.8566589355469,363.4625549316406,167.77000427246094,85.52999877929688,1.379120111465454
2021-10-25,427.135009765625,367.18377685546875,168.92999267578125,85.98999786376953,1.3762730360031128
2021-10-26,427.51953125,368.33984375,167.67999267578125,86.4000015258789,1.37644362449646
2021-10-27,425.62542724609375,369.1947937011719,168.1199951171875,84.58000183105469,1.3766140937805176
2021-10-28,429.7323303222656,373.2947692871094,168.0800018310547,84.31999969482422,1.3732868432998657
2021-10-29,430.604248046875,375.1310729980469,166.64999389648438,84.37999725341797,1.380071759223938
2021-11-01,431.344970703125,376.4135437011719,167.52000427246094,84.70999908447266,1.36832594871521
2021-11-02,433.08905029296875,377.9874572753906,167.16000366210938,84.72000122070312,1.365541934967041
2021-11-03,435.73309326171875,382.0000915527344,165.77000427246094,81.98999786376953,1.3617392778396606
2021-11-04,437.7865295410156,386.8966979980469,167.64999389648438,80.54000091552734,1.3694878816604614
2021-11-05,439.3053894042969,387.2658996582031,169.83999633789062,82.73999786376953,1.3508602380752563
2021-11-08,439.68048095703125,386.7412414550781,170.4499969482422,83.43000030517578,1.349127173423767
2021-11-09,438.2272033691406,384.0792236328125,171.2899932861328,84.77999877929688,1.3564507961273193
2021-11-10,434.7016906738281,378.43438720703125,173.14999389648438,82.63999938964844,1.3560001850128174
2021-11-11,434.84234619140625,379.4836730957031,174.1199951171875,82.87000274658203,1.3412736654281616
2021-11-12,438.1240234375,383.4768371582031,174.4499969482422,82.16999816894531,1.3366482257843018
2021-11-15,438.2740173339844,383.38934326171875,174.17999267578125,82.05000305175781,1.341705560684204
2021-11-16,440.0086669921875,386.11956787109375,172.9199981689453,82.43000030517578,1.3408420085906982
2021-11-17,438.93975830078125,386.32354736328125,174.5,80.27999877929688,1.3424620628356934
2021-11-18,440.43060302734375,390.3262939453125,173.94000244140625,81.23999786376953,1.34916353225708
2021-11-19,439.6429443359375,392.5026550292969,172.61000061035156,78.88999938964844,1.3499648571014404
2021-11-22,438.4052734375,387.9460144042969,168.74000549316406,79.69999694824219,1.3434540033340454
2021-11-23,438.98663330078125,386.1778259277344,167.27999877929688,82.30999755859375,1.3397642374038696
2021-11-24,440.15869140625,387.42138671875,167.1199951171875,82.25,1.337595820426941
2021-11-25,,,,,1.333066701889038
2021-11-26,430.3417053222656,380.0763854980469,166.85000610351562,72.72000122070312,1.331416130065918
2021-11-29,435.6205749511719,388.3249816894531,166.6199951171875,73.44000244140625,1.334098219871521
2021-11-30,427.1444091796875,382.62188720703125,165.5,70.56999969482422,1.3315047025680542
2021-12-01,422.4001159667969,376.11236572265625,166.16000366210938,68.87000274658203,1.3295927047729492
2021-12-02,428.8695983886719,378.82305908203125,165.24000549316406,69.66999816894531,1.3280000686645508
2021-12-03,425.1379699707031,372.2357177734375,166.6300048828125,69.87999725341797,1.3299994468688965
2021-12-06,430.17303466796875,375.2185363769531,166.22000122070312,73.08000183105469,1.3237318992614746
2021-12-07,439.07110595703125,386.5177917480469,166.80999755859375,75.44000244140625,1.326435923576355
2021-12-08,440.2336120605469,388.2471923828125,166.89999389648438,75.81999969482422,1.3246086835861206
2021-12-09,437.261474609375,382.5343933105469,165.8800048828125,74.41999816894531,1.3210039138793945
2021-12-10,441.3775939941406,386.6926574707031,166.5800018310547,75.1500015258789,1.3224014043807983
2021-12-13,437.4676513671875,381.10626220703125,167.0,74.38999938964844,1.3257148265838623
2021-12-14,434.4578552246094,377.1616516113281,165.44000244140625,73.69999694824219,1.3213530778884888
2021-12-15,441.2463073730469,385.7600402832031,166.14999389648438,73.87999725341797,1.323050618171692
2021-12-16,437.35516357421875,375.84027099609375,168.16000366210938,75.0199966430664,1.3263126611709595
2021-12-17,432.700439453125,373.96514892578125,167.8000030517578,73.5199966430664,1.3323739767074585
2021-12-20,428.0993957519531,370.3375549316406,167.08999633789062,71.5199966430664,1.3229438066482544
2021-12-21,435.70208740234375,378.6258239746094,167.02000427246094,73.9800033569336,1.3210004568099976
2021-12-22,440.0584716796875,383.2369689941406,168.58999633789062,75.29000091552734,1.3269639015197754
2021-12-23,442.7965087890625,386.1262512207031,168.97000122070312,76.8499984741211,1.3352025747299194
2021-12-24,,,,,1.3406623601913452
2021-12-27,449.0630187988281,392.5078125,169.3699951171875,78.5999984741211,1.3404303789138794
2021-12-28,448.69610595703125,390.6886291503906,168.63999938964844,78.94000244140625,1.344266653060913
2021-12-29,449.2700500488281,390.6302795410156,168.58999633789062,79.2300033569336,1.3433277606964111
2021-12-30,448.028076171875,389.4630126953125,169.8000030517578,79.31999969482422,1.349879264831543
2021-12-31,446.8988952636719,387.0309143066406,170.9600067138672,77.77999877929688,1.349837303161621
2022-01-03,449.4864196777344,390.75677490234375,168.3300018310547,78.9800033569336,1.3522284030914307
2022-01-04,449.3359680175781,385.68841552734375,169.57000732421875,80.0,1.3483266830444336
2022-01-05,440.7076721191406,373.8397521972656,169.05999755859375,80.80000305175781,1.353143334388733
2022-01-06,440.29364013671875,373.5769348144531,166.99000549316406,81.98999786376953,1.3555645942687988
2022-01-07,438.5529479980469,369.53009033203125,167.75,81.75,1.353363037109375
2022-01-10,438.0072326660156,369.7733154296875,168.25999450683594,80.87000274658203,1.3592311143875122
2022-01-11,441.9967956542969,375.3280944824219,170.2899932861328,83.72000122070312,1.3580313920974731
2022-01-12,443.1916809082031,376.81640625,170.74000549316406,84.66999816894531,1.3633265495300293
2022-01-13,437.08514404296875,367.3900146484375,170.16000366210938,84.47000122070312,1.3709993362426758
2022-01-14,437.2639465332031,369.6761169433594,169.6699981689453,86.05999755859375,1.3713659048080444
2022-01-17,,,,,1.367353081703186
2022-01-18,429.5201110839844,360.473388671875,169.38999938964844,87.51000213623047,1.364800214767456
2022-01-19,425.06024169921875,356.51409912109375,172.0800018310547,88.44000244140625,1.3600261211395264
2022-01-20,420.3556213378906,351.8834533691406,171.64999389648438,88.37999725341797,1.3608589172363281
2022-01-21,412.10382080078125,342.126220703125,171.08999633789062,87.88999938964844,1.359767198562622
2022-01-24,413.8537902832031,343.6924133300781,172.02999877929688,86.2699966430664,1.3555830717086792
2022-01-25,408.80108642578125,335.7251281738281,172.5800018310547,88.19999694824219,1.3489269018173218
2022-01-26,407.77545166015625,335.1997985839844,169.7899932861328,89.95999908447266,1.3510775566101074
2022-01-27,405.7619323730469,331.82421875,167.60000610351562,89.33999633789062,1.3468012809753418
2022-01-28,415.83917236328125,342.2332458496094,167.10000610351562,90.02999877929688,1.3388315439224243
2022-01-31,423.328857421875,353.1773376464844,168.08999633789062,91.20999908447266,1.3403388261795044
2022-02-01,426.1893615722656,355.58013916015625,168.22999572753906,89.16000366210938,1.3445378541946411
2022-02-02,430.3293151855469,358.4692687988281,168.83999633789062,89.47000122070312,1.352539300918579
2022-02-03,420.2145080566406,343.9356994628906,168.60000610351562,91.11000061035156,1.3565024137496948
2022-02-04,422.1903991699219,348.2743225097656,168.86000061035156,93.2699966430664,1.359841227531433
2022-02-07,420.83551025390625,345.47265625,170.11000061035156,92.69000244140625,1.3533447980880737
2022-02-08,424.2980041503906,349.3541259765625,170.6300048828125,90.77999877929688,1.353780746459961
2022-02-09,430.5081481933594,356.7572021484375,171.2100067138672,91.55000305175781,1.3547565937042236
2022-02-10,422.7738037109375,348.68292236328125,170.55999755859375,91.41000366210938,1.3533265590667725
2022-02-11,414.4372253417969,337.6221008300781,173.80999755859375,94.44000244140625,1.3551788330078125
2022-02-14,413.0822448730469,338.0404052734375,174.74000549316406,96.4800033569336,1.3569625616073608
2022-02-15,419.7440185546875,346.4455261230469,173.0800018310547,93.27999877929688,1.3532898426055908
2022-02-16,420.2145080566406,346.3578796386719,174.86000061035156,94.80999755859375,1.3541145324707031
2022-02-17,411.2381591796875,336.055908203125,177.25,92.97000122070312,1.3584926128387451
2022-02-18,408.5752868652344,332.22308349609375,177.1199951171875,93.54000091552734,1.3618782758712769
2022-02-21,,,,,1.359342098236084
2022-02-22,404.1906433105469,328.8863220214844,177.49000549316406,96.83999633789062,1.3596007823944092
2022-02-23,397.0208740234375,320.4617614746094,178.2899932861328,96.83999633789062,1.3589357137680054
2022-02-24,402.9955749511719,331.2308349609375,177.13999938964844,99.08000183105469,1.3545730113983154
2022-02-25,411.8873291015625,336.36724853515625,176.5500030517578,97.93000030517578,1.337327480316162
2022-02-28,410.8335266113281,337.369140625,178.3800048828125,100.98999786376953,1.337327480316162
2022-03-01,404.5764465332031,332.20361328125,181.6199951171875,104.97000122070312,1.3422818183898926
2022-03-02,412.01910400390625,337.77777099609375,179.72999572753906,112.93000030517578,1.3335111141204834
2022-03-03,409.9678649902344,332.9526062011719,180.8000030517578,110.45999908447266,1.33969247341156
2022-03-04,406.63702392578125,328.1275329589844,183.67999267578125,118.11000061035156,1.3350956439971924
2022-03-07,394.6496276855469,316.0257873535156,186.41000366210938,123.20999908447266,1.3212482929229736
2022-03-08,391.65753173828125,314.5567932128906,191.50999450683594,127.9800033569336,1.3112295866012573
2022-03-09,402.158203125,325.88031005859375,185.82000732421875,111.13999938964844,1.3099292516708374
2022-03-10,400.34222412109375,322.2615051269531,186.39999389648438,109.33000183105469,1.3185653686523438
2022-03-11,395.2518615722656,315.57843017578125,185.08999633789062,112.66999816894531,1.3103240728378296
2022-03-14,392.36328125,309.5177001953125,182.3000030517578,106.9000015258789,1.3050298690795898
2022-03-15,400.99151611328125,319.2263488769531,178.88999938964844,99.91000366210938,1.3011853694915771
2022-03-16,409.8831787109375,331.0653381347656,180.00999450683594,98.0199966430664,1.304648518562317
2022-03-17,415.0111389160156,335.0733642578125,180.88999938964844,106.63999938964844,1.3141123056411743
2022-03-18,419.5566711425781,341.9317321777344,179.3000030517578,107.93000030517578,1.3160406351089478
2022-03-21,419.4340515136719,340.9809875488281,180.6699981689453,115.62000274658203,1.3160839080810547
2022-03-22,424.34197998046875,347.68218994140625,179.36000061035156,115.4800033569336,1.3168290853500366
2022-03-23,418.8771667480469,342.68548583984375,181.80999755859375,121.5999984741211,1.3266470432281494
2022-03-24,425.19146728515625,350.3022766113281,183.1300048828125,119.02999877929688,1.3206027746200562
2022-03-25,427.2679138183594,350.0101013183594,182.3800048828125,120.6500015258789,1.3195745944976807
2022-03-28,430.3070983886719,355.42559814453125,179.05999755859375,112.4800033569336,1.317627191543579
2022-03-29,435.6303405761719,361.5423583984375,179.13999938964844,110.2300033569336,1.3103584051132202
2022-03-30,432.9404602050781,357.5489196777344,180.5800018310547,113.44999694824219,1.3093804121017456
2022-03-31,426.2768859863281,353.1171875,180.64999389648438,107.91000366210938,1.3138878345489502
2022-04-01,427.4849853515625,352.44512939453125,179.5,104.38999938964844,1.314699649810791
2022-04-04,431.1470947265625,359.70147705078125,180.3699951171875,107.52999877929688,1.3103755712509155
2022-04-05,425.701171875,351.714599609375,179.24000549316406,106.63999938964844,1.3114582300186157
2022-04-06,421.4443664550781,344.0783386230469,179.66000366210938,101.06999969482422,1.3077365159988403
2022-04-07,423.5680236816406,344.8965759277344,180.33999633789062,100.58000183105469,1.307206630706787
2022-04-08,422.43536376953125,340.0751647949219,181.47000122070312,102.77999877929688,1.3069332838058472
2022-04-11,415.2150573730469,332.0299072265625,182.3699951171875,98.4800033569336,1.303220272064209
2022-04-12,413.6766052246094,330.6273193359375,183.77000427246094,104.63999938964844,1.3024225234985352
2022-04-13,418.4147033691406,337.3479919433594,184.64999389648438,108.77999877929688,1.3002548217773438
2022-04-14,413.2047119140625,329.63385009765625,184.0399932861328,111.69999694824219,1.312026023864746
2022-04-15,,,,,1.3070015907287598
2022-04-18,413.3745422363281,329.8870849609375,184.61000061035156,113.16000366210938,1.3057557344436646
2022-04-19,420.04754638671875,337.2602844238281,181.82000732421875,107.25,1.3009822368621826
2022-04-20,419.736083984375,332.341552734375,182.7100067138672,106.80000305175781,1.301371693611145
2022-04-21,413.4595642089844,325.465087890625,182.05999755859375,108.33000183105469,1.3068820238113403
2022-04-22,402.11456298828125,316.9424743652344,180.2899932861328,106.6500015258789,1.302626132965088
2022-04-25,404.4458312988281,321.0138244628906,177.0500030517578,102.31999969482422,1.2830876111984253
2022-04-26,392.7327880859375,308.8971862792969,177.32000732421875,104.98999786376953,1.2739989757537842
2022-04-27,393.8370056152344,308.52703857421875,175.97999572753906,105.31999969482422,1.2583998441696167
2022-04-28,403.7850646972656,319.4846496582031,176.92999267578125,107.58999633789062,1.2541857957839966
2022-04-29,388.8629455566406,305.1083068847656,176.91000366210938,109.33999633789062,1.2463854551315308
2022-05-02,391.2037353515625,310.2023620605469,173.6300048828125,107.58000183105469,1.2573871612548828
2022-05-03,392.99700927734375,310.53350830078125,174.08999633789062,104.97000122070312,1.2498282194137573
2022-05-04,404.9649658203125,321.0333251953125,175.8000030517578,110.13999938964844,1.2500405311584473
2022-05-05,390.5713195800781,304.8647766113281,175.1300048828125,110.9000015258789,1.261813759803772
2022-05-06,388.2400207519531,301.2122802734375,175.4199981689453,112.38999938964844,1.2364147901535034
2022-05-09,375.8096008300781,289.4267272949219,172.8800048828125,105.94000244140625,1.2326656579971313
2022-05-10,376.6779479980469,292.94293212890625,171.4199981689453,102.45999908447266,1.2338824272155762
2022-05-11,370.6939697265625,284.2547302246094,172.82000732421875,107.51000213623047,1.2309207916259766
2022-05-12,370.3070373535156,283.5827331542969,170.1699981689453,107.44999694824219,1.2234212160110474
2022-05-13,379.16033935546875,294.09228515625,168.7899932861328,111.55000305175781,1.220613718032837
2022-05-16,377.6218566894531,290.6832275390625,170.39999389648438,114.23999786376953,1.2258507013320923
2022-05-17,385.3896179199219,298.21234130859375,169.3300018310547,111.93000030517578,1.2324832677841187
2022-05-18,369.85394287109375,283.57293701171875,169.4199981689453,109.11000061035156,1.2484394311904907
2022-05-19,367.5887756347656,282.0534973144531,171.91000366210938,112.04000091552734,1.2345831394195557
2022-05-20,367.749267578125,281.1769104003906,172.02999877929688,112.55000305175781,1.2462146282196045
2022-05-23,374.6298828125,285.85211181640625,172.8300018310547,113.41999816894531,1.2504063844680786
2022-05-24,371.77001953125,279.7742614746094,174.1300048828125,113.55999755859375,1.256754994392395
2022-05-25,375.0545349121094,283.6898193359375,173.0800018310547,114.02999877929688,1.2542959451675415
2022-05-26,382.54864501953125,291.5500793457031,172.75999450683594,117.4000015258789,1.258610486984253
2022-05-27,391.9399719238281,301.0661315917969,172.85000610351562,119.43000030517578,1.261734127998352
2022-05-30,,,,,1.262833595275879
2022-05-31,389.7407531738281,300.2674255371094,171.13999938964844,122.83999633789062,1.2647020816802979
2022-06-01,386.58831787109375,298.04669189453125,172.22999572753906,116.29000091552734,1.2608909606933594
2022-06-02,393.9502868652344,306.2089538574219,174.35000610351562,117.61000061035156,1.2483147382736206
2022-06-03,387.4849548339844,298.2414855957031,172.5800018310547,119.72000122070312,1.2579249143600464
2022-06-06,388.664794921875,299.2349853515625,171.82000732421875,119.51000213623047,1.249230146408081
2022-06-07,392.39300537109375,301.81610107421875,172.94000244140625,120.56999969482422,1.2523481845855713
2022-06-08,388.12677001953125,299.6440734863281,172.77999877929688,123.58000183105469,1.2587324380874634
2022-06-09,378.8960266113281,291.6182556152344,172.22999572753906,123.06999969482422,1.254028558731079
2022-06-10,367.90966796875,281.332763671875,174.5399932861328,122.01000213623047,1.2492972612380981
2022-06-13,353.9407653808594,268.25177001953125,169.92999267578125,122.2699966430664,1.2274909019470215
2022-06-14,352.87420654296875,268.73883056640625,168.57000732421875,121.16999816894531,1.2144765853881836
2022-06-15,357.9049377441406,275.44964599609375,170.77000427246094,118.51000213623047,1.201258897781372
2022-06-16,346.0597229003906,264.3362731933594,172.69000244140625,119.80999755859375,1.2174336910247803
2022-06-17,346.8056945800781,267.5505065917969,171.27000427246094,113.12000274658203,1.2354830503463745
2022-06-20,,,,,1.2228227853775024
2022-06-21,355.5361022949219,274.3006591796875,170.6300048828125,114.6500015258789,1.225174903869629
2022-06-22,354.8915100097656,273.9005432128906,171.30999755859375,111.73999786376953,1.2266627550125122
2022-06-23,358.370361328125,277.97979736328125,170.25999450683594,110.05000305175781,1.225084900856018
2022-06-24,369.7643127441406,287.5043029785156,170.08999633789062,113.12000274658203,1.2260762453079224
2022-06-27,368.35198974609375,285.396484375,169.89999389648438,115.08999633789062,1.228244662284851
2022-06-28,360.825439453125,276.70135498046875,169.6199951171875,117.9800033569336,1.2267379760742188
2022-06-29,360.53167724609375,276.9549865722656,169.49000549316406,116.26000213623047,1.2189769744873047
2022-06-30,357.60260009765625,273.51995849609375,168.4600067138672,114.80999755859375,1.2131799459457397
2022-07-01,361.38470458984375,275.32537841796875,168.32000732421875,111.62999725341797,1.2160863876342773
2022-07-04,,,,,1.2102727890014648
2022-07-05,362.0672302246094,280.0388488769531,164.75,102.7699966430664,1.211445689201355
2022-07-06,363.2900695800781,281.8344421386719,162.13999938964844,100.69000244140625,1.19491446018219
2022-07-07,368.7311706542969,287.8654479980469,162.22999572753906,104.6500015258789,1.1923214197158813
2022-07-08,368.4277648925781,288.2264099121094,162.3000030517578,107.0199966430664,1.2028049230575562
2022-07-11,364.218994140625,282.0687561035156,161.42999267578125,107.0999984741211,1.2016630172729492
2022-07-12,360.9961242675781,279.33624267578125,160.8300018310547,99.48999786376953,1.1900936365127563
2022-07-13,359.1002197265625,278.76043701171875,161.60000610351562,99.56999969482422,1.1877753734588623
2022-07-14,358.22821044921875,279.7558898925781,159.3300018310547,99.0999984741211,1.186380386352539
2022-07-15,365.07220458984375,284.8304748535156,159.00999450683594,101.16000366210938,1.1839643716812134
2022-07-18,362.05780029296875,282.4199523925781,159.16000366210938,106.2699966430664,1.1888344287872314
2022-07-19,371.8403015136719,291.1053771972656,159.5399932861328,107.3499984741211,1.194828748703003
2022-07-20,374.2100830078125,295.72125244140625,158.0399932861328,106.91999816894531,1.2003505229949951
2022-07-21,378.020751953125,299.9663391113281,160.27000427246094,103.86000061035156,1.1971746683120728
2022-07-22,374.513427734375,294.706298828125,160.6699981689453,103.19999694824219,1.1996161937713623
2022-07-25,374.9684143066406,293.0278015136719,160.22999572753906,105.1500015258789,1.1986957788467407
2022-07-26,370.5321350097656,287.2701110839844,160.0399932861328,104.4000015258789,1.2055164575576782
2022-07-27,380.1535949707031,299.4100646972656,161.6699981689453,106.62000274658203,1.2036880254745483
2022-07-28,384.9215087890625,302.33770751953125,163.63999938964844,107.13999938964844,1.2163082361221313
2022-07-29,390.5332336425781,307.8514099121094,164.10000610351562,110.01000213623047,1.2173447608947754
2022-08-01,389.37677001953125,307.6660461425781,165.02999877929688,100.02999877929688,1.2167373895645142
2022-08-02,386.80792236328125,306.7487487792969,164.0500030517578,100.54000091552734,1.2254151105880737
2022-08-03,392.8651428222656,315.1022644042969,164.4499969482422,96.77999877929688,1.2142995595932007
2022-08-04,392.5997619628906,316.575927734375,167.1699981689453,94.12000274658203,1.2138278484344482
2022-08-05,391.9361572265625,313.98974609375,165.2899932861328,94.91999816894531,1.215849757194519
2022-08-08,391.481201171875,312.97479248046875,166.69000244140625,96.6500015258789,1.2059526443481445
2022-08-09,389.9266357421875,309.432373046875,167.1999969482422,96.30999755859375,1.208473801612854
2022-08-10,398.1165771484375,318.0689392089844,166.77999877929688,97.4000015258789,1.207423210144043
2022-08-11,398.1165771484375,316.2635192871094,166.33999633789062,99.5999984741211,1.2212995290756226
2022-08-12,404.8563537597656,322.4213562011719,167.8699951171875,98.1500015258789,1.2196162939071655
2022-08-15,406.524658203125,325.0270080566406,165.7100067138672,95.0999984741211,1.2127974033355713
2022-08-16,407.32098388671875,324.2657775878906,165.4199981689453,92.33999633789062,1.205690860748291
2022-08-17,404.4297790527344,320.56719970703125,164.35000610351562,93.6500015258789,1.209818959236145
2022-08-18,405.60516357421875,321.33819580078125,163.9199981689453,96.58999633789062,1.2045146226882935
2022-08-19,400.15460205078125,315.0729675292969,162.72000122070312,96.72000122070312,1.193274736404419
2022-08-22,391.8224182128906,306.7779846191406,161.63999938964844,96.4800033569336,1.1818095445632935
2022-08-23,390.87457275390625,306.52423095703125,162.77000427246094,100.22000122070312,1.1766505241394043
2022-08-24,392.1257629394531,307.412353515625,163.25,101.22000122070312,1.18327796459198
2022-08-25,397.66162109375,312.8479919433594,163.75,99.33999633789062,1.1791757345199585
2022-08-26,384.201171875,300.0248107910156,161.75999450683594,100.98999786376953,1.1824007034301758
2022-08-29,381.6607360839844,297.0679626464844,161.86000061035156,105.08999633789062,1.1694538593292236
2022-08-30,377.470947265625,293.7596740722656,160.50999450683594,99.30999755859375,1.172250509262085
2022-08-31,374.5987548828125,292.05194091796875,159.27000427246094,96.48999786376953,1.1659767627716064
2022-09-01,375.7742004394531,292.1788024902344,157.8699951171875,92.36000061035156,1.1598505973815918
2022-09-02,371.81182861328125,288.0509033203125,159.25999450683594,93.0199966430664,1.154894471168518
2022-09-05,,,,,1.1474601030349731
2022-09-06,370.4089660644531,285.98193359375,158.3300018310547,92.83000183105469,1.156644344329834
2022-09-07,377.06329345703125,291.75921630859375,159.94000244140625,88.0,1.151185154914856
2022-09-08,379.5279235839844,293.2718505859375,158.97999572753906,89.1500015258789,1.1519808769226074
2022-09-09,385.4239807128906,299.68341064453125,159.82000732421875,92.83999633789062,1.1521600484848022
2022-09-12,389.5663757324219,303.2452697753906,160.6300048828125,94.0,1.1619395017623901
2022-09-13,372.62701416015625,286.6163024902344,158.5399932861328,93.16999816894531,1.1689754724502563
2022-09-14,374.0489501953125,288.8900451660156,157.92999267578125,94.0999984741211,1.1506155729293823
2022-09-15,369.80224609375,284.07904052734375,154.97999572753906,90.83999633789062,1.1544944047927856
2022-09-16,366.9811096191406,282.3419494628906,155.83999633789062,91.3499984741211,1.1452654600143433
2022-09-19,369.8269958496094,284.5406188964844,155.9600067138672,92.0,1.1433144807815552
2022-09-20,365.5819396972656,282.2725524902344,155.07000732421875,90.62000274658203,1.1443217992782593
2022-09-21,359.20477294921875,277.21807861328125,155.7899932861328,89.83000183105469,1.138057827949524
2022-09-22,356.18743896484375,273.8062438964844,155.6999969482422,90.45999908447266,1.1255937814712524
2022-09-23,350.2196960449219,269.34820556640625,153.00999450683594,86.1500015258789,1.126417875289917
2022-09-26,346.7550354003906,268.233642578125,151.22999572753906,84.05999755859375,1.0797386169433594
2022-09-27,345.8698425292969,268.3412780761719,151.5399932861328,86.2699966430664,1.077284336090088
2022-09-28,352.67535400390625,273.6791076660156,154.69000244140625,89.31999969482422,1.072754144668579
2022-09-29,345.3083190917969,265.78961181640625,154.66000366210938,88.48999786376953,1.0835996866226196
2022-09-30,339.9685974121094,261.28265380859375,154.6699981689453,87.95999908447266,1.1169440746307373
2022-10-03,348.9442138671875,267.4124755859375,158.42999267578125,88.86000061035156,1.114057183265686
2022-10-04,359.75677490234375,275.8201599121094,160.6999969482422,91.80000305175781,1.1334141492843628
2022-10-05,358.91925048828125,275.6734924316406,159.80999755859375,93.37000274658203,1.1451343297958374
2022-10-06,355.2166442871094,273.5031433105469,159.6300048828125,94.41999816894531,1.13553786277771
2022-10-07,345.3083190917969,263.08154296875,157.8800048828125,97.91999816894531,1.1162084341049194
2022-10-10,342.67181396484375,260.45166015625,155.47999572753906,96.19000244140625,1.1072726249694824
2022-10-11,340.50164794921875,256.87359619140625,155.16000366210938,94.29000091552734,1.1076405048370361
2022-10-12,339.3785095214844,256.78558349609375,155.99000549316406,92.44999694824219,1.0967799425125122
2022-10-13,348.3351135253906,262.80780029296875,154.91000366210938,94.56999969482422,1.11055588722229
2022-10-14,340.3969421386719,254.90853881835938,152.97999572753906,91.62999725341797,1.1303905248641968
2022-10-17,349.14410400390625,263.3259582519531,153.4199981689453,91.62000274658203,1.124416708946228
2022-10-18,353.2464599609375,265.4083557128906,153.75,90.02999877929688,1.1353960037231445
2022-10-19,350.7431945800781,264.4403991699219,151.69000244140625,92.41000366210938,1.134429931640625
2022-10-20,347.80206298828125,263.0912780761719,151.4499969482422,92.37999725341797,1.1211013793945312
2022-10-21,356.2541198730469,269.2602844238281,154.14999389648438,93.5,1.1221455335617065
2022-10-24,360.61346435546875,272.2224426269531,153.64999389648438,93.26000213623047,1.1344685554504395
2022-10-25,366.3719482421875,277.85357666015625,154.0,93.5199966430664,1.1307740211486816
2022-10-26,363.61163330078125,271.7140808105469,154.97999572753906,95.69000244140625,1.146223783493042
2022-10-27,361.6700439453125,266.7672424316406,154.74000549316406,96.95999908447266,1.1638191938400269
2022-10-28,370.2743835449219,274.93048095703125,153.16000366210938,95.7699966430664,1.1566041707992554
2022-10-31,367.5997619628906,271.733642578125,151.91000366210938,94.83000183105469,1.159595012664795
2022-11-01,365.9911804199219,268.9571228027344,153.4600067138672,94.6500015258789,1.146815299987793
2022-11-02,356.8062438964844,259.7380065917969,152.38999938964844,96.16000366210938,1.1489498615264893
2022-11-03,353.1322021484375,254.66416931152344,151.80999755859375,94.66999816894531,1.1384334564208984
2022-11-04,358.21490478515625,258.7604064941406,156.47000122070312,98.56999969482422,1.1171187162399292
2022-11-07,361.64141845703125,261.60528564453125,155.85000610351562,97.91999816894531,1.1331573724746704
2022-11-08,363.5926208496094,263.51165771484375,159.4499969482422,95.36000061035156,1.1517950296401978
2022-11-09,356.1018981933594,257.4308166503906,158.64999389648438,92.6500015258789,1.1552680730819702
2022-11-10,375.671142578125,276.4262390136719,163.47999572753906,93.66999816894531,1.1368157863616943
2022-11-11,379.3069763183594,281.51971435546875,164.55999755859375,95.98999786376953,1.1695632934570312
2022-11-14,376.08038330078125,279.05609130859375,164.9199981689453,93.13999938964844,1.1799131631851196
2022-11-15,379.2879638671875,282.9178161621094,165.5,93.86000061035156,1.175249695777893
2022-11-16,376.3945007324219,279.05609130859375,165.1199951171875,92.86000061035156,1.1880435943603516
2022-11-17,375.2428894042969,278.440185546875,163.9199981689453,89.77999877929688,1.191525936126709
2022-11-18,376.9465637207031,278.4499206542969,162.7899932861328,87.62000274658203,1.1860145330429077
2022-11-21,375.5759582519531,275.5855407714844,161.8800048828125,87.44999694824219,1.1886366605758667
2022-11-22,380.63006591796875,279.5547180175781,162.07000732421875,88.36000061035156,1.1827600002288818
2022-11-23,383.0286560058594,282.3604736328125,163.0800018310547,85.41000366210938,1.1894567012786865
2022-11-24,,,,,1.2073503732681274
2022-11-25,382.9429626464844,280.50299072265625,163.22000122070312,83.62999725341797,1.2113430500030518
2022-11-28,376.83233642578125,276.38714599609375,161.92999267578125,83.19000244140625,1.2054728269577026
2022-11-29,376.1851501464844,274.2950134277344,162.72999572753906,83.02999877929688,1.1960291862487793
2022-11-30,388.03521728515625,286.7989196777344,164.80999755859375,85.43000030517578,1.1946860551834106
2022-12-01,387.7496643066406,287.1508483886719,167.83999633789062,86.87999725341797,1.207749843597412
2022-12-02,387.30230712890625,286.007080078125,167.25999450683594,85.56999969482422,1.2259259223937988
2022-12-05,380.3349914550781,281.2069396972656,164.38999938964844,82.68000030517578,1.2297248840332031
2022-12-06,374.85260009765625,275.380126953125,164.83999633789062,79.3499984741211,1.2192445993423462
2022-12-07,374.21490478515625,274.2558898925781,166.3300018310547,77.16999816894531,1.2133007049560547
2022-12-08,377.1465148925781,277.501708984375,166.47000122070312,76.1500015258789,1.2212398052215576
2022-12-09,374.3291015625,275.732177734375,167.05999755859375,76.0999984741211,1.2236007452011108
2022-12-12,379.72589111328125,279.19293212890625,165.67999267578125,77.98999786376953,1.2239153385162354
2022-12-13,382.6003723144531,282.1943054199219,168.50999450683594,80.68000030517578,1.2270842790603638
2022-12-14,380.15411376953125,280.1022033691406,168.10000610351562,82.69999694824219,1.235666275024414
2022-12-15,370.85498046875,270.6973571777344,165.35000610351562,81.20999908447266,1.2419428825378418
2022-12-16,366.47662353515625,268.1163330078125,166.7899932861328,79.04000091552734,1.2189176082611084
2022-12-19,363.3689880371094,264.348388671875,166.32000732421875,79.80000305175781,1.2160272598266602
2022-12-20,363.8662109375,264.14263916015625,169.0800018310547,79.98999786376953,1.2153326272964478
2022-12-21,369.30694580078125,267.97430419921875,168.8000030517578,82.19999694824219,1.2189176082611084
2022-12-22,364.0383605957031,261.4182434082031,166.75999450683594,80.9800033569336,1.2077397108078003
2022-12-23,366.13238525390625,262.0061950683594,167.25999450683594,83.91999816894531,1.203992486000061
2022-12-26,,,,,1.206000566482544
2022-12-27,364.68853759765625,258.3019104003906,168.6699981689453,84.33000183105469,1.2084153890609741
2022-12-28,360.1562194824219,254.8916015625,167.91000366210938,83.26000213623047,1.2027326822280884
2022-12-29,366.63916015625,261.1046447753906,168.85000610351562,82.26000213623047,1.2028483152389526
2022-12-30,365.6734313964844,260.9478759765625,169.63999938964844,85.91000366210938,1.2056326866149902
2023-01-02,,,,,1.2120330333709717
2023-01-03,364.13397216796875,259.1839294433594,171.05999755859375,82.0999984741211,1.206287145614624
2023-01-04,366.945068359375,260.41864013671875,172.6699981689453,77.83999633789062,1.1969740390777588
2023-01-05,362.7570495605469,256.3419189453125,170.52000427246094,78.69000244140625,1.2057054042816162
2023-01-06,371.0758361816406,263.4173889160156,173.7100067138672,78.56999969482422,1.1912277936935425
2023-01-09,370.865478515625,265.12255859375,174.10000610351562,79.6500015258789,1.2116365432739258
2023-01-10,373.4663391113281,267.3667297363281,174.74000549316406,80.0999984741211,1.2184869050979614
2023-01-11,378.1898193359375,271.9921569824219,174.6199951171875,82.66999816894531,1.2154507637023926
2023-01-12,379.5667724609375,273.4621276855469,176.63999938964844,84.02999877929688,1.2159533500671387
2023-01-13,381.0392761230469,275.3437194824219,178.75999450683594,85.27999877929688,1.2217769622802734
2023-01-16,,,,,1.2226732969284058
2023-01-17,380.34124755859375,275.9022521972656,177.58999633789062,85.91999816894531,1.2207776308059692
2023-01-18,374.3364562988281,272.3155822753906,177.0800018310547,84.9800033569336,1.228471040725708
2023-01-19,371.611328125,269.6402587890625,179.88999938964844,86.16000366210938,1.2347661256790161
2023-01-20,378.5340576171875,277.0194396972656,179.2899932861328,87.62999725341797,1.2393262386322021
2023-01-23,383.075927734375,283.1736755371094,179.6300048828125,88.19000244140625,1.240633249282837
2023-01-24,382.6648254394531,282.5955505371094,180.27999877929688,86.12999725341797,1.2379761934280396
2023-01-25,382.8082275390625,281.96826171875,181.11000061035156,86.12000274658203,1.232923984527588
2023-01-26,387.015380859375,287.466064453125,179.47000122070312,87.47000122070312,1.2412492036819458
2023-01-27,387.9046630859375,290.3275146484375,179.22000122070312,86.66000366210938,1.2415266036987305
2023-01-30,383.0377502441406,284.45751953125,178.75999450683594,84.9000015258789,1.2400301694869995
2023-01-31,388.6696472167969,288.72039794921875,179.41000366210938,84.48999786376953,1.2353609800338745
2023-02-01,392.8003845214844,294.8942565917969,181.6699981689453,82.83999633789062,1.2308903932571411
2023-02-02,398.5183410644531,305.47796630859375,177.89999389648438,82.16999816894531,1.2390038967132568
2023-02-03,394.282470703125,300.04888916015625,173.4600067138672,79.94000244140625,1.222299575805664
2023-02-06,391.87286376953125,297.5107116699219,173.82000732421875,80.98999786376953,1.2045146226882935
2023-02-07,396.9980163574219,303.6747741699219,173.97999572753906,83.69000244140625,1.2026747465133667
2023-02-08,392.65692138671875,298.2751159667969,174.41000366210938,85.08999633789062,1.2054582834243774
2023-02-09,389.2529296875,295.63897705078125,173.02999877929688,84.5,1.2071462869644165
2023-02-10,390.161376953125,293.6986083984375,173.36000061035156,86.38999938964844,1.2116806507110596
2023-02-13,394.74139404296875,298.4024658203125,172.47999572753906,86.61000061035156,1.2052258253097534
2023-02-14,394.5597839355469,300.6074523925781,172.61000061035156,85.58000183105469,1.215214490890503
2023-02-15,395.8410339355469,302.910400390625,170.88999938964844,85.37999725341797,1.2174336910247803
2023-02-16,390.3907470703125,297.2265319824219,170.75,85.13999938964844,1.2039779424667358
2023-02-17,389.4154968261719,295.1294860839844,171.25999450683594,83.0,1.197533130645752
2023-02-20,,,,,1.2029786109924316
2023-02-21,381.6034240722656,288.1421813964844,170.6199951171875,83.05000305175781,1.2039200067520142
2023-02-22,381.0775451660156,288.3577575683594,169.66000366210938,80.5999984741211,1.2109322547912598
2023-02-23,383.10467529296875,290.8763122558594,169.57000732421875,82.20999908447266,1.204993486404419
2023-02-24,379.01220703125,286.0058288574219,168.35000610351562,83.16000366210938,1.2017786502838135
2023-02-27,380.3030700683594,288.0539855957031,169.00999450683594,82.44999694824219,1.1952428817749023
2023-02-28,378.8974304199219,287.68157958984375,169.77999877929688,83.88999938964844,1.2061562538146973
2023-03-01,377.4440612792969,285.36883544921875,170.75999450683594,84.30999755859375,1.2033549547195435
2023-03-02,380.3795166015625,287.7305603027344,170.66000366210938,84.75,1.2029930353164673
2023-03-03,386.47998046875,293.6790466308594,172.49000549316406,85.83000183105469,1.1951572895050049
2023-03-06,386.7477111816406,294.01226806640625,171.6199951171875,86.18000030517578,1.2028483152389526
2023-03-07,380.8193359375,290.4059143066406,168.6199951171875,83.29000091552734,1.2026457786560059
2023-03-08,381.4408874511719,291.8563232421875,168.5399932861328,82.66000366210938,1.1827740669250488
2023-03-09,374.4034423828125,286.799560546875,170.1999969482422,81.58999633789062,1.1850166320800781
2023-03-10,369.0009460449219,282.7718811035156,173.8699951171875,82.77999877929688,1.192250370979309
2023-03-13,368.4750671386719,284.86907958984375,177.86000061035156,80.7699966430664,1.2079336643218994
2023-03-14,374.5658874511719,291.41522216796875,176.8300018310547,77.44999694824219,1.2171372175216675
2023-03-15,372.2232666015625,292.94403076171875,178.2100067138672,73.69000244140625,1.215214490890503
2023-03-16,378.7539367675781,300.666259765625,178.57000732421875,74.69999694824219,1.20692777633667
2023-03-17,374.3253479003906,299.2453308105469,183.77000427246094,72.97000122070312,1.2110495567321777
2023-03-20,377.92474365234375,300.3072814941406,183.83999633789062,73.79000091552734,1.2187690734863281
2023-03-21,382.8870544433594,304.5964050292969,180.3699951171875,75.31999969482422,1.2276264429092407
2023-03-22,376.3601989746094,300.4544982910156,183.44000244140625,76.69000244140625,1.2225087881088257
2023-03-23,377.37762451171875,304.0173034667969,185.74000549316406,75.91000366210938,1.227973222732544
2023-03-24,379.8539733886719,305.1362609863281,183.64999389648438,74.98999786376953,1.228154182434082
2023-03-27,380.56427001953125,303.0456237792969,181.9499969482422,78.12000274658203,1.2246003150939941
2023-03-28,379.7100830078125,301.43597412109375,183.44000244140625,78.6500015258789,1.229755163192749
2023-03-29,385.2290954589844,306.9322814941406,182.52999877929688,78.27999877929688,1.2330456972122192
2023-03-30,387.4847106933594,309.83758544921875,184.17999267578125,79.2699966430664,1.2313603162765503
2023-03-31,392.9461364746094,314.9903869628906,183.22000122070312,79.7699966430664,1.2387275695800781
2023-04-03,394.4434509277344,314.2248229980469,184.5399932861328,84.93000030517578,1.228697419166565
2023-04-04,392.25506591796875,313.1648254394531,187.97999572753906,84.94000244140625,1.2423131465911865
2023-04-05,391.2280578613281,310.0730895996094,187.8300018310547,84.98999786376953,1.249843716621399
2023-04-06,392.7541198730469,312.1637268066406,186.49000549316406,85.12000274658203,1.2463078498840332
2023-04-07,,,,,1.243900179862976
2023-04-10,393.1572570800781,311.9870300292969,185.11000061035156,84.18000030517578,1.2431625127792358
2023-04-11,393.26287841796875,309.9847717285156,186.27999877929688,85.61000061035156,1.239218831062317
2023-04-12,391.6599426269531,307.2464294433594,187.19000244140625,87.33000183105469,1.2431007623672485
2023-04-13,396.8622741699219,313.2629699707031,189.72000122070312,86.08999633789062,1.2492660284042358
2023-04-14,395.892822265625,312.6740417480469,186.36000061035156,86.30999755859375,1.2525300979614258
2023-04-17,397.3133239746094,312.9391174316406,185.52999877929688,84.76000213623047,1.2400178909301758
2023-04-18,397.5725402832031,312.9587097167969,186.25,84.7699966430664,1.2375471591949463
2023-04-19,397.5054016113281,312.8114318847656,185.36000061035156,83.12000274658203,1.2425447702407837
2023-04-20,395.3361511230469,310.4264221191406,186.08999633789062,81.0999984741211,1.2428845167160034
2023-04-21,395.6432189941406,310.7503356933594,184.25,81.66000366210938,1.2440905570983887
2023-04-24,396.05596923828125,310.1025695800781,184.80999755859375,82.7300033569336,1.2449734210968018
2023-04-25,389.76904296875,304.2528381347656,185.75,80.7699966430664,1.25
2023-04-26,388.11810302734375,306.09808349609375,184.74000549316406,77.69000244140625,1.2414803504943848
2023-04-27,395.8448181152344,314.4211120605469,184.75,78.37000274658203,1.2471472024917603
2023-04-28,399.22344970703125,316.5902404785156,184.8000030517578,79.54000091552734,1.249750018119812
2023-05-01,398.8203125,316.2271728515625,183.97000122070312,79.30999755859375,1.2557607889175415
2023-05-02,394.3378601074219,313.4691162109375,187.52000427246094,75.31999969482422,1.2485953569412231
2023-05-03,391.6311340332031,311.4178161621094,189.11000061035156,72.33000183105469,1.2476606369018555
2023-05-04,388.8572082519531,310.3184509277344,190.44000244140625,72.5,1.256897211074829
2023-05-05,396.05596923828125,316.9140930175781,187.4600067138672,75.30000305175781,1.2583364248275757
2023-05-08,396.16156005859375,317.6993103027344,187.69000244140625,77.01000213623047,1.2630568742752075
2023-05-09,394.42425537109375,315.6872253417969,189.02000427246094,77.44000244140625,1.2612725496292114
2023-05-10,396.2671813964844,319.1224670410156,188.75,76.41000366210938,1.2624667882919312
2023-05-11,395.5760498046875,320.1629333496094,187.1300048828125,74.9800033569336,1.2626996040344238
2023-05-12,395.05780029296875,319.01446533203125,186.80999755859375,74.16999816894531,1.2508130073547363
2023-05-15,396.4207458496094,320.7419128417969,187.2100067138672,75.2300033569336,1.2450973987579346
2023-05-16,393.7716064453125,321.1051330566406,184.8699951171875,74.91000366210938,1.2525207996368408
2023-05-17,398.5516052246094,324.9918518066406,184.22999572753906,76.95999908447266,1.2484394311904907
2023-05-18,402.390869140625,331.02801513671875,181.83999633789062,75.86000061035156,1.2482805252075195
2023-05-19,401.80535888671875,330.2820739746094,183.63999938964844,75.58000183105469,1.2412338256835938
2023-05-22,401.9685974121094,331.3912048339844,183.2100067138672,75.98999786376953,1.2461059093475342
2023-05-23,397.4573059082031,327.1903381347656,183.42999267578125,76.83999633789062,1.243440866470337
2023-05-24,394.577880859375,325.51202392578125,181.9499969482422,78.36000061035156,1.2417269945144653
2023-05-25,397.9948425292969,333.4326477050781,180.1999969482422,76.26000213623047,1.2371032238006592
2023-05-26,403.1491394042969,341.9519958496094,180.9199981689453,76.94999694824219,1.2318304777145386
2023-05-29,,,,,1.2346898317337036
2023-05-30,403.30267333984375,343.5027770996094,182.0399932861328,73.54000091552734,1.234933853149414
2023-05-31,401.0663146972656,341.549560546875,182.32000732421875,72.66000366210938,1.241187572479248
2023-06-01,404.8768310546875,345.4952392578125,183.75999450683594,74.27999877929688,1.244694471359253
2023-06-02,410.7318420410156,348.08636474609375,181.0500030517578,76.12999725341797,1.2525991201400757
2023-06-05,409.9447937011719,348.33172607421875,182.13999938964844,76.70999908447266,1.2430236339569092
2023-06-06,410.83740234375,348.2728271484375,182.33999633789062,76.29000091552734,1.2433171272277832
2023-06-07,409.4168395996094,342.3642272949219,180.14999389648438,76.94999694824219,1.2428536415100098
2023-06-08,411.8932189941406,346.6141052246094,182.52999877929688,75.95999908447266,1.2445859909057617
2023-06-09,412.6322937011719,347.9391174316406,182.0399932861328,74.79000091552734,1.2559500932693481
2023-06-12,416.37567138671875,353.8182373046875,181.8800048828125,71.83999633789062,1.25809907913208
2023-06-13,419.12078857421875,356.5369873046875,180.5399932861328,74.29000091552734,1.2515331506729126
2023-06-14,419.619873046875,359.12811279296875,180.63999938964844,73.19999694824219,1.2606843709945679
2023-06-15,424.8221740722656,363.407470703125,181.91000366210938,75.66999816894531,1.26708984375
2023-06-16,423.3751525878906,361.12060546875,181.6300048828125,76.61000061035156,1.278576135635376
2023-06-19,,,,,1.2830382585525513
2023-06-20,421.1785888671875,360.60357666015625,179.75,75.9000015258789,1.2794759273529053
2023-06-21,419.0205993652344,355.68939208984375,179.49000549316406,77.12000274658203,1.276535987854004
2023-06-22,420.5331115722656,359.8861083984375,177.7100067138672,74.13999938964844,1.2772045135498047
2023-06-23,417.3538818359375,356.3183898925781,178.1999969482422,73.8499984741211,1.2747135162353516
2023-06-26,415.6487121582031,351.54180908203125,178.50999450683594,74.18000030517578,1.2729610204696655
2023-06-27,420.20562744140625,357.5863037109375,177.69000244140625,72.26000213623047,1.2711971998214722
2023-06-28,420.41748046875,358.2840576171875,177.27999877929688,74.02999877929688,1.2744698524475098
2023-06-29,422.07452392578125,357.5666809082031,177.08999633789062,74.33999633789062,1.2642544507980347
2023-06-30,427.0552978515625,363.08038330078125,178.27000427246094,74.9000015258789,1.2614636421203613
2023-07-03,427.546630859375,363.9353942871094,178.47000122070312,74.6500015258789,1.2693254947662354
2023-07-04,,,,,1.269293189048767
2023-07-05,426.9107971191406,363.92559814453125,177.83999633789062,76.6500015258789,1.2717629671096802
2023-07-06,423.5678405761719,361.1539306640625,177.30999755859375,76.5199966430664,1.2704542875289917
2023-07-07,422.4984130859375,359.9549255371094,178.63999938964844,78.47000122070312,1.2742749452590942
2023-07-10,423.5678405761719,360.0728454589844,178.77999877929688,77.69000244140625,1.2838947772979736
2023-07-11,426.26531982421875,361.851806640625,179.4499969482422,79.4000015258789,1.2864713668823242
2023-07-12,429.695068359375,366.4219970703125,181.8800048828125,80.11000061035156,1.2934770584106445
2023-07-13,433.1054992675781,372.64337158203125,182.00999450683594,81.36000061035156,1.29962956905365
2023-07-14,432.835693359375,372.5647277832031,181.42999267578125,79.87000274658203,1.3128528594970703
2023-07-17,434.3386535644531,376.04400634765625,181.55999755859375,78.5,1.3090204000473022
2023-07-18,437.5660095214844,379.12030029296875,183.63999938964844,79.62999725341797,1.307172417640686
2023-07-19,438.5390319824219,379.03173828125,183.6699981689453,79.45999908447266,1.303508996963501
2023-07-20,435.62957763671875,370.29437255859375,182.74000549316406,79.63999938964844,1.2939791679382324
2023-07-21,435.62957763671875,369.18377685546875,182.17999267578125,81.06999969482422,1.2872332334518433
2023-07-24,437.5756530761719,369.77349853515625,181.39999389648438,82.73999786376953,1.2853471040725708
2023-07-25,438.770263671875,372.27972412109375,182.41000366210938,83.63999938964844,1.281262755393982
2023-07-26,438.83770751953125,371.0413513183594,183.3000030517578,82.91999816894531,1.2893908023834229
2023-07-27,435.92822265625,370.15679931640625,180.4199981689453,84.23999786376953,1.292724609375
2023-07-28,440.19610595703125,376.8990783691406,181.86000061035156,84.98999786376953,1.2793776988983154
2023-07-31,441.03424072265625,377.0956115722656,182.35000610351562,85.55999755859375,1.2853965759277344
2023-08-01,439.772216796875,376.2209167480469,180.4600067138672,84.91000366210938,1.283400535583496
2023-08-02,433.6545715332031,367.96502685546875,179.60000610351562,83.19999694824219,1.2795741558074951
2023-08-03,432.41180419921875,367.3753356933594,179.5399932861328,85.13999938964844,1.2720379829406738
2023-08-04,430.4561462402344,365.6554260253906,180.19000244140625,86.23999786376953,1.2716336250305176
2023-08-07,434.21337890625,368.75128173828125,179.77999877929688,85.33999633789062,1.2747948169708252
2023-08-08,432.32513427734375,365.6160583496094,178.63999938964844,86.16999816894531,1.2782002687454224
2023-08-09,429.43487548828125,361.5962219238281,177.7899932861328,87.55000305175781,1.2741613388061523
2023-08-10,429.5890808105469,362.2646179199219,177.60000610351562,86.4000015258789,1.2720056772232056
2023-08-11,429.3385925292969,359.9549255371094,177.60000610351562,86.80999755859375,1.2670094966888428
2023-08-14,431.7085266113281,363.9943542480469,177.05999755859375,86.20999908447266,1.2695027589797974
2023-08-15,426.67962646484375,360.1318664550781,176.58999633789062,84.88999938964844,1.2685203552246094
2023-08-16,423.548583984375,356.3183898925781,175.57000732421875,83.44999694824219,1.2701315879821777
2023-08-17,420.3211975097656,352.4263610839844,175.3000030517578,84.12000274658203,1.2728151082992554
2023-08-18,420.5234375,351.9841003417969,175.3300018310547,84.80000305175781,1.275022268295288
2023-08-21,423.25958251953125,357.6550598144531,175.80999755859375,84.45999908447266,1.2741937637329102
2023-08-22,422.1130676269531,357.1440124511719,176.10000610351562,84.02999877929688,1.2760798931121826
2023-08-23,426.8144836425781,362.7756652832031,177.88999938964844,83.20999908447266,1.2731555700302124
2023-08-24,420.8992004394531,355.0210266113281,177.85000610351562,83.36000061035156,1.2720541954040527
2023-08-25,423.8664855957031,357.7730407714844,177.6199951171875,84.4800033569336,1.2592872381210327
2023-08-28,426.55438232421875,360.46600341796875,178.1300048828125,84.41999816894531,1.2589701414108276
2023-08-29,432.72015380859375,368.3384704589844,179.8699951171875,85.48999786376953,1.2611136436462402
2023-08-30,434.5024108886719,370.3927307128906,180.32000732421875,85.86000061035156,1.2636793851852417
2023-08-31,433.86663818359375,371.5032653808594,180.02000427246094,86.86000061035156,1.271179437637329
2023-09-01,434.67578125,371.110107421875,180.11000061035156,88.55000305175781,1.2672826051712036
2023-09-04,,,,,1.2591445446014404
2023-09-05,432.79718017578125,371.5819091796875,178.63999938964844,90.04000091552734,1.2623074054718018
2023-09-06,429.8877258300781,368.3090515136719,177.8300018310547,90.5999984741211,1.2570552825927734
2023-09-07,428.5678405761719,365.6750183105469,178.02000427246094,89.91999816894531,1.2498750686645508
2023-09-08,429.21337890625,366.18609619140625,178.0800018310547,90.6500015258789,1.2475050687789917
2023-09-11,432.0361022949219,370.5007629394531,178.41000366210938,90.63999938964844,1.2489992380142212
2023-09-12,429.6661376953125,366.39251708984375,177.49000549316406,92.05999755859375,1.2508755922317505
2023-09-13,430.1670837402344,367.7881164550781,177.0800018310547,91.87999725341797,1.2491724491119385
2023-09-14,433.876220703125,370.79559326171875,177.1699981689453,93.69999694824219,1.248953938484192
2023-09-15,428.6487121582031,364.44647216796875,178.33999633789062,93.93000030517578,1.2401869297027588
2023-09-18,428.9000244140625,364.8263854980469,179.38999938964844,94.43000030517578,1.2397565841674805
2023-09-19,428.0106201171875,364.048828125,179.22000122070312,94.33999633789062,1.2383747100830078
2023-09-20,424.0757751464844,358.80267333984375,179.35000610351562,93.52999877929688,1.2393569946289062
2023-09-21,417.06646728515625,352.2278747558594,178.0500030517578,93.30000305175781,1.2328935861587524
2023-09-22,416.12872314453125,352.277099609375,178.6199951171875,93.2699966430664,1.2294225692749023
2023-09-25,417.87860107421875,353.95025634765625,177.6999969482422,93.29000091552734,1.2241849899291992
2023-09-26,411.73944091796875,348.6353454589844,176.27999877929688,93.95999908447266,1.2213143110275269
2023-09-27,411.90374755859375,349.4522705078125,174.10000610351562,96.55000305175781,1.2146830558776855
2023-09-28,414.2917785644531,352.37548828125,173.22999572753906,95.37999725341797,1.2135332822799683
2023-09-29,413.2863464355469,352.6313781738281,171.4499969482422,95.30999755859375,1.2204796075820923
2023-10-02,413.1219787597656,355.57440185546875,169.64999389648438,90.70999908447266,1.2193039655685425
2023-10-03,407.5918884277344,349.3341369628906,169.16000366210938,90.91999816894531,1.209116816520691
2023-10-04,410.5599060058594,354.0881042480469,169.13999938964844,85.80999755859375,1.2078461647033691
2023-10-05,410.4053039550781,353.0447998046875,168.8300018310547,84.06999969482422,1.2137395143508911
2023-10-06,415.2779541015625,358.960205078125,169.6999969482422,84.58000183105469,1.2187690734863281
2023-10-09,417.9366455078125,360.7908935546875,172.82000732421875,88.1500015258789,1.222090482711792
2023-10-10,420.1119079589844,362.78900146484375,172.52999877929688,87.6500015258789,1.2250398397445679
2023-10-11,421.8327941894531,365.3775939941406,173.7899932861328,85.81999969482422,1.229135513305664
2023-10-12,419.2611389160156,364.1078796386719,173.25999450683594,86.0,1.2316333055496216
2023-10-13,417.1727600097656,359.5310363769531,178.8300018310547,90.88999938964844,1.2183235883712769
2023-10-16,421.5621032714844,363.5960388183594,177.9600067138672,89.6500015258789,1.215376853942871
2023-10-17,421.5427551269531,362.4051513671875,178.2899932861328,89.9000015258789,1.2211503982543945
2023-10-18,415.9256591796875,357.651123046875,180.8699951171875,91.5,1.2178784608840942
2023-10-19,412.271240234375,354.3046569824219,183.08999633789062,92.37999725341797,1.214343786239624
2023-10-20,407.2051086425781,349.0191345214844,183.58999633789062,92.16000366210938,1.2137248516082764
2023-10-23,406.4993896484375,350.07232666015625,182.97000122070312,89.83000183105469,1.2163970470428467
2023-10-24,409.564208984375,353.4778137207031,182.9499969482422,88.06999969482422,1.2250248193740845
2023-10-25,403.68603515625,344.8262023925781,183.72000122070312,90.12999725341797,1.216189980506897
2023-10-26,398.85205078125,338.2513122558594,184.00999450683594,87.93000030517578,1.210345983505249
2023-10-27,397.0440979003906,339.8753967285156,186.14999389648438,90.4800033569336,1.213710069656372
2023-10-30,401.7911376953125,343.7041015625,185.10000610351562,87.44999694824219,1.2113723754882812
2023-10-31,404.3144836425781,345.347900390625,184.08999633789062,87.41000366210938,1.2165746688842773
2023-11-01,408.6263427734375,351.342041015625,183.50999450683594,84.62999725341797,1.215214490890503
2023-11-02,416.4574279785156,357.7200622558594,184.1199951171875,86.8499984741211,1.2182197570800781
2023-11-03,420.2569274902344,361.9228210449219,184.7899932861328,84.88999938964844,1.2191851139068604
2023-11-06,421.2237243652344,363.3992004394531,183.35000610351562,85.18000030517578,1.237378716468811
2023-11-07,422.42254638671875,366.8343200683594,182.58999633789062,81.61000061035156,1.2345526218414307
2023-11-08,422.73193359375,367.0705261230469,180.77000427246094,79.54000091552734,1.2291808128356934
2023-11-09,419.43511962890625,364.2457275390625,181.49000549316406,80.01000213623047,1.2285012006759644
2023-11-10,425.9803161621094,372.434814453125,179.50999450683594,81.43000030517578,1.2217023372650146
2023-11-13,425.57427978515625,371.2732849121094,180.50999450683594,82.5199966430664,1.2228227853775024
2023-11-14,433.8307189941406,379.2655334472656,182.1199951171875,82.47000122070312,1.228063702583313
2023-11-15,434.74920654296875,379.55096435546875,181.63999938964844,81.18000030517578,1.2494533061981201
2023-11-16,435.2809143066406,379.8758239746094,183.69000244140625,77.41999816894531,1.2422360181808472
2023-11-17,435.8223876953125,379.9642639160156,183.6699981689453,80.61000061035156,1.2414957284927368
2023-11-20,439.1771545410156,384.5904235839844,183.3699951171875,82.31999969482422,1.2454540729522705
2023-11-21,438.21990966796875,382.3560485839844,185.35000610351562,82.44999694824219,1.2509069442749023
2023-11-22,439.911865234375,383.9211120605469,184.55999755859375,81.95999908447266,1.2544218301773071
2023-11-23,,,,81.37000274658203,1.2490007877349854
2023-11-24,440.1825866699219,383.37969970703125,185.52000427246094,80.58000183105469,1.2533526420593262
2023-11-27,439.38983154296875,383.0451354980469,186.77000427246094,79.9800033569336,1.2600330114364624
2023-11-28,439.8248596191406,384.04901123046875,189.25999450683594,81.68000030517578,1.2634397745132446
2023-11-29,439.5154724121094,383.67498779296875,189.5399932861328,83.0999984741211,1.2712295055389404
2023-11-30,441.2460632324219,382.71044921875,188.75,82.83000183105469,1.2696397304534912
2023-12-01,443.8564147949219,383.802978515625,192.00999450683594,78.87999725341797,1.2631685733795166
2023-12-04,441.5264587402344,380.2399597167969,187.86000061035156,78.02999877929688,1.2713103294372559
2023-12-05,441.4394226074219,381.1947021484375,187.14999389648438,77.19999694824219,1.2634079456329346
2023-12-06,439.6605529785156,378.9898681640625,187.83999633789062,74.30000305175781,1.2594457864761353
2023-12-07,443.0153503417969,384.2852783203125,188.14999389648438,74.05000305175781,1.2558711767196655
2023-12-08,444.9199523925781,385.9978942871094,185.63999938964844,75.83999633789062,1.258954405784607
2023-12-11,446.6504821777344,389.29522705078125,183.58999633789062,76.02999877929688,1.2554770708084106
2023-12-12,448.6904296875,392.3955993652344,183.49000549316406,73.23999786376953,1.2554612159729004
2023-12-13,454.87786865234375,397.3857727050781,187.6300048828125,74.26000213623047,1.2570710182189941
2023-12-14,456.3377685546875,397.041259765625,188.72999572753906,76.61000061035156,1.2622915506362915
2023-12-15,455.58642578125,398.9605407714844,187.0,76.55000305175781,1.2771391868591309
2023-12-18,458.149169921875,401.47344970703125,187.85000610351562,77.94999694824219,1.2672343254089355
2023-12-19,460.9350891113281,403.5248718261719,189.1300048828125,79.2300033569336,1.2651821374893188
2023-12-20,454.5477600097656,397.5285949707031,188.10000610351562,79.69999694824219,1.2732689380645752
2023-12-21,458.8576965332031,402.1540222167969,189.42999267578125,79.38999938964844,1.2641266584396362
2023-12-22,459.7799072265625,402.7555847167969,190.27000427246094,79.06999969482422,1.268499493598938
2023-12-25,,,,,1.2677003145217896
2023-12-26,461.7213134765625,405.22119140625,191.72000122070312,81.06999969482422,1.27048659324646
2023-12-27,462.55615234375,406.04608154296875,192.58999633789062,79.6500015258789,1.272718071937561
2023-12-28,462.7309265136719,405.8487243652344,191.47000122070312,78.38999938964844,1.2800819873809814
2023-12-29,461.391357421875,404.0923156738281,191.1699981689453,77.04000091552734,1.2733986377716064
2024-01-01,,,,,1.272999882698059
2024-01-02,458.8092041015625,397.25421142578125,190.72000122070312,75.88999938964844,1.2728800773620605
2024-01-03,455.062255859375,393.0506286621094,189.1300048828125,78.25,1.2623074054718018
2024-01-04,453.596435546875,391.0278015136719,189.32000732421875,77.58999633789062,1.2674272060394287
2024-01-05,454.2177429199219,391.4915771484375,189.35000610351562,78.76000213623047,1.2684078216552734
2024-01-08,460.7021179199219,399.58294677734375,187.8699951171875,76.12000274658203,1.271779179573059
2024-01-09,460.0032043457031,400.3722839355469,187.92999267578125,77.58999633789062,1.274518609046936
2024-01-10,462.6047058105469,403.08587646484375,187.5,76.80000305175781,1.2712942361831665
2024-01-11,462.40087890625,403.924560546875,187.8699951171875,77.41000366210938,1.274518609046936
2024-01-12,462.7212219238281,404.13177490234375,189.7100067138672,78.29000091552734,1.2777756452560425
2024-01-15,,,,,1.273658275604248
2024-01-16,461.0224609375,404.0923156738281,187.91000366210938,78.29000091552734,1.2716174125671387
2024-01-17,458.4597473144531,401.8129577636719,185.83999633789062,77.87999725341797,1.26385498046875
2024-01-18,462.5367431640625,407.5163269042969,187.3699951171875,79.0999984741211,1.2676842212677002
2024-01-19,468.3028259277344,415.5977783203125,187.92999267578125,78.55999755859375,1.2709871530532837
2024-01-22,469.2929992675781,416.1405029296875,187.22000122070312,80.05999755859375,1.2699863910675049
2024-01-23,470.6616516113281,417.8673400878906,187.9499969482422,79.55000305175781,1.2706964015960693
2024-01-24,471.1761779785156,420.1861572265625,186.39999389648438,80.04000091552734,1.269196629524231
2024-01-25,473.7388000488281,420.6993103027344,187.13999938964844,82.43000030517578,1.271876335144043
2024-01-26,473.1369934082031,418.19293212890625,187.00999450683594,83.55000305175781,1.270825743675232
2024-01-29,476.88385009765625,422.4754638671875,188.3300018310547,82.4000015258789,1.2697607278823853
2024-01-30,476.5151062011719,419.6632080078125,188.58999633789062,82.87000274658203,1.2713264226913452
2024-01-31,468.73968505859375,411.4435729980469,188.4499969482422,81.70999908447266,1.269551157951355
2024-02-01,474.8746032714844,416.28851318359375,190.41000366210938,78.69999694824219,1.2678449153900146
2024-02-02,479.873779296875,423.3240661621094,188.61000061035156,77.33000183105469,1.27472984790802
2024-02-05,478.12646484375,422.77142333984375,187.57000732421875,77.98999786376953,1.2621959447860718
2024-02-06,479.5146179199219,421.9228210449219,188.5500030517578,78.58999633789062,1.2534469366073608
2024-02-07,483.5139465332031,426.2645263671875,188.5,79.20999908447266,1.2606525421142578
2024-02-08,483.72747802734375,427.0539245605469,188.3300018310547,81.62999725341797,1.2627378702163696
2024-02-09,486.523193359375,431.2574157714844,187.60000610351562,82.19000244140625,1.2620525360107422
2024-02-12,486.30963134765625,429.5701599121094,187.11000061035156,82.0,1.2637271881103516
2024-02-13,479.6116027832031,422.8700866699219,184.52999877929688,82.7699966430664,1.2627538442611694
2024-02-14,483.97021484375,427.4782409667969,184.4199981689453,81.5999984741211,1.2590652704238892
2024-02-15,487.3094787597656,428.75115966796875,185.66000366210938,82.86000061035156,1.2568340301513672
2024-02-16,484.8826904296875,424.8634033203125,186.33999633789062,83.47000122070312,1.259921908378601
2024-02-19,,,,,1.2611136436462402
2024-02-20,482.21319580078125,421.6564636230469,187.47000122070312,82.33999633789062,1.2587641477584839
2024-02-21,482.6499938964844,419.96905517578125,187.47999572753906,83.02999877929688,1.2627378702163696
2024-02-22,492.63873291015625,432.26397705078125,187.55999755859375,83.66999816894531,1.2638070583343506
2024-02-23,492.97845458984375,430.9910583496094,188.6199951171875,81.62000274658203,1.266367793083191
2024-02-26,491.1729431152344,430.7640686035156,188.1999969482422,82.52999877929688,1.2672665119171143
2024-02-27,492.08538818359375,431.80023193359375,188.0,83.6500015258789,1.268455982208252
2024-02-28,491.4349670410156,429.5010681152344,188.33999633789062,83.68000030517578,1.268166422843933
2024-02-29,493.2016906738281,433.181640625,189.30999755859375,83.62000274658203,1.2663036584854126
2024-03-01,497.8320007324219,439.7039794921875,192.88999938964844,83.55000305175781,1.2625465393066406
2024-03-04,497.2981262207031,438.13507080078125,196.00999450683594,82.80000305175781,1.26603102684021
2024-03-05,492.32806396484375,430.2707214355469,197.19000244140625,82.04000091552734,1.269196629524231
2024-03-06,494.82281494140625,432.9743957519531,198.80999755859375,82.95999908447266,1.27048659324646
2024-03-07,499.734619140625,439.54620361328125,199.94000244140625,82.95999908447266,1.2735446691513062
2024-03-08,496.735107421875,433.20135498046875,201.6300048828125,82.08000183105469,1.2815583944320679
2024-03-11,496.3079833984375,431.5930480957031,202.0,82.20999908447266,1.2855123281478882
2024-03-12,501.64691162109375,437.7798156738281,199.7899932861328,81.91999816894531,1.2819806337356567
2024-03-13,500.86065673828125,434.41510009765625,201.19000244140625,84.02999877929688,1.2795906066894531
2024-03-14,499.87054443359375,433.31982421875,200.35000610351562,85.41999816894531,1.2802129983901978
2024-03-15,496.4381103515625,428.1689758300781,199.7100067138672,85.33999633789062,1.2745835781097412
2024-03-18,499.3885192871094,432.2525634765625,200.02999877929688,86.88999938964844,1.2731393575668335
2024-03-19,502.1636047363281,433.3295593261719,199.8000030517578,87.37999725341797,1.272718071937561
2024-03-20,506.808349609375,438.4674377441406,202.17999267578125,85.94999694824219,1.2719409465789795
2024-03-21,508.483154296875,440.54229736328125,201.97000122070312,85.77999877929688,1.2798361778259277
2024-03-22,507.5192565917969,441.04620361328125,200.35000610351562,85.43000030517578,1.2661913633346558
2024-03-25,506.1170349121094,439.445556640625,200.99000549316406,86.75,1.25979483127594
2024-03-26,505.1822204589844,438.0228271484375,201.63999938964844,86.25,1.2637910842895508
2024-03-27,509.427734375,439.5147399902344,203.10000610351562,86.08999633789062,1.2628495693206787
2024-03-28,509.330322265625,438.70458984375,205.72000122070312,87.4800033569336,1.261670470237732
2024-03-29,,,,,1.26262629032135
2024-04-01,508.44427490234375,439.63330078125,207.82000732421875,87.41999816894531,1.2637271881103516
2024-04-02,505.2115478515625,435.8392028808594,210.88999938964844,88.91999816894531,1.2545477151870728
2024-04-03,505.7664489746094,436.8173828125,212.74000549316406,89.3499984741211,1.2576876878738403
2024-04-04,499.5930480957031,430.13818359375,211.52000427246094,90.6500015258789,1.2651821374893188
2024-04-05,504.8122863769531,435.20684814453125,215.13999938964844,91.16999816894531,1.26401948928833
2024-04-08,505.0946044921875,435.33526611328125,216.47999572753906,90.37999725341797,1.2625305652618408
2024-04-09,505.67877197265625,436.9458312988281,217.6699981689453,89.41999816894531,1.2658709287643433
2024-04-10,500.615478515625,433.1319274902344,215.61000061035156,90.4800033569336,1.2677645683288574
2024-04-11,504.3935546875,440.0483093261719,219.8000030517578,89.73999786376953,1.2537612915039062
2024-04-12,497.43133544921875,433.0330810546875,216.88999938964844,90.44999694824219,1.2554770708084106
2024-04-15,491.199462890625,425.9092712402344,220.9499969482422,90.0999984741211,1.2461835145950317
2024-04-16,490.3036193847656,425.9488220214844,221.22000122070312,90.0199966430664,1.2447409629821777
2024-04-17,487.4018859863281,420.7516784667969,219.58999633789062,87.29000091552734,1.2431007623672485
2024-04-18,486.3989562988281,418.3507080078125,220.33999633789062,87.11000061035156,1.2453765869140625
2024-04-19,482.1534729003906,409.6954040527344,221.02999877929688,87.29000091552734,1.2437657117843628
2024-04-22,486.59368896484375,413.8155517578125,215.57000732421875,87.0,1.2375777959823608
2024-04-23,492.367919921875,419.9908752441406,215.0399932861328,88.41999816894531,1.2350252866744995
2024-04-24,492.1342468261719,421.4136962890625,214.63999938964844,88.0199966430664,1.2453300952911377
2024-04-25,490.2646484375,419.3782958984375,215.9199981689453,89.01000213623047,1.2459505796432495
2024-04-26,494.909423828125,425.8500061035156,216.6199951171875,89.5,1.2509069442749023
2024-04-29,496.66204833984375,427.5790710449219,216.17999267578125,88.4000015258789,1.2510477304458618
2024-04-30,488.79443359375,419.5165710449219,211.8699951171875,87.86000061035156,1.2559815645217896
2024-05-01,487.2071838378906,416.4832458496094,213.7899932861328,83.44000244140625,1.2490164041519165
2024-05-02,491.7641906738281,421.7989807128906,213.1300048828125,83.66999816894531,1.2539342641830444
2024-05-03,497.8597412109375,430.2764892578125,212.9600067138672,82.95999908447266,1.2540600299835205
2024-05-06,503.00115966796875,434.989501953125,215.1999969482422,83.33000183105469,1.2541072368621826
2024-05-07,503.5561218261719,435.05865478515625,214.2100067138672,83.16000366210938,1.2559815645217896
2024-05-08,503.6047668457031,434.8017883300781,213.5800018310547,83.58000183105469,1.25014066696167
2024-05-09,506.5066223144531,435.750244140625,216.9499969482422,83.87999725341797,1.2493284940719604
2024-05-10,507.15899658203125,436.7778625488281,218.7100067138672,82.79000091552734,1.2525677680969238
2024-05-13,507.2271423339844,437.78564453125,216.25999450683594,83.36000061035156,1.2522854804992676
2024-05-14,509.5542297363281,440.60162353515625,218.08999633789062,82.37999725341797,1.2561867237091064
2024-05-15,515.8641357421875,447.48828125,220.88999938964844,82.75,1.2585265636444092
2024-05-16,514.8027954101562,446.579345703125,220.02999877929688,83.2699966430664,1.2690032720565796
2024-05-17,515.5427856445312,446.3619079589844,223.66000366210938,83.9800033569336,1.2672007083892822
2024-05-20,516.13671875,449.47430419921875,224.55999755859375,83.70999908447266,1.2706480026245117
2024-05-21,517.4025268554688,450.3536682128906,224.22999572753906,82.87999725341797,1.2710840702056885
2024-05-22,515.9129638671875,450.2647399902344,220.11000061035156,81.9000015258789,1.2711325883865356
2024-05-23,512.14453125,448.2392578125,215.72000122070312,81.36000061035156,1.2721028327941895
2024-05-24,515.5330810546875,452.4779968261719,215.9199981689453,82.12000274658203,1.2694060802459717
2024-05-27,,,,,1.2736095190048218
2024-05-28,515.8934326171875,454.1872863769531,218.19000244140625,84.22000122070312,1.2772371768951416
2024-05-29,512.2808227539062,450.9860534667969,216.16000366210938,83.5999984741211,1.275835633277893
2024-05-30,508.8824157714844,446.1544494628906,216.57000732421875,81.86000061035156,1.2697993516921997
2024-05-31,513.5173950195312,445.3244934082031,215.3000030517578,81.62000274658203,1.27304208278656
2024-06-03,513.93603515625,447.71563720703125,217.22000122070312,78.36000061035156,1.2743724584579468
2024-06-04,514.5106201171875,448.9408264160156,215.27000427246094,77.5199966430664,1.2810165882110596
2024-06-05,520.6256713867188,457.9913024902344,217.82000732421875,78.41000366210938,1.2773023843765259
2024-06-06,520.6157836914062,457.8332214355469,219.42999267578125,79.87000274658203,1.2794759273529053
2024-06-07,519.9830322265625,457.4281311035156,211.60000610351562,79.62000274658203,1.2793285846710205
2024-06-10,521.589599609375,459.2757263183594,213.5399932861328,81.62999725341797,1.2729448080062866
2024-06-11,522.8458251953125,462.4276428222656,214.14999389648438,81.91999816894531,1.2726370096206665
2024-06-12,527.1399536132812,468.48443603515625,214.72000122070312,82.5999984741211,1.274047613143921
2024-06-13,528.2013549804688,471.0237121582031,212.97000122070312,82.75,1.27962327003479
2024-06-14,528.5226440429688,473.46417236328125,215.72999572753906,82.62000274658203,1.2755101919174194
2024-06-17,532.7291259765625,479.2640686035156,214.61000061035156,84.25,1.2683112621307373
2024-06-18,534.0825805664062,479.4122314453125,215.47000122070312,85.33000183105469,1.2715997695922852
2024-06-19,,,,,1.2707449197769165
2024-06-20,532.6317749023438,475.7169189453125,218.16000366210938,85.70999908447266,1.2721998691558838
2024-06-21,531.917724609375,474.4423828125,214.77999877929688,85.23999786376953,1.2660471200942993
2024-06-24,530.1885986328125,469.0409851074219,215.6300048828125,86.01000213623047,1.2639029026031494
2024-06-25,532.2302856445312,474.4047546386719,214.55999755859375,85.01000213623047,1.268343448638916
2024-06-26,532.8945922851562,475.38446044921875,212.5800018310547,85.25,1.268399715423584
2024-06-27,533.7346801757812,476.6116027832031,214.99000549316406,86.38999938964844,1.262179970741272
2024-06-28,531.6343383789062,474.1375427246094,215.00999450683594,86.41000366210938,1.2645741701126099
2024-07-01,532.7284545898438,476.9183349609375,215.57000732421875,86.5999984741211,1.2648621797561646
2024-07-02,536.3136596679688,481.9259033203125,215.55999755859375,86.23999786376953,1.2645741701126099
2024-07-03,538.70703125,485.9437561035156,217.99000549316406,87.33999633789062,1.2690355777740479
2024-07-04,,,,,1.2747784852981567
2024-07-05,541.8134765625,491.0106201171875,220.92999267578125,86.54000091552734,1.2755752801895142
2024-07-08,542.4386596679688,492.17840576171875,218.19000244140625,85.75,1.2806508541107178
2024-07-09,542.9661254882812,492.6038818359375,218.55999755859375,84.66000366210938,1.2815583944320679
2024-07-10,548.3389892578125,497.7400207519531,219.36000061035156,85.08000183105469,1.2787723541259766
2024-07-11,543.6107788085938,486.82452392578125,223.25,85.4000015258789,1.285264492034912
2024-07-12,547.0396728515625,489.6845397949219,223.11000061035156,85.02999877929688,1.292373776435852
2024-07-15,548.5440673828125,491.0007019042969,223.8300018310547,84.8499984741211,1.2966804504394531
2024-07-16,551.7970581054688,491.188720703125,228.2899932861328,83.7300033569336,1.2970000505447388
2024-07-17,544.060302734375,476.7699279785156,227.22999572753906,85.08000183105469,1.29776930809021
2024-07-18,539.8792724609375,474.51361083984375,225.77999877929688,85.11000061035156,1.3007453680038452
2024-07-19,536.2940673828125,470.3077392578125,221.72999572753906,82.62999725341797,1.2951691150665283
2024-07-22,541.8231811523438,477.31427001953125,221.8000030517578,82.4000015258789,1.2933096885681152
2024-07-23,540.9733276367188,475.63189697265625,222.5800018310547,81.01000213623047,1.2932428121566772
2024-07-24,528.7135009765625,458.57080078125,221.8000030517578,81.70999908447266,1.2901561260223389
2024-07-25,525.958740234375,453.5138244628906,218.3300018310547,82.37000274658203,1.289989709854126
2024-07-26,531.8492431640625,458.1650085449219,220.6300048828125,81.12999725341797,1.2856775522232056
2024-07-29,532.1619262695312,459.08538818359375,220.32000732421875,79.77999877929688,1.2868356704711914
2024-07-30,529.4656982421875,452.78155517578125,222.52000427246094,78.62999725341797,1.286041259765625
2024-07-31,538.072021484375,466.1810607910156,226.5500030517578,80.72000122070312,1.2836971282958984
2024-08-01,530.4523315429688,454.8894348144531,225.77000427246094,79.5199966430664,1.2853139638900757
2024-08-02,520.576171875,444.0926513671875,225.33999633789062,76.80999755859375,1.27289617061615
2024-08-05,505.4150390625,430.85150146484375,222.47999572753906,76.30000305175781,1.278788685798645
2024-08-06,510.0747985839844,434.9683837890625,220.6999969482422,76.4800033569336,1.2788705825805664
2024-08-07,506.66546630859375,430.25775146484375,220.5500030517578,78.33000183105469,1.2684721946716309
2024-08-08,518.378173828125,443.4197082519531,224.00999450683594,79.16000366210938,1.2680377960205078
2024-08-09,520.6640625,445.7354431152344,224.55999755859375,79.66000366210938,1.2747459411621094
2024-08-12,520.9376220703125,446.69537353515625,228.41000366210938,82.30000305175781,1.2750385999679565
2024-08-13,529.5047607421875,457.77911376953125,228.05999755859375,80.69000244140625,1.2771228551864624
2024-08-14,531.17529296875,457.92755126953125,226.1999969482422,79.76000213623047,1.2866700887680054
2024-08-15,540.2797241210938,469.4962463378906,226.91000366210938,81.04000091552734,1.2828736305236816
2024-08-16,541.490966796875,470.09991455078125,231.99000549316406,79.68000030517578,1.2859420776367188
2024-08-19,546.6685180664062,476.2751159667969,231.61000061035156,77.66000366210938,1.294716238975525
2024-08-20,545.7794189453125,475.2756042480469,232.4600067138672,77.19999694824219,1.2990386486053467
2024-08-21,547.6551513671875,477.4923400878906,232.14999389648438,76.05000305175781,1.3035430908203125
2024-08-22,543.3568725585938,469.9217834472656,229.3699951171875,77.22000122070312,1.309346079826355
2024-08-23,549.1301879882812,475.0182800292969,232.02000427246094,79.0199966430664,1.3097747564315796
2024-08-26,547.8211669921875,470.4067077636719,232.75999450683594,81.43000030517578,1.3212658166885376
2024-08-27,548.5733642578125,471.8119201660156,233.38999938964844,79.55000305175781,1.3191741704940796
2024-08-28,545.3887329101562,466.45806884765625,231.75,78.6500015258789,1.3257501125335693
2024-08-29,545.4376220703125,465.7752685546875,232.9499969482422,79.94000244140625,1.3193656206130981
2024-08-30,550.6444091796875,471.3270263671875,231.2899932861328,78.80000305175781,1.3166210651397705
2024-09-02,,,,,1.3128528594970703
2024-09-03,539.3125610351562,457.01708984375,230.2899932861328,73.75,1.314198613166809
2024-09-04,538.2088012695312,455.8295593261719,230.42999267578125,72.69999694824219,1.3114066123962402
2024-09-05,536.8997802734375,456.2550964355469,232.35000610351562,72.69000244140625,1.3144749402999878
2024-09-06,527.8637084960938,444.03326416015625,230.6300048828125,71.05999755859375,1.317748785018921
2024-09-09,533.773681640625,449.7433776855469,231.60000610351562,71.83999633789062,1.3133355379104614
2024-09-10,536.0986938476562,453.8997802734375,232.6199951171875,69.19000244140625,1.307138204574585
2024-09-11,541.5984497070312,463.75640869140625,232.25,70.61000061035156,1.3080273866653442
2024-09-12,546.1605224609375,468.3086853027344,236.3300018310547,71.97000122070312,1.3039510250091553
2024-09-13,549.0130615234375,470.4067077636719,238.67999267578125,71.61000061035156,1.313232183456421
2024-09-16,549.8237915039062,468.3284606933594,238.66000366210938,72.75,1.3137997388839722
2024-09-17,550.0484619140625,468.5758972167969,237.33999633789062,73.69999694824219,1.3210737705230713
2024-09-18,548.4171752929688,466.54718017578125,235.50999450683594,73.6500015258789,1.3167423009872437
2024-09-19,557.7755126953125,478.343505859375,239.1699981689453,74.87999725341797,1.3201146125793457
2024-09-20,556.8114013671875,477.43304443359375,242.2100067138672,74.48999786376953,1.328179955482483
2024-09-23,558.2026977539062,478.6985168457031,242.67999267578125,73.9000015258789,1.331398367881775
2024-09-24,559.7999877929688,481.0075378417969,246.07000732421875,75.16999816894531,1.3349887132644653
2024-09-25,558.5653076171875,481.45355224609375,245.72999572753906,73.45999908447266,1.3427324295043945
2024-09-26,560.7798461914062,485.07073974609375,246.97999572753906,71.5999984741211,1.3315792083740234
2024-09-27,559.9664306640625,482.3751525878906,245.02000427246094,71.9800033569336,1.341381549835205
2024-09-30,562.2103881835938,483.68328857421875,243.05999755859375,71.7699966430664,1.338329792022705
2024-10-01,557.1738891601562,476.94439697265625,245.61000061035156,73.55999755859375,1.3376137018203735
2024-10-02,557.4090576171875,477.6183166503906,245.66000366210938,73.9000015258789,1.327404260635376
2024-10-03,556.3899536132812,477.2615661621094,245.49000549316406,77.62000274658203,1.326611876487732
2024-10-04,561.4461669921875,482.9400634765625,245.0,78.05000305175781,1.3130252361297607
2024-10-07,556.370361328125,477.7669982910156,244.1699981689453,80.93000030517578,1.3125253915786743
2024-10-08,561.63232421875,484.9022521972656,242.3699951171875,77.18000030517578,1.3084723949432373
2024-10-09,565.5223999023438,488.7176208496094,241.0500030517578,76.58000183105469,1.309483289718628
2024-10-10,564.5327758789062,488.16265869140625,242.82000732421875,79.4000015258789,1.306830883026123
2024-10-11,567.9132690429688,488.9257507324219,245.47000122070312,79.04000091552734,1.3062163591384888
2024-10-14,572.5579223632812,493.0285339355469,245.07000732421875,77.45999908447266,1.3049037456512451
2024-10-15,568.1093139648438,486.4383239746094,245.9199981689453,74.25,1.3067454099655151
2024-10-16,570.5785522460938,486.4977722167969,247.14999389648438,74.22000122070312,1.3065917491912842
2024-10-17,570.6275634765625,486.834716796875,248.6300048828125,74.44999694824219,1.29902184009552
2024-10-18,572.8223876953125,490.0257873535156,251.27000427246094,73.05999755859375,1.301574945449829
2024-10-21,571.8817749023438,490.96728515625,251.22000122070312,74.29000091552734,1.3052616119384766
2024-10-22,571.5779418945312,491.5024108886719,253.92999267578125,76.04000091552734,1.298296570777893
2024-10-23,566.3552856445312,483.9706726074219,250.8699951171875,74.95999908447266,1.2982797622680664
2024-10-24,567.5802001953125,487.8951110839844,252.8000030517578,74.37999725341797,1.291372299194336
2024-10-25,567.3840942382812,490.8681945800781,253.32000732421875,76.05000305175781,1.2973365783691406
2024-10-28,569.1381225585938,490.94744873046875,253.3300018310547,71.41999816894531,1.295823574066162
2024-10-29,570.0592651367188,495.66461181640625,256.0899963378906,71.12000274658203,1.2974711656570435
2024-10-30,568.3345947265625,491.91864013671875,257.5,72.55000305175781,1.3014055490493774
2024-10-31,557.1935424804688,479.5012512207031,253.50999450683594,73.16000366210938,1.2959579229354858
2024-11-01,559.5452270507812,483.0490417480469,252.47000122070312,73.0999984741211,1.2897733449935913
2024-11-04,558.3399047851562,481.6418151855469,252.8300018310547,75.08000183105469,1.2953401803970337
2024-11-05,565.09130859375,487.7861022949219,253.39999389648438,75.52999877929688,1.2954542636871338
2024-11-06,579.1426391601562,501.03594970703125,245.6999969482422,74.91999816894531,1.3043591976165771
2024-11-07,583.6204223632812,508.92431640625,249.64999389648438,75.62999725341797,1.2883278131484985
2024-11-08,586.1487426757812,509.5190124511719,247.9600067138672,73.87000274658203,1.2982292175292969
2024-11-11,586.7071533203125,509.22174072265625,242.13999938964844,71.83000183105469,1.2917059659957886
2024-11-12,584.8845825195312,508.29998779296875,240.0500030517578,71.88999938964844,1.2874983549118042
2024-11-13,585.1687622070312,507.64599609375,237.6300048828125,72.27999877929688,1.2739177942276
2024-11-14,581.4061279296875,504.1180114746094,237.00999450683594,72.55999755859375,1.27068030834198
2024-11-15,573.9591064453125,492.10687255859375,236.58999633789062,71.04000091552734,1.266784906387329
2024-11-18,576.310791015625,495.52587890625,241.08999633789062,73.30000305175781,1.261765956878662
2024-11-19,578.41748046875,498.9349060058594,243.25,73.30999755859375,1.2679253816604614
2024-11-20,578.613525390625,498.6476135253906,244.6199951171875,72.80999755859375,1.2694543600082397
2024-11-21,581.7196044921875,500.44134521484375,246.66000366210938,74.2300033569336,1.2655344009399414
2024-11-22,583.5226440429688,501.2440185546875,249.83999633789062,75.16999816894531,1.2584789991378784
2024-11-25,585.5020751953125,502.036865234375,242.47999572753906,73.01000213623047,1.2593823671340942
2024-11-26,588.5591430664062,504.73236083984375,242.9499969482422,72.80999755859375,1.2533055543899536
2024-11-27,586.7757568359375,500.7584533691406,243.49000549316406,72.83000183105469,1.2573871612548828
2024-11-28,,,,,1.2677645683288574
2024-11-29,590.4208374023438,505.1585388183594,245.58999633789062,72.94000244140625,1.2696800231933594
2024-12-02,591.4791870117188,510.6585998535156,243.44000244140625,71.83000183105469,1.270163893699646
2024-12-03,591.75341796875,512.2244262695312,243.92999267578125,73.62000274658203,1.265854835510254
2024-12-04,595.427978515625,518.5569458007812,244.6699981689453,72.30999755859375,1.2674272060394287
2024-12-05,594.4480590820312,517.1200561523438,242.86000061035156,72.08999633789062,1.2701154947280884
2024-12-06,595.5750122070312,521.7481079101562,242.9499969482422,71.12000274658203,1.2759333848953247
2024-12-09,592.508056640625,517.6849975585938,245.36000061035156,72.13999938964844,1.2749296426773071
2024-12-10,590.6658935546875,515.9208984375,248.58999633789062,72.19000244140625,1.2749085426330566
2024-12-11,595.2321166992188,525.1571655273438,250.9600067138672,73.5199966430664,1.2780042886734009
2024-12-12,592.1649780273438,521.7678833007812,247.27999877929688,73.41000366210938,1.2766337394714355
2024-12-13,592.0474853515625,525.76171875,244.2899932861328,74.48999786376953,1.2677323818206787
2024-12-16,594.5755004882812,533.3330078125,244.8800048828125,73.91000366210938,1.2627378702163696
2024-12-17,592.1257934570312,530.9843139648438,243.94000244140625,73.19000244140625,1.2690355777740479
2024-12-18,574.4783935546875,511.8280334472656,239.25999450683594,73.38999938964844,1.2710840702056885
2024-12-19,574.302001953125,509.5486755371094,239.60000610351562,72.87999725341797,1.2567708492279053
2024-12-20,581.1998901367188,513.998291015625,242.10000610351562,72.94000244140625,1.2497968673706055
2024-12-23,584.6803588867188,519.0059814453125,240.9600067138672,72.62999725341797,1.256991982460022
2024-12-24,591.1790161132812,526.043701171875,241.44000244140625,73.58000183105469,1.2534469366073608
2024-12-25,,,,,1.2536041736602783
2024-12-26,591.2183837890625,525.6864013671875,243.07000732421875,73.26000213623047,1.254374623298645
2024-12-27,584.9950561523438,518.6984252929688,241.39999389648438,74.16999816894531,1.2529758214950562
2024-12-30,578.3192749023438,511.79974365234375,240.6300048828125,74.38999938964844,1.257880687713623
2024-12-31,576.21533203125,507.4521484375,242.1300048828125,74.63999938964844,1.254909873008728
2025-01-02,574.7994995117188,506.45947265625,245.4199981689453,75.93000030517578,1.2519248723983765
2025-01-03,581.9865112304688,514.7478637695312,243.49000549316406,76.51000213623047,1.2380222082138062
2025-01-06,585.339111328125,520.6637573242188,243.19000244140625,76.30000305175781,1.2426837682724
2025-01-07,578.7223510742188,511.3728942871094,244.55999755859375,77.05000305175781,1.2510946989059448
2025-01-08,579.56787109375,511.46221923828125,245.86000061035156,76.16000366210938,1.247785210609436
2025-01-09,,,,76.91999816894531,1.2359870672225952
2025-01-10,570.7193603515625,503.4419860839844,248.2100067138672,79.76000213623047,1.2299367189407349
2025-01-13,571.6041870117188,501.823974609375,245.74000549316406,81.01000213623047,1.2204945087432861
2025-01-14,572.3907470703125,501.3475341796875,247.02999877929688,79.91999816894531,1.2233314514160156
2025-01-15,582.8025512695312,512.8816528320312,248.8800048828125,82.02999877929688,1.221344232559204
2025-01-16,581.6817626953125,509.2884521484375,250.60000610351562,81.29000091552734,1.2243348360061646
2025-01-17,587.521728515625,517.8844604492188,249.27000427246094,80.79000091552734,1.2236906290054321
2025-01-20,,,,,1.2171002626419067
2025-01-21,592.899658203125,520.9218139648438,253.1300048828125,79.29000091552734,1.233136773109436
2025-01-22,596.232666015625,527.5822143554688,254.42999267578125,79.0,1.2335399389266968
2025-01-23,599.4868774414062,528.7039184570312,254.07000732421875,78.29000091552734,1.231420874595642
2025-01-24,597.73681640625,525.716064453125,255.64999389648438,78.5,1.2353914976119995
2025-01-27,589.2816162109375,510.4101867675781,252.99000549316406,77.08000183105469,1.2459352016448975
2025-01-28,594.3449096679688,517.9539184570312,255.17999267578125,77.48999786376953,1.2460592985153198
2025-01-29,591.6804809570312,516.981201171875,254.1999969482422,76.58000183105469,1.2441680431365967
2025-01-30,594.8561401367188,519.184814453125,258.04998779296875,76.87000274658203,1.245530128479004
2025-01-31,591.6903076171875,518.4303588867188,258.55999755859375,76.76000213623047,1.2423903942108154
2025-02-03,587.7085571289062,514.28125,259.94000244140625,75.95999908447266,1.2291958332061768
2025-02-04,591.6510620117188,520.59423828125,262.5,76.19999694824219,1.2431780099868774
2025-02-05,594.0499267578125,522.9566650390625,264.1300048828125,74.61000061035156,1.2478163242340088
2025-02-06,596.1146240234375,525.6864013671875,263.42999267578125,74.29000091552734,1.2504063844680786
2025-02-07,590.6580200195312,519.0556030273438,263.8999938964844,74.66000366210938,1.2437502145767212
2025-02-10,594.6693115234375,525.3388671875,268.3699951171875,75.87000274658203,1.2391574382781982
2025-02-11,595.12158203125,524.0883178710938,267.3900146484375,77.0,1.2360633611679077
2025-02-12,593.2044067382812,524.3958740234375,267.6700134277344,75.18000030517578,1.245159387588501
2025-02-13,599.4672241210938,531.9398193359375,270.30999755859375,75.0199966430664,1.2450664043426514
2025-02-14,599.4376831054688,534.173095703125,266.2900085449219,74.73999786376953,1.2563445568084717
2025-02-17,,,,,1.2584155797958374
2025-02-18,601.1975708007812,535.3840942382812,270.70001220703125,75.83999633789062,1.262148141860962
2025-02-19,602.6133422851562,535.5330200195312,270.8500061035156,76.04000091552734,1.2625784873962402
2025-02-20,600.1063232421875,533.2599487304688,270.989990234375,76.4800033569336,1.2584155797958374
2025-02-21,589.8419799804688,522.1923217773438,270.739990234375,74.43000030517578,1.2670401334762573
2025-02-24,587.157958984375,516.0282592773438,272.2099914550781,74.77999877929688,1.2649900913238525
2025-02-25,584.2378540039062,509.5266418457031,268.6199951171875,73.0199966430664,1.261781930923462
2025-02-26,584.5328979492188,510.7574462890625,269.0299987792969,72.52999877929688,1.2674431800842285
2025-02-27,575.20263671875,496.5730895996094,264.92999267578125,74.04000091552734,1.2682307958602905
2025-02-28,584.1788940429688,504.4147033691406,263.2699890136719,73.18000030517578,1.259890079498291
2025-03-03,573.9441528320312,493.3768615722656,266.739990234375,71.62000274658203,1.260398268699646
2025-03-04,567.1504516601562,491.887939453125,269.05999755859375,71.04000091552734,1.270147681236267
2025-03-05,573.24609375,498.3002014160156,269.6199951171875,69.30000305175781,1.2794268131256104
2025-03-06,563.0703735351562,484.59228515625,268.25,69.45999908447266,1.2891913652420044
2025-03-07,566.2261962890625,488.15576171875,268.3900146484375,70.36000061035156,1.2885303497314453
2025-03-10,551.1444702148438,469.23663330078125,266.0400085449219,69.27999877929688,1.2932428121566772
2025-03-11,546.5628662109375,468.1149597167969,269.1600036621094,69.55999755859375,1.2875481843948364
2025-03-12,549.4632568359375,473.3956604003906,270.3299865722656,70.94999694824219,1.294481635093689
2025-03-13,542.1386108398438,464.87908935546875,275.1300048828125,69.87999725341797,1.2964283227920532
2025-03-14,553.3369140625,476.1153869628906,275.239990234375,70.58000183105469,1.2958402633666992
2025-03-17,557.6038818359375,479.2024230957031,276.7300109863281,71.06999969482422,1.2930588722229004
2025-03-18,551.5770874023438,471.0332336425781,279.9599914550781,70.55999755859375,1.2985326051712036
2025-03-19,557.5841674804688,477.3363342285156,281.1099853515625,70.77999877929688,1.3000519275665283
2025-03-20,555.971923828125,475.7183532714844,280.75,72.0,1.3010668754577637
2025-03-21,556.1553344726562,477.28668212890625,278.489990234375,72.16000366210938,1.2967981100082397
2025-03-24,566.1151733398438,487.76043701171875,277.25,73.0,1.2924572229385376
2025-03-25,567.47607421875,490.5438537597656,278.4700012207031,73.0199966430664,1.2924238443374634
2025-03-26,560.7013549804688,481.51751708984375,278.239990234375,73.79000091552734,1.2943308353424072
2025-03-27,559.2122802734375,478.7738342285156,281.9700012207031,74.02999877929688,1.2877637147903442
2025-03-28,547.9506225585938,466.16876220703125,284.05999755859375,73.62999725341797,1.295202612876892
2025-03-31,551.62890625,466.1488952636719,288.1400146484375,74.73999786376953,1.2938284873962402
2025-04-01,553.18701171875,469.90655517578125,287.57000732421875,74.48999786376953,1.292089819908142
2025-04-02,556.6878051757812,473.3361511230469,288.1600036621094,74.94999694824219,1.292306900024414
2025-04-03,529.2537231445312,447.9967956542969,286.4200134277344,70.13999938964844,1.3046314716339111
2025-04-04,498.2696533203125,420.1722106933594,279.7200012207031,65.58000183105469,1.308866262435913
2025-04-07,497.3821716308594,421.1861877441406,273.7099914550781,64.20999908447266,1.2910722494125366
2025-04-08,489.591796875,413.60125732421875,275.20001220703125,62.81999969482422,1.2734960317611694
2025-04-09,541.0083618164062,463.24609375,285.3800048828125,65.4800033569336,1.2790995836257935
2025-04-10,517.3019409179688,443.5432434082031,292.3500061035156,63.33000183105469,1.2825446128845215
2025-04-11,526.5321044921875,451.7147216796875,297.92999267578125,64.76000213623047,1.2992074489593506
2025-04-14,531.6402587890625,454.7764892578125,296.2300109863281,64.87999725341797,1.3085237741470337
2025-04-15,530.151123046875,455.2834777832031,297.7799987792969,64.66999816894531,1.3174536228179932
2025-04-16,518.3668212890625,441.5550537109375,307.4700012207031,65.8499984741211,1.323101282119751
2025-04-17,519.1064453125,441.47552490234375,306.1199951171875,67.95999908447266,1.3233989477157593
2025-04-21,506.7503356933594,430.55047607421875,315.5899963378906,66.26000213623047,
2025-04-22,519.934814453125,441.8533020019531,311.1099853515625,67.44000244140625,1.3379716873168945
2025-04-23,527.9915161132812,451.87371826171875,303.6499938964844,66.12000274658203,1.327316164970398
2025-04-24,539.1051635742188,464.5881652832031,308.07000732421875,66.55000305175781,1.326453447341919
2025-04-25,543.0004272460938,469.7673645019531,304.7300109863281,66.87000274658203,1.3326226472854614
2025-04-28,543.2074584960938,469.6182556152344,309.07000732421875,65.86000061035156,1.3290096521377563
2025-04-29,546.6292724609375,472.7198181152344,306.05999755859375,64.25,1.3436164855957031
2025-04-30,546.8462524414062,472.66015625,303.7699890136719,63.119998931884766,1.3410794734954834
2025-05-01,550.7217407226562,478.83343505859375,297.4599914550781,62.130001068115234,1.3323917388916016
2025-05-02,558.8966674804688,485.9411926269531,297.9800109863281,61.290000915527344,1.3286387920379639
2025-05-05,555.6917724609375,483.058349609375,306.8800048828125,60.22999954223633,1.3271929025650024
2025-05-06,551.047119140625,478.5650939941406,315.4800109863281,62.150001525878906,1.3292568922042847
2025-05-07,553.364501953125,480.4438781738281,310.75,61.119998931884766,1.335594892501831
2025-05-08,557.2203369140625,485.4044189453125,304.6300048828125,62.84000015258789,1.3294159173965454
2025-05-09,556.5103149414062,485.0863342285156,306.8399963378906,63.90999984741211,1.323539137840271
2025-05-12,574.9015502929688,504.8488464355469,298.19000244140625,64.95999908447266,1.3289036750793457
2025-05-13,578.6981811523438,512.5431518554688,299.4599914550781,66.62999725341797,1.3177834749221802
2025-05-14,579.4378051757812,515.6148681640625,293.1600036621094,66.08999633789062,1.3304418325424194
2025-05-15,582.2678833007812,516.1815185546875,297.8399963378906,64.52999877929688,1.3263479471206665
2025-05-16,585.9559936523438,518.4281005859375,294.239990234375,65.41000366210938,1.3306896686553955
2025-05-19,586.596923828125,518.9252319335938,298.0299987792969,65.54000091552734,1.3305498361587524
2025-05-20,584.6246948242188,517.1954956054688,303.5799865722656,65.37999725341797,1.3360053300857544
2025-05-21,574.7733154296875,510.0081481933594,305.82000732421875,64.91000366210938,1.3397821187973022
2025-05-22,575.0001220703125,510.9624938964844,303.1099853515625,64.44000244140625,1.3419036865234375
2025-05-23,571.0753173828125,506.2306213378906,309.75,64.77999877929688,1.3419216871261597
2025-05-26,,,,,1.3535828590393066
2025-05-27,582.9483642578125,518.1397705078125,304.5,64.08999633789062,1.3565207719802856
2025-05-28,579.5757446289062,515.8434448242188,303.80999755859375,64.9000015258789,1.3513330221176147
2025-05-29,581.8635864257812,516.857421875,305.6099853515625,64.1500015258789,1.3431472778320312
2025-05-30,581.2127685546875,516.0423583984375,303.6000061035156,63.900001525878906,1.3498992919921875
2025-06-02,584.4866333007812,520.1180419921875,311.6700134277344,64.62999725341797,1.346728801727295
2025-06-03,587.8197631835938,524.183837890625,308.9100036621094,65.62999725341797,1.3556748628616333
2025-06-04,587.6619262695312,525.6452026367188,310.8999938964844,64.86000061035156,1.353143334388733
2025-06-05,584.8218994140625,521.688720703125,309.3299865722656,65.33999633789062,1.3552155494689941
2025-06-06,590.8274536132812,526.7883911132812,305.17999267578125,66.47000122070312,1.3579576015472412
2025-06-09,591.3599243164062,527.5638427734375,306.6199951171875,67.04000091552734,1.3538211584091187
2025-06-10,594.7128295898438,531.0531005859375,306.7099914550781,66.87000274658203,1.3556748628616333
2025-06-11,593.0166015625,529.2637329101562,308.3699951171875,69.7699966430664,1.3508219718933105
2025-06-12,595.3734741210938,530.50634765625,312.20001220703125,69.36000061035156,1.3567416667938232
2025-06-13,588.7171630859375,523.8458862304688,316.2900085449219,74.2300033569336,1.3627691268920898
2025-06-16,594.318359375,531.132568359375,311.7799987792969,73.2300033569336,1.3557006120681763
2025-06-17,589.2398071289062,525.953369140625,311.94000244140625,76.44999694824219,1.3565576076507568
2025-06-18,589.1510009765625,525.8638916015625,310.260009765625,76.69999694824219,1.3430029153823853
2025-06-19,,,,,1.3416515588760376
2025-06-20,587.7673950195312,523.7166748046875,310.1300048828125,77.01000213623047,1.3476725816726685
2025-06-23,593.572998046875,529.1017456054688,311.0799865722656,71.4800033569336,1.3435983657836914
2025-06-24,600.1304321289062,537.1928100585938,306.19000244140625,67.13999938964844,1.3545364141464233
2025-06-25,600.4666748046875,538.5661010742188,307.1199951171875,67.68000030517578,1.361488938331604
2025-06-26,605.1646118164062,543.601806640625,306.7799987792969,67.7300033569336,1.369187831878662
2025-06-27,608.1712646484375,545.4629516601562,301.2200012207031,67.7699966430664,1.37247633934021
2025-06-30,611.0791015625,548.995849609375,304.8299865722656,67.61000061035156,1.3719680309295654
2025-07-01,610.8812866210938,544.3682250976562,307.54998779296875,67.11000061035156,1.3730605840682983
2025-07-02,613.6505737304688,548.159912109375,309.25,69.11000061035156,1.374721646308899
2025-07-03,618.4869995117188,553.553955078125,307.1400146484375,68.80000305175781,1.3650014400482178
2025-07-04,,,,68.29000091552734,1.366829752922058
2025-07-07,613.8780517578125,549.384033203125,307.3699951171875,69.58000183105469,1.3651504516601562
2025-07-08,613.5418090820312,549.692626953125,304.1600036621094,70.1500015258789,1.3623607158660889
2025-07-09,617.2210083007812,553.5838012695312,305.5199890136719,70.19000244140625,1.3585295677185059
2025-07-10,618.9617919921875,552.7876586914062,306.20001220703125,68.63999938964844,1.3593051433563232
2025-07-11,616.7857666015625,551.543701171875,309.1400146484375,70.36000061035156,1.3579576015472412
2025-07-14,617.9627685546875,553.5440063476562,308.010009765625,69.20999908447266,1.3493820428848267
2025-07-15,615.3220825195312,554.0515747070312,306.7300109863281,68.70999908447266,1.3428045511245728
2025-07-16,617.3792724609375,554.6188354492188,308.260009765625,68.5199966430664,1.3393335342407227
2025-07-17,621.1573486328125,559.1072387695312,307.5899963378906,69.5199966430664,1.3411099910736084
2025-07-18,620.7025146484375,558.56982421875,308.3900146484375,69.27999877929688,1.3432555198669434
2025-07-21,621.87939453125,561.4658813476562,313.1300048828125,69.20999908447266,1.341597557067871
2025-07-22,621.9684448242188,558.559814453125,316.1000061035156,68.58999633789062,1.348945140838623
2025-07-23,627.2597045898438,561.1075439453125,312.17999267578125,68.51000213623047,1.352155327796936
2025-07-24,627.4674682617188,562.3018798828125,310.2699890136719,69.18000030517578,1.3579576015472412
2025-07-25,630.1181030273438,563.6553344726562,307.3999938964844,68.44000244140625,1.3510043621063232
2025-07-28,629.9598388671875,565.4168090820312,305.4100036621094,70.04000091552734,1.344085931777954
2025-07-29,628.2982788085938,564.541015625,306.25,72.51000213623047,1.336023211479187
2025-07-30,627.5070190429688,565.2974853515625,300.9599914550781,73.23999786376953,1.3353630304336548
2025-07-31,625.1531372070312,562.3018798828125,302.9599914550781,72.52999877929688,1.3257676362991333
2025-08-01,614.9066162109375,551.2251586914062,309.1099853515625,69.66999816894531,1.3209865093231201
2025-08-04,624.2530517578125,561.3961791992188,310.9100036621094,68.76000213623047,1.3289920091629028
2025-08-05,621.0880737304688,557.5845947265625,311.1600036621094,67.63999938964844,1.3297518491744995
2025-08-06,625.8455200195312,564.6007690429688,310.5,66.88999938964844,1.3299463987350464
2025-08-07,625.3212280273438,566.5115966796875,313.1199951171875,66.43000030517578,1.3357912302017212
2025-08-08,630.1972045898438,571.796142578125,313.04998779296875,66.58999633789062,1.345152735710144
2025-08-11,628.9509887695312,570.1041870117188,308.54998779296875,66.62999725341797,1.3444474935531616
2025-08-12,635.6467895507812,577.2697143554688,308.2699890136719,66.12000274658203,1.3435261249542236
2025-08-13,637.82275390625,577.5584106445312,309.2099914550781,65.62999725341797,1.3504207134246826
2025-08-14,637.882080078125,577.1105346679688,307.25,66.83999633789062,1.3585295677185059
2025-08-15,636.3886108398438,574.5728149414062,307.42999267578125,65.8499984741211,1.3530701398849487
2025-08-18,636.2501831054688,574.3438110351562,306.95001220703125,66.5999984741211,1.3556381464004517
2025-08-19,632.7984008789062,566.5513916015625,305.2699890136719,65.79000091552734,1.3508219718933105
2025-08-20,631.1170043945312,563.1875610351562,308.3599853515625,66.83999633789062,1.348679542541504
2025-08-21,628.5850830078125,560.5802001953125,307.2900085449219,67.66999816894531,1.3466380834579468
2025-08-22,638.2381591796875,569.2284545898438,310.5799865722656,67.7300033569336,1.3419395685195923
2025-08-25,635.4292602539062,567.58642578125,309.8299865722656,68.80000305175781,1.35111403465271
2025-08-26,638.0897216796875,569.8654174804688,312.0799865722656,67.22000122070312,1.3453518152236938
2025-08-27,639.5436401367188,570.7412109375,312.7099914550781,68.05000305175781,1.3478723764419556
2025-08-28,641.8085327148438,574.31396484375,315.0299987792969,68.62000274658203,1.3503841161727905
2025-08-29,637.98095703125,567.6660766601562,318.07000732421875,68.12000274658203,1.35111403465271
2025-09-01,,,,,1.3503841161727905
2025-09-02,633.2533569335938,562.9088745117188,325.5899963378906,69.13999938964844,1.3547931909561157
2025-09-03,636.685302734375,567.3375854492188,328.1400146484375,67.5999984741211,1.3383476734161377
2025-09-04,642.0064086914062,572.4728393554688,326.69000244140625,66.98999786376953,1.3441582918167114
2025-09-05,640.14697265625,573.2988891601562,331.04998779296875,65.5,1.3444474935531616
2025-09-08,641.7195434570312,576.0953979492188,334.82000732421875,66.0199966430664,1.3492909669876099
2025-09-09,643.2031860351562,577.7275390625,334.05999755859375,66.38999938964844,1.3553073406219482
2025-09-10,645.0625,577.9166259765625,335.260009765625,67.48999786376953,1.352109670639038
2025-09-11,650.423095703125,581.2804565429688,334.760009765625,66.37000274658203,1.3534730672836304
2025-09-12,650.20556640625,583.8480834960938,335.4200134277344,66.98999786376953,1.3576626777648926
2025-09-15,653.6671142578125,588.843994140625,338.9100036621094,67.44000244140625,1.3553440570831299
2025-09-16,652.7671508789062,588.3463745117188,339.5899963378906,68.47000122070312,1.3602666854858398
2025-09-17,651.9561157226562,587.172119140625,336.9700012207031,67.94999694824219,1.365392804145813
2025-09-18,655.0023193359375,592.4666137695312,335.6199951171875,67.44000244140625,1.3629734516143799
2025-09-19,658.2465209960938,596.4771728515625,339.17999267578125,66.68000030517578,1.3556013107299805
2025-09-22,661.3607177734375,600.0083618164062,345.04998779296875,66.56999969482422,1.3464748859405518
2025-09-23,657.7605590820312,596.02294921875,346.4599914550781,67.62999725341797,1.3514974117279053
2025-09-24,655.6678466796875,593.9305419921875,343.32000732421875,69.30999755859375,1.3524478673934937
2025-09-25,652.6429443359375,591.3699340820312,344.75,69.41999816894531,1.3452396392822266
2025-09-26,656.3818969726562,593.801025390625,346.739990234375,70.12999725341797,1.333653450012207
2025-09-29,658.2266845703125,596.5509643554688,352.4599914550781,67.97000122070312,1.3408241271972656
2025-09-30,660.7060546875,598.18505859375,355.4700012207031,67.0199966430664,1.3437248468399048
2025-10-01,662.9574584960938,601.0545043945312,356.0299987792969,65.3499984741211,1.3443390130996704
2025-10-02,663.7210693359375,603.5254516601562,354.7900085449219,64.11000061035156,1.3480178117752075
2025-10-03,663.7113037109375,600.9848022460938,357.6400146484375,64.52999877929688,1.3446643352508545
2025-10-06,666.0914916992188,605.498291015625,364.3800048828125,65.47000122070312,1.3433817625045776
2025-10-07,663.6220092773438,602.3099365234375,366.260009765625,65.44999694824219,1.3484903573989868
2025-10-08,667.5791625976562,609.2147216796875,372.29998779296875,66.25,1.3421016931533813
2025-10-09,665.6452026367188,608.4774169921875,365.42999267578125,65.22000122070312,1.3401411771774292
2025-10-10,647.6542358398438,587.3546142578125,369.1199951171875,62.72999954223633,1.3304948806762695
2025-10-13,657.5919189453125,599.8190307617188,378.0899963378906,63.31999969482422,1.3336178064346313
2025-10-14,656.78857421875,595.8236694335938,380.7900085449219,62.38999938964844,1.3332622051239014
2025-10-15,659.7044067382812,600.0282592773438,387.3900146484375,61.90999984741211,1.3321610689163208
2025-10-16,655.211669921875,597.806396484375,396.45001220703125,61.060001373291016,1.3404465913772583
2025-10-17,658.9308471679688,601.7320556640625,388.989990234375,61.290000915527344,1.3445558547973633
2025-10-20,665.7840576171875,609.3143310546875,403.1499938964844,61.0099983215332,1.342588186264038
2025-10-21,665.7741088867188,609.1549682617188,377.239990234375,61.31999969482422,1.3405184745788574
2025-10-22,662.312744140625,603.286376953125,377.2799987792969,62.59000015258789,1.336523175239563
2025-10-23,666.2402954101562,608.3578491210938,378.7900085449219,65.98999786376953,1.3351848125457764
2025-10-24,671.6851806640625,614.8540649414062,377.5199890136719,65.94000244140625,1.332746982574463
2025-10-27,679.6094970703125,625.8041381835938,367.010009765625,65.62000274658203,1.3322391510009766
2025-10-28,681.41455078125,630.6165771484375,364.3800048828125,64.4000015258789,1.3341000080108643
2025-10-29,681.7418212890625,633.4562377929688,363.0,64.91999816894531,1.3279330730438232
2025-10-30,674.2440185546875,623.7715454101562,370.1300048828125,65.0,1.3195397853851318
2025-10-31,676.4556884765625,626.7806396484375,368.1199951171875,65.06999969482422,1.3159106969833374
2025-11-03,677.7251586914062,629.7796020507812,368.7799987792969,64.88999938964844,1.3134735822677612
2025-11-04,669.691650390625,616.9962768554688,362.32000732421875,64.44000244140625,1.3135254383087158
2025-11-05,672.012451171875,621.01171875,366.510009765625,63.52000045776367,1.3021697998046875
2025-11-06,664.80224609375,609.4439086914062,366.07000732421875,63.380001068115234,1.3052598237991333
2025-11-07,665.4567260742188,607.5209350585938,368.30999755859375,63.630001068115234,1.3140950202941895
2025-11-10,675.8406982421875,620.9618530273438,378.3800048828125,64.05999755859375,1.3142677545547485
2025-11-11,677.387939453125,619.307861328125,379.8699951171875,65.16000366210938,1.3172974586486816
2025-11-12,677.7647705078125,618.8196411132812,385.989990234375,62.709999084472656,1.3152875900268555
2025-11-13,666.5180053710938,606.1858520507812,382.8699951171875,63.0099983215332,1.3127838373184204
2025-11-14,666.4088134765625,606.6441040039062,375.9599914550781,64.38999938964844,1.3152183294296265
2025-11-17,660.2003173828125,601.4630737304688,371.6499938964844,64.19999694824219,1.3160146474838257
2025-11-18,654.65625,594.1397094726562,374.3500061035156,64.88999938964844,1.3156163692474365
2025-11-19,657.185302734375,597.6868286132812,374.9599914550781,63.5099983215332,1.3147515058517456
2025-11-20,647.1683349609375,583.5384521484375,374.8500061035156,63.380001068115234,1.3061821460723877
2025-11-21,653.6148681640625,587.9224853515625,374.2699890136719,62.560001373291016,1.308489441871643
2025-11-24,663.2351684570312,602.9575805664062,380.20001220703125,63.369998931884766,1.3096375465393066
2025-11-25,669.4735107421875,606.674072265625,380.0799865722656,62.47999954223633,1.3106160163879395
2025-11-26,674.09521484375,612.034423828125,383.1199951171875,63.130001068115234,1.315870761871338
2025-11-27,,,,,1.3244997262954712
2025-11-28,677.7747192382812,616.9962768554688,387.8800048828125,63.20000076293945,1.3241175413131714
2025-12-01,674.6803588867188,614.923828125,389.75,63.16999816894531,1.3239772319793701
2025-12-02,675.9299926757812,619.7362670898438,387.239990234375,62.45000076293945,1.3209341764450073
2025-12-03,678.2706298828125,621.250732421875,386.8800048828125,62.66999816894531,1.3219469785690308
2025-12-04,678.7665405273438,620.6729125976562,387.1300048828125,63.2599983215332,1.3348817825317383
2025-12-05,680.0557861328125,623.20361328125,386.44000244140625,63.75,1.3321788311004639
2025-12-08,678.0127563476562,622.0079956054688,385.4200134277344,62.4900016784668,1.3324593305587769
2025-12-09,677.4276123046875,622.775146484375,387.3999938964844,61.939998626708984,1.3326793909072876
2025-12-10,681.9203491210938,625.3258666992188,389.04998779296875,62.209999084472656,1.3303532600402832
2025-12-11,683.5072021484375,623.3032836914062,393.239990234375,61.279998779296875,1.3388315439224243
2025-12-12,676.1581420898438,611.3867797851562,395.44000244140625,61.119998931884766,1.339046597480774
2025-12-15,675.1365966796875,608.3179931640625,395.79998779296875,60.560001373291016,1.3367732763290405
2025-12-16,673.2918701171875,609.5235595703125,395.8900146484375,58.91999816894531,1.3380612134933472
2025-12-17,665.8832397460938,598.224853515625,399.2900085449219,59.68000030517578,1.342499852180481
2025-12-18,670.9114990234375,606.8931884765625,398.57000732421875,59.81999969482422,1.3374598026275635
2025-12-19,676.9923095703125,614.8043212890625,399.0199890136719,60.470001220703125,1.3385393619537354
2025-12-22,681.2098388671875,617.7513427734375,408.2300109863281,62.06999969482422,1.3377031087875366
2025-12-23,684.3233032226562,620.6444702148438,413.6400146484375,62.380001068115234,1.3469899892807007
2025-12-24,686.7305297851562,622.4602661132812,411.92999267578125,62.2400016784668,1.3513604402542114
2025-12-26,686.660888671875,622.4202880859375,416.739990234375,60.63999938964844,1.3508949279785156
2025-12-29,684.2138671875,619.4074096679688,398.6000061035156,61.939998626708984,1.349727988243103
2025-12-30,683.3782958984375,617.9707641601562,398.8900146484375,61.91999816894531,1.3510993719100952
2025-12-31,678.3152465820312,612.8628540039062,396.30999755859375,60.849998474121094,1.346719741821289
2026-01-02,679.55859375,611.6757202148438,398.2799987792969,60.75,1.347363829612732
2026-01-05,684.0845947265625,616.5341796875,408.760009765625,61.7599983215332,1.3437970876693726
2026-01-06,688.1529541015625,621.951416015625,413.17999267578125,60.70000076293945,1.3533997535705566
2026-01-07,685.9347534179688,622.550048828125,409.2300109863281,59.959999084472656,1.3500559329986572
2026-01-08,685.8651123046875,619.0083618164062,411.489990234375,61.9900016784668,1.3459312915802002
2026-01-09,690.4010009765625,625.173828125,414.4700012207031,63.34000015258789,1.3438005447387695
2026-01-12,691.4852294921875,625.6925659179688,422.2300109863281,63.869998931884766,1.3394231796264648
2026-01-13,690.1026000976562,624.7647705078125,421.6300048828125,65.47000122070312,1.3465656042099
2026-01-14,686.7105712890625,618.0905151367188,425.94000244140625,66.5199966430664,1.3426783084869385
2026-01-15,688.5806884765625,620.3153076171875,423.3299865722656,63.7599983215332,1.344266653060913
2026-01-16,688.0037231445312,619.7965087890625,421.2900085449219,64.12999725341797,1.3381328582763672
2026-01-19,,,,,1.3404287099838257
2026-01-20,673.9981689453125,606.6276245117188,437.2300109863281,64.91999816894531,1.3418315649032593
2026-01-21,681.77685546875,614.8282470703125,443.6000061035156,65.23999786376953,1.344085931777954
2026-01-22,685.3379516601562,619.2976684570312,451.7900085449219,64.05999755859375,1.3419395685195923
2026-01-23,685.5865478515625,621.2530517578125,458.0,65.87999725341797,1.3501288890838623
2026-01-26,689.068115234375,623.9866333007812,464.70001220703125,65.58999633789062,1.3662508726119995
2026-01-27,691.8134765625,629.6432495117188,476.1000061035156,67.56999969482422,1.3677457571029663
2026-01-28,691.7438354492188,631.7283325195312,494.55999755859375,68.4000015258789,1.3824374675750732
2026-01-29,690.3711547851562,627.947265625,495.8999938964844,70.70999908447266,1.382533073425293
2026-01-30,688.3121337890625,620.4050903320312,444.95001220703125,70.69000244140625,1.380643367767334
2026-02-02,691.73388671875,624.6650390625,427.1300048828125,66.30000305175781,1.3679141998291016
2026-02-03,685.885009765625,615.0676879882812,454.2900085449219,67.33000183105469,1.367315649986267
2026-02-04,682.5626831054688,604.3230590820312,453.9700012207031,69.45999908447266,1.3697504997253418
2026-02-05,674.0379638671875,595.6236572265625,441.8800048828125,67.55000305175781,1.3644611835479736
2026-02-06,686.96923828125,608.2138671875,455.4599914550781,68.05000305175781,1.3520822525024414
2026-02-09,690.2816162109375,612.8728637695312,467.0299987792969,69.04000091552734,1.3608959913253784
2026-02-10,688.4613037109375,610.029541015625,462.3999938964844,68.80000305175781,1.368344783782959
2026-02-11,688.3021850585938,611.6657104492188,467.6300048828125,69.4000015258789,1.3634566068649292
2026-02-12,677.668701171875,599.22509765625,451.3900146484375,67.5199966430664,1.362399697303772
2026-02-13,678.1461181640625,600.5020751953125,462.6199951171875,67.75,1.3620266914367676
2026-02-16,,,,,1.3647778034210205
2026-02-17,679.2402954101562,599.8834838867188,448.20001220703125,67.41999816894531,1.3627691268920898
2026-02-18,682.662109375,604.3629150390625,458.2799987792969,70.3499984741211,1.3564472198486328
2026-02-19,680.8616943359375,602.0484008789062,459.55999755859375,71.66000366210938,1.349582314491272
2026-02-20,685.7855834960938,607.3758544921875,468.6199951171875,71.76000213623047,1.3461124897003174
2026-02-23,678.7827758789062,599.9932250976562,481.2799987792969,71.48999786376953,1.3533265590667725
2026-02-24,683.7164916992188,606.4380493164062,474.6099853515625,70.7699966430664,1.34969162940979
2026-02-25,689.4859008789062,615.227294921875,473.4200134277344,70.8499984741211,1.3497462272644043
2026-02-26,685.6561889648438,607.8048095703125,477.4800109863281,70.75,1.3558034896850586
2026-02-27,682.3637084960938,605.859375,483.75,72.4800033569336,1.3491452932357788
2026-03-02,682.7516479492188,606.6575317382812,490.0,77.73999786376953,1.3406623601913452
2026-03-03,676.7337036132812,600.1629028320312,468.1400146484375,81.4000015258789,1.3410578966140747
2026-03-04,681.50830078125,609.311279296875,471.79998779296875,81.4000015258789,1.3353630304336548
2026-03-05,677.7084350585938,607.4755249023438,466.1300048828125,85.41000366210938,1.3369520902633667
2026-03-06,668.8256225585938,598.337158203125,473.510009765625,92.69000244140625,1.3357375860214233
2026-03-09,674.6845092773438,606.3283081054688,472.5299987792969,98.95999908447266,1.3301055431365967
2026-03-10,673.6002807617188,606.3383178710938,477.8599853515625,87.80000305175781,1.3424980640411377
2026-03-11,672.7548217773438,606.2584838867188,476.239990234375,91.9800033569336,1.3419036865234375
2026-03-12,662.5390625,595.8530883789062,466.8800048828125,100.45999908447266,1.338186502456665
2026-03-13,658.7890014648438,592.3213500976562,460.8399963378906,103.13999938964844,1.335250735282898
2026-03-16,665.493408203125,598.9656982421875,460.42999267578125,100.20999908447266,1.3247665166854858
2026-03-17,667.2440185546875,601.8887939453125,459.2699890136719,103.41999816894531,1.3314337730407715
2026-03-18,657.9335327148438,593.4986572265625,444.739990234375,107.37999725341797,1.335951805114746
2026-03-19,656.3121337890625,591.623046875,426.4100036621094,108.6500015258789,1.32650625705719
2026-03-20,646.9034423828125,580.6888427734375,413.3800048828125,112.19000244140625,1.342570185661316
2026-03-23,653.6959228515625,587.3545532226562,404.0400085449219,99.94000244140625,1.3331555128097534
2026-03-24,651.5015869140625,583.3389282226562,404.1300048828125,104.48999786376953,1.342426061630249
2026-03-25,655.1322021484375,587.1747436523438,416.2900085449219,102.22000122070312,1.3416335582733154
2026-03-26,643.432373046875,573.1600952148438,400.6400146484375,108.01000213623047,1.336362361907959
2026-03-27,632.4606323242188,561.9624633789062,414.70001220703125,112.56999969482422,1.3335645198822021
2026-03-30,630.3460693359375,557.6671752929688,414.5799865722656,112.77999877929688,1.3238370418548584
2026-03-31,648.6688842773438,576.54638671875,430.2900085449219,118.3499984741211,1.3172800540924072
2026-04-01,653.5562744140625,583.6685791015625,437.82000732421875,101.16000366210938,1.324327826499939
2026-04-02,654.144775390625,584.3378295898438,429.4100036621094,109.02999877929688,1.3302648067474365
2026-04-03,,,,,1.3230313062667847
2026-04-06,657.23681640625,587.85400390625,427.6499938964844,109.7699966430664,1.3186348676681519
2026-04-07,657.5260009765625,587.9439086914062,431.80999755859375,109.2699966430664,1.3234164714813232
2026-04-08,674.27294921875,605.4246826171875,434.5299987792969,94.75,1.3401771783828735
2026-04-09,678.162841796875,609.5202026367188,437.9100036621094,95.91999816894531,1.3394052982330322
2026-04-10,677.7140502929688,610.3992309570312,437.1300048828125,95.19999694824219,1.3430029153823853
2026-04-13,684.3369750976562,616.7122802734375,435.3599853515625,99.36000061035156,1.339441180229187
2026-04-14,692.675537109375,627.909912109375,445.0899963378906,94.79000091552734,1.3515340089797974
2026-04-15,698.1414184570312,636.7003173828125,440.4599914550781,94.93000030517578,1.357533574104309
2026-04-16,699.8569946289062,639.7669067382812,440.0799865722656,99.38999938964844,1.3573696613311768
2026-04-17,708.3152465820312,648.1376953125,445.92999267578125,90.37999725341797,1.3526124954223633
2026-04-20,706.8988037109375,646.0799560546875,442.0899963378906,95.4800033569336,1.348435878753662
2026-04-21,702.2708129882812,643.6226806640625,429.57000732421875,98.4800033569336,1.3531250953674316
2026-04-22,709.3825073242188,654.390869140625,435.260009765625,101.91000366210938,1.3509680032730103
2026-04-23,706.6295776367188,650.7048950195312,431.0400085449219,105.06999969482422,1.3500378131866455
2026-04-24,712.10546875,663.1512451171875,433.25,105.33000183105469,1.3466380834579468
2026-04-27,713.332275390625,663.5008544921875,429.8900146484375,108.2300033569336,1.3515102863311768
2026-04-28,709.8612060546875,656.8281860351562,421.9100036621094,111.26000213623047,1.3538211584091187
2026-04-29,709.7515258789062,660.84375,417.4100036621094,118.02999877929688,1.3524478673934937
2026-04-30,716.8132934570312,667.0069580078125,423.6600036621094,114.01000213623047,1.3488596677780151
2026-05-01,718.7982177734375,673.4099731445312,423.17999267578125,108.16999816894531,1.3602666854858398
2026-05-04,716.1649780273438,672.141357421875,414.7099914550781,114.44000244140625,1.3581420183181763
2026-05-05,721.9102172851562,680.8617553710938,418.2699890136719,109.87000274658203,1.353143334388733
2026-05-06,731.9443359375,695.0062255859375,430.9599914550781,101.2699966430664,1.3568705320358276
2026-05-07,729.7001342773438,694.1771240234375,431.67999267578125,100.05999755859375,1.3591758012771606
2026-05-08,735.724609375,710.44921875,433.7699890136719,101.29000091552734,1.3555645942687988
2026-05-11,737.4002685546875,712.5069580078125,434.6499938964844,104.20999908447266,1.3594714403152466
2026-05-12,736.2831420898438,706.463623046875,432.92999267578125,107.7699966430664,1.360470175743103
2026-05-13,740.4025268554688,713.9254760742188,430.5,105.62999725341797,1.3537001609802246
2026-05-14,746.2474975585938,718.9998168945312,427.2099914550781,105.72000122070312,1.352630853652954
2026-05-15,737.2706298828125,708.1517944335938,417.2900085449219,109.26000213623047,1.3391362428665161
2026-05-18,736.751953125,705.1051025390625,418.42999267578125,112.0999984741211,1.330849051475525
2026-05-19,731.8446044921875,700.7599487304688,411.5,111.27999877929688,1.3432012796401978
2026-05-20,739.3452758789062,712.3671875,417.3999938964844,105.0199966430664,1.3396027088165283
2026-05-21,740.8114624023438,713.7256469726562,416.989990234375,102.58000183105469,1.3433998823165894
2026-05-22,743.7239990234375,716.7523193359375,413.82000732421875,103.54000091552734,1.3432555198669434
2026-05-25,,,,,1.34816312789917
2026-05-26,748.6613159179688,729.4783935546875,414.0,99.58000183105469,1.3496370315551758
2026-05-27,748.5316162109375,728.6492919921875,408.489990234375,94.29000091552734,1.345532774925232
2026-05-28,752.6609497070312,734.79248046875,412.7699890136719,93.70999908447266,1.3416515588760376
2026-05-29,754.5361328125,737.49951171875,417.1199951171875,92.05000305175781,1.3444474935531616
2026-06-01,756.5908203125,741.9246826171875,411.260009765625,94.9800033569336,1.345152735710144
2026-06-02,757.6182250976562,745.3408813476562,411.95001220703125,96.0,1.3460001945495605
2026-06-03,752.3018798828125,743.39306640625,407.8699951171875,97.80999755859375,1.3454241752624512
2026-06-04,755.1445922851562,739.7969970703125,411.2699890136719,95.02999877929688,1.3427144289016724
2026-06-05,735.65478515625,704.2860107421875,396.239990234375,93.08999633789062,1.3427000045776367
2026-06-08,737.3204345703125,715.283935546875,397.2699890136719,94.25,1.3335645198822021
2026-06-09,735.1560668945312,707.052978515625,390.7799987792969,91.44999694824219,1.3333333730697632
2026-06-10,723.56591796875,692.9285278320312,374.5799865722656,93.0999984741211,1.3372201919555664
2026-06-11,735.8642578125,716.332763671875,386.32000732421875,90.37999725341797,1.3362016677856445
2026-06-12,739.843994140625,720.5481567382812,386.5400085449219,87.33000183105469,1.341381549835205
2026-06-15,752.890380859375,743.1832885742188,396.54998779296875,83.16999816894531,1.344971776008606
2026-06-16,748.4019775390625,729.0587768554688,397.6300048828125,78.95999908447266,1.341599464416504
2026-06-17,739.0560302734375,721.7168579101562,388.6000061035156,79.55000305175781,1.3426424264907837
2026-06-18,746.739990234375,739.8070068359375,387.1199951171875,79.8499984741211,1.3301233053207397
2026-06-19,,,,,1.3202017545700073
2026-06-22,744.3900146484375,737.9500122070312,384.5899963378906,77.9000015258789,1.3207945823669434
2026-06-23,733.5800170898438,713.6500244140625,377.32000732421875,77.08000183105469,1.3247138261795044
2026-06-24,733.239990234375,710.6199951171875,365.9200134277344,73.73999786376953,1.3200099468231201
2026-06-25,734.2999877929688,716.3800048828125,369.4599914550781,75.26000213623047,1.3166556358337402
2026-06-26,728.989990234375,706.52001953125,373.6300048828125,71.98999786376953,1.318791389465332
2026-06-29,741.0,724.0800170898438,368.5799865722656,73.1500015258789,1.319713830947876
2026-06-30,746.77001953125,736.4000244140625,368.3800048828125,72.91999816894531,1.325398564338684
2026-07-01,745.760009765625,725.1699829101562,370.6000061035156,71.56999969482422,1.325065016746521
2026-07-02,744.780029296875,712.5999755859375,378.1300048828125,71.80000305175781,1.3279330730438232
2026-07-03,,,,,1.3338704109191895
2026-07-06,751.280029296875,722.8200073242188,382.1300048828125,71.98999786376953,1.335309624671936
2026-07-07,747.7100219726562,709.4299926757812,377.489990234375,74.16000366210938,1.3397893905639648
2026-07-08,745.4000244140625,711.4400024414062,374.45001220703125,78.0199966430664,1.3348907232284546
2026-07-09,751.7100219726562,723.280029296875,378.17999267578125,76.30000305175781,1.339620590209961
2026-07-10,754.9500122070312,725.510009765625,377.010009765625,76.01000213623047,1.3415615558624268
2026-07-13,749.1699829101562,711.739990234375,367.1300048828125,83.30000305175781,1.3386881351470947
2026-07-14,751.8300170898438,719.6900024414062,372.1499938964844,84.7300033569336,1.3347926139831543
2026-07-15,754.8099975585938,717.739990234375,372.3500061035156,84.94999694824219,1.3397103548049927
2026-07-16,750.719970703125,705.9400024414062,364.9599914550781,84.2300033569336,1.3541291952133179
2026-07-17,743.2899780273438,695.3300170898438,368.4100036621094,88.0999984741211,1.3478904962539673
2026-07-20,742.0900268554688,696.0599975585938,367.6000061035156,89.22000122070312,1.3446282148361206
2026-07-21,748.280029296875,708.969970703125,374.80999755859375,91.01000213623047,1.3431652784347534
2026-07-22,747.4099731445312,705.3499755859375,379.1199951171875,94.06999969482422,1.3379179239273071
2026-07-23,738.1799926757812,691.9600219726562,371.5199890136719,100.69000244140625,1.337524175643921
2026-07-24,738.9299926757812,684.22998046875,371.8999938964844,96.77999877929688,1.3312742710113525
2026-07-27,739.0900268554688,682.1199951171875,374.6300048828125,88.36000061035156,1.335131287574768
2026-07-28,740.8599853515625,675.489990234375,369.3699951171875,84.08999633789062,1.3289920091629028
2026-07-29,729.4600219726562,661.72998046875,371.0799865722656,90.73999786376953,1.3287270069122314
2026-07-30,741.6900024414062,683.5499877929688,377.1600036621094,89.02999877929688,1.3367303609848022
2026-07-31,747.030029296875,687.989990234375,371.5400085449219,90.12000274658203,1.3460942506790161
2026-08-03,757.6699829101562,700.0700073242188,371.7099914550781,83.7699966430664,1.34916353225708
2026-08-04,771.3300170898438,723.8499755859375,374.1600036621094,79.36000061035156,1.3427000045776367
2026-08-05,769.7899780273438,717.2999877929688,389.6400146484375,79.44999694824219,1.3450984954833984
2026-08-06,768.5599975585938,714.6500244140625,389.6700134277344,82.48999786376953,1.3469645977020264
2026-08-07,773.260009765625,723.030029296875,398.4700012207031,83.55000305175781,1.345532774925232
2026-08-10,773.030029296875,720.8699951171875,402.5400085449219,87.72000122070312,1.34907066822052
2026-08-11,770.5599975585938,718.4500122070312,400.9599914550781,88.91000366210938,1.3511322736740112
2026-08-12,772.489990234375,723.7000122070312,404.9200134277344,88.9800033569336,1.3509862422943115
2026-08-13,777.8800048828125,732.0700073242188,398.9599914550781,87.06999969482422,1.3497827053070068
2026-08-14,776.3400268554688,731.0700073242188,401.4800109863281,88.5199966430664,1.3490725755691528
2026-08-17,772.6699829101562,729.8699951171875,405.489990234375,90.87000274658203,1.3546648025512695
2026-08-18,767.4500122070312,717.510009765625,398.54998779296875,91.0199966430664,1.3550318479537964
2026-08-19,769.0599975585938,716.0800170898438,413.8399963378906,91.62000274658203,1.3536745309829712
2026-08-20,762.5999755859375,710.9299926757812,415.260009765625,93.77999877929688,1.3599891662597656
2026-08-21,765.719970703125,713.4400024414062,423.3599853515625,94.38999938964844,1.364349603652954
2026-08-24,763.469970703125,706.3200073242188,426.69000244140625,92.16999816894531,1.3653554916381836
2026-08-25,765.9099731445312,710.719970703125,428.07000732421875,88.58000183105469,1.3638285398483276
2026-08-26,766.0800170898438,711.3699951171875,421.32000732421875,87.83999633789062,1.3647032976150513
2026-08-27,771.0999755859375,721.1099853515625,422.6000061035156,89.69999694824219,1.3596932888031006
2026-08-28,769.3499755859375,716.4299926757812,408.8900146484375,89.30999755859375,1.3597116470336914
2026-08-31,767.0499877929688,716.760009765625,408.4200134277344,90.48999786376953,1.3540412187576294
2026-09-01,761.780029296875,707.6400146484375,396.75,94.6500015258789,1.3550136089324951
2026-09-02,765.1599731445312,709.239990234375,402.7799987792969,95.62999725341797,1.3515340089797974
2026-09-03,773.1699829101562,717.6699829101562,410.2200012207031,95.5199966430664,1.3483631610870361
2026-09-04,770.1900024414062,718.9600219726562,406.7699890136719,96.27999877929688,1.353179931640625
2026-09-07,,,,,1.3517167568206787
2026-09-08,765.9600219726562,718.3599853515625,399.7200012207031,97.91999816894531,1.3546831607818604
2026-09-09,762.4000244140625,716.3099975585938,403.3500061035156,101.20999908447266,1.3544628620147705
2026-09-10,757.8300170898438,708.6900024414062,396.3599853515625,107.62999725341797,1.3551971912384033
2026-09-11,764.2899780273438,714.8800048828125,398.7699890136719,104.41999816894531,1.3528870344161987
