Date,LQD,HYG,SPY
2015-01-02,100.0,100.0,100.0
2015-01-05,100.40884200424274,99.07360560359385,98.19410426825932
2015-01-06,100.8178280582142,98.69409694460364,97.26919682606643
2015-01-07,100.95127574783562,99.30795573162034,98.48128252565755
2015-01-08,100.62586735957721,100.05574474826824,100.22884475129878
2015-01-09,100.89290678854881,100.55796327013428,99.42563447047436
2015-01-12,101.08487709050944,100.43512644403975,98.6467816511457
2015-01-13,101.1766655921435,100.43512644403975,98.36935719542998
2015-01-14,101.35188770963597,100.20077631601328,97.77544800362257
2015-01-15,101.87764049202619,99.58698101039793,96.87976590874213
2015-01-16,101.31018050490452,99.96641825257761,98.15027526113369
2015-01-20,101.5438099949784,99.78785254882521,98.35959437901826
2015-01-21,101.50212199689423,100.32354172529729,98.85610978375944
2015-01-22,101.45204069999163,100.45749576011598,100.32620248062986
2015-01-23,102.04455574048714,100.45749576011598,99.77614933954486
2015-01-26,102.01951029043697,100.91515815945644,100.00977183114088
2015-01-27,102.09466584736064,100.83696474330834,98.69060164354214
2015-01-28,102.78725705174855,100.62493631994305,97.42496017814885
2015-01-29,102.54524386617987,100.98209153346738,98.32551015884599
2015-01-30,103.38805975450242,100.70301070828165,97.08907601189755
2015-02-02,103.48436181497401,101.08964517292858,98.29142593926447
2015-02-03,102.64756720616744,101.66123317369207,99.71285780092771
2015-02-04,102.78981153394837,101.23535916755806,99.33316265700913
2015-02-05,102.4635100372209,101.82926093798956,100.33592022457725
2015-02-06,101.3923656896969,101.90768447497156,100.05848675472315
2015-02-09,101.45933922079635,101.66123317369207,99.61063218518916
2015-02-10,101.18318624411104,102.0085408096391,100.6717953755086
2015-02-11,101.25014056856322,101.97499080302137,100.73022804244745
2015-02-12,101.50958377407491,101.96378630708436,101.69893744875998
2015-02-13,101.1078962407823,102.10934953289161,102.11756666979998
2015-02-17,100.63929279645791,102.04211462165232,102.27821593774821
2015-02-18,100.99914828181178,102.3896206372125,102.28794269583399
2015-02-19,100.98234247752767,102.15421512826268,102.21492439913106
2015-02-20,101.13295129428197,102.43440688057193,102.82826006410404
2015-02-23,101.47602018199902,102.51282248235273,102.81365640488163
2015-02-24,102.13712211070654,102.61365501120876,103.10573860701328
2015-02-25,102.22916990182709,102.94986924382712,103.01812566522632
2015-02-26,101.67691196520059,102.92743644614157,102.89642850385788
2015-02-27,101.91955896962592,102.94986924382714,102.54593166424573
2015-03-02,101.03605382812239,102.93069781153359,103.19339662185534
2015-03-03,100.9773487528858,102.63816683014433,102.76984542662358
2015-03-04,100.91022156873399,102.44676991504747,102.33662156049954
2015-03-05,101.04443752374304,102.63816683014433,102.44861900796975
2015-03-06,99.9705178175755,101.98534623305741,101.00767954175991
2015-03-09,100.37327131903679,101.77156413169004,101.42631777752908
2015-03-10,100.53260955055927,101.37766102818134,99.78098116762642
2015-03-11,101.04443752374306,101.65897164302325,99.54734966130123
2015-03-12,100.94375635083898,101.86158892445944,100.8129911272853
2015-03-13,100.65848982656584,101.51269424952685,100.19476954644651
2015-03-16,100.759142189499,101.4114252848146,101.53343832327191
2015-03-17,100.92698895972352,100.90497730363808,101.23161133359615
2015-03-18,102.16877464276288,101.80524903651961,102.4486190079698
2015-03-19,101.64858218073161,100.99500209640749,101.98125683447998
2015-03-20,101.93381029171016,101.78278449802937,102.88143721659782
2015-03-23,102.16877464276288,101.86158892445944,102.68096142574589
2015-03-24,102.31976759208511,102.01915016590452,102.10400870439283
2015-03-25,101.98421810136473,101.74901230619497,100.60780971278803
2015-03-26,101.35487434114773,101.73778400465446,100.36817447953912
2015-03-27,101.75762784248317,101.8165328844683,100.59801083745958
2015-03-30,101.93381029171016,102.09796252732772,101.82526811712201
2015-03-31,102.11842445305015,101.97407032030988,100.93537339861886
2015-04-01,102.41202665619986,102.18436887106857,100.57844914571945
2015-04-02,102.24373813333966,102.2634430939223,100.94029537281064
2015-04-06,102.37838623753485,102.5235429314345,101.61996049818856
2015-04-07,102.74853647852889,103.0661357279306,101.35098272732945
2015-04-08,102.7149056633134,103.04352042082618,101.69325824795132
2015-04-09,102.19326310041963,102.94178327966101,102.14312307373467
2015-04-10,102.33629490023546,103.17915671725247,102.70053213221519
2015-04-13,102.30265448157046,102.98702976427217,102.23602758829269
2015-04-14,102.53821423831113,103.03226831368215,102.4315994344112
2015-04-15,102.60549507551528,103.43920894355767,102.8912090477387
2015-04-16,102.5466171404532,103.22445081307063,102.86186651012852
2015-04-17,102.82423942452235,102.90784444860208,101.67859148621542
2015-04-20,102.58032478225778,103.13398164924384,102.60763663238635
2015-04-21,102.5550392492425,103.20184344116741,102.4854166238149
2015-04-22,101.89040329995333,103.10010629979425,102.98898144870418
2015-04-23,102.15120057309113,103.06613572793061,103.24815133009646
2015-04-24,102.34479383561386,103.23571085541585,103.48775951915783
2015-04-27,102.26902366635491,103.26961794567013,103.05746539984378
2015-04-28,101.6632752554515,103.11134253653596,103.38507415872975
2015-04-29,100.82198629432877,102.91919177816018,102.95969299887828
2015-04-30,100.90615936572978,102.86272492700166,101.92798953587602
2015-05-01,100.34933985364754,103.09204414123172,103.03302680696697
2015-05-04,100.02869471051538,103.06933361171329,103.32638908291858
2015-05-05,99.85999324511636,102.93311011102462,102.14312307373467
2015-05-06,99.42973584451555,102.62655763915573,101.72259177083231
2015-05-07,99.8262952065095,102.61516269839066,102.12845631199876
2015-05-08,100.39993012632536,103.42138649442269,103.4731017721511
2015-05-11,99.38756768062706,102.7740967288058,102.97925469061839
2015-05-12,99.2441517482433,102.76277320485126,102.67116255041746
2015-05-13,99.15136450170604,102.61516269839066,102.6907603010743
2015-05-14,99.4888154491223,103.11477847635366,103.7615601033693
2015-05-15,100.18057116498302,103.3418282245057,103.8740353249874
2015-05-18,99.41285321364234,103.17154686474055,104.19673112441079
2015-05-19,98.88133844122264,103.01258902892991,104.16252971453153
2015-05-20,98.99949765056203,102.8876731815854,104.08915984811688
2015-05-21,99.47193281824907,103.03525988244249,104.39230296993853
2015-05-22,99.404431104853,103.11477847635364,104.1429590080622
2015-05-26,99.84315863073542,102.89901257594227,103.02322793163859
2015-05-27,99.94431036612016,103.12603851869883,104.0011412488339
2015-05-28,99.73346954680355,103.08060952446081,103.88380715612828
2015-05-29,99.77557048742659,103.2282676421284,103.23837949895558
2015-06-01,99.21641736946233,103.40170720967036,103.44865416454516
2015-06-02,98.70884366562962,103.20777896727297,103.34593274579113
2015-06-03,98.07433332094526,102.64884760322022,103.61977840305772
2015-06-04,98.58194543807254,102.31819594287654,102.74452340269372
2015-06-05,98.08279384302912,102.01022307103862,102.56850423358614
2015-06-08,98.01514807977844,102.01022307103862,101.9377613670169
2015-06-09,97.57525855249095,101.83910058036565,101.92308559114262
2015-06-10,97.31300157529293,101.97596683214094,103.14547498380678
2015-06-11,98.17591720564198,102.18127414469305,103.47796064382939
2015-06-12,98.00666835117316,101.80492369347967,102.68586537047928
2015-06-15,97.98978572029993,101.32586800718263,102.24577237583678
2015-06-16,98.23512165345606,101.89607528398292,102.80318143431731
2015-06-17,98.2266419247249,101.80492369347967,102.96944680056079
2015-06-18,98.04899016811402,102.18127414469305,104.0402826617725
2015-06-19,98.5735233292832,102.23828852431613,103.57842841219089
2015-06-22,97.79523212616856,102.44363551287408,104.1090731095687
2015-06-23,97.57525855249096,102.3752103222916,104.18274947263994
2015-06-24,97.8459376386042,102.10142227274885,103.42609962407235
2015-06-25,97.68521652935887,101.79357636392162,103.11163415836839
2015-06-26,97.23686647998746,101.49687940503924,103.09198232051804
2015-06-29,98.08279384302914,100.80121668763104,100.93009083998619
2015-06-30,97.89670077098164,101.28028824433042,101.14140218584333
2015-07-01,97.58283556942945,101.29747587778802,101.95208557377025
2015-07-02,97.95612609498764,101.67553239600448,101.85872131452271
2015-07-06,98.34633766471363,101.3432540204614,101.56884769031925
2015-07-07,98.7536335349834,101.42352645785951,102.20757749646474
2015-07-08,98.88936681399451,100.91938761876686,100.49280138771752
2015-07-09,98.2360819850647,101.14847671216305,100.67461694675002
2015-07-10,97.60832277211524,101.73272928504645,101.94225965484507
2015-07-13,97.39614709169395,101.82443633921542,103.06743555266344
2015-07-14,97.48101160189344,101.72133434428139,103.51452388026053
2015-07-15,97.7355090992556,101.72133434428139,103.48016922234832
2015-07-16,97.8881826289559,101.88172051547022,104.31052247758394
2015-07-17,97.95612609498762,101.60678979758329,104.39891968958459
2015-07-20,97.72706778381897,101.13704209560015,104.45298027313143
2015-07-21,97.93068690892001,100.95375495027284,104.04025561817572
2015-07-22,98.05794045932585,100.30080739017527,103.85352709908986
2015-07-23,98.34633766471363,100.24339625090978,103.26885787649118
2015-07-24,98.30390060801498,99.95706265726464,102.19776059226876
2015-07-27,98.31244755988574,99.53314864415506,101.60322037768978
2015-07-28,98.23608198506469,100.0715675279569,102.85124730566963
2015-07-29,98.1512078716674,100.65589945285198,103.55875854488217
2015-07-30,98.20212465709723,100.95375495027285,103.5833323569243
2015-07-31,98.71116766831383,100.78185481071746,103.42609962407232
2015-08-03,98.94092702160462,100.59315586214568,103.07725245685944
2015-08-04,98.43890403493306,100.65066222382517,102.87577604465663
2015-08-05,98.05607741579865,100.5125818871032,103.21482433713187
2015-08-06,98.24320764616978,100.09836468316477,102.36970515932096
2015-08-07,98.58358760515605,99.78758275219343,102.17319579436501
2015-08-10,98.19217562085633,100.07528913460062,103.46052639863636
2015-08-11,98.60058547578706,99.61497638015008,102.52692887744375
2015-08-12,98.44734535036967,99.47684049722794,102.64978892292515
2015-08-13,98.10710944111214,99.35021858288034,102.52203394743948
2015-08-14,98.20069376288203,99.40781223156469,102.89542788250697
2015-08-17,98.51543286613013,99.40781223156469,103.4703072450972
2015-08-18,98.14114359566871,99.28120618782745,103.17058065778102
2015-08-19,98.6175929498676,99.18923727222793,102.35501135398827
2015-08-20,98.67714311695505,98.70580929299938,100.21768467076937
2015-08-21,98.70269754290632,98.34905877473462,97.20090218187649
2015-08-24,98.4304243062019,97.54353327578137,93.10804634619436
2015-08-25,97.9283917162067,97.73912790917602,92.01237524933904
2015-08-26,97.86884154899339,98.55620705270967,95.54509961613866
2015-08-27,97.96242587088916,99.29272015640201,97.90838637690149
2015-08-28,98.1411435956687,99.38483190562258,97.91331736523166
2015-08-31,97.89436716497373,99.24675950410175,97.12227680042594
2015-09-01,98.48737197459718,98.92646327379414,94.22339632449679
2015-09-02,98.34240030491678,99.33113443779963,96.01185781104445
2015-09-03,98.81166637806874,99.4698099139852,96.08063022938228
2015-09-04,99.03356061508948,99.36574776033385,94.62627703165973
2015-09-08,98.57275506389556,99.90906265972023,97.00432070026869
2015-09-09,98.78609274559604,99.78189321690806,95.7072002353981
2015-09-10,98.58987777760798,100.02470226355548,96.22803704271828
2015-09-11,98.65806132660482,99.98996197759456,96.66530846611937
2015-09-14,98.64954318470498,99.81657795646079,96.30666242357806
2015-09-15,97.90718759284279,99.79343099129412,97.51043665865947
2015-09-16,98.08638548355255,99.43517278563945,98.35553780701203
2015-09-17,98.89703026071984,99.51603242750798,98.1344005422297
2015-09-18,99.19566460193184,99.23855451212617,96.53074746403796
2015-09-21,98.69222992769237,99.05367239261213,97.02957962227589
2015-09-22,99.11887648112241,98.33699727748743,95.77016724790028
2015-09-23,99.05917266085676,98.16357358034779,95.61703616010965
2015-09-24,99.07625696140052,97.67809832088196,95.27134410439155
2015-09-25,98.77753619040163,97.18098212962286,95.24662605904568
2015-09-28,98.94818712911476,95.68985574127026,92.85621435273924
2015-09-29,99.07625696140052,95.67825448548285,92.91055438934593
2015-09-30,99.05917266085676,96.27933760797927,94.64411693375799
2015-10-01,99.03693137929514,95.66145567667448,94.89104498188891
2015-10-02,99.47335410914062,95.75437681579014,96.30849238878857
2015-10-05,99.20805288048894,96.90426599272112,98.02228590564327
2015-10-06,99.40489206401001,97.43851096362063,97.68641075412114
2015-10-07,99.75573963833607,98.43742511149985,98.4865650842902
2015-10-08,99.36209008126485,98.84400072232962,99.37554932755269
2015-10-09,99.40489206401001,98.85558610771471,99.4348383819479
2015-10-12,99.80704055645968,98.66974382969137,99.52865337115578
2015-10-13,99.73008917927427,98.43742511149983,98.90140817165465
2015-10-14,100.1237675463164,98.36779377117185,98.42726701516582
2015-10-15,100.08094635692397,98.60004900775401,99.93861955738357
2015-10-16,100.11517257782745,99.05306138253812,100.39297365685671
2015-10-19,100.1065776093385,99.32016006228037,100.4423646750841
2015-10-20,99.91830458446134,99.4131208774019,100.31396064795928
2015-10-21,100.41470002750852,99.30858261209646,99.69165545092672
2015-10-22,100.62859470160244,99.34341812026337,101.37579091878544
2015-10-23,100.26066282673263,99.69185255394423,102.48703925261728
2015-10-26,100.44036008989399,99.58727461263295,102.23519824502377
2015-10-27,100.46600094563216,99.26209030194194,102.03763417093268
2015-10-28,100.07236099175869,99.52925246329353,103.19824647939517
2015-10-29,99.37065623978293,99.27374710392951,103.13901151278426
2015-10-30,99.62737210326928,99.38990249542469,102.69449234696549
2015-11-02,99.19911219260075,99.69791504326845,103.9094356767147
2015-11-03,99.20768795444245,99.80297703143496,104.21073080504908
2015-11-04,99.09615503363064,99.51122369913614,103.89465172527181
2015-11-05,99.12188231928157,99.1261207272746,103.79092067043774
2015-11-06,98.47822001371482,98.64772366225849,103.7366076780186
2015-11-09,98.3151749019111,98.23933089160927,102.76855633807438
2015-11-10,98.56405445884661,98.01765327069585,103.00563142368337
2015-11-11,98.55547869700493,97.7842553659775,102.60066834302842
2015-11-12,98.52109882304909,97.13079201822,101.16836486803402
2015-11-13,98.81289560261344,96.85075103452498,100.03243454718222
2015-11-16,98.83008553971723,97.30584243055908,101.55362202305436
2015-11-17,98.93306190520875,97.37586259532827,101.47954901721627
2015-11-18,98.95882760402834,97.56256980986294,103.08959345036932
2015-11-19,99.25060517707126,96.6873653595827,103.00072747894995
2015-11-20,99.23346325658568,96.66402001438684,103.37607758307328
2015-11-23,99.26775670075465,96.58240652882336,103.25752651906117
2015-11-24,99.30206935157089,96.71072657497287,103.3958375964922
2015-11-25,99.39645074857346,96.81578062793818,103.38099955726503
2015-11-27,99.43084982917657,96.96743014888123,103.49952357827115
2015-11-30,99.47375744848176,96.90909059170312,103.06984245167953
2015-12-01,100.22161574076107,97.5985083101602,104.05267774306661
2015-12-02,99.98066852336106,97.399200005323,102.9908294427821
2015-12-03,98.65528596808727,97.14123473546894,101.54865497580742
2015-12-04,99.18889426354976,96.91844618701603,103.52917261253796
2015-12-07,99.36102411309625,96.23843167528688,102.90192741244604
2015-12-08,99.2319075192891,95.04244694763577,102.21047118435793
2015-12-09,99.20606499388037,95.53492104953966,101.41531995976169
2015-12-10,98.97371274509521,95.13627269906057,101.67707703239064
2015-12-11,99.14587140448677,93.2368170216681,99.7064754606955
2015-12-14,98.41429073406907,92.42781590730735,100.21021156366683
2015-12-15,98.42291451252896,93.94034351781767,101.26220690142942
2015-12-16,98.40569576558012,94.65549507515011,102.743892379922
2015-12-17,98.51756480246753,93.60032039134273,101.17825388947266
2015-12-18,98.51756480246753,93.24857698127089,99.37573863450231
2015-12-21,98.58643018693924,92.95546673061237,100.19550874360502
2015-12-22,98.45729438648479,94.08104246884504,101.10470373083756
2015-12-23,98.54337851790534,94.67903880016716,102.35676018722685
2015-12-24,98.86446541367312,94.87230842128362,102.18781748304573
2015-12-28,98.74359806895568,94.30648137240803,101.95430316642751
2015-12-29,98.23441100801035,94.84874089066307,103.04233889341823
2015-12-30,98.23441100801035,94.91947522332941,102.31202070486059
2015-12-31,98.39842605487222,94.97839404977681,101.28856560503611
2016-01-04,98.34659695432609,94.41261461190017,99.8725605353093
2016-01-05,98.39842605487222,94.589498054461,100.04149422476128
2016-01-06,98.78672656445283,94.589498054461,98.77955776166247
2016-01-07,98.86446541367314,93.97652800914312,96.40969033957946
2016-01-08,98.9420698163625,93.7289737157333,95.3514118224241
2016-01-11,98.62277874085645,93.58752885621215,95.44583980494522
2016-01-12,98.84722746007705,93.6818386544922,96.21593944335146
2016-01-13,99.14927097866337,92.64458164223387,93.81622466591362
2016-01-14,98.65728345801958,93.05713245517502,95.35639689853858
2016-01-15,98.51059279454071,91.83135106856261,93.3094957142096
2016-01-19,98.07041516779579,91.51306244269448,93.43367189183691
2016-01-20,98.21717305441426,90.90012413818125,92.23629802644604
2016-01-21,97.93238669607133,91.51306244269446,92.75299713096973
2016-01-22,97.9927627484882,92.91570346605621,94.65590803646815
2016-01-25,97.88921018383012,91.99632378249048,93.22499281086229
2016-01-26,98.16532474722084,92.82142540858085,94.49688139732243
2016-01-27,97.89780515244495,92.67997261406653,93.46848629443862
2016-01-28,98.01004871857664,93.15145812385741,93.95532902887831
2016-01-29,98.51918776302965,93.45786776210528,96.24569665318685
2016-02-01,98.20500565204911,92.90234059685754,96.21095436723701
2016-02-02,98.38675802495868,92.23897412511455,94.47704025311322
2016-02-03,98.14442792996168,92.68911395915589,95.04340081360421
2016-02-04,98.18768126866613,92.39299626954278,95.19248434411777
2016-02-05,98.17038569512819,91.68231222713983,93.3790253591644
2016-02-08,98.68107087355416,90.61620284381912,92.12204692858332
2016-02-09,98.34349508293062,90.2727279075402,92.1270229899686
2016-02-10,98.46467933707638,90.14234471054306,92.0475141780557
2016-02-11,98.79359293594551,89.53829382509784,90.85015834153238
2016-02-12,98.23961600564638,90.87683433939358,92.72323992113435
2016-02-16,97.77213614930665,90.9597174563119,94.288211331077
2016-02-17,97.74620719411107,91.70598291516755,95.8284106078895
2016-02-18,98.54252382273081,91.7888819022802,95.4358696527163
2016-02-19,98.47339914877263,91.96656679953497,95.39119327227272
2016-02-22,98.67246630174154,92.76018950505643,96.7723568952103
2016-02-23,98.87149504154178,92.57069703699187,95.55017483836335
2016-02-24,98.96671192719741,92.72467950541426,95.98734710092502
2016-02-25,99.52077528728343,93.22216865071223,97.14993360731094
2016-02-26,99.48613612384108,93.84995370600254,96.92639845824158
2016-02-29,99.55540484752798,94.85683479023831,96.16625094319666
2016-03-01,99.01275983094091,96.35599953154993,98.42682529993468
2016-03-02,99.21242238959782,95.7010364316037,98.86899165333999
2016-03-03,99.68127552021093,96.02262609886967,99.2565024599344
2016-03-04,99.6639127235334,96.29641414862043,99.57944165350091
2016-03-07,99.77683812526583,96.41557697907024,99.65896849487214
2016-03-08,100.30633620123184,95.73683209848794,98.5708876954171
2016-03-09,100.19349722928628,95.97492763896966,99.05780254591787
2016-03-10,100.6101755400799,96.64177766152933,99.13727529950481
2016-03-11,100.89673851203726,97.8087354441084,100.7370881568275
2016-03-14,101.19183883254179,97.53484423674243,100.6078998588982
2016-03-15,101.15712284251035,96.62984312750086,100.4439512455607
2016-03-16,101.64331956315374,97.27280027640009,101.02523999138906
2016-03-17,101.95583069707985,97.89207880207043,101.66616936132435
2016-03-18,102.19016122915001,98.11832709573653,102.06563353280028
2016-03-21,102.06862165228134,98.01108292870487,102.21048019908716
2016-03-22,101.87768850864431,97.7491976723859,102.15552716975805
2016-03-23,102.38987180442511,97.2966931500605,101.4813609529684
2016-03-24,102.34645520934468,96.86795453817689,101.4364141347849
2016-03-28,102.40727301439722,96.42744009628815,101.4963342113609
2016-03-29,102.86739672999043,96.79656158443764,102.43522330532457
2016-03-30,102.74583794660037,97.14188542134067,102.88464641587677
2016-03-31,103.15389247880825,97.27280027640005,102.6349779278855
2016-04-01,103.48644573469316,97.34344732185356,103.33409657002572
2016-04-04,103.49518475291082,97.10420117803447,102.9995285365111
2016-04-05,103.82595179198353,96.7453319625139,101.97077284918639
2016-04-06,103.73892653547574,97.558745045604,103.08441005257609
2016-04-07,104.01746113466123,97.08022101736921,101.85089663770843
2016-04-08,103.78247757696124,97.52284622131259,102.12560769716055
2016-04-11,103.77370014544903,97.65448317905425,101.88586428893385
2016-04-12,103.36458924839613,98.22871359993465,102.83472353571723
2016-04-13,103.72146770568769,98.87468612319768,103.87345839000002
2016-04-14,103.65176683268878,98.8388587157168,103.8784434661145
2016-04-15,104.08712359449149,98.68332094911351,103.76357937493854
2016-04-18,104.20024106244495,99.24551367855827,104.49268960632814
2016-04-19,104.39187524832995,99.66430155524937,104.82227256372832
2016-04-20,104.1045728209559,99.85571434054054,104.92219945542844
2016-04-21,104.06099296949947,99.54463087213281,104.35786718064519
2016-04-22,104.17420647081521,99.77191867631991,104.35786718064519
2016-04-25,103.93043587827937,99.38914071673656,104.17807089259124
2016-04-26,103.88688483679387,99.72407738279887,104.33291475529458
2016-04-27,104.54852455124754,100.31030581910905,104.54763362151883
2016-04-28,104.64434644578895,100.14278590747831,103.59881043306136
2016-04-29,104.75748312051559,100.31030581910905,103.03949027798933
2016-05-02,104.62218199081647,100.3487439061102,103.8584851316075
2016-05-03,104.80545168772815,99.69980361969037,102.95458171773679
2016-05-04,104.63095942232871,99.32723825673006,102.38027929072462
2016-05-05,104.84042696737194,99.24311724946953,102.36029391203012
2016-05-06,104.61347178244387,99.18298433807547,102.73481467347543
2016-05-09,104.5086995966906,99.00278398392247,102.81972323372797
2016-05-10,104.6832782920028,99.8440416679426,104.09815642318235
2016-05-11,104.7968375125919,99.77187106511289,103.12438080937429
2016-05-12,104.57853491609458,99.92815474000196,103.15430929670096
2016-05-13,104.77058204464433,99.48345051501659,102.25541800254146
2016-05-16,104.4214054473727,100.03628764894042,103.26419732590084
2016-05-17,104.386506994318,99.83194049489762,102.30039186491248
2016-05-18,103.49605865473264,99.8440416679426,102.33032936637755
2016-05-19,103.74052068606699,99.56759532788062,101.97576694003001
2016-05-20,103.81036560892048,99.91607737256048,102.61997762589625
2016-05-23,103.81036560892048,99.94006546842691,102.48013406518217
2016-05-24,103.6358157235792,100.54100575751033,103.80851717898368
2016-05-25,103.8190470071963,100.69721801558886,104.51268399916106
2016-05-26,104.11583751152837,100.40887681750425,104.54263051594606
2016-05-27,104.03733039704632,100.57709502642179,104.99208968482418
2016-05-31,104.2206289039289,100.48093632772563,104.7923260475341
2016-06-01,104.29415189709272,100.64032266398331,105.00707195735511
2016-06-02,104.50420524437445,100.66446946387313,105.32668476193558
2016-06-03,105.34462990699905,100.84562204154226,105.01206604819873
2016-06-06,105.09081424511177,101.29244496378342,105.54641574846183
2016-06-07,105.24833744985112,101.7392440806291,105.71122976339407
2016-06-08,105.5985031887023,102.1256722300457,106.05580400805432
2016-06-09,105.74730658174538,101.72715877777844,105.91099340068415
2016-06-10,105.86986411016454,101.23209780216584,104.9071991534392
2016-06-13,105.71231209558016,100.5557572858734,104.09815642318239
2016-06-14,105.4759744702541,100.21767034723545,103.8934257392362
2016-06-15,105.86986411016454,100.26600362281289,103.7485790729493
2016-06-16,106.02745453816934,100.3263904604363,104.0582307394393
2016-06-17,105.71231209558015,100.38672175165155,103.67070190397732
2016-06-20,105.5809867389724,100.97842547302356,104.33834154723102
2016-06-21,105.48468467850081,101.36490916884833,104.63450736555644
2016-06-22,105.67729840264175,101.46146462760288,104.46384287173342
2016-06-23,105.57221891065794,102.21021380276008,105.82420078802764
2016-06-24,106.07116883603081,100.5316263563859,102.02416635222653
2016-06-27,106.51762703202996,99.08254063366066,100.19694206604872
2016-06-28,107.10420722267047,100.3263904604363,102.00411787160932
2016-06-29,107.06917432321067,101.59429979988892,103.74096173195228
2016-06-30,107.44559553000946,102.282630396618,105.15657917423225
2016-07-01,108.00825385871029,102.48525561325536,105.37744600009312
2016-07-05,108.37687717237863,101.90285194099609,104.61944396105369
2016-07-06,108.56999987229483,102.35184117170009,105.24693255528877
2016-07-07,108.58751632202473,102.48525561325535,105.18169386234493
2016-07-08,109.1931879064649,103.8441419687855,106.74785519999728
2016-07-11,108.91231970139741,103.90484621424764,107.12435015995678
2016-07-12,108.29792830538682,104.19600440687486,107.90247279626529
2016-07-13,108.71917779483395,103.89266568919098,107.88739136289496
2016-07-14,108.45588365931232,104.09887761426022,108.48978329788493
2016-07-15,108.04330596494327,103.89266568919098,108.3442064491686
2016-07-18,108.04330596494327,104.24454399768268,108.63536014719199
2016-07-19,108.23645747483039,103.96547904289928,108.52494927019833
2016-07-20,108.2012997321633,104.23240314842386,108.9766801195181
2016-07-21,108.32418377333444,104.08681611701307,108.56506426089105
2016-07-22,108.26278976936707,104.54789065035975,109.05199714085019
2016-07-25,108.2012997321633,104.05040944026294,108.75584033725396
2016-07-26,108.09598015734028,103.65003915217042,108.80601562569507
2016-07-27,108.54369638772911,103.9654790428993,108.6905836148518
2016-07-28,108.43834800293517,103.52869414285546,108.81606690989582
2016-07-29,108.83325559452197,103.62573364846526,108.99176155288843
2016-08-01,108.21988215006186,103.04440122753165,108.90142620069949
2016-08-02,107.61263562167778,102.89815557483992,108.20365974903108
2016-08-03,107.75347786521444,103.36126151822955,108.51989207743205
2016-08-04,108.2111143218733,104.01940663134808,108.63536014719202
2016-08-05,107.771109554828,104.25100324664933,109.52389365990341
2016-08-08,107.84152107327267,104.67752793907114,109.45862792336283
2016-08-09,108.47509989619344,105.04315000600157,109.52389365990342
2016-08-10,108.7830878678325,104.84813464187619,109.25280647195557
2016-08-11,108.42230086058917,105.10402882568141,109.75982389085783
2016-08-12,108.91518148970196,105.18936391788863,109.66443134531181
2016-08-15,108.58077479373935,105.50627975499471,109.98069071730951
2016-08-16,108.38717192789298,105.28683192394546,109.41346475404221
2016-08-17,108.68635365817477,105.43315692864883,109.61925014712357
2016-08-18,108.95034883569268,105.8474931606048,109.8652406764171
2016-08-19,108.62475798441096,105.53065667551039,109.70460943792722
2016-08-22,108.9943416298138,105.36004203750416,109.69957928875766
2016-08-23,109.11753297708961,105.71339629216507,109.92043710048014
2016-08-24,109.0471598719395,105.42096053318986,109.35825931584078
2016-08-25,108.94158100750406,105.61593622130938,109.28293328037029
2016-08-26,108.59836807005834,105.49409922993802,109.077111828963
2016-08-29,109.21437282330737,106.01814747461687,109.61426507100911
2016-08-30,109.07354018309437,106.07901042389433,109.433504220521
2016-08-31,109.02949937235502,105.66468212713957,109.12229302715122
2016-09-01,109.02952818232595,105.87400464877862,109.12731416159163
2016-09-02,108.83551237394072,106.36357446913507,109.61925014712357
2016-09-06,109.21482417914076,106.48595898897099,109.95055489416565
2016-09-07,109.06479156142719,106.19220598743391,109.9405126246941
2016-09-08,108.29720805661742,105.99641297421807,109.68951898982775
2016-09-09,107.48543008789011,104.9805175079036,107.06413260145344
2016-09-12,107.4942939493151,105.3476869380218,108.60023023320457
2016-09-13,107.14136245526988,104.53984436219952,107.03899988388237
2016-09-14,107.21197564338512,104.51531667306966,106.998902922648
2016-09-15,107.28254081488214,105.1274297170774,108.06808911146047
2016-09-16,107.40605867490991,105.15188598960476,107.65036135034116
2016-09-19,107.37078569248504,105.21308221712333,107.67053603539452
2016-09-20,107.51194484545002,105.09071356768973,107.67559322875162
2016-09-21,108.05898818111686,105.95968095422002,108.88645294230707
2016-09-22,108.50013574291992,106.31458257206867,109.57259956875656
2016-09-23,108.42073551996884,106.19220598743388,108.97223591947434
2016-09-26,108.58840943049375,105.72705276359893,108.08928244673228
2016-09-27,108.8530384269942,106.03310531800223,108.76035665394986
2016-09-28,108.92367082175669,106.74298790571125,109.30015117501692
2016-09-29,108.87956278787776,106.33905471499835,108.31127609838023
2016-09-30,108.68546054970567,106.80418413322981,109.12863029373754
2016-10-03,108.37760702447167,106.73779035269031,108.86627825725377
2016-10-04,107.87333686157909,106.55345576164086,108.31127609838025
2016-10-05,107.75833714345116,106.83617884145866,108.79060065207156
2016-10-06,107.76716259158157,106.89761312480424,108.8662782572538
2016-10-07,108.02373440533924,107.1435724440273,108.49293840937982
2016-10-10,108.02373440533924,107.45088669458428,109.05800086718327
2016-10-11,107.68759911225449,106.84850220013635,107.68065042210877
2016-10-12,107.829123191266,106.81154799471359,107.82190026048819
2016-10-13,108.09452045315409,106.54114033837234,107.46871706880002
2016-10-14,107.59025989358513,106.7869806295779,107.52422900365805
2016-10-17,107.94417092601212,106.6394256695255,107.1508981699225
2016-10-18,108.20951056795838,107.06978306119936,107.82190026048819
2016-10-19,108.35101544032261,107.37708937655516,108.10948417538242
2016-10-20,108.31566563143448,107.38938099442818,107.90767422292626
2016-10-21,108.37760702447166,107.41398803556972,107.95812896501799
2016-10-24,108.06797688562322,107.47553341173169,108.41724277533005
2016-10-25,107.98832697650926,107.41398803556972,108.05398125525359
2016-10-26,107.53719196529659,106.98373380151105,107.837044796372
2016-10-27,107.05058230198847,106.59027506864373,107.54945186674858
2016-10-28,106.92680515234831,106.07394776929327,107.23163296846185
2016-10-31,107.02403873445765,105.75429428965623,107.23664508876382
2016-11-01,106.88920816723919,105.3418307637199,106.45968533656831
2016-11-02,107.0489593414264,104.87255917359886,105.81894527358264
2016-11-03,106.83607301555934,104.89725350174521,105.3345725412634
2016-11-04,107.15532567777085,104.94668183445984,105.21855458011287
2016-11-07,107.08439558022727,106.41627210223483,107.53937353895107
2016-11-08,106.84490806701339,106.18158869596729,108.02371021294437
2016-11-09,105.27495784384521,105.4405684011316,109.16897966384428
2016-11-10,105.18629042025394,104.05743208809646,109.44141904285476
2016-11-11,104.73397420111479,103.08187915581544,109.18916336362683
2016-11-14,104.19292333511889,103.84752236219501,109.27491028246814
2016-11-15,104.51218560065405,105.2183194461501,110.127592712901
2016-11-16,104.66295767365847,104.79842857732866,109.92071655294933
2016-11-17,103.99767830218903,104.51443586636402,110.48576999602359
2016-11-18,103.41234654261457,104.51443586636402,110.23858052429117
2016-11-21,103.51877049890084,105.35416205759876,111.07103418247716
2016-11-22,103.78483999294015,106.13220797445967,111.28798867022634
2016-11-23,103.40348268131547,105.7370193691938,111.34851272538637
2016-11-25,103.41234654261457,105.87285404544129,111.76224701642212
2016-11-28,103.88245770774327,105.86054655716592,111.2375158998578
2016-11-29,104.02432750615405,105.72466426971145,111.45447940233612
2016-11-30,103.63408712645712,105.77407673202373,111.18708820195357
2016-12-01,103.05331694246429,105.2791189140263,110.77842913314248
2016-12-02,103.52469574530632,105.91173650329185,110.83389599494544
2016-12-05,103.74699332154232,106.18469929253713,111.49986793634157
2016-12-06,103.73809104694864,106.71803171592636,111.85306915748812
2016-12-07,104.1739375778793,107.25143555612608,113.31616652140393
2016-12-08,103.74699332154232,107.23905665124822,113.59365407904234
2016-12-09,103.34682311237762,107.28867542858285,114.27983676381774
2016-12-12,103.2489749180589,107.1397952909754,114.14862017958993
2016-12-13,103.48019397553578,107.40026014732531,114.91048046954755
2016-12-14,102.8220786783401,106.59402841630015,113.96195476301753
2016-12-15,102.89323925539924,106.64363132323244,114.43116493058542
2016-12-16,102.81316680029693,106.74291648890073,114.2073593431854
2016-12-19,103.31123322052437,107.01572850953185,114.45602720982579
2016-12-20,103.24897491805889,107.16466419354748,114.89756254105032
2016-12-21,103.57806137650178,107.35074452760587,114.5778595903596
2016-12-22,103.58516783095956,107.58219037408492,114.37996197660591
2016-12-23,103.74570647718164,107.78133997510677,114.54738121223318
2016-12-27,103.55840338711091,107.68179294779993,114.83160267981548
2016-12-28,103.9418926351988,107.53233354092325,113.88259919913754
2016-12-29,104.34320563899537,107.68179294779993,113.85719604323583
2016-12-30,104.50381150848291,107.71909630186609,113.44106386791304
2017-01-03,104.59294949455486,108.16719679066328,114.30885477590374
2017-01-04,104.94964548882315,108.75212385502195,114.98890752931929
2017-01-05,105.5114875355182,108.59030141366972,114.8975625410503
2017-01-06,104.95860538335866,108.56546425169431,115.30868259666187
2017-01-09,105.16373222926399,108.54050806190938,114.92799584612159
2017-01-10,105.101301066973,108.55301393000593,114.92799584612159
2017-01-11,105.26179169657688,108.61520205704649,115.25283712155046
2017-01-12,105.25284140536503,108.64012650602672,114.96352240287591
2017-01-13,105.03880268154239,108.67743779508604,115.22746100983625
2017-01-17,105.49368298633088,108.56546425169434,114.82143420590774
2017-01-18,104.79802832384202,108.66497953819649,115.07517729477281
2017-01-19,104.44134193289736,108.31648162311429,114.64891270327746
2017-01-20,104.62858740302627,108.52806567542217,115.07012010141571
2017-01-23,105.11021294489029,108.52806567542217,114.7706729671594
2017-01-24,104.79802832384205,108.60275967055928,115.50658021041555
2017-01-25,104.39673452656683,108.98863235631009,116.50635394398019
2017-01-26,104.52159685102296,108.93879139355074,116.38454860704314
2017-01-27,104.64640155566312,109.03839396726576,116.20183158749917
2017-01-30,104.46807756677514,108.81435165806832,115.48117705510461
2017-01-31,104.6553614501986,108.7023066978661,115.471053654252
2017-02-01,104.526609782438,109.10489884041358,115.51670361185896
2017-02-02,104.55341263945535,109.1673408936835,115.59284997645989
2017-02-03,104.6696799954225,109.35491304452142,116.3896058004003
2017-02-06,105.00053346428206,109.27986196553978,116.18153069800974
2017-02-07,105.17933761897437,109.11737296770545,116.18662394969277
2017-02-08,105.54602106265227,109.19232088907191,116.33884456224276
2017-02-09,105.1257319048138,109.3423992412237,117.02908381902436
2017-02-10,105.09890023782553,109.41737096819371,117.49090201028002
2017-02-13,105.05416798841355,109.57990757723503,118.13034397057818
2017-02-14,104.80379991719515,109.654879303997,118.60228556268643
2017-02-15,104.72334332952488,109.69240484348781,119.22145367709183
2017-02-16,105.01845325335304,109.60483202621529,119.1199492296443
2017-02-17,105.28668349357473,109.71739277407744,119.30771442840697
2017-02-21,105.33141574311256,110.0799439202359,120.01823654521976
2017-02-22,105.41186272758505,110.1298721702081,119.9116388460892
2017-02-23,105.68016979439582,110.22988737417585,119.99286043350558
2017-02-24,106.21667829158325,110.31743638584489,120.14509006019397
2017-02-27,105.9663006170412,110.45489777708374,120.33286427368581
2017-02-28,106.03784532692002,110.36741224702406,120.00808610017964
2017-03-01,105.41109446219741,110.77421004327857,121.68788554356307
2017-03-02,105.24970112080084,110.42265707803473,120.92157203883238
2017-03-03,105.3572678718449,110.47287099483296,120.99768234510736
2017-03-06,105.16895643354731,110.12131802958916,120.6373415571117
2017-03-07,104.64890802124474,109.4057221011993,120.27703682744198
2017-03-08,104.32613094190111,108.67752508229887,120.05373605778658
2017-03-09,103.7612350403029,108.38866809634634,120.20599272866248
2017-03-10,104.02130246134762,108.35110288105767,120.62721815625909
2017-03-13,103.67154006183752,108.43887407815139,120.68811180999843
2017-03-14,103.7612350403029,108.11246774731254,120.22631164761033
2017-03-15,104.65787751910386,109.60655396362074,121.26665110123727
2017-03-16,104.50541526239776,109.29265350067041,121.02811565017863
2017-03-17,104.74755329104785,109.33033774418459,120.81561437720254
2017-03-20,104.98964330307976,109.11690479125258,120.68307264609967
2017-03-21,105.24970112080085,108.33846211454123,119.13356128283583
2017-03-22,105.51863240327054,108.60214072528416,119.41389745531237
2017-03-23,105.44695324698665,108.639809098188,119.28648503421846
2017-03-24,105.55452960122847,109.01644521643543,119.19983665545647
2017-03-27,105.77872863416032,108.90347183832057,119.07750847131642
2017-03-28,105.55452960122847,109.50614993521175,119.94400127661957
2017-03-29,105.89526488306346,109.73208082083113,120.05612492793519
2017-03-30,105.6173352928896,110.2468528220007,120.43843430727796
2017-03-31,105.72491164713142,110.20916064349335,120.15807109120466
2017-04-03,106.19965161085545,110.14997202041428,119.9491125571702
2017-04-04,105.92087692883074,110.18776735653681,120.02553837483099
2017-04-05,106.05577471931464,110.09954385318453,119.66876736996448
2017-04-06,106.154660071957,110.23821139416891,120.005174382828
2017-04-07,105.89389160879013,110.18776735653681,119.88283718454957
2017-04-10,106.09169112391984,110.33908359903077,119.95420580885326
2017-04-11,106.5862523335366,110.12473809879648,119.81144151664915
2017-04-12,106.93685982489758,110.20034464144388,119.28648503421849
2017-04-13,107.11666272449307,109.97346946730151,118.5116978016252
2017-04-17,106.9098841081806,110.3013279391221,119.56168288254764
2017-04-18,107.53928548833942,110.27609401750429,119.20494793600709
2017-04-19,107.21557688710632,110.17519800683091,118.9857578261422
2017-04-20,107.06277851419873,110.54084387936487,119.95420580885326
2017-04-21,107.06277851419873,110.4525648296044,119.57190544423966
2017-04-24,106.918872812687,110.96953488004146,120.88692891372193
2017-04-25,106.49627885881156,111.17127928997321,121.59032949314394
2017-04-26,106.75706652862571,111.07033566830084,121.51390367548316
2017-04-27,106.8558942613262,111.14607710916009,121.61584082402348
2017-04-28,106.98182255395099,111.10822622662937,121.35078440600529
2017-05-01,106.65009518326964,111.16521680064895,121.65660486576458
2017-05-02,106.96560255203123,111.2031549701845,121.7024801880563
2017-05-03,106.91152627538997,111.30449535170726,121.5546496877659
2017-05-04,106.70416185658726,110.70933982032322,121.6974049658316
2017-05-05,106.74019350107613,110.89930046484066,122.17651316897651
2017-05-08,106.55088331787535,111.02586683278008,122.15610410450921
2017-05-09,106.56891834683,110.94993494730079,122.04400749679039
2017-05-10,106.71316016441735,111.43113313624914,122.26318859192608
2017-05-11,106.76725564770587,111.4437897731679,122.01339389949864
2017-05-12,107.30812405067849,111.40572464041365,121.80951058827962
2017-05-15,107.29915455281937,111.65905575611366,122.48236067233258
2017-05-16,107.45241388488402,111.8235920343933,122.37020096269104
2017-05-17,108.11053878552923,111.32978481973322,120.19884414767492
2017-05-18,108.09249415325095,111.45641466907395,120.68307264609966
2017-05-19,108.15560715101682,111.65905575611366,121.46801933846226
2017-05-22,108.06544160994487,112.00087223659652,122.08476252380231
2017-05-23,107.73192802245131,111.98827114629395,122.35492120764195
2017-05-24,107.90315516020515,112.17821592040906,122.64035964653071
2017-05-25,107.94822352569273,112.08959565720637,123.22649824989898
2017-05-26,108.02940036225827,112.15284710037142,123.20102297734539
2017-05-30,108.28184274974633,112.2669234706166,123.09399257771281
2017-05-31,108.40803033198353,112.25419541709536,123.06341503874701
2017-06-01,108.43153925138434,112.58100644298578,124.04205853896254
2017-06-02,108.9377300774942,112.64456735878836,124.45491841367435
2017-06-05,108.63039513135908,112.54286989362905,124.36313170958341
2017-06-06,108.94678600514021,112.3648041069262,123.96556060464987
2017-06-07,108.81111994939454,112.13592926375352,124.19491918842249
2017-06-08,108.621368013684,112.22497009220211,124.25607426576333
2017-06-09,108.51288894752362,112.31392363343784,124.06749775319021
2017-06-12,108.53997990412427,112.50470953846077,124.04205853896255
2017-06-13,108.65752450125427,112.70811240418858,124.64857916320138
2017-06-14,109.39867967841685,112.72091187452035,124.49058018900325
2017-06-15,109.13658595759483,112.28851513760235,124.25101707299702
2017-06-16,109.2269435648878,112.09775303818293,124.27815103267903
2017-06-19,109.09138314557632,112.44114068745701,125.31275719830374
2017-06-20,109.33539382107726,112.04690430570727,124.46765604936043
2017-06-21,109.38964295741815,111.398321102924,124.43696132127842
2017-06-22,109.48005818465296,111.70362774904152,124.38057496950563
2017-06-23,109.534249701052,112.161337759589,124.52913565281622
2017-06-26,109.73316320096859,112.31392363343784,124.61108742266205
2017-06-27,109.23603790582838,111.957879347453,123.60717598571014
2017-06-28,109.35349607304563,112.41572425642036,124.71354741840534
2017-06-29,109.01906056711212,112.13592926375352,123.61742559099889
2017-06-30,108.92873176966418,112.40296446209446,123.8479200152877
2017-07-03,108.69302796332066,112.34808465012951,124.05789719954063
2017-07-05,108.8742905669764,112.25864706183053,124.34474191668549
2017-07-06,108.59331672534887,111.97766178982052,123.20768477004667
2017-07-07,108.50268062192212,111.87552788880495,124.00666720137359
2017-07-10,108.6840008455197,112.00316550807001,124.1398579841156
2017-07-11,108.72933810394328,111.92660674211447,124.04768365257777
2017-07-12,109.20959037153392,112.65453396438319,124.97986588078508
2017-07-13,109.01931025340086,112.74393187667633,125.18987912336395
2017-07-14,109.27306829522043,113.06326794826663,125.77376407515814
2017-07-17,109.3727507232213,113.10152352564089,125.75843023291553
2017-07-18,109.84403349295282,113.1526579253586,125.82497604386683
2017-07-19,109.80777136882251,113.34415799786261,126.50620069553375
2017-07-20,109.90746340014701,113.40807599750977,126.56256000370978
2017-07-21,110.1612310454161,113.31869395561895,126.44985040267768
2017-07-24,110.03438083435135,113.40807599750975,126.41912863040814
2017-07-25,109.38184506416187,113.45913104521577,126.72641847093702
2017-07-26,109.74434146175417,113.62514326987264,126.73155679508442
2017-07-27,109.4724811677145,113.53574535757949,126.61374492823091
2017-07-28,109.76247252369346,113.54854482791126,126.46521128910788
2017-07-31,109.76247252369346,113.54854482791126,126.39352715341843
2017-08-01,110.16048198667576,113.66130395580261,126.6752065022284
2017-08-02,109.98782395470673,113.68706160028148,126.73671314928097
2017-08-03,110.14228370147099,113.46901829879894,126.49084882442361
2017-08-04,109.7152434118976,113.49467278587062,126.72133423339247
2017-08-07,109.74247841822695,113.44342729333657,126.95689486517678
2017-08-08,109.21543879147613,112.95607932785113,126.64450275882646
2017-08-09,109.32449405655133,112.51998478968488,126.63935541994991
2017-08-10,109.28810708933958,111.8018575339945,124.85181342278129
2017-08-11,109.48806735077756,111.99423841320414,125.03620715950281
2017-08-14,109.41533182964864,112.58411703955555,126.27571528656496
2017-08-15,109.2881070893396,112.62260273776373,126.26031834180884
2017-08-16,109.59710340920552,112.63537046729081,126.48059921913483
2017-08-17,109.7061586742807,112.00708549474297,124.50865447110628
2017-08-18,109.63347116976998,112.17379601647856,124.31401112968676
2017-08-21,109.78790210656332,112.28918962928564,124.41133280010115
2017-08-22,109.67887565145904,112.75086723750508,125.712275457564
2017-08-23,110.09687921978195,112.76366670783685,125.26157227319186
2017-08-24,109.8878438240507,112.93040897037714,124.96962529022557
2017-08-25,110.14228370147103,113.13557344951623,125.26157227319187
2017-08-28,110.14228370147103,113.14845227185968,125.26667453960411
2017-08-29,110.2240847535696,113.00737243138425,125.4101239417733
2017-08-30,110.31498974993237,113.31508344179164,126.0042404699887
2017-08-31,110.50581725713522,113.62295315601436,126.7623056115416
2017-09-01,110.06851102214432,113.73878320446964,126.94156102293421
2017-09-05,110.75175819930294,113.48124643506266,126.02985997643685
2017-09-06,110.36004851209627,113.40396556621684,126.46010000796662
2017-09-07,110.78822199297792,113.41691580537079,126.44473010739803
2017-09-08,110.46023991587236,113.05623736523191,126.29617843881664
2017-09-11,110.12309627456078,113.41691580537076,127.64325784217272
2017-09-12,110.00466817228538,113.55859872051093,128.0734888595641
2017-09-13,109.89536322104732,113.59713996512725,128.13495043356156
2017-09-14,110.16868321914725,113.75168583220854,128.09397905541246
2017-09-15,110.25973226536459,113.85475608633793,128.26642844080007
2017-09-18,110.15046572729521,113.80311383416148,128.53921037479304
2017-09-19,110.21421254391772,113.91911052163329,128.66793892803284
2017-09-20,110.07757655311391,113.90619202349201,128.71421990782054
2017-09-21,110.07757655311391,113.76459639535668,128.36936621010042
2017-09-22,110.22329728153466,113.88047405481096,128.3951029062555
2017-09-25,110.63332049370386,113.94482055511317,128.1325886070096
2017-09-26,110.61511260517547,114.08648759985101,128.20982573848084
2017-09-27,110.18690071099928,114.13792353700512,128.70909059781158
2017-09-28,110.35090615466336,114.13792353700512,128.86351077415134
2017-09-29,110.45110716163722,114.30546725444736,129.31646760950676
2017-10-02,110.5543236100938,114.24723878987757,129.87753659722665
2017-10-03,110.80103281752329,114.4541490120256,130.15548389955458
2017-10-04,110.73704591806155,114.33778730550806,130.30989506116515
2017-10-05,110.58178909606463,114.48002568452198,131.08204101473746
2017-10-06,110.49036552047711,114.3119026980185,130.93275014840665
2017-10-09,110.58178909606463,114.32488467776909,130.716579931462
2017-10-10,110.65480311332733,114.4153300357844,131.0613975702654
2017-10-11,110.59998738126937,114.29900800527271,131.26733621137967
2017-10-12,110.62742405726928,114.16964051340103,131.0717283069352
2017-10-13,111.06594991360707,114.22138592319268,131.23128680801312
2017-10-16,110.91064507499195,114.28607363672911,131.4062783115823
2017-10-17,110.89236035987444,114.4541490120256,131.49894844672633
2017-10-18,110.7279227671501,114.57058213535367,131.6276229121818
2017-10-19,110.89236035987444,114.58345302249593,131.66367231554835
2017-10-20,110.59086423035794,114.6869121010665,132.3431120762415
2017-10-23,110.70043807453203,114.55757634999951,131.828387170232
2017-10-24,110.42646505080226,114.55757634999951,132.06000841971706
2017-10-25,110.13413048549177,114.23435996774214,131.40627831158227
2017-10-26,110.12498812793301,114.09210571832584,131.57616754933
2017-10-27,110.45389212347851,114.40246708405128,132.65195242833022
2017-10-30,110.81927911934628,114.37652692994553,132.1577988501409
2017-10-31,110.66395507420977,114.40246708405128,132.3636653746033
2017-11-01,110.8389659187081,114.29332640539651,132.53871998009512
2017-11-02,110.820613980451,114.22846411743438,132.5901933724053
2017-11-03,110.9488086558182,114.24136674538134,133.03286454414604
2017-11-06,110.97631255495767,114.25440427154014,133.23873106801761
2017-11-07,110.88467770650186,113.9297198781067,133.14607896233193
2017-11-08,110.73816950604625,113.42339885994089,133.37256188766963
2017-11-09,110.44504746870085,112.86503882995622,132.88873003142098
2017-11-10,109.81311081298948,113.11172025186158,132.8475423033163
2017-11-13,109.8313475114888,113.03382043794868,132.97106041516605
2017-11-14,109.8587649808414,112.55336815707808,132.66225612140326
2017-11-15,110.32599515089238,112.55336815707808,131.99822232019542
2017-11-16,110.1977812690038,113.6571300429003,133.12036931036442
2017-11-17,110.33515671509842,113.57919848797474,132.72917153093388
2017-11-20,110.33515671509842,113.60515451248281,132.9556454415424
2017-11-21,110.70156166264252,113.83885395463753,133.82554576662184
2017-11-22,111.13203993943526,114.0207127645866,133.7071840089686
2017-11-24,111.00375883428117,114.09864431930419,134.01597928800223
2017-11-27,110.93965669493575,113.74797216076603,133.94908190792998
2017-11-28,111.095393682737,114.09864431930421,135.307979457593
2017-11-29,110.6556962217964,113.95578699522319,135.22561301552201
2017-11-30,110.5275015464292,113.98168747332309,136.4095100474775
2017-12-01,110.86913953993103,113.94521731475558,136.1263973762239
2017-12-04,111.04361259880906,113.90610473627918,135.96168252213104
2017-12-05,111.25488556743768,113.84087742947935,135.47272135587338
2017-12-06,111.46610091612447,113.7365692847998,135.4984400225701
2017-12-07,111.24570479658438,113.78871938943497,135.92566917649964
2017-12-08,111.10791640782503,113.90610473627918,136.66686799311765
2017-12-11,111.19054334512717,113.93221946460261,137.07863709977758
2017-12-12,111.10791640782503,113.88000587835808,137.32058908652326
2017-12-13,111.49367203852943,113.94521731475558,137.30514706871202
2017-12-14,111.69569701303925,113.71050216768337,136.74406005153372
2017-12-15,111.85180853021066,113.72351588823865,137.88282095835606
2017-12-18,111.52116633434525,113.84087742947935,138.75713843988265
2017-12-19,110.9517856840063,113.60617021760832,138.22424910625077
2017-12-20,110.65795300121515,113.69749638232926,138.1518438022703
2017-12-21,110.95605915987876,113.81658779596853,138.4364078242443
2017-12-22,111.03886856033004,113.9212609596938,138.4001871433865
2017-12-26,111.18615462937105,114.09152644905663,138.23458885764975
2017-12-27,111.80278359827899,114.14398602632939,138.30188288048882
2017-12-28,111.72920298529922,114.09152644905664,138.5864198588661
2017-12-29,111.87640262442746,114.26181574402297,138.06389732022996
2018-01-02,111.13095476461929,114.36659206515544,139.05205122857564
2018-01-03,111.33344069841205,114.9165090471295,139.93158816622142
2018-01-04,111.29663118533782,115.11289720001692,140.52138669882908
2018-01-05,111.25979286229266,115.19155879282594,141.45783283485983
2018-01-08,111.25060248811572,115.09985173865695,141.71649789850747
2018-01-09,110.84567863714841,114.74625149296782,142.0372735872009
2018-01-10,110.91928806009909,114.49750692021483,141.8199314708233
2018-01-11,111.18615462937105,114.87726950543443,142.85466384088417
2018-01-12,111.20462180751183,114.68081787093763,143.78598066749672
2018-01-16,111.30581195619114,114.61532870270726,143.2943962516765
2018-01-17,111.0021166670718,114.6284535160789,144.66027110542655
2018-01-18,110.56954486711041,114.51061586318414,144.41713820570035
2018-01-19,110.22896323845362,114.6284535160789,145.07418568809197
2018-01-22,110.12784031303977,114.73322983721137,146.25375570971056
2018-01-23,110.60638319028142,115.07368939933454,146.56411953035317
2018-01-24,110.53271614738891,114.90340010416018,146.50725540443253
2018-01-25,111.09411644157416,114.82488928017335,146.5693840589367
2018-01-26,110.94686878582772,114.9165090471295,148.2662842072598
2018-01-29,110.65236387088532,114.51061586318414,147.2833227114365
2018-01-30,110.27505915881531,114.11783955720128,145.77261020612875
2018-01-31,110.5051546283076,114.31418803429088,145.8450335389768
2018-02-01,110.01694121108467,114.0985729027017,145.67947131156598
2018-02-02,109.45399478292642,113.3752877697882,142.50803426632862
2018-02-05,109.51868272463618,112.74410645089405,136.548010431858
2018-02-06,109.29715341366195,113.4279536622913,139.23826591459684
2018-02-07,108.99261303281764,113.00714231075837,138.4829231840367
2018-02-08,108.52202170175875,112.02091654039457,133.28862690458033
2018-02-09,108.1713950037505,111.705302075448,135.29081565073056
2018-02-12,108.1713950037505,112.46800132406626,137.27747223295933
2018-02-13,108.13443183762392,112.11300448401163,137.61895446804755
2018-02-14,107.73765159918626,112.31021789719648,139.4763235920984
2018-02-15,108.24518688972444,113.21752021332074,141.25602288299447
2018-02-16,108.5681272255699,113.67773774556527,141.2974269616455
2018-02-20,108.10674547533526,113.28329504858516,140.41270662620647
2018-02-21,107.51614149498513,112.7704195590387,139.71430915235726
2018-02-22,107.66381169671995,112.84935094847943,139.8953674847728
2018-02-23,108.1620893898157,113.59890157853857,142.12522908397042
2018-02-26,108.30055001085216,113.79608325091881,143.77561387191022
2018-02-27,107.82993947327188,113.49368882154988,141.9803373446284
2018-02-28,108.0329343828399,113.32269329409561,140.54206620162702
2018-03-01,107.92188162783243,112.57157149566126,138.4984283037706
2018-03-02,107.57941774900115,113.2052444658501,139.2124480870607
2018-03-05,107.54241616958002,113.2052444658501,140.82141978221102
2018-03-06,107.63501134977037,113.3636627083973,141.1784071376239
2018-03-07,107.5979521504074,113.08641491364138,141.12670838062894
2018-03-08,107.81084807947225,113.21841689042877,141.8096187636118
2018-03-09,107.4314210345144,113.62763492137546,144.2774388788808
2018-03-12,107.57021777162647,113.44286389446975,144.09638054646524
2018-03-13,107.5794177490012,113.08641491364139,143.1650997781786
2018-03-14,107.82007686694377,112.95442087184715,142.43043655041646
2018-03-15,107.93112001850173,113.0335506413171,142.27526816218892
2018-03-16,108.05145918079666,113.27126529235076,142.42952607517583
2018-03-19,107.6905473304719,112.80917505387862,140.50236588315948
2018-03-20,107.31105306224855,113.0335506413171,140.7413069917141
2018-03-21,107.24629789739922,113.07318694265459,140.47122042452634
2018-03-22,107.43142103451441,112.39996495813311,136.95983362630224
2018-03-23,107.08904358559587,112.1094415811833,134.0405801442317
2018-03-26,107.46847063055374,112.83558338443724,137.70785649838356
2018-03-27,107.85713606630674,112.73000560861084,135.3651590943085
2018-03-28,108.1440063443688,112.67714133628652,134.96518108976798
2018-03-29,108.6344573343632,113.0599669070769,136.68971100078855
2018-04-02,108.5759827386422,112.62121407859942,133.73933910309086
2018-04-03,108.28829617857431,112.93938367645005,135.45347517492814
2018-04-04,108.28829617857431,113.19126265137633,136.9026900485033
2018-04-05,108.32542260120275,113.284088568078,137.98313547809377
2018-04-06,108.65018756728088,113.03219372274937,134.90808258443337
2018-04-09,108.70590601100565,113.45637753249065,135.57294572950082
2018-04-10,108.73375562967024,113.86724608403223,137.7285900889659
2018-04-11,108.80798926815399,113.90708076539893,137.0065833655087
2018-04-12,108.51099709415135,114.31801279854984,138.13376952016722
2018-04-13,108.54814272342705,114.38420026406699,137.7285900889659
2018-04-16,108.55741952739086,114.55658445047763,138.86095062609772
2018-04-17,108.56669633135469,114.60959949162412,140.34656647216036
2018-04-18,108.00985761262518,114.4902700219498,140.45048683394407
2018-04-19,107.60147656766534,114.13240857614552,139.6713094885004
2018-04-20,107.16530352385685,113.85406572425241,138.48697975604296
2018-04-23,107.11890990071412,113.5491717083876,138.46621912186393
2018-04-24,106.80338332530523,113.3237724808305,136.60143999322406
2018-04-25,106.46925512547642,113.33707186841984,136.93907299212324
2018-04-26,106.7847817007594,113.73469657878026,138.33111724312118
2018-04-27,107.02608424088231,113.68168153763376,138.46106276766744
2018-04-30,106.93330659779458,113.60217087892377,137.39617654559515
2018-05-01,106.64383382078861,113.6860141543514,137.64030105194306
2018-05-02,106.56013131199416,113.64608425077873,136.71570912054517
2018-05-03,106.5786849199218,113.63275312238473,136.41443202166914
2018-05-04,106.72758434620127,113.71266054094511,138.18053728883203
2018-05-07,106.60658255507876,113.81912705867832,138.64803468089644
2018-05-08,106.56936970266344,113.64608425077873,138.64803468089644
2018-05-09,106.55073926814667,113.83244231667,139.9881277660271
2018-05-10,107.0905417029506,114.16525235027532,141.29717455277324
2018-05-11,107.2767596182054,114.12532244670264,141.72828900121772
2018-05-14,107.08129370895769,114.15194502748483,141.79577233100645
2018-05-15,106.27152283348632,113.59279941320854,140.81925627733804
2018-05-16,106.13193862446522,113.73925931612376,141.4114166359068
2018-05-17,105.92713829131186,113.80585941168562,141.29197312552162
2018-05-18,106.36455976618642,113.68601415435138,140.9387088024524
2018-05-21,106.42974708034778,113.8457655098628,141.99839359727306
2018-05-22,106.31807010980727,113.92562531721617,141.60355391806146
2018-05-23,106.77416043249312,114.0188559287614,141.99318315588303
2018-05-24,107.0719688883757,114.08543221892775,141.70226383786436
2018-05-25,107.38842698542229,113.8990186066283,141.36465788256197
2018-05-29,107.95616546867774,113.41975660530889,139.73880183301836
2018-05-30,107.53729760173086,113.76596918411875,141.60355391806146
2018-05-31,107.49078873870445,113.65942331437384,140.73615965224684
2018-06-01,107.28451909816724,113.91880104899575,142.11785513711658
2018-06-04,107.0417280438873,114.15951520399088,142.79312113550574
2018-06-05,107.1164322449776,114.29321531258019,142.8970144531019
2018-06-06,106.72429040858479,114.57404188056685,144.09169295168752
2018-06-07,107.07904653286266,114.61418603457108,144.0760886711142
2018-06-08,106.90169247903283,114.54735581817532,144.5020738101405
2018-06-11,106.7989946095492,114.76132836437074,144.6942381353012
2018-06-12,106.80831943013122,114.8549160597605,144.88127315045287
2018-06-13,106.70557354415529,114.89499673215538,144.41896817032017
2018-06-14,107.19105961947875,115.22934619374728,144.78254520178243
2018-06-15,107.04172804388728,115.16246043115137,144.59784496899505
2018-06-18,106.92971495727117,115.14906582114801,144.30047119350155
2018-06-19,106.98572150057922,114.98855268694848,143.7473621011704
2018-06-20,106.38816471882366,115.10896927835077,143.99258638911783
2018-06-21,106.304145300475,114.86819957715548,143.08994502019948
2018-06-22,106.43482723490243,114.88163386295666,143.3508727489688
2018-06-25,106.33216777883922,114.614186034571,141.39940016851182
2018-06-26,106.68692390311709,114.60084697097584,141.71248639955638
2018-06-27,107.05107207111655,114.36010901058522,140.53852346209464
2018-06-28,106.91101729948893,114.03916209398983,141.34201319538815
2018-06-29,106.96698542962828,113.77177774721355,141.54551789388947
2018-07-02,106.98110230518164,113.88052960121911,141.8481021101822
2018-07-03,107.37442534962678,113.89399562803297,141.34723265150734
2018-07-05,107.71149216434924,114.32383723204693,142.5003267792215
2018-07-06,107.86138073233411,114.61933597638496,143.70559743866923
2018-07-09,107.93625779299813,114.7939737584713,144.99959885037097
2018-07-10,107.81450694313529,114.80736043327349,145.52133711820264
2018-07-11,108.02989973470987,114.63273058638835,144.45694669973656
2018-07-12,108.26400939058809,114.99537695496083,145.7666245086635
2018-07-13,108.3483265117178,114.99537695496083,145.8814074684584
2018-07-16,108.17039625884726,114.91479504492519,145.75098416976425
2018-07-17,108.09545197491776,114.95510583794592,146.34056635182554
2018-07-18,108.07675431713552,115.00881124097002,146.64842411202176
2018-07-19,108.24531173280583,114.95510583794592,146.09529699082304
2018-07-20,107.9268849557979,115.00881124097002,145.92831947042694
2018-07-23,107.49608016625318,114.96856392955863,146.19969512616385
2018-07-24,107.8332334108884,115.21036520628176,146.9353409458185
2018-07-25,107.9737107283785,115.42530584618767,148.187613753345
2018-07-26,108.07675431713551,115.43873219699567,147.83797330059843
2018-07-27,108.21718361800743,115.3984293391761,146.8362433979779
2018-07-30,108.06737187661165,115.43873219699567,146.06925379801132
2018-07-31,108.40449631140183,115.68052553851761,146.78925026462838
2018-08-01,108.02220747801357,115.78432583053042,146.54409809333285
2018-08-02,108.15371529764457,115.85181466799908,147.3423142833136
2018-08-03,108.49185768385934,115.94621175349198,147.97368817206362
2018-08-06,108.59514135558143,116.16208874651169,148.51634032328883
2018-08-07,108.25703738253534,116.21604014056398,149.00676185499609
2018-08-08,108.0879037679502,116.14859097910116,148.9442275429959
2018-08-09,108.17249938521367,116.06763611481861,148.7407048162178
2018-08-10,108.35097702702812,115.86529656521529,147.74413126720304
2018-08-13,108.32276248244285,115.78432583053042,147.1910221748719
2018-08-14,108.4636527425977,115.98674473193742,148.13022678022136
2018-08-15,108.68907139675059,115.78432583053042,147.02404465506658
2018-08-16,108.8300000702,115.93274572667809,148.21371103335022
2018-08-17,108.92391090472186,116.06763611481861,148.7354943748278
2018-08-20,109.20564340828749,116.12161924967559,149.05375498834567
2018-08-21,108.93329334511985,116.29693152323716,149.40335036803714
2018-08-22,108.92391090472186,116.3374406962871,149.3146376446507
2018-08-23,108.96145026988916,116.32391912306508,149.1163974759145
2018-08-24,109.17748648364403,116.52630628387541,150.01381037457523
2018-08-27,109.00842009219846,116.56675197531601,151.19821222368458
2018-08-28,108.59514135558142,116.5128719978662,151.2713386959561
2018-08-29,108.48245603681409,116.44537522519639,152.08524931262045
2018-08-30,108.58573970853618,116.35091465809413,151.46953379163722
2018-08-31,108.42609417078313,116.49934248965099,151.47470817470128
2018-09-04,108.2263547855371,116.25678736944094,151.21389763563894
2018-09-05,108.16041841276129,116.13486309085674,150.80687021035953
2018-09-06,108.46188573230691,116.22971248240019,150.35299388562507
2018-09-07,108.00970395957286,116.10778820381597,150.06074942014055
2018-09-10,108.3676964015254,116.33805170636103,150.3216861636391
2018-09-11,108.12271579109216,116.36520594520543,150.81729109313963
2018-09-12,108.33944344364555,116.63620080601711,150.85387235843837
2018-09-13,108.56549591678097,116.85293480034697,151.74606580157067
2018-09-14,108.43356555116162,116.96126608889861,151.77217209630504
2018-09-17,108.3676964015254,116.8800334927832,150.96860123103974
2018-09-18,107.92493548260973,116.8665277901715,151.78780342047511
2018-09-19,107.76473295246328,116.64972237923917,151.94965163086223
2018-09-20,108.04736816782159,116.81232246968183,153.18093843834336
2018-09-21,108.06620987533253,116.83936561591793,153.0409776879223
2018-09-24,107.82121005825202,116.78516029563626,152.53262610741578
2018-09-25,107.82121005825202,116.69036645050099,152.39113287430246
2018-09-26,108.20752268134986,116.81232246968187,151.93504797104907
2018-09-27,108.34885469414036,117.02902472320704,152.35961781709005
2018-09-28,108.27351667419343,117.1103684119308,152.37533928737037
2018-10-01,108.12417549527831,117.4492171294649,152.9047489839833
2018-10-02,108.21867213216454,117.35393923726636,152.81554045699062
2018-10-03,107.5855254584299,117.04094338683318,152.899484454809
2018-10-04,107.14138166191725,116.60541224753385,151.70449044483755
2018-10-05,106.72561566623997,116.08824381748357,150.85536878280467
2018-10-08,106.6122100987032,115.8297151485546,150.85536878280467
2018-10-09,106.91458973336513,116.00656685031075,150.63519608104727
2018-10-10,106.62165015904304,115.17636289361346,145.8656679687199
2018-10-11,107.06579395568157,115.27170426721331,142.65272768399205
2018-10-12,107.08470288633211,115.88414265446896,144.63398451847195
2018-10-15,106.88627915554349,115.8024260112903,143.8215522967156
2018-10-16,107.16029059256782,116.19713056970096,146.96632414168965
2018-10-17,106.63111902935375,115.9658354918361,146.99248452420832
2018-10-18,106.63111902935375,115.47590065264195,144.86979755912856
2018-10-19,106.49879492784282,115.54391321297169,144.7911631635396
2018-10-22,106.36650923950057,115.59835658928839,144.14123721853872
2018-10-23,106.51772306514063,115.48946983686297,143.40747545128804
2018-10-24,106.66889847748615,114.91784216009364,139.06243605302984
2018-10-25,106.53656477265159,115.14922452496334,141.55729998187059
2018-10-26,106.71613719260564,114.63203228930956,139.06767353801658
2018-10-29,106.5933203747,114.52316140728647,138.29717725684353
2018-10-30,106.35703076586624,114.79539415864832,140.34657548688972
2018-10-31,106.05465113120431,114.79539415864832,141.84557802086832
2018-11-01,106.37608374637134,115.32193405462185,143.3550825695988
2018-11-02,105.94938917632308,115.25350886403938,142.5059879511627
2018-11-05,106.13904507892312,115.34934221990365,143.2921786590193
2018-11-06,106.31916488794695,115.65019722128598,144.1989126582698
2018-11-07,106.5941366565799,116.32032447964,147.2860721654354
2018-11-08,106.28133742319639,116.03309420888688,147.01872603810799
2018-11-09,106.35709798913169,115.37664722757026,145.58262741470884
2018-11-12,106.34762911882095,114.66545533250054,142.86239837158826
2018-11-13,106.20542320433456,114.47400287120352,142.59502520066408
2018-11-14,105.9210017719123,114.25516605022821,141.62019487772085
2018-11-15,105.72184818903064,114.22785310736043,143.0982023975157
2018-11-16,105.93048984887032,113.88589379346456,143.47040640546422
2018-11-19,105.82621703556867,113.53029387832912,141.04366584332217
2018-11-20,105.570240627499,113.17467015759017,138.43349610689273
2018-11-21,105.7977335980474,113.74913069930443,138.9051852907195
2018-11-23,105.84511636289558,113.11994111444743,137.97749233561115
2018-11-26,105.89254714436196,113.65336082504949,140.20501915185366
2018-11-27,105.75979089353902,113.59871906891159,140.67673537927718
2018-11-28,106.04419311931399,114.54237251537782,143.91587210425885
2018-11-29,105.74082434294662,114.56967752304443,143.6014066391457
2018-11-30,105.67446542418244,114.3372159714399,144.47669769783562
2018-12-03,106.06724107943191,115.12856127609821,146.3897680631034
2018-12-04,106.08634207655521,114.41416356204468,141.64641836275305
2018-12-06,106.4096857516159,114.01575326739264,141.4314831459824
2018-12-07,106.4192026385448,113.79587693589632,138.14520905316584
2018-12-10,106.74259433034956,113.87836329296425,138.40729966604812
2018-12-11,106.93278801869575,114.08440064360781,138.43871556301193
2018-12-12,107.04691383500193,114.45538690257571,139.13579690471525
2018-12-13,107.33227639238558,114.73015098123811,139.0886324938744
2018-12-14,107.21813136943213,114.24925432972614,136.52040771275736
2018-12-17,107.33227639238558,113.50733735778246,133.84206953716492
2018-12-18,107.71584246681083,113.30181579479883,133.69532078901565
2018-12-19,107.62994079841354,112.28023079361505,131.69315007232382
2018-12-20,107.27692287458146,111.30023415159198,129.54945006419268
2018-12-21,107.17193941583405,110.74806357415025,126.89504566373235
2018-12-24,106.92392415727079,109.91977993467958,123.54209054079914
2018-12-26,106.83805129884445,111.76948987151872,129.78403711881364
2018-12-27,106.83805129884445,111.70044573566113,130.78044840447552
2018-12-28,107.34370433920814,111.86616435808277,130.61175810916671
2018-12-31,107.63946728866611,111.94892844698356,131.75576551570504
2019-01-02,107.97338421562661,111.79714402782868,131.89280553404532
2019-01-03,108.02113190652132,111.85234124763235,128.74547354202213
2019-01-04,107.95434083844513,113.72966566477565,133.0579161297452
2019-01-07,107.96382891540313,114.8339354030566,134.1070358090729
2019-01-08,108.20241371682432,115.57936766641362,135.36699807365747
2019-01-09,108.6126385986641,115.71740039172059,135.99967006568582
2019-01-10,108.3264021394587,116.17286474200156,136.47939126214393
2019-01-11,108.52675613691412,115.80023589743189,136.5321266988157
2019-01-14,108.24055809100328,115.42755944165522,135.6991501934267
2019-01-15,108.30736836572675,115.81398759127981,137.25438583055438
2019-01-16,108.51722964678746,115.99342616653668,137.5864928772685
2019-01-17,108.73668464124029,116.31101649532604,138.63032098323436
2019-01-18,108.92749294179586,116.6421680731353,140.4755023612174
2019-01-22,109.10873633893021,115.86924035728362,138.57757653183342
2019-01-23,109.38544630788307,116.10392376375917,138.86755833160547
2019-01-24,109.67166356056708,116.22815718401122,138.94137892798045
2019-01-25,109.76707251244375,116.51805368048474,140.11703661089652
2019-01-28,109.7480195320645,116.33859129962435,139.05206024271402
2019-01-29,109.98646988708064,116.26957890457146,138.86755833160547
2019-01-30,110.49216134073889,117.19438626178402,141.0659499454642
2019-01-31,111.26498825660511,117.4843462398669,142.30485409394234
2019-02-01,110.9998983009476,117.42741914745665,142.3734011470046
2019-02-04,110.84678301861166,117.7047859702301,143.37500484518895
2019-02-05,111.29658316871966,118.12082826939717,143.9760355755687
2019-02-06,111.08602084553682,118.00983869011826,143.7862511052367
2019-02-07,111.06688143524484,117.60767504801781,142.41558949646017
2019-02-08,111.34439808287986,117.57996534529963,142.5895533356725
2019-02-11,111.09563376570215,117.63543236173497,142.66865649068018
2019-02-12,111.2487010314199,118.20394150673334,144.50326373785023
2019-02-13,110.96158106706908,118.03757219823194,144.97242883177222
2019-02-14,111.08602084553685,118.0514349848962,144.65089591646182
2019-02-15,111.2199967175808,118.42587305387613,146.22718065555756
2019-02-19,111.28702786862208,118.46751695986109,146.4802115908608
2019-02-20,111.19130200719118,118.56454853026975,146.77546693394552
2019-02-21,110.87550653897218,118.45364623820369,146.25352132970588
2019-02-22,111.37309279339532,118.68936121979104,147.1603454756574
2019-02-25,111.33485238598,118.78644040140665,147.36061393069212
2019-02-26,111.5070782687629,118.93896279364616,147.25521517400045
2019-02-27,111.19130200719115,118.9805352828206,147.1919146212449
2019-02-28,111.03816751820794,118.911205479929,146.9177804961893
2019-03-01,110.84431496619871,119.24830051904496,147.83515172935697
2019-03-04,111.09385715208768,119.06721142298515,147.2973854945884
2019-03-05,111.13223200578217,119.01155396192978,147.09703590817267
2019-03-06,111.23784928351215,118.81646718099388,146.20606845166677
2019-03-07,111.60261206384688,118.73294131340495,144.98298493371757
2019-03-08,111.7466618150873,118.53791007887722,144.69303919286224
2019-03-11,111.87140889978559,118.92794080712801,146.79128756506523
2019-03-12,112.17855177957381,119.13685069851434,147.34482034375998
2019-03-13,111.99620400097623,119.45720247543814,148.3201735133154
2019-03-14,111.77542374874233,119.3736766076412,148.22522268359134
2019-03-15,112.17855177957378,119.48509468736717,148.95750605593403
2019-03-18,112.12102791213778,119.44330001276803,149.49765214612205
2019-03-19,112.14022494237162,119.5129630939007,149.53469315670108
2019-03-20,112.8985508499907,120.02830642934637,149.08461197978056
2019-03-21,113.10977580200112,120.00046182841632,150.76849503876696
2019-03-22,113.80088809555564,119.5687078421689,147.8667118602154
2019-03-25,114.03130047447627,119.5268814267651,147.75553474187558
2019-03-26,114.07928824833607,119.81940447295318,148.85686701008126
2019-03-27,114.23289329979997,119.90293034075012,148.07856408155234
2019-03-28,114.37685662125354,120.13975624987698,148.63983139095106
2019-03-29,114.29044597708102,120.44618969372836,149.57703475418958
2019-04-01,113.86488459846692,120.4168929520246,151.35097371289586
2019-04-02,114.01893140244057,120.47276466330352,151.42510982065667
2019-04-03,113.77820506135838,120.5147497825227,151.66334778978785
2019-04-04,113.96117705548899,120.6966562038868,152.06574170807374
2019-04-05,114.14409142980362,120.92053187385969,152.80176614162764
2019-04-08,113.98043170566463,120.8505037736813,152.91827089047368
2019-04-09,114.22114844342319,120.76660495184548,152.1345591994667
2019-04-10,114.77955250277299,121.2982313084396,152.65358407162552
2019-04-11,114.66406301551709,121.48019327600386,152.61112528443007
2019-04-12,114.59660931861329,121.66200447474591,153.64373020735303
2019-04-15,114.41371415094592,121.57804217130075,153.543091162091
2019-04-16,114.09595960621508,121.50811722873756,153.643730207353
2019-04-17,114.07671455936305,121.21428487539679,153.2678392265683
2019-04-18,114.17294939656917,121.27029148509556,153.56961212845977
2019-04-22,113.99003502238041,121.06045317579661,153.70200061152974
2019-04-23,114.46181716456351,121.48019327600387,155.08402963665287
2019-04-24,114.84698699302946,121.31225279871123,154.73983400530108
2019-04-25,114.7891942327833,121.3682356028065,154.64449554753932
2019-04-26,115.19358990132811,121.67596248361623,155.36469033465357
2019-04-29,114.7410624091948,121.62008283713615,155.60822889187583
2019-04-30,114.7891942327833,121.63400910520174,155.6876836165952
2019-05-01,114.75250956279051,121.23494018926877,154.51738962310208
2019-05-02,114.33728135298524,121.3193071875575,154.18384925453506
2019-05-03,114.84909011939588,121.6283671811234,155.69300223296304
2019-05-06,115.00360748597609,121.6846118466492,155.05224414110975
2019-05-07,114.99394654931845,120.9540660100751,152.462907156102
2019-05-08,114.60763392622061,120.99609874050128,152.25106394890346
2019-05-09,114.71389462613091,120.81351782766193,151.79039962644077
2019-05-10,114.78150197608701,121.15074776519776,152.55296305582186
2019-05-13,114.84909011939585,120.04078849183945,148.71926808621205
2019-05-14,115.01323961266279,120.30772053256517,150.06422004302098
2019-05-15,115.33191607583358,120.42012257640395,150.9432161045962
2019-05-16,115.14842550260411,120.7854272357037,152.3411198486233
2019-05-17,115.15811524923268,120.74323580125414,151.35627429980528
2019-05-20,114.88771465937909,120.63086549801203,150.3554548724254
2019-05-21,114.98430481930808,121.01023132358921,151.711017018964
2019-05-22,115.1291132326125,121.10854839554702,151.24503407954276
2019-05-23,115.38020155247446,120.50438641728545,149.39701310085997
2019-05-24,115.62159052251013,120.33589047653506,149.7359261741699
2019-05-28,115.69888761909479,120.22343288608009,148.34329597404627
2019-05-29,115.74716349241201,119.90021650382272,147.34781319249262
2019-05-30,116.41346081543193,120.15315085967234,147.75021612550768
2019-05-31,116.68389021525643,119.28208064628856,145.75929563486469
2019-06-03,117.04326553493185,119.47405683044666,145.38855199295654
2019-06-04,117.0819861080256,120.67374729433912,148.54451997678595
2019-06-05,117.00446813524901,120.95597045689934,149.83124660247324
2019-06-06,117.22730349723113,121.21003161048279,150.80552703461672
2019-06-07,117.75038655753785,121.52059135602941,152.3146349399896
2019-06-10,117.3241625499703,121.7040768811779,153.01364540715198
2019-06-11,117.43070174614023,121.87340601763495,152.97648720686598
2019-06-12,117.60507877178188,121.59113524386773,152.70653585884355
2019-06-13,117.90538408992242,121.87340601763495,153.33660263017686
2019-06-14,117.95375599647603,121.78865812989818,153.16720018130619
2019-06-17,118.01187526947415,121.60528369735802,153.22539846824031
2019-06-18,118.79653347162989,122.4520880832505,154.82988990502085
2019-06-19,119.55205521063452,123.0307780838592,155.17935006495617
2019-06-20,120.20107616688966,123.65174680633832,156.66192798982183
2019-06-21,119.76517201614305,123.25656613606557,156.4342551367744
2019-06-24,120.06544852443857,123.24247322898347,156.24267676073944
2019-06-25,119.70708155298996,122.72025007911725,154.71032018960872
2019-06-26,119.46489550784756,122.66381496897141,154.55600818883758
2019-06-27,120.16235559379591,123.00252085288446,155.1040060000273
2019-06-28,120.47232184871997,123.04484718554582,155.90210500030108
2019-07-01,120.70061189462689,123.08172997415805,157.3174880625763
2019-07-02,121.03086995779849,123.35106637917363,157.72720183993175
2019-07-03,121.36116643426462,123.81890963433251,158.98825487197746
2019-07-05,120.29256696561679,123.32273773118037,158.80734978759483
2019-07-08,120.12742833077029,123.08172997415805,157.93471803679338
2019-07-09,119.87485149675128,122.93992803079232,158.1315609420027
2019-07-10,120.14688465049059,123.28017334269194,158.8871650961643
2019-07-11,119.43771812133413,123.03923700227213,159.2596485565819
2019-07-12,119.55430238672959,123.23772004681189,159.97261363132762
2019-07-15,119.75833445462123,123.32273773118034,160.02583585687645
2019-07-16,119.50570960398403,123.06755771506424,159.50965959955573
2019-07-17,120.13714688724382,122.91160731820823,158.42424712271836
2019-07-18,120.41888899425896,122.96824874358445,159.00424678058837
2019-07-19,120.23426522959535,122.75563311595674,158.12097779646055
2019-07-22,120.60345513898076,123.16679526973356,158.50936301937887
2019-07-23,120.6714466216307,123.37945850856826,159.64269713367406
2019-07-24,121.01147125789407,123.47866432243289,160.39298267146785
2019-07-25,120.62292106202473,123.30857340728775,159.62672325452147
2019-07-26,120.78804049034981,123.57789394190102,160.69625199772562
2019-07-29,120.71031124445315,123.39363076766207,160.40363793366183
2019-07-30,120.6714466216307,123.45033567464763,160.00995212324324
2019-07-31,120.77834114039764,123.2377200468119,158.2592618302948
2019-08-01,121.76028027858423,123.17647620808634,156.8811992310677
2019-08-02,121.88694802662572,122.99138777354995,155.69994347872392
2019-08-05,121.97455908537196,121.71003621309498,151.0175775776324
2019-08-06,122.73440231699313,122.49310510855116,153.13527045186856
2019-08-07,122.71492679062553,122.47892491425618,153.22568693543855
2019-08-08,123.04616439217892,122.96287661613776,156.23202149795458
2019-08-09,122.68574231098212,122.79205566310918,155.1678654589025
2019-08-12,123.45532330585,122.36489615521798,153.2789452193133
2019-08-13,123.35784964077561,122.90600507013568,155.66267710346017
2019-08-14,123.718338945112,121.80971020341245,151.06012651093812
2019-08-15,124.32230113907733,122.16563546158778,151.45920305496716
2019-08-16,124.54636572560412,122.57851955277002,153.69399564249494
2019-08-19,124.13722601858031,122.934428940335,155.54561344849444
2019-08-20,124.8581085941426,123.03409499565933,154.3537565211502
2019-08-21,125.08213476737484,123.56094436447842,155.60949093623725
2019-08-22,124.62426783120041,123.78862099310672,155.56162338597295
2019-08-23,125.08213476737487,123.21915168939104,151.56566553493238
2019-08-26,125.09193015056343,123.83135202081965,153.2416608145911
2019-08-27,125.76401827358377,123.77440905800708,152.64040471952657
2019-08-28,125.76401827358377,124.07335167736397,153.71527010914778
2019-08-29,125.49133209434049,124.20149714908779,155.6786329531544
2019-08-30,125.47183736132564,124.08762709407297,155.60949093623725
2019-09-03,125.35364934201532,123.7316145486848,154.6996468979563
2019-09-04,125.58804709735094,123.98892913266708,156.45552960342718
2019-09-05,124.66983556913962,124.47501540220685,158.4667960566148
2019-09-06,125.11916515689279,124.58948853209442,158.5891963574067
2019-09-09,124.20101124849741,124.7181577268873,158.6689756076503
2019-09-10,123.15582466613988,124.7896141622359,158.63170923238647
2019-09-11,123.0581397280713,124.77529906952107,159.75976078863977
2019-09-12,122.89205996813754,124.84681898647905,160.31313130398163
2019-09-13,121.78831236027214,124.6180631711159,160.20677699958497
2019-09-16,122.40367369121499,125.06133906093105,159.71192929670144
2019-09-17,122.71620403178838,125.13271614426797,160.1163064282307
2019-09-18,123.019054228931,125.06133906093106,160.21205955762687
2019-09-19,123.370718085137,124.91832303282668,160.20142232430044
2019-09-20,124.22052518815956,125.07555893123188,159.44452006686052
2019-09-23,124.13257801333768,125.01838584779344,159.4070914288346
2019-09-24,124.52336578197854,124.8468189864791,158.15624292902257
2019-09-25,123.82000925959562,124.71815772688734,159.09168844429325
2019-09-26,124.08381237076662,124.63237032862959,158.76029355173173
2019-09-27,124.1130544703519,124.48938604112185,157.90502392947147
2019-09-30,124.52336578197851,124.63237032862959,158.63729828708497
2019-10-01,124.6662919452343,124.34527495608832,156.75039731906503
2019-10-02,124.61737264973678,123.61304685790661,153.98141729403628
2019-10-03,125.10708418431449,123.68498734011047,155.2429751444174
2019-10-04,125.62615305823526,124.07251848186537,157.34373859120515
2019-10-07,124.98952038066307,123.9720192310424,156.66486675077013
2019-10-08,124.8817807699194,123.5126586999,154.23267235250415
2019-10-09,124.93077689200607,123.88591442494594,155.69736530162567
2019-10-10,124.1961999867529,124.04376926862624,156.75039731906506
2019-10-11,123.97096379562329,124.56050919822945,158.3754420536166
2019-10-14,124.3823218688972,124.64675683794697,158.19900821346545
2019-10-15,124.04931725705299,124.91944983056055,159.76527772668638
2019-10-16,124.18646222363203,124.81895851514675,159.50868602239237
2019-10-17,124.36271189599863,124.99124747935137,159.97899597155975
2019-10-18,124.51948604199762,125.0198855997742,159.27877754782003
2019-10-21,124.23541993242412,125.06291022972236,160.35854688217458
2019-10-22,124.45086074049105,125.09173085977203,159.83472624026015
2019-10-23,124.51948604199765,125.20656107350419,160.2997356019273
2019-10-24,124.7936703387216,125.350116694872,160.56168198091504
2019-10-25,124.57820072068377,125.45064768649965,161.21922526691293
2019-10-28,124.2059953699415,125.43624530657196,162.1278793774841
2019-10-29,123.88278614116001,125.20656107350419,162.07983153499933
2019-10-30,124.3235111569747,125.04865861861687,162.57695091832457
2019-10-31,125.07763081186094,124.61799175430545,162.1439614322053
2019-11-01,125.20044762989247,125.15280012407189,163.64601090211005
2019-11-04,124.61122652701349,125.41229688671135,164.30348207145607
2019-11-05,123.89432932799207,125.28260405179978,164.1217656726722
2019-11-06,124.5915685376226,125.13839774435223,164.1591943106981
2019-11-07,123.61936716255688,125.08066126204685,164.7364895870337
2019-11-08,123.45237508750682,125.1960548746459,165.142831902348
2019-11-11,123.49168146296489,125.1239556886267,164.8273748300224
2019-11-12,123.6095045562287,125.15280012407186,165.17483374843752
2019-11-13,123.90416312434928,125.02309935395914,165.22827232394192
2019-11-14,124.55229097213541,124.95094462153176,165.46883606129904
2019-11-15,124.57191054823173,125.32575564475859,166.66626401447422
2019-11-18,124.70938202756277,125.16723424459619,166.78918716246912
2019-11-19,124.954958043684,124.72034784074566,166.7410672033325
2019-11-20,125.13173589847311,124.46078759670489,166.12102467201237
2019-11-21,124.83709653712563,124.48964790255239,165.85372361774006
2019-11-22,125.18084726031753,124.96536287165377,166.2225832072442
2019-11-25,125.61288127453277,125.29689533891109,167.51080625729784
2019-11-26,125.9369644056395,125.44106990555399,167.89028505067003
2019-11-27,125.92709219548422,125.59968652792239,168.63873160911498
2019-11-29,125.67177841624213,125.3257556447586,168.01326228644925
2019-12-02,125.126262007901,125.24038881174675,166.58607009200546
2019-12-03,126.09130891138724,125.0667270587801,165.46883606129904
2019-12-04,125.9238846874028,125.44295054677477,166.4897941154063
2019-12-05,125.78603867895337,125.6311416428878,166.78918716246912
2019-12-06,125.71707726137116,125.80483513665914,168.31261927459536
2019-12-09,125.69741927198031,125.80483513665914,167.78340789907043
2019-12-10,125.69741927198031,126.10876899401462,167.59635485446037
2019-12-11,126.18976211509522,126.36919417456673,168.07203750837064
2019-12-12,125.60878065823407,126.65859868877583,169.5207024899645
2019-12-13,126.42611894681681,126.78892633936482,169.6222790546547
2019-12-16,126.1404874972524,127.03491739939258,170.78756092784585
2019-12-17,126.04207270734248,127.4256305543198,170.8250075947393
2019-12-18,125.9534532999918,127.65718749361517,170.83569891585003
2019-12-19,126.07786426836276,127.59038108303093,171.53595339850648
2019-12-20,126.03833701646099,127.40160278244747,172.28793368175462
2019-12-23,126.0975990845945,127.45968841339625,172.55117816402074
2019-12-24,126.2259282062409,127.5613779433544,172.55655086817282
2019-12-26,126.4530178369447,127.75012450313321,173.47510301432106
2019-12-27,126.63066959431082,127.69203093698329,173.43212137992262
2019-12-30,126.85778803599253,127.60495010176716,172.47596030352804
2019-12-31,126.33452251165558,127.72109755806117,172.8949771526057
2020-01-02,126.6010913789017,128.2584372553362,174.51187268481885
2020-01-03,127.03551661843728,128.12777632650617,173.19036771485577
2020-01-06,126.61096358779827,127.99702811046329,173.85122837511048
2020-01-07,126.28517106747539,127.88087271917612,173.36227622358206
2020-01-08,126.10751931010927,127.99702811046329,174.28627319112508
2020-01-09,126.70969528713651,128.33109190502114,175.46810587845613
2020-01-10,127.06516205736362,128.37464819303156,174.9630897016648
2020-01-13,126.75905633539554,128.37464819303156,176.16639517673673
2020-01-14,126.91700208624911,128.3601188500932,175.8977960191861
2020-01-15,127.193471972111,128.38922514717692,176.29524993441268
2020-01-16,127.37121015863463,128.4328369815955,177.76179989234146
2020-01-17,127.35144653268374,128.33109190502117,178.3150622327055
2020-01-21,127.96357154620364,128.05519309342375,177.96589053937763
2020-01-22,128.0326674106944,128.28750387620607,177.98739938603524
2020-01-23,128.20047576762443,127.89540206190651,178.19154412085572
2020-01-24,128.4177219991508,127.35805442963834,176.60681269749412
2020-01-27,128.66456565298535,126.50115647534837,173.77590233963997
2020-01-28,128.59542177187637,127.59038108303105,175.59697866499957
2020-01-29,129.01014100615816,127.51774230354043,175.45198776540894
2020-01-30,129.08908026982633,127.64849051937529,176.0213141310358
2020-01-31,129.424677778046,127.12560874843615,172.82518608404936
2020-02-03,129.32278658724456,127.10522323119588,174.10897394878828
2020-02-04,129.00606920020797,127.86361366890804,176.76260309317328
2020-02-05,128.92686104372964,128.38867761871236,178.80390620866538
2020-02-06,128.86746452982044,128.49080358452673,179.40554091703837
2020-02-07,129.36241947520287,128.30116034763995,178.4493798406438
2020-02-10,129.66924544518514,128.47613140796733,179.78159416058512
2020-02-11,129.48118369330217,128.56368835504557,180.09315692366664
2020-02-12,129.42177757531408,128.8991090679631,181.2534266765558
2020-02-13,129.33271641683822,128.9429668934099,181.06004537949786
2020-02-14,129.6494722164141,128.9283264576552,181.35009929592178
2020-02-18,129.89689206966693,128.66576670965296,180.88281825381299
2020-02-19,129.7187793530179,128.7241062668311,181.74764335725854
2020-02-20,130.15428976787297,128.9429668934099,181.0009456320523
2020-02-21,130.41162024382047,128.82618462143847,179.13695978894611
2020-02-24,130.43143188638956,127.4406598145158,173.19577647733382
2020-02-25,130.5601163312623,126.55103711411356,167.94758187768352
2020-02-26,130.0750624044956,126.68230111781635,167.32984708513098
2020-02-27,129.38220230805277,124.9758373297075,159.8147859346207
2020-02-28,130.83725844852017,125.48630845496412,159.14334212882383
2020-03-02,130.70726795339473,126.43852397745844,166.03529578262948
2020-03-03,132.19596451366,125.8965025148224,161.28128180476523
2020-03-04,132.38457365398338,127.62512930398513,168.06039063896424
2020-03-05,132.33485728375666,126.01370535224774,162.4737697542903
2020-03-06,133.25788967728786,124.59267054547489,159.78794044213697
2020-03-09,130.02248424533497,119.23104146898493,147.3093839331157
2020-03-10,127.09468265333432,121.0621989188056,154.93188114075457
2020-03-11,122.91640437606546,118.42532552541168,147.37922007472713
2020-03-12,117.05100580824622,113.69359226605866,133.27838631402065
2020-03-13,122.12246937007178,117.26800900538757,144.67183684286115
2020-03-16,120.385651914935,110.8223449390347,128.84132583225758
2020-03-17,115.45312913995022,111.86241101063447,135.79770686519657
2020-03-18,109.67699340128436,106.92561642975755,128.92188935330563
2020-03-19,104.25815866589842,104.52310109979928,129.19584318555
2020-03-20,105.93539714372513,102.17919512365083,123.62826114600394
2020-03-23,113.7659512292063,100.53848236520287,120.46729907133088
2020-03-24,116.0982607529009,104.6842331790659,131.38204705452247
2020-03-25,121.6559882586353,107.62871442525206,133.3488444630837
2020-03-26,121.75527695061874,112.55092411699043,141.13503787518775
2020-03-27,121.50713684897406,112.84391533963142,136.93126634476732
2020-03-30,122.98591318284345,113.81079510327598,141.37818880378154
2020-03-31,122.57904946188569,112.90253262864243,139.27089878345785
2020-04-01,120.79798952646487,109.80335474676082,133.00304423179702
2020-04-02,121.1164547167674,110.65722939148583,136.0721204421305
2020-04-03,120.48959821548475,108.28689127917524,134.1053140194309
2020-04-06,122.86754270050989,110.92229666139313,143.1126528087051
2020-04-07,123.05661280074555,110.92229666139313,143.25857221299475
2020-04-08,125.27532469055649,113.80797017374024,148.06753020604975
2020-04-09,131.16550941919118,121.25778561699912,150.32073061593388
2020-04-13,129.8919463605105,119.52043804820092,148.9482751008636
2020-04-14,129.25517923665913,120.02103779027671,153.34120007825368
2020-04-15,130.12079339918844,118.90214348664337,150.0829523914922
2020-04-16,129.47403882630505,118.78432963935211,150.80705050257978
2020-04-17,129.90189539700313,119.38795995955142,154.88112891732627
2020-04-20,129.1656283079224,117.5918284625177,152.15242614575232
2020-04-21,128.7079150249262,115.44224748861704,147.53260357139015
2020-04-22,128.78753612406922,116.45804773230948,150.80705050257978
2020-04-23,129.33478112890307,116.3992558690808,150.7961879039778
2020-04-24,129.24520139044722,115.30975352956526,152.8980781765526
2020-04-27,128.2004949745234,115.78086608531723,155.10265380955548
2020-04-28,128.54874965297748,116.13421240477702,154.38943632593742
2020-04-29,129.39444653688116,118.1806517079458,158.4311162518276
2020-04-30,128.5189409572975,118.41623179152934,156.95607453657786
2020-05-01,128.01019564974305,116.37368866922198,152.8008105933317
2020-05-04,128.20967574512497,116.21096955076177,153.2223154733974
2020-05-05,128.04014839401887,117.21673970745803,154.6380230611968
2020-05-06,126.60383792770016,116.55116725124637,153.58975075518705
2020-05-07,126.94297905781113,116.84698340363111,155.44304527777336
2020-05-08,126.33453211573442,117.9562285095083,158.0150561925659
2020-05-11,125.22741374328577,117.42379276301904,158.0474727108806
2020-05-12,126.43427216279602,117.27592833053708,154.89733717589283
2020-05-13,126.72352406436526,116.6546818764331,152.15781687936277
2020-05-14,127.770813772334,116.25534316386843,153.9788030592029
2020-05-15,128.21964398725797,116.41802260632277,154.68661177975213
2020-05-18,128.94779627415753,118.47395240343232,159.39831120431543
2020-05-19,129.04755552811815,118.6219120583283,157.76106069482847
2020-05-20,130.46392951017094,119.87909301349795,160.44115671838875
2020-05-21,130.36417025621031,119.84947092875431,159.33349619714446
2020-05-22,130.36417025621031,120.14532675693688,159.6360623845696
2020-05-26,130.184588232555,121.04754261264854,161.60281472007568
2020-05-27,130.72320945930662,121.2989375407196,164.00738836978263
2020-05-28,130.8329657663781,121.4172592404696,163.70473203624726
2020-05-29,131.6807945858639,121.90534517945567,164.43424792513287
2020-06-01,131.62277134572454,122.82744663494194,165.09884063186965
2020-06-02,132.0426955778941,124.04512618698598,166.46585132613592
2020-06-03,131.9626999498844,124.6241097900379,168.68120842576894
2020-06-04,131.5627602198577,124.23805459466021,168.23814061185217
2020-06-05,132.242694253256,125.41106693136233,172.55004232350467
2020-06-08,132.68260298630966,125.55965346673457,174.6357333516513
2020-06-09,132.40265669955625,124.57960921371252,173.3335196350977
2020-06-10,133.27253473450853,124.40140852879782,172.3662886242839
2020-06-11,131.68279207567028,121.2089920999618,162.42949001661358
2020-06-12,132.3226898812657,122.4117455494251,164.37478759324637
2020-06-15,134.20244310348545,123.59962844229982,165.90928964038258
2020-06-16,133.83247532463355,124.10448144928958,169.10267724750872
2020-06-17,133.57247512748364,123.52535501261663,168.40027728943758
2020-06-18,133.87247313989712,123.48085443649927,168.46509229601781
2020-06-19,133.97246287286984,123.06505019315925,167.502350558303
2020-06-22,133.84243396394635,122.97597762390599,168.5768914218092
2020-06-23,133.5925268531437,123.15421004962536,169.3529767576808
2020-06-24,133.22254947147167,121.8919981806593,165.03301598920933
2020-06-25,133.3625466225281,121.936562238386,166.8021681928892
2020-06-26,133.48250165200335,120.77837284685744,162.84042978059546
2020-06-29,134.1024245595348,120.09536676615997,165.23378926198868
2020-06-30,134.48233176954176,121.19416915478827,167.35034629629942
2020-07-01,135.01352963240723,121.5713924775061,168.52258744411927
2020-07-02,135.34427746470678,122.46603815671162,169.45069507145277
2020-07-06,135.6950290060482,123.34581327974456,172.06649893504505
2020-07-07,135.87543691503296,122.52570289165278,170.29191993942877
2020-07-08,135.65493515880698,122.85376767828772,171.59438606485472
2020-07-09,136.4165934172113,122.58534382078243,170.61747336901024
2020-07-10,136.16600446967507,123.00284619592436,172.3595997879859
2020-07-13,135.80529428902085,122.33180639006005,170.86714185641074
2020-07-14,136.59699172211717,123.37564167951054,173.08141720390267
2020-07-15,136.86756517179623,124.07648607953736,174.67157541920062
2020-07-16,137.24843271416705,124.19580761401052,174.09629941502513
2020-07-17,137.61920717144935,124.53875089222721,174.60100909515984
2020-07-20,137.99999788748283,125.28428631319943,176.01208317596567
2020-07-21,138.1804153992877,125.86580917875305,176.3864957618424
2020-07-22,138.63145437738987,126.11935454488463,177.39054241795964
2020-07-23,138.73159776429605,126.02983760457398,175.27393129645543
2020-07-24,138.4210265006121,126.14918294465065,174.14517660077868
2020-07-27,137.99999788748283,126.44738759071492,175.41508197458623
2020-07-28,137.85973184235755,126.11935454488466,174.30249947974087
2020-07-29,138.6113930489097,126.82015133370446,176.44619047314282
2020-07-30,138.4610723312352,127.08859899681325,175.81661049068657
2020-07-31,138.65143887953275,127.32713890814435,177.20603149153115
2020-08-03,138.83723424879918,127.35856228209705,178.4379673512422
2020-08-04,139.349427147526,127.31365701092814,179.12718795721457
2020-08-05,139.15866686346274,127.53822304298666,180.23975242319236
2020-08-06,139.75122992032468,127.82266806020985,181.44457235149818
2020-08-07,139.35950102697424,127.50824387460646,181.5748874752145
2020-08-10,139.0582161699484,127.56816253556902,182.11753061171052
2020-08-11,138.18446799833887,126.41540875288844,180.61421909626256
2020-08-12,137.84298365801527,126.44531650466611,183.13244888056818
2020-08-13,136.59762554097387,126.10097663208388,182.8013063968789
2020-08-14,135.99502701846174,125.87650582223138,182.80678727600883
2020-08-17,136.2762409429285,126.62504074716506,183.38749007271156
2020-08-18,136.66790261402045,126.8196276106354,183.7836458846598
2020-08-19,136.3063569439579,126.4603219594666,183.01843216211938
2020-08-20,136.78839542911598,126.87952246620242,183.5882813749493
2020-08-21,137.03956057481182,126.86447733560415,184.23956852515116
2020-08-24,136.79849811828336,127.44842043585001,186.10651115866406
2020-08-25,136.2059638711406,127.5831679901615,186.75770816334648
2020-08-26,136.25613159783006,127.56816253556906,188.63009561825416
2020-08-27,135.1714465735417,127.3735359960929,189.0424957476857
2020-08-28,135.58325600227136,127.47833612282886,190.26365013958502
2020-08-31,136.18586412886236,127.29869123234161,189.57441150415428
2020-09-01,137.04638853363932,127.99158456641419,191.3599162002952
2020-09-02,137.5899458654686,128.14194858560003,194.12772432648185
2020-09-03,137.28800798268708,127.34530257051362,187.44696482764482
2020-09-04,135.82856312558246,126.99958197376016,185.916537382564
2020-09-08,135.9593699032172,126.29307977946067,180.8366995367875
2020-09-09,136.04991957685706,127.28516172391835,184.40783513409633
2020-09-10,136.15058154374321,126.6839119624054,181.20577547683806
2020-09-11,136.25132033570802,126.93945699777525,181.29808502754122
2020-09-14,136.59354413220356,126.80419365559588,183.68601771758878
2020-09-15,136.7444410480377,127.1498904465378,184.6139811110278
2020-09-16,136.83503873829576,127.1498904465378,183.88132814010578
2020-09-17,136.8652699794606,127.01460329896292,182.26407202345175
2020-09-18,136.61362466758283,126.698925352199,180.165706460951
2020-09-21,136.48277947615003,125.67684043354961,178.1605158519297
2020-09-22,136.56334170075792,126.11276833249133,179.97502954542747
2020-09-23,135.5768890039855,124.83507489707075,175.8012315753888
2020-09-24,135.2347324310072,124.91022119825841,176.26979269131752
2020-09-25,135.093784550407,124.68473468348841,179.11954357262076
2020-09-28,135.77818412677993,125.49644963477662,182.0945794284708
2020-09-29,135.60713945204938,125.60169413236197,181.10291883891864
2020-09-30,135.58698208907404,126.11276833249134,182.4760053761697
2020-10-01,135.96420037223834,126.54598239450563,183.6475433851569
2020-10-02,135.98444416311244,126.54598239450563,181.90397462959922
2020-10-05,135.53051458761593,127.49699176725446,185.12959846281956
2020-10-06,135.41957707198864,127.21021380275992,182.4978748072682
2020-10-07,135.4599013995007,127.66301986231366,185.6744591913821
2020-10-08,135.7927523576632,127.94983750302205,187.32002116656037
2020-10-09,136.10542674846877,128.23663133812695,188.99286133472438
2020-10-12,136.89229371254396,128.88577000436797,192.03328913214187
2020-10-13,136.7611220088627,128.31218233415817,190.78007880577798
2020-10-14,136.89229371254396,127.9950839876332,189.581298662131
2020-10-15,136.7510289237742,127.90455134240506,189.34702711889582
2020-10-16,136.5189935839139,127.75361598915111,189.2325776993543
2020-10-19,136.25677501950693,127.30071470718336,186.35560271225876
2020-10-20,135.97430306140572,127.75361598915111,187.1020840863279
2020-10-21,135.75237041071279,127.73849944174233,186.74793633161477
2020-10-22,135.44976989935543,127.96496992083316,187.77233796500582
2020-10-23,135.7927523576632,128.1159925610919,188.4098147409282
2020-10-26,136.0751570935059,126.9837353884679,184.92804993396493
2020-10-27,136.62997911615938,127.04414603169485,184.29046498247402
2020-10-28,135.9541168887112,125.98740811429738,177.99167230858802
2020-10-29,135.6011373785513,126.3497053344345,179.80066906403914
2020-10-30,134.89497668767982,126.62146197393429,177.92626233756212
2020-11-02,135.42368729173683,126.92315017102327,179.92050921719112
2020-11-03,135.5551278882282,128.01466011497828,183.09720177687362
2020-11-04,137.58691121696097,129.21239852063147,187.1892913712096
2020-11-05,138.1024460708036,129.66719631443036,190.8399898676248
2020-11-06,137.66779035099717,129.21239852063147,190.79639523991315
2020-11-09,136.6266371610435,130.19779109549665,193.19388341055526
2020-11-10,136.27282216273403,130.01589260954174,192.91051833102014
2020-11-11,136.52555264993126,129.97040806889555,194.34358804736064
2020-11-12,137.0713859671972,129.09106938171882,192.4582916786849
2020-11-13,137.23309621739273,129.5306871464996,195.1227744069427
2020-11-16,137.67785462636652,130.25845566495298,197.55843041336004
2020-11-17,138.12264184505952,130.30391639978765,196.49586094419374
2020-11-18,138.41579269300522,130.06134540917523,194.13109578852297
2020-11-19,139.18407723968537,130.500963173956,194.94844998388027
2020-11-20,139.0627777461594,130.25845566495298,193.6134771946202
2020-11-23,139.23459068552236,130.45551037432253,194.7740354147076
2020-11-24,138.92122485642176,130.8496674040606,197.9125961969408
2020-11-25,139.00211359453687,130.78905044581128,197.6074338035498
2020-11-27,139.4974142590668,131.0012693137966,198.15779344129143
2020-11-30,139.98260263160924,130.86480775707287,197.2805101546289
2020-12-01,139.4518177114085,131.2012441751159,199.43824590231515
2020-12-02,138.9859512124331,131.56651709340295,199.85785771524763
2020-12-03,139.53289851473764,131.6426235533079,199.80331935755294
2020-12-04,138.76310624725318,132.19060434765302,201.52519897482338
2020-12-07,138.8846746335893,132.12965411116267,201.11105001215316
2020-12-08,138.7226282670664,132.02316378782595,201.69946931010148
2020-12-09,138.21616854776877,131.8252520773543,199.8905446713022
2020-12-10,138.90493763136243,132.0688229024818,199.82511667140875
2020-12-11,139.04673060419105,131.93182175249467,199.59084512817358
2020-12-14,138.94546362816743,131.96225322734145,198.69720934904998
2020-12-15,139.2188892627015,132.37320113089473,201.38348939116364
2020-12-16,139.10746197933085,132.1753767074279,201.69946931010148
2020-12-17,139.31053371448095,132.37252663921146,202.8273946625094
2020-12-18,139.20899784690593,132.47946133339758,202.01757667617724
2020-12-21,138.9349479963353,132.0057063577367,201.29521838359912
2020-12-22,139.32059799110903,132.17380553884473,200.95596275530667
2020-12-23,139.35109812508398,132.76986568253787,201.13659740135864
2020-12-24,139.82813328164718,133.04501065064832,201.91910113578834
2020-12-28,139.91941280738013,133.2130622203413,203.6537093746064
2020-12-29,139.98036505871184,133.04501065064832,203.26517991838432
2020-12-30,140.16301054059397,133.3200603963448,203.5552158053499
2020-12-31,140.19350107049004,133.42705857214023,204.589479415992
2021-01-04,139.48300928367843,133.15194534483444,201.80418295682804
2021-01-05,139.03644545137098,133.19782664512303,203.19407271709133
2021-01-06,137.90985155242885,132.953287726077,204.4088267404817
2021-01-07,137.88959815747586,133.33532771236773,207.44588307526732
2021-01-08,137.7880814967998,133.53407261833803,208.62782393757618
2021-01-11,137.19939817941525,132.81571524202175,207.2215095676092
2021-01-12,137.49373023465802,132.98384616372644,207.26526645808298
2021-01-13,138.5594487086058,133.381240753461,207.82341471431286
2021-01-14,137.96061468543564,133.35065851000002,207.09562962979834
2021-01-15,138.17380831665218,133.13670976961615,205.58534081085412
2021-01-19,138.4173484304277,133.51880530231506,207.19960407877548
2021-01-20,138.37676481418438,133.7633362861599,210.06700555581813
2021-01-21,137.8286939227623,133.68685687221603,210.25845772741695
2021-01-22,137.7272156746256,133.4270585721402,209.51428409152467
2021-01-25,138.31585097539195,133.45767255640587,210.34056274588647
2021-01-26,138.3057867000226,133.25894352062988,210.01230493536136
2021-01-27,138.06212174329153,132.87687972873562,204.87944318630565
2021-01-28,137.83882542164886,133.2741949664585,206.64147385200397
2021-01-29,137.62567020297166,132.9227134178172,202.50456364392062
2021-02-01,137.8972039850146,133.34915082302612,205.87539472727795
2021-02-02,137.53111594689884,133.67135150015804,208.78648097814252
2021-02-03,137.20569795544264,133.7786670837922,208.95070904394913
2021-02-04,137.43965395751326,134.05481188662583,211.32551646909147
2021-02-05,137.073498697139,134.25419160827354,212.157276003174
2021-02-08,137.6633344121015,134.6530621441773,213.6894522814935
2021-02-09,137.44974704386055,134.40762654802333,213.54718379230482
2021-02-10,137.77513622559758,134.3769649527587,213.45418913222733
2021-02-11,137.40910580692014,134.43830401369027,213.79888958132378
2021-02-12,136.96164886702476,134.6530621441773,214.85502262247365
2021-02-16,135.99551678746386,134.43830401369027,214.66897921335283
2021-02-17,136.67692012786844,134.39221639837936,214.7182350124149
2021-02-18,136.412473594643,134.20813573376728,213.80440651937042
2021-02-19,135.42601129379173,134.22354588320326,213.42683882199896
2021-02-22,134.58198538744594,133.80929693846016,211.78518918493245
2021-02-23,134.68367490895446,134.13149761580007,212.04237585308135
2021-02-24,134.88708276169066,134.26957001711287,214.378925296929
2021-02-25,132.75150678432774,132.99638377262764,209.2133044745761
2021-02-26,134.51080560399126,132.59753704211934,208.1353020029185
2021-03-01,134.64224620048267,134.08614003837255,213.18055982491643
2021-03-02,134.48941901710063,133.88606201943804,211.51709484571728
2021-03-03,133.49075090121906,133.45502220108776,208.7153737774404
2021-03-04,132.40039031693982,132.94700305112002,206.13256336596854
2021-03-05,132.22719449972814,133.34723050559148,209.92470100830354
2021-03-08,130.99418624757163,132.3773988491925,208.87954775546262
2021-03-09,131.98266524512832,132.56211432969002,211.86181332368125
2021-03-10,132.60421111234075,132.97772019279284,213.1805598249164
2021-03-11,132.68575287495284,133.4703688691224,215.34202761908463
2021-03-12,131.15724096307662,133.10090616753075,215.6320454771826
2021-03-15,131.6055814089985,133.11633218757706,216.91797881733623
2021-03-16,131.51385052806154,132.80843073254965,216.64438556894194
2021-03-17,131.63613916367052,132.99314621283912,217.38307832511356
2021-03-18,130.88214435098462,131.97715552431865,214.2202862858208
2021-03-19,131.07568959764438,132.48511912787822,213.82387806500023
2021-03-22,131.54442748837386,132.96242907116633,215.53128022748442
2021-03-23,131.9316620302893,133.10090616753072,213.8348758827676
2021-03-24,132.32907608645073,133.17789343414134,212.74787683545364
2021-03-25,132.17628731686676,133.4087917521558,213.94467376585723
2021-03-26,132.08454683310964,133.80902714182844,217.3923453391006
2021-03-29,131.7686553314025,133.88606201943801,217.28256548428777
2021-03-30,132.17628731686673,133.5627821555713,216.70615363959604
2021-03-31,132.52269815944786,134.20932601290244,217.58451867899046
2021-04-01,133.35379800149042,134.4935805855056,219.9342294454785
2021-04-05,132.70035951963413,134.5553164062876,223.09094564119567
2021-04-06,133.58861830268856,134.78705585520987,222.95922423922318
2021-04-07,133.32315381766088,134.7406032208532,223.21722222177334
2021-04-08,133.81323988148293,134.78705585520987,224.27681687107457
2021-04-09,133.53757667405145,134.6943569015189,225.9073424859376
2021-04-12,133.5069324902219,134.5553164062876,225.98971794214697
2021-04-13,134.09914982793634,134.6480629711856,226.65946700248952
2021-04-14,133.9153327415773,134.5861843167826,225.88538290872893
2021-04-15,134.74234157077066,135.1268726664544,228.3119341645121
2021-04-16,133.823496223325,134.8487758055895,229.0750925577481
2021-04-19,133.47630751329135,134.63255759912755,227.94965523632823
2021-04-20,133.73161168971328,134.40083402081567,226.28063726075652
2021-04-21,134.1910151559077,134.8487758055895,228.42176810651856
2021-04-22,134.32378101080954,134.60164207763358,226.33553620230137
2021-04-23,134.43606298922882,134.95693251992347,228.78958200220748
2021-04-26,134.3748322422668,134.8951490879345,229.26719378098608
2021-04-27,133.77242578496873,134.70976705116288,229.21777571857115
2021-04-28,133.7928232297763,134.97239028077448,229.1519150175849
2021-04-29,133.62944200202284,135.12687266645443,230.61222686917606
2021-04-30,133.90516283015137,135.06505749366076,229.0969800177142
2021-05-03,134.2273925204252,135.11768370995003,229.59116063950026
2021-05-04,134.30923198556658,135.04018859088066,228.17469582508392
2021-05-05,134.47288210613016,135.30366882159436,228.24607346352602
2021-05-06,134.72868565437432,135.2572637984447,230.0687543894113
2021-05-07,134.77983291906799,135.3502642895721,231.74318112805187
2021-05-10,134.05348605676076,135.04018859088066,229.44842339089297
2021-05-11,133.56240124803554,134.90079894721399,227.400593701865
2021-05-12,132.83613121206568,134.24981138034886,222.56939667972298
2021-05-13,133.3373571224976,134.73025572581025,225.2430562758576
2021-05-14,134.0637616055019,135.16421569631837,228.7017256656867
2021-05-17,133.91025258790376,134.9162725782593,228.11981491240667
2021-05-18,133.4703822673894,134.5908343413389,226.15437870904648
2021-05-19,133.23510100690837,134.23433774909552,225.56148816686675
2021-05-20,134.1455242443059,134.80776671528193,227.9880213937824
2021-05-21,134.23758163875007,135.00932068059365,227.80143710859102
2021-05-24,134.60592645666225,135.16421569631837,230.12367135982373
2021-05-25,135.10716197117304,135.17981629058238,229.61312021611823
2021-05-26,135.03556924505364,135.2262530545367,230.0687543894113
2021-05-27,134.626391124987,135.16421569631834,230.18953206081
2021-05-28,134.73891318649726,135.11768370995,230.6012651097348
2021-06-01,134.7563143965952,135.52360069970686,230.39813001040358
2021-06-02,134.97156313831522,135.69469938456828,230.7604630263718
2021-06-03,134.43853104239693,135.4147456880861,229.9040215052694
2021-06-04,135.39181388273326,135.71025236762526,232.00667801919033
2021-06-07,135.27909015067135,135.756847835603,231.78163743102544
2021-06-08,135.791532736568,135.8501498639587,231.8311095806339
2021-06-09,136.28360668737628,135.95908422759112,231.48516511604345
2021-06-10,136.8986030913915,136.20788434675234,232.561202403916
2021-06-11,137.01131722063323,136.25449568492436,232.94551302596057
2021-06-14,136.50905415150007,136.13005594944195,233.4670800163009
2021-06-15,136.611550351439,136.11458231818864,233.03883221215295
2021-06-16,136.22204942690706,135.92799413167148,231.7376822188729
2021-06-17,136.98056740074716,136.02118506741888,231.6608417295777
2021-06-18,137.69805040188118,135.95908422759118,228.5356766499897
2021-06-21,136.8986030913915,136.22343732980934,231.80734708299303
2021-06-22,137.12401214297597,136.31667587676372,233.0466388595088
2021-06-23,136.90881141787415,136.1767307692233,232.76570772317743
2021-06-24,137.17531306160308,136.59662957324593,234.1427246285893
2021-06-25,136.81655235413706,136.73655881038403,234.9743940159708
2021-06-28,137.4007989382662,136.72105343832598,235.44809345663768
2021-06-29,137.5648139848763,136.89218386420012,235.57474865052384
2021-06-30,137.71861110344236,136.9076416248431,235.77308798009943
2021-07-01,137.5983967839771,137.17600993614823,237.0784748370154
2021-07-02,137.9886083537031,137.39441825646847,238.89057261676774
2021-07-06,138.4918413580203,137.3164311553427,238.45541962577536
2021-07-07,138.96420930231602,137.36326467893943,239.29815894757604
2021-07-08,139.03607092250428,137.06675816467708,237.34837209784422
2021-07-09,138.45081598939305,137.3007829498717,239.88201685577346
2021-07-12,138.37884873314826,137.25398116687165,240.74123487506216
2021-07-13,137.86539779952824,136.84839745556386,239.92058133372475
2021-07-14,138.50209770112113,137.06675816467705,240.27851522270421
2021-07-15,138.79991576007555,136.97312285808027,239.45787971082518
2021-07-16,138.60480517317313,136.78589985588573,237.579704880131
2021-07-19,139.600918806729,135.865385439385,234.07114866787748
2021-07-20,139.40581782390544,136.5518909410935,237.42550105433762
2021-07-21,138.91286997114952,136.87958277368952,239.34777533107896
2021-07-22,139.48796459565497,136.95755400441294,239.84893325695205
2021-07-23,139.4263497144887,137.22279584853794,242.3164829338903
2021-07-26,139.11828491651227,137.01998812248172,242.91137471818104
2021-07-27,139.71386341498285,136.8327333794825,241.80429113251475
2021-07-28,139.96036134966988,136.9419692805513,241.70514851102834
2021-07-29,139.55982621458455,137.23842818381468,242.70755450947553
2021-07-30,139.67283804635557,137.05118931121777,241.5288949630976
2021-08-02,140.0771184751426,136.7114994629839,241.02218404026115
2021-08-03,140.22116822650892,136.86802912910917,242.98293264943433
2021-08-04,140.25197566583333,136.61759435975546,241.7877403183749
2021-08-05,139.6759015045824,136.93070130300498,243.31899710731534
2021-08-06,138.53398071168607,136.77413989607504,243.721102558403
2021-08-09,137.93729783225578,136.46100121202082,243.52274519936904
2021-08-10,137.62861842232172,136.14803710239235,243.82569000069344
2021-08-11,137.84467384247216,136.36712784959704,244.43157960216064
2021-08-12,138.04013975134225,136.60194615428443,245.16416045643075
2021-08-13,138.96606274352652,136.89942076246527,245.61027520686446
2021-08-16,139.04835356387193,136.94623841565965,246.18861617701532
2021-08-17,138.80147149749806,136.6332108244218,244.57478561018667
2021-08-18,138.70888592025375,136.320230844391,241.8979168153638
2021-08-19,139.02781206920977,136.30450328690827,242.2724736345442
2021-08-20,139.1203304229369,136.63321082442178,244.2002468198738
2021-08-23,139.22322996272038,137.05580759496948,246.34835497031364
2021-08-24,138.9043614332027,137.24371302384048,246.73933639919784
2021-08-25,138.54422745070804,137.38461035489703,247.2571533141886
2021-08-26,138.50312525574344,137.30628997553026,245.7975446020209
2021-08-27,139.27469413684236,137.68197387026152,247.9951970187211
2021-08-30,139.51129105165492,137.8541517418578,249.08576584916418
2021-08-31,139.19240331523818,137.88544815279985,248.71674399689797
2021-09-01,139.37169723918436,138.00325406488994,248.84889809996315
2021-09-02,139.61896343976247,138.175939788945,249.61456255305472
2021-09-03,139.11405945788738,138.19168321683003,249.55393032291687
2021-09-07,138.45447485267843,137.83055247043256,248.66166476313265
2021-09-08,138.8976391104317,137.98749476660257,248.3587379918574
2021-09-09,139.8045763453763,138.11310891102582,247.29568173440478
2021-09-10,139.40259110892498,137.9090156834204,245.3458588257563
2021-09-13,139.74269257265857,138.2544982241388,245.9737981505425
2021-09-14,140.16523850941232,138.19168321683003,244.6463976292243
2021-09-15,140.00034956085457,138.3958081852401,246.68982819067273
2021-09-16,139.8045763453763,138.348673124207,246.29875661567831
2021-09-17,139.495330338844,138.175939788945,243.89957369958185
2021-09-20,139.92819023813698,137.68922663892894,239.83272499779468
2021-09-21,139.91788587967667,137.9247273705008,239.60616995580511
2021-09-22,140.3094803272514,138.17593978894496,241.9434766268605
2021-09-23,139.34081297226382,138.2387865370584,244.88312114453078
2021-09-24,139.04193854896783,138.03462982784364,245.2865427277643
2021-09-27,138.96978883032912,137.90901568342036,244.5846836463545
2021-09-28,137.48578829205053,137.2809608314984,239.65591254433502
2021-09-29,137.45483680161283,137.53214150913792,240.05926201032594
2021-09-30,137.09415543067777,137.37513573135857,237.1252426056801
2021-10-01,138.0905571639428,137.70443047355056,239.94326207922455
2021-10-04,137.8634195166208,137.2160509325373,236.84890891742555
2021-10-05,137.29553698388838,137.15299786919348,239.31335757065332
2021-10-06,137.33682164250558,137.07428072997624,240.3079388916955
2021-10-07,136.72763524425693,137.08997654665427,242.38560692193994
2021-10-08,136.09780171403088,136.68037762646753,241.9434766268606
2021-10-11,135.83967416373181,136.25506701899243,240.19188487280988
2021-10-12,136.70697850945936,136.5071046979421,239.60063498889102
2021-10-13,137.39879184563952,136.86940985307237,240.4626475352336
2021-10-14,138.04922448870732,137.64139328060907,244.50744651429258
2021-10-15,137.55363572446822,137.4050672887398,246.36950323253046
2021-10-18,137.44008610707687,137.34203009600628,247.09887488752153
2021-10-19,136.68636018845984,137.4365700149122,249.00521134284537
2021-10-20,136.35595807530777,137.48387965037102,249.9832057920125
2021-10-21,136.06679260415476,137.13725444130841,250.63525016883133
2021-10-22,136.6140472130675,136.80648375294726,250.37555744082684
2021-10-25,136.67598860648224,137.04271452240252,251.71828279024928
2021-10-26,137.26451826993332,137.07428072997624,251.94483783164804
2021-10-27,138.10090954027993,136.96393390157596,250.8286494953476
2021-10-28,137.8943902126987,137.31055911063854,253.24885446922463
2021-10-29,137.82211565110444,136.9482698257026,253.7627590461037
2021-11-01,137.5758481966882,136.80119891271343,254.19926422815865
2021-11-02,138.10350243514492,137.13312813961312,255.2270192941325
2021-11-03,137.7517041322821,137.40175037714764,256.7852117216669
2021-11-04,138.4759286618274,137.7652616820234,257.9953322380637
2021-11-05,139.48984684532584,138.28687382181573,258.89048247101204
2021-11-08,139.16907685923812,138.11298194801518,259.11150254549665
2021-11-09,139.5415511025388,138.22359857304716,258.25504299552665
2021-11-10,138.11384520740327,137.4492345868241,256.17741102360816
2021-11-11,137.72074303902423,137.21213094586435,256.2603093270206
2021-11-12,137.5758481966882,137.2595834149442,258.19421244371
2021-11-15,136.5309689199319,137.10157780244168,258.2826817729533
2021-11-16,136.30339912304615,137.16474195839385,259.3049199008806
2021-11-17,136.85170049348028,137.0224639035821,258.67497933398346
2021-11-18,137.16203167407323,136.91187901935479,259.5535246655983
2021-11-19,137.6793719512495,136.80119891271346,259.08941676444266
2021-11-22,136.47923585299975,136.2797296065422,258.3600090511256
2021-11-23,135.50675598079326,136.0900466938576,258.70258205308414
2021-11-24,136.15850427945134,136.05843287507685,259.3932990840136
2021-11-26,137.26554582581437,135.07862667788183,253.60803237369817
2021-11-29,137.3586595846001,135.91620243126408,256.7189543779139
2021-11-30,137.6586768026539,135.34734413762234,251.72378169883763
2021-12-01,137.67830598282907,135.36627751408886,248.92786603580564
2021-12-02,137.99957534199777,136.36522340256477,252.74048485985062
2021-12-03,139.15008149917833,136.36522340256477,250.5413179893258
2021-12-06,138.4453228917959,136.96777453623724,253.5085471972292
2021-12-07,138.50749476422277,137.69720944568786,258.75234267048154
2021-12-08,137.58509619080698,137.66545279328605,259.43754276336443
2021-12-09,137.47105680315482,137.04706300952253,257.6858788926619
2021-12-10,137.62649608830088,137.36420103205333,260.11160080458546
2021-12-13,138.24838767466082,137.36420103205333,257.8074498495942
2021-12-14,137.62649608830088,137.12636735321018,256.0337362561635
2021-12-15,137.80274576091924,137.64959827279267,260.03427352641324
2021-12-16,137.79853950793463,137.54777384441468,257.7411203891893
2021-12-17,138.1204907025782,137.42054091999313,254.9980663672652
2021-12-20,137.51823789921357,137.18181849924318,252.28656346147028
2021-12-21,137.78817753003597,137.91372918958615,256.7669120742885
2021-12-22,138.00626885379083,138.27965279395298,259.33427145321997
2021-12-23,137.79853950793463,138.67744414332992,260.94783158230865
2021-12-27,138.2035305831744,138.82061094025647,264.64077251596376
2021-12-28,138.02702162056607,138.75698654284457,264.424548210644
2021-12-29,137.26900301980692,138.53424560559867,264.7627761739888
2021-12-30,137.81934989540693,138.47057359718772,264.03088042968375
2021-12-31,137.61163975770845,138.43875346317657,263.36549443800413
2022-01-03,136.14747006889797,138.3751608065693,264.8903147989281
2022-01-04,136.26166310796614,138.02509172290388,264.8015930608125
2022-01-05,135.46208135170076,136.9591093028019,259.71683324143504
2022-01-06,135.28559159599143,136.97502730490464,259.4728980420367
2022-01-07,134.7040819565819,136.6249740914335,258.4470901309803
2022-01-10,134.57944050919883,136.73635249536164,258.12543101123373
2022-01-11,134.98444118600003,137.37277104328257,260.47656608484544
2022-01-12,134.8909432942687,137.5955595915275,261.1807509344812
2022-01-13,135.31676396262105,137.10232371093548,257.5819945897948
2022-01-14,134.12254350745317,136.97502730490464,257.6873572875698
2022-01-18,132.8452639660487,136.3067251415712,253.12380387468264
2022-01-19,133.0529933106462,136.1794287357484,250.49554182728264
2022-01-20,132.98029620230832,135.92486766469935,247.7229920197155
2022-01-21,133.85256546409144,135.94076979639974,242.8600275308979
2022-01-24,133.43720280687413,135.7976188698755,243.8914064677852
2022-01-25,133.0633456857247,135.3998116500962,240.91375637710178
2022-01-26,132.15993286954856,134.93845938491668,240.30932714108414
2022-01-27,132.46106407264097,134.34974723230496,239.12271671345584
2022-01-28,132.60644868523784,134.73155709796984,245.06143002294766
2022-01-31,132.66872619372126,134.7634407133823,249.47521479594695
2022-02-01,132.88931438036346,135.29836811116624,251.16087373176882
2022-02-02,132.8997627886784,135.5059210841929,253.6006944851702
2022-02-03,131.82813827572767,134.29235989843497,247.63984130683997
2022-02-04,130.5171991076263,133.7653518258005,248.80427580730395
2022-02-07,130.75651376151822,133.66958988674676,248.00587031037352
2022-02-08,130.26752247583576,133.52588349676478,250.04639816979028
2022-02-09,130.70446378515777,134.22844983419705,253.70607521240353
2022-02-10,128.92542054644238,132.45598902519103,249.14809282534728
2022-02-11,129.88261193723397,131.99291482260605,244.23520545637015
2022-02-14,128.72775547721426,131.7693248194592,243.4367278427879
2022-02-15,128.08270069034924,131.99291482260605,247.36262418753228
2022-02-16,128.2699845747797,132.72745999786477,247.63984130683997
2022-02-17,128.36362651636554,132.16853656901318,242.3498910588268
2022-02-18,128.6757247077528,132.3601556693267,240.78066475519915
2022-02-22,128.50925121079467,132.05681695185083,238.19671850380186
2022-02-23,127.3440423756964,131.8172930761989,233.97142911258544
2022-02-24,127.94746678479672,132.75941503008775,237.49246153692349
2022-02-25,128.46766884964813,133.50991788345505,242.73248890536783
2022-02-28,129.84097195539036,133.60575917431245,242.1114908263427
2022-03-01,130.28508694268737,133.23237648625584,238.4240488018667
2022-03-02,128.30429722471482,133.55284729098915,242.8101587385226
2022-03-03,128.7734000414908,133.15211991905204,241.60135435427165
2022-03-04,128.89851205223565,132.28670750014896,239.63842421135783
2022-03-07,127.33474636495943,131.13274756772287,232.57409328881647
2022-03-08,126.57369311569265,130.66800697393265,230.81072846151392
2022-03-09,126.792629531676,131.75785052689045,236.99900208342845
2022-03-10,125.34350823955312,130.65196200881925,235.92880625912676
2022-03-11,125.29135262625502,129.7063406337114,232.92894418236227
2022-03-14,123.47741093435904,128.1677855820905,231.2266262574228
2022-03-15,124.44691377737034,129.12939637590358,236.31140410566783
2022-03-16,125.51026983496169,130.94042223492139,241.5514314741122
2022-03-17,126.74047391800028,131.83794045486962,244.573469478041
2022-03-18,126.99067873259095,132.27072601643687,247.25219528167113
2022-03-21,125.22881582752984,130.7481127723142,247.1798801238009
2022-03-22,124.92649381280975,131.42127127543432,250.07227008511083
2022-03-23,125.28094263085706,131.00457035519435,246.8516944305184
2022-03-24,125.33305022766284,131.2770332271821,250.57288713432254
2022-03-25,124.34264096406875,130.33142772247655,251.79654758666828
2022-03-28,125.03072821281688,131.14881633864778,253.58762330864013
2022-03-29,126.08370308510706,132.76758034626542,256.72468766650695
2022-03-30,126.37558629408063,132.36685297432834,255.13945142540072
2022-03-31,126.08370308510703,131.8860436098212,251.21252741570873
2022-04-01,126.50680601438009,131.87636267146843,251.9244828549651
2022-04-04,126.94559116083374,132.87410241019882,254.08263327428577
2022-04-05,124.72033941203034,131.15218879664812,250.87319967076436
2022-04-06,123.98900842777549,130.1222559696597,248.36463354321268
2022-04-07,123.41440357315324,129.91313182804987,249.61613109407307
2022-04-08,122.44276879380458,129.12462732353765,248.9486717430398
2022-04-11,121.25181346640814,128.23951181407077,244.69358006952368
2022-04-12,121.33535271882661,129.2211431060784,243.786945229931
2022-04-13,121.96219001333608,129.9936185156715,246.5792009637236
2022-04-14,120.54136969608882,129.1246273235377,243.50884467957016
2022-04-18,119.62202497656922,128.915368283508,243.60892481930324
2022-04-19,118.671306221127,128.8027281836342,247.54147394201968
2022-04-20,119.90410319953409,129.20508227035467,247.35788250556104
2022-04-21,118.62951258660868,128.31999850169242,243.65900996222493
2022-04-22,118.49372168765572,127.54753896250166,236.97320228535074
2022-04-25,119.81002910863626,128.62569397245915,238.34710013700305
2022-04-26,119.74735786350604,127.86935081519233,231.44438304484405
2022-04-27,118.59817696398068,127.24180381593709,232.09518340675965
2022-04-28,118.95339404741554,127.9498295678208,237.95775936637975
2022-04-29,117.63702900661907,126.37278881799175,229.16381429586394
2022-05-02,116.9396361438103,126.38088271735897,230.54328317334716
2022-05-03,117.69351571573145,127.04319380817863,231.60010132446214
2022-05-04,118.84539514718537,128.33567051276694,238.6530017281434
2022-05-05,117.0234442891648,126.05776949271676,230.1706194207091
2022-05-06,116.02869432643278,125.34697435749746,228.79673959792436
2022-05-09,116.43703695809808,124.0222728240545,221.47127361079643
2022-05-10,116.92915892527279,124.7330441536703,221.98297862388569
2022-05-11,117.47367658858482,123.98999244879163,218.45655546593719
2022-05-12,117.5260434748771,123.94150046919083,218.22846794125533
2022-05-13,116.90822369471906,124.0868970559816,223.4459047103102
2022-05-16,117.06532435347003,123.90913280692315,222.539215783524
2022-05-17,116.39515689379287,123.79606420639426,227.11692212567328
2022-05-18,116.82446356598277,122.77828016365785,217.9614914125072
2022-05-19,117.13859766034511,123.60224705681321,216.62660876876657
2022-05-20,117.71452777274843,123.52145089655406,216.72111788325955
2022-05-23,117.29565990592741,124.00613263631908,220.7760312484419
2022-05-24,118.8348795153533,124.74924782280709,219.09066077981834
2022-05-25,120.06000344383725,126.63938758068447,221.0262766708297
2022-05-26,120.09140628960489,128.40032648570673,225.4427297664467
2022-05-27,120.71970328830048,129.54723202907857,230.9771560905195
2022-05-31,119.82968709802715,128.4325592497626,229.68114442197756
2022-06-01,119.1306328614876,127.95740767952812,227.82334259742473
2022-06-02,119.18308617756675,128.49256519793795,232.16190950993135
2022-06-03,118.80527248984735,127.53577900289889,228.351760687416
2022-06-06,117.96549124952892,126.57889758544584,229.0470751664224
2022-06-07,118.59530557235249,126.87087310316936,231.2441145904001
2022-06-08,117.91302833012614,125.78422743399425,228.72999546588505
2022-06-09,117.13633127760268,124.77874294433204,223.29015037295704
2022-06-10,116.00275576778768,122.65421338242233,216.81569911440434
2022-06-13,113.32629218156009,118.5511539202664,208.58358025822542
2022-06-14,112.73847316292543,119.32962833757439,207.95504597017515
2022-06-15,114.50185339211446,121.64872889276013,210.91976911822292
2022-06-16,114.62774327144467,119.71882587032655,203.93916584295354
2022-06-17,114.85870303943511,120.09187528035012,204.37877204871896
2022-06-21,113.7041346792504,120.0107696472454,209.52373139714146
2022-06-22,114.53330425450031,119.97832263296601,209.14383793213486
2022-06-23,115.41499436909481,120.83786300737289,211.19404747658228
2022-06-24,115.55140948370668,121.69741925218212,217.9086478002669
2022-06-27,114.4913281569587,120.95132836754416,217.07636541957217
2022-06-28,114.45981007143327,119.62149276248155,212.64087347941808
2022-06-29,115.14207771021012,119.44312543855034,212.46768489628107
2022-06-30,115.48846934564048,119.37823934519274,210.74149629813212
2022-07-01,116.94820230232838,120.51693196138784,212.97042939263076
2022-07-05,116.91662659686111,120.40295081355666,213.372643019287
2022-07-06,116.33779628273284,119.94681197159241,214.09325247862648
2022-07-07,116.32721342776114,121.90163150780506,217.29980140839302
2022-07-08,116.13779760800031,121.9993772456948,217.12100574168994
2022-07-11,116.46407989808051,121.31518088586219,214.64069138428735
2022-07-12,116.63247405737486,121.80387783471419,212.7414043491116
2022-07-13,117.50598214614514,121.67361366573455,211.6241522895376
2022-07-14,116.75876727604614,121.44556408285936,211.11024771265852
2022-07-15,117.6954843956928,122.99309384055313,215.1434899684213
2022-07-18,116.87453525956168,121.8038778347142,213.36707199345614
2022-07-19,117.20077913634735,123.4166269642146,219.13203781487286
2022-07-20,117.07448591767601,123.95424439311446,220.5286344408925
2022-07-21,118.6742256293734,125.42039872127977,222.7743707584033
2022-07-22,119.58982505544307,125.2574732875892,220.70741207872797
2022-07-25,118.57948890964795,125.22491518070147,220.9755424762691
2022-07-26,118.55845764585784,124.34523528008255,218.3612350370432
2022-07-27,119.34777345670571,125.71358832394995,224.03124101341584
2022-07-28,120.33709754548387,127.00052626207506,226.84109325516357
2022-07-29,120.6212596881679,127.37524999829701,230.1481550263467
2022-08-01,120.85967163001534,127.41450541039443,229.46663289216156
2022-08-02,119.38271032305498,126.82572184076417,227.95279231895574
2022-08-03,120.6803296895769,127.9377998113783,231.52241346243989
2022-08-04,120.87023527846566,128.28132235907228,231.36597401453082
2022-08-05,119.23498250137834,127.62710516761983,230.97493849786233
2022-08-08,119.70974167174964,127.74160210311092,230.7068080997304
2022-08-09,119.17169664391285,126.79305264106011,229.79067186791832
2022-08-10,120.3005665285434,128.69008014855922,234.61719932474088
2022-08-11,119.14001530201142,127.95417011973964,234.61719932474088
2022-08-12,120.5221054427154,129.0989014196555,238.58901606483212
2022-08-15,120.43772109844608,128.87003451168403,239.572166867605
2022-08-16,119.97347755978103,128.26488856910163,240.0414311229572
2022-08-17,118.84461727859998,126.94018703565864,238.3376528313865
2022-08-18,119.15056934713807,127.13648790154124,239.03033504610102
2022-08-19,117.73689389751732,125.84447143820465,235.81819706104525
2022-08-22,116.94567663009943,124.42172262922753,230.90788786916642
2022-08-23,117.07225794822816,124.73243314359638,230.34930691243454
2022-08-24,116.72411850915427,124.87958340859724,231.08670156532781
2022-08-25,117.92681869292747,126.05711880663706,234.349068926609
2022-08-26,117.21993775328659,123.98013693601317,226.41655946803928
2022-08-29,116.35489018660019,123.50588204288671,224.9194500011938
2022-08-30,116.50258919830591,122.55731671043357,222.45031375318817
2022-08-31,115.27878092427935,121.88677682203486,220.75769554273768
2022-09-01,114.58474922235257,122.20892988795975,221.45035972799388
2022-09-02,114.66941206288155,122.12674506853622,219.11534276683855
2022-09-06,113.11423174089651,121.79806133641817,218.28854126586452
2022-09-07,114.65884841443122,123.55657207175506,222.21007454194606
2022-09-08,114.39432505449079,124.09891094202179,223.66257974559053
2022-09-09,114.65884841443122,124.59199605399962,227.13716892737875
2022-09-12,114.40489830613885,124.96999702580791,229.5783959596271
2022-09-13,113.57977172724583,122.1267450685362,219.59578513158772
2022-09-14,114.11928606259237,122.30754849756194,220.4336745964393
2022-09-15,113.56916966562682,121.53510482856551,217.93102204911023
2022-09-16,113.30464630556052,121.94600512091178,216.26847655929012
2022-09-19,113.49510888671684,122.40615123655381,217.94562570833267
2022-09-20,112.36313713094252,121.15709592155604,215.44392870929943
2022-09-21,112.78627847376185,120.79558428591857,211.68574006738052
2022-09-22,111.19936879325722,120.07244198641807,209.90760931809348
2022-09-23,110.88200798441797,118.5440043090062,206.39068755295514
2022-09-26,108.95661019829932,117.14704488552066,204.3489337075027
2022-09-27,107.3167574324617,116.90049836203518,203.82724051272615
2022-09-28,109.47493961680341,118.98774837548227,207.8378380813151
2022-09-29,108.66037668636066,117.87013957360615,203.49635043731848
2022-09-30,108.38528007452042,117.3278324441441,200.34953227717835
2022-10-03,110.39036618317344,118.86545114285919,205.63903179582192
2022-10-04,110.8998701535471,121.42540075104384,212.0110771464156
2022-10-05,110.0613373445465,120.94648789836786,211.5174554295677
2022-10-06,109.80652293775603,120.58312736210625,209.33548842482188
2022-10-07,108.71326215162595,119.11314826968203,203.49635043731848
2022-10-10,107.7367584907169,117.65981721745196,201.94255713677282
2022-10-11,107.51383669894787,118.0231380777077,200.6636732173581
2022-10-12,107.38645830546061,118.22134339041459,200.00174883323902
2022-10-13,107.57753549895219,118.48558540002443,205.28003418356892
2022-10-14,106.54792549633414,118.10576726818867,200.6019772633559
2022-10-17,107.05740065686275,119.55910625561987,205.7567985896203
2022-10-18,107.69429262404732,120.40149073758188,208.17438932807312
2022-10-19,106.21886784773629,119.24530895049277,206.69914929173535
2022-10-20,105.29539370194708,118.58467218587153,204.96589324397988
2022-10-21,105.59264516543617,119.72428528477812,209.94691299379406
2022-10-24,105.5395484271767,119.80688273466242,212.51593105985393
2022-10-25,106.95125519671025,120.96296136413636,215.90946091757863
2022-10-26,107.43955504384593,121.29328768164815,214.28281158309215
2022-10-27,107.93842814262969,122.18517984792041,213.13853373881395
2022-10-28,108.16134033107505,123.12657176371778,218.20924880390714
2022-10-31,107.57753549895219,121.27678247486695,216.6330451967832
2022-11-01,108.35154362274486,122.00630467153042,215.68512346883725
2022-11-02,107.82988185332971,120.89544872106414,210.27219598504487
2022-11-03,107.44655586174368,120.03336908394753,208.10706826163724
2022-11-04,107.65947099745581,120.86233515030267,211.10236894806005
2022-11-07,107.26557175409583,120.84571885091316,213.12167642801745
2022-11-08,107.7127213888935,120.72969042263666,214.27157938591085
2022-11-09,107.43590578338062,119.28728613451074,209.85712753240486
2022-11-10,111.03451825786814,123.00103697130615,221.3896373517457
2022-11-11,111.33260520988446,123.43207678986445,223.53240885576864
2022-11-14,110.76833352394517,122.52025141240253,221.63088619906796
2022-11-15,112.31209550230538,123.5978668288886,223.521158629129
2022-11-16,113.27029524157557,123.33261704956244,221.81599208876054
2022-11-17,112.66347125905398,122.80209368530666,221.13724645335245
2022-11-18,112.65278276752223,123.06731172403616,222.14127508001135
2022-11-21,112.48246794488472,123.01759772428748,221.33358454022633
2022-11-22,113.48323918725862,123.91283060796343,224.31206397476936
2022-11-23,114.62248065386672,124.60920749285272,225.7255900288281
2022-11-25,114.73958349848697,124.36051846650791,225.67512627200722
2022-11-28,113.90911747542691,123.05075890625601,222.07399007131067
2022-11-29,113.34484578948762,123.58130607590729,221.69256412302101
2022-11-30,114.72891421347661,125.43818149440902,228.67608813037123
2022-12-01,116.16445641528883,125.90269990256652,228.50774940477413
2022-12-02,116.8693590717706,125.80282753221981,228.24410827974125
2022-12-05,115.87602079660651,124.60401787503295,224.1381722527998
2022-12-06,116.22850093481831,124.15452079187021,220.90724783207918
2022-12-07,117.52088649373327,124.83711424231494,220.5314469974047
2022-12-08,117.14705818242892,124.93701835346633,222.25905990326817
2022-12-09,116.27120688445298,124.93701835346633,220.59878609329894
2022-12-12,116.12168324251464,125.4198670632176,223.7791926700051
2022-12-13,117.13636008757355,126.7185173499465,225.47318110097655
2022-12-14,117.24315857323,126.00251672650509,224.03160159785673
2022-12-15,117.34171741299448,125.5272540636623,218.55140713482206
2022-12-16,116.83822511893905,124.85779336179039,215.97119292990686
2022-12-19,115.65979251650475,124.2217636383107,214.13976783782823
2022-12-20,114.29917539210064,123.90379242028129,214.43279657411728
2022-12-21,115.08128871525432,124.95817358459587,217.63914718220497
2022-12-22,115.04908879412814,124.18831678951616,214.53422890432213
2022-12-23,114.69558110104221,124.50629594274673,215.7682922105803
2022-12-27,113.21717929654301,123.21757258560683,214.9174397441764
2022-12-28,112.86362358683893,121.56059267641275,212.24644847125026
2022-12-29,113.66710428985832,123.1338800787934,216.06694605930298
2022-12-30,112.94933318888924,123.23429204240355,215.49783604422248
2023-01-03,113.73140809887425,123.46860249463221,214.59062427023335
2023-01-04,114.55633300809676,124.89120053478715,216.24729223815672
2023-01-05,114.47059459607547,124.64020236656648,213.77916562623116
2023-01-06,116.34542131628945,126.41431369595936,218.6815960541023
2023-01-09,116.80608281775469,126.86616753220498,218.55762721170146
2023-01-10,116.40970591865812,126.71557339239328,220.09034436727305
2023-01-11,117.40602122201041,127.55242704288526,222.87394608039182
2023-01-12,118.73444802873787,128.27209372656222,223.68544078271998
2023-01-13,118.34877882782034,128.27209372656222,224.55322267598152
2023-01-17,117.92025002434168,127.83695934732128,224.14185021149763
2023-01-18,119.30225373525877,127.98757729273649,220.60309507476833
2023-01-19,119.05587104058127,127.23440027844761,218.99712524248906
2023-01-20,118.43447882654705,127.48550160428347,223.07686482858594
2023-01-23,118.09169803828743,127.4687504066821,225.75346318566892
2023-01-24,118.71304223570347,127.55242704288521,225.51115061507315
2023-01-25,118.76659032992222,127.53570758608855,225.5956715478788
2023-01-26,118.72374033055888,127.85366293371563,228.07503035698568
2023-01-27,118.38092112900469,127.4687504066821,228.59912143664002
2023-01-30,117.93099613581528,126.7657793741983,225.73092667465446
2023-01-31,118.77730763142489,127.75325890530664,229.04990575239324
2023-02-01,119.98306166997541,129.09537025783993,231.4842095683388
2023-02-02,120.15498984985138,129.83532723634312,234.85390481117997
2023-02-03,118.79018567923583,128.4730763578058,232.35761657462476
2023-02-06,117.8767662059958,127.64898250163978,230.93760000594682
2023-02-07,117.4899157971518,128.10308199815188,233.95796129328886
2023-02-08,117.60810381646213,127.56489323497591,231.39968863553318
2023-02-09,116.61946156315884,126.74086286041921,229.39363262432636
2023-02-10,115.80275709305513,125.76539721514301,229.92893787229445
2023-02-13,116.23258234434392,126.08491579636019,232.6281087993086
2023-02-14,115.94238931869442,126.1185451547816,232.52106938494683
2023-02-15,115.50184676590298,125.91675313385086,233.2761326624471
2023-02-16,114.5776427680207,124.90764225975093,230.06421102852846
2023-02-17,115.02897944890394,125.39537904988562,229.48942181263922
2023-02-21,113.39552249207831,123.46131004995895,224.8856632629491
2023-02-22,113.71790583553039,124.26861303251779,224.57579524591273
2023-02-23,114.6098907056392,125.49624331975433,225.77037458424977
2023-02-24,113.75014416982525,124.73948753223476,223.35860727990942
2023-02-27,113.78244972738555,125.58038019741717,224.11929567102487
2023-02-28,113.82540536318308,125.34497468825936,223.29099774568454
2023-03-01,113.11581628816414,124.9895810883543,222.43446607847187
2023-03-02,113.21281939075787,125.14189716557141,224.1643867231029
2023-03-03,114.49619703864502,126.42782733398023,227.7595011680082
2023-03-06,114.18343621855604,126.42782733398023,227.91727477693073
2023-03-07,113.8599292869935,125.53102328151307,224.42361069168868
2023-03-08,113.6765731601691,124.93885138348013,224.78989210409455
2023-03-09,113.56874711963856,124.24510898350658,220.64256101323116
2023-03-10,115.19714312855685,124.26205856113714,217.4588010033514
2023-03-13,115.29423266093745,123.5851784513733,217.14884284020482
2023-03-14,114.9491278699936,124.48199043904165,220.73833217208568
2023-03-15,116.04910137443815,124.07584332865893,219.35781760019646
2023-03-16,115.87656818567642,124.88802645660803,223.20644075455291
2023-03-17,116.45893252026043,124.14357815736383,220.59655047177412
2023-03-20,116.11384693608973,123.80514207008248,222.71772298302923
2023-03-21,116.6746038079688,125.15880706698816,225.64215084875462
2023-03-22,117.3540096584411,125.27726366515803,221.79574528705555
2023-03-23,117.68830111477178,124.78651943586073,222.39532466553328
2023-03-24,118.05496535180238,124.53277569011598,223.85468096882866
2023-03-27,116.6422598371139,124.22821495228425,224.27326511681355
2023-03-28,116.44813839229451,124.16047218858621,223.7698355104988
2023-03-29,116.98733581808682,125.71717503217398,227.02230483620292
2023-03-30,117.14912289550084,126.46166300742405,228.3515803957867
2023-03-31,118.20594869780096,127.83226171155798,231.57011874935142
2023-04-03,118.91991688525239,127.73361929656029,232.45252233129375
2023-04-04,119.07139000037894,127.35970495023341,231.1628749741164
2023-04-05,119.46081409819594,126.64580715364548,230.55763442369758
2023-04-06,119.35262313161887,127.20668264073636,231.45700349141416
2023-04-10,118.80095099735671,127.08766264369957,231.69453832171274
2023-04-11,118.76845337344947,127.35970495023341,231.7567751517855
2023-04-12,118.51967945282225,127.32567883216961,230.8121167103121
2023-04-13,118.72520963806865,128.19251165124976,233.8779476630406
2023-04-14,118.33575673040664,127.95458274999257,233.30665611362863
2023-04-17,117.5893101255694,127.6146469107305,234.14378835186324
2023-04-18,117.97875343003363,127.69962491909314,234.2965137821579
2023-04-19,117.3946412916802,127.18968545189877,234.25695769758485
2023-04-20,117.83814166601256,127.07075274207484,232.97861465364988
2023-04-21,117.91389262862424,127.46166427703125,233.15957382581684
2023-04-24,118.43312475892098,127.81860524012404,233.40282391525
2023-04-25,118.95237609586502,127.61464691073047,229.6977853822281
2023-04-26,118.43312475892095,127.12172050277601,228.72489319947314
2023-04-27,118.00044732252542,127.54665022059505,233.27835025510447
2023-04-28,118.91991688525235,128.09063167646354,235.26940596491278
2023-05-01,117.00084768475436,127.50334785881404,235.0319071929402
2023-05-02,118.41195904885167,127.38378033331269,232.39033958959604
2023-05-03,118.60730971821572,127.31552971715591,230.79516925399605
2023-05-04,118.28169966028672,126.94002833184348,229.160478892149
2023-05-05,117.81494965604003,127.62281222690824,233.40282391524997
2023-05-08,116.9683020443548,127.26433183582886,233.46502468640597
2023-05-09,116.92486624262708,126.94002833184348,232.44121801746056
2023-05-10,117.84750489988909,127.70815525431661,233.52722545815277
2023-05-11,118.3033935529044,127.50334785881405,233.11998168232697
2023-05-12,117.57612477165371,127.04241615908842,232.81454885060532
2023-05-15,116.94656013524478,127.0082710127991,233.61775011729137
2023-05-16,116.36042169698814,126.12052895361762,232.05656484102425
2023-05-17,116.34956994908043,126.46196454486045,234.87346650351085
2023-05-18,115.86110684569466,126.53024690202992,237.13607816009502
2023-05-19,115.72003412251655,126.66683542176433,236.79101712714848
2023-05-22,115.6765983209147,127.23013907854055,236.88718492817907
2023-05-23,115.91539439533007,126.56441585371472,234.2286698679282
2023-05-24,115.45950574231476,125.67677695214844,232.53168858881486
2023-05-25,115.07958892810306,125.5914021839354,234.5454070140738
2023-05-26,115.56805203161471,126.35952117120735,237.58295013773645
2023-05-30,116.43640313924126,126.90581970394486,237.67345676741667
2023-05-31,116.81632955665076,126.51321797238768,236.35548552225686
2023-06-01,117.17459089153932,127.27305261567237,238.6011316936574
2023-06-02,116.8587762167989,127.92485750763379,242.05156173503792
2023-06-05,116.60836012908817,127.82196182793011,241.58774230167128
2023-06-06,116.837034307563,128.0277611225386,242.1137805362431
2023-06-07,115.79158843571898,127.32454409923464,241.27663026914087
2023-06-08,116.56478988095536,128.13074408966315,242.73596854297793
2023-06-09,116.25986536729135,128.16503206915746,243.17151817673707
2023-06-12,116.6301116415218,128.0277611225386,245.3775181174544
2023-06-13,116.1073839038121,128.1821165452079,246.9953151101791
2023-06-14,116.46672081019298,128.23361596376327,247.28944362806757
2023-06-15,117.47949619855602,128.8511249408212,250.35527458079608
2023-06-16,117.27265035897807,128.52514711042943,249.50249298893308
2023-06-20,117.69733783577043,128.1821165452079,248.20801380308342
2023-06-21,117.56663669469573,127.85625774262559,246.93623339160112
2023-06-22,116.95678766749363,127.4789471329029,247.82761552033213
2023-06-23,117.28348290023855,127.25589672301945,245.95409222490824
2023-06-26,117.41418404131328,127.32454409923464,244.94914410827954
2023-06-27,117.28348290023858,127.75330651651376,247.6345948071244
2023-06-28,117.79530126997282,128.49093848273876,247.75950116777187
2023-06-29,116.90237527477676,128.1478444359079,248.73605328035694
2023-06-30,117.76264999301324,128.76536134816695,251.67129867103841
2023-07-03,117.43273764924089,128.56360106783288,251.9608297402593
2023-07-05,116.59147749821497,128.16694445139092,251.58611065831678
2023-07-06,115.41159479504408,127.2356540394002,249.61602291909549
2023-07-07,115.3023570669456,127.35638803864123,248.98579388500005
2023-07-10,115.90321738964131,127.99451265356522,249.61602291909549
2023-07-11,116.44946364994959,128.68431126147038,251.20573040384238
2023-07-12,117.47645194710235,129.68448710550328,253.2269129220654
2023-07-13,118.30669709384453,130.46055715852142,255.23675506694778
2023-07-14,117.389032954703,129.51207117807996,255.07773744253126
2023-07-17,117.5856704685535,129.75350743575734,255.96344036986287
2023-07-18,117.88066515262388,130.11563801666995,257.86541375711465
2023-07-19,118.54708731885113,130.21913677124635,258.43881472361534
2023-07-20,117.7495414656867,129.6500086809729,256.7242369365469
2023-07-21,117.95710755403408,129.9776687727643,256.7242369365469
2023-07-24,117.81508410257095,129.75350743575734,257.871074928465
2023-07-25,117.62938476641503,129.66726773124103,258.5750975159295
2023-07-26,118.175583010231,130.184658346924,258.61483389272297
2023-07-27,116.73352015632533,129.1499564673617,256.9002380756054
2023-07-28,117.49828988944874,129.891476679455,259.4153668362005
2023-07-31,117.8260126769419,130.2018697859851,259.90933110744015
2023-08-01,116.65194958374234,129.55727798668528,259.1655360854471
2023-08-02,115.93934506724067,129.00281413756204,255.56036134161192
2023-08-03,114.89795179507716,128.58693054262636,254.82796077956223
2023-08-04,116.09283487894677,129.34939967061877,253.6754075279187
2023-08-07,115.80780843763874,129.59196272603,255.88968287541064
2023-08-08,116.26822985613887,129.86917084498813,254.77688403001895
2023-08-09,116.37788052690208,129.88654892306573,253.0736285856512
2023-08-10,115.55567335625541,129.851864183721,253.16442368312045
2023-08-11,115.16104426080238,129.66123698272148,253.01681854810562
2023-08-14,115.11720511985943,129.64393825644754,254.4135053202355
2023-08-15,114.51424167079732,129.22807053170618,251.44988195378716
2023-08-16,113.99899491691559,128.82955707964697,249.60470057580412
2023-08-17,113.69206331012154,128.29244750299782,247.7027452174199
2023-08-18,114.11960297202064,128.3790760321634,247.82193631893273
2023-08-21,113.43991862541456,128.344407163013,249.434396666422
2023-08-22,113.79070857979879,128.4137131603011,248.75871599580765
2023-08-23,115.3912741766997,129.4533031202468,251.52935470796484
2023-08-24,114.99658746143074,128.74289680967675,248.04340712396842
2023-08-25,115.06236057783055,129.28006193252605,249.7920420876124
2023-08-28,115.42411752000619,129.76525946015903,251.3760703715505
2023-08-29,116.34496996033008,130.57960889636294,255.0096050611034
2023-08-30,116.18058998754756,130.52765717154892,256.05996875533435
2023-08-31,116.37788052690203,130.44101277218905,255.6852496733918
2023-09-01,115.54944080374521,130.6864880443489,256.16219437107287
2023-09-05,114.72433343137358,129.8334307245121,255.05503866816395
2023-09-06,114.61432743801339,129.5201015958379,253.3404789099631
2023-09-07,115.12040302436543,129.95529945668812,252.56264474085287
2023-09-08,115.20838861248185,129.90306206484007,252.94304302419494
2023-09-11,114.9883574189883,130.12942938631568,254.60654406231083
2023-09-12,114.95536042262944,129.92047188372234,253.20987531904854
2023-09-13,115.20838861248184,130.26861271516802,253.50512164799488
2023-09-14,114.99938202659563,130.42530108510863,255.6909288742005
2023-09-15,114.82334362722322,129.9378737674035,252.6102959405708
2023-09-18,115.04336521739313,130.02494666741845,252.75844195224698
2023-09-19,114.65833943865591,129.62449702752224,252.23422466756568
2023-09-20,114.70236104274798,129.52010159583784,249.9153979361093
2023-09-21,113.5471492602571,128.59739706527077,245.78465371771173
2023-09-22,114.24026864706754,128.82372471094857,245.2320223995285
2023-09-25,113.12912648528692,128.64966619792347,246.26327513197958
2023-09-26,112.81005628609869,128.09255992889135,242.64535373772915
2023-09-27,112.28198910434786,127.91850935127545,242.74218861985725
2023-09-28,112.48003830576631,128.5278133361498,244.1494765669876
2023-09-29,112.23795789693214,128.33629739324343,243.55692858038117
2023-10-02,111.20973077203695,127.55754524410258,243.46011172712068
2023-10-03,109.92852347378172,126.26252134160339,240.20111582788064
2023-10-04,110.88941214165679,126.9100015520483,241.95025560926925
2023-10-05,110.75688637047531,127.03256064630995,241.85906386962395
2023-10-06,110.42555273568553,127.207563447442,244.73059403532469
2023-10-09,111.79507213493503,128.1525341362621,246.29745851299128
2023-10-10,111.83927620192449,128.1175716650845,247.57944345670725
2023-10-11,112.52404070308519,128.10004281818468,248.59356844062202
2023-10-12,111.35331956412034,127.41750491414814,247.0780150925035
2023-10-13,111.97180197310597,127.312506407591,245.84737733607076
2023-10-16,111.19864854448778,127.27756774180887,248.43400993954413
2023-10-17,110.31507617984467,126.6825233032412,248.42263350846832
2023-10-18,109.43155183169387,126.07000556418187,245.11236253859693
2023-10-19,108.54795065707981,125.61506493676195,242.95871942124285
2023-10-20,108.97867862016129,125.87753739775935,239.9732266248776
2023-10-23,109.82910033539324,126.38505663026152,239.55727474118453
2023-10-24,110.44764036432069,127.03256064630992,241.36340485233916
2023-10-25,109.44255723265393,126.35003067747455,237.89932669944122
2023-10-26,110.23777908325998,126.78756942100533,235.0505854536272
2023-10-27,110.01688359126828,126.63000817956025,233.98513131129678
2023-10-30,109.68554995660438,126.6650579379507,236.78263354480532
2023-10-31,109.53088854016958,126.99755849891847,238.26968271331162
2023-11-01,111.09839952089571,128.20801702309976,240.81075550528828
2023-11-02,112.417559126983,129.65075458946671,245.4257642810273
2023-11-03,112.97183376006319,130.9175371311855,247.6648297911077
2023-11-06,112.37323021678624,130.38967999265012,248.23458885782736
2023-11-07,113.2711403334264,130.40729612655477,248.94111750455662
2023-11-08,113.84759862825224,130.47764163436386,249.12341083832774
2023-11-09,112.69471084844562,129.6683707233714,247.1805472048987
2023-11-10,113.26005810587725,130.3016786747225,251.03777029155384
2023-11-13,113.27114033342642,130.1785244407893,250.798504657475
2023-11-14,115.04483452477704,131.49813157882647,255.66415549836864
2023-11-15,114.44621177485284,131.07584428091633,256.20542841493443
2023-11-16,115.38846040488751,131.25173582395522,256.5187760689898
2023-11-17,115.72104247086921,131.55088475833446,256.8378389833613
2023-11-20,116.18662087038723,131.69167893177587,258.8148499382945
2023-11-21,116.2198771563584,131.86761015082055,258.2508061313003
2023-11-22,116.68546515920002,132.09628661417204,259.2478394250046
2023-11-24,116.0868424092758,131.95554005193765,259.40741595495
2023-11-27,117.02913905592868,132.14910327528932,258.94024308781906
2023-11-28,117.494679042278,132.72968978772917,259.19658238324075
2023-11-29,118.44803870983279,133.45102286240336,259.01427102060205
2023-11-30,117.82724190148654,133.20474613554958,260.03411126365137
2023-12-01,119.24591107587506,134.30759547386148,261.572471561115
2023-12-04,118.70071157696228,133.97182561230056,260.1993669944056
2023-12-05,119.64648462425494,134.0955194394972,260.14810995323256
2023-12-06,120.09157914930435,134.1131673142065,259.099765530571
2023-12-07,120.10266137685355,134.34298644569415,261.0767764855043
2023-12-08,119.4573569042033,134.07785569417752,262.1991848998656
2023-12-11,119.42395656850337,133.98947348700986,263.2190792306993
2023-12-12,120.10266137685355,134.2899317287498,264.42119477806153
2023-12-13,122.11664976010022,136.34016405537278,268.0676203519241
2023-12-14,123.41536390476173,136.94228668839023,268.9279381528123
2023-12-15,123.23664617998217,136.64036837067536,268.48514077663543
2023-12-18,122.72300318001528,136.72916320809577,269.9953935372537
2023-12-19,122.8793259701809,137.11993984484033,271.63722346594994
2023-12-20,123.2031690176932,137.137651201159,267.87306715602404
2023-12-21,123.15854240484127,137.7593102855157,270.4130401664012
2023-12-22,122.94630910447812,137.59949544839495,270.95647658784003
2023-12-26,123.2031690176932,137.86587996065606,272.10059216935616
2023-12-27,124.35334866224765,138.43423040183907,272.5925912574016
2023-12-28,124.02954402790402,137.99020860353016,272.6955380414311
2023-12-29,123.5716482816328,137.45739196780085,271.9061110906987
2024-01-02,122.73417183735138,136.99556359075922,270.3843917534852
2024-01-03,122.45498421266194,136.622577662553,268.1762283078948
2024-01-04,121.77384016186974,136.089729286019,267.31246692772277
2024-01-05,121.33832974701471,136.19629896136743,267.67856804849896
2024-01-08,122.26511703706772,136.96004565591585,271.49993103873726
2024-01-09,122.47734073410722,137.173200876807,271.08805375591794
2024-01-10,122.321008340618,137.42185816234712,272.6211675536656
2024-01-11,123.05801488498953,137.86587996065606,272.50102090385695
2024-01-12,123.32599543904834,138.00801518226282,272.68978672337977
2024-01-16,122.07533629138622,137.13765120115895,271.6886788288017
2024-01-17,121.81849558481844,136.55151005185365,270.17848015596775
2024-01-18,121.5840017962464,136.83571701304177,272.5811427096739
2024-01-19,121.70681861427792,137.0666470718609,275.9791798693652
2024-01-22,122.04183031925217,137.173200876807,276.56269522258003
2024-01-23,121.59516085025884,137.01340191029655,277.36924992184885
2024-01-24,121.36063825184176,136.94228668839017,277.67244713204553
2024-01-25,122.1646663438051,137.9902086035301,279.18273595098975
2024-01-26,121.81849558481844,137.88365479858405,278.82801126128936
2024-01-29,122.32100834061794,138.18558898670125,281.03617470687976
2024-01-30,122.71182491922967,138.00801518226282,280.81879653217624
2024-01-31,123.02449930953179,137.61723854551826,276.23658288806035
2024-02-01,123.97592871041977,138.40975825890936,279.8520162519135
2024-02-02,122.84409140092467,137.78502031878753,282.7981152264678
2024-02-05,121.66741620558344,137.14239644792136,281.7683949767089
2024-02-06,122.35099949881767,137.6422026705044,282.58648836981564
2024-02-07,121.99238284120622,137.87425952726537,284.94333870315285
2024-02-08,121.36483490125096,137.80287450872723,285.0691825826378
2024-02-09,121.20795511869193,138.0884463234763,286.7167277710594
2024-02-12,121.21917179277209,137.78502031878756,286.5908658621162
2024-02-13,119.88560721154818,136.67829860521778,282.6436409629347
2024-02-14,120.44593193424112,137.21384494806884,285.2122082990342
2024-02-15,120.88298848306911,137.69578111051783,287.18011450392413
2024-02-16,120.44593193424109,137.2852617074116,285.74992946074764
2024-02-20,120.84934806452998,137.5708176519663,284.1768268773342
2024-02-21,120.54677636352116,137.32093834627833,284.43421186657105
2024-02-22,120.73727735797203,137.9813846660715,290.3207125865942
2024-02-23,121.09586520561257,138.07062387454934,290.52094498330297
2024-02-26,120.71488242323221,137.62439609197975,289.45689711922864
2024-02-27,120.54677636352116,137.8028745087273,289.99463631040044
2024-02-28,120.53556929276465,137.78502031878762,289.61135335389434
2024-02-29,120.64763999932262,138.0349313652803,290.65248609305496
2024-03-01,121.38208245817073,138.55192522111287,293.38124295182246
2024-03-04,121.15713436649852,138.51601052641914,293.0665971944889
2024-03-05,121.8207523642372,138.4083140533369,290.13764399733856
2024-03-06,122.14690981111009,138.74941636633864,291.60783585504834
2024-03-07,122.45058589358216,138.91097694626032,294.5024614378832
2024-03-08,122.61928735898118,138.94685990014938,292.73482368802803
2024-03-11,122.64178793015519,138.92891048800368,292.4831359284674
2024-03-12,122.24813837308398,139.05457224363397,295.6294673003212
2024-03-13,122.12442844658338,139.10843635068142,295.1660625379982
2024-03-14,121.22461687337322,138.44424461843298,294.58258324310924
2024-03-15,121.25838213499381,138.3544816873021,292.5597961261329
2024-03-18,121.05590580452468,138.67755523593846,294.2985150241507
2024-03-19,121.40457342602109,139.23411397671407,295.93398064207304
2024-03-20,121.62953112101692,139.7008145635287,298.6711210831837
2024-03-21,121.80949727698842,139.62908039655525,299.65816619520075
2024-03-22,122.22562819858638,139.48542161757226,299.0900658156095
2024-03-25,121.80949727698844,139.2699969306031,298.2637511035125
2024-03-26,121.77572241191837,139.10843635068144,297.71285058970034
2024-03-27,122.61928735898123,139.84445747210935,300.21476393928003
2024-03-28,122.50683251985535,139.53928572441168,300.15737696674717
2024-04-01,121.33378737820625,138.97087180182731,299.6351969830935
2024-04-02,121.15316819660494,138.7363074233693,297.7301045426729
2024-04-03,121.23220349350952,138.84462284172662,298.05713636657157
2024-04-04,121.36765827638685,138.7363074233693,294.4190402872678
2024-04-05,120.83705581908349,138.61007433367095,297.4947692761641
2024-04-08,120.82572390524555,138.93481427351256,297.6611788763021
2024-04-09,121.44669357329141,139.2234966850394,298.00550071209005
2024-04-10,119.71932578194394,137.9965408894861,295.02159448561065
2024-04-11,119.47093599401053,137.87032367019012,297.24805757798885
2024-04-12,119.74189357625752,137.79809752095224,293.1450963709125
2024-04-15,118.42094775323217,137.00416534279324,289.47252844339874
2024-04-16,118.02581928545341,136.5530812204369,288.9445971422845
2024-04-17,118.66936635113647,136.73354343602045,287.23458074437616
2024-04-18,118.43227006374644,136.8417477615614,286.6435291815453
2024-04-19,118.5564505527277,137.09442025618853,284.1415797736397
2024-04-22,118.84997592928829,137.85219968382677,286.75828509774345
2024-04-23,119.0531917151741,138.41153574272306,290.1611360566487
2024-04-24,118.59034065755559,138.10482456703883,290.0234469866692
2024-04-25,118.24032857175672,137.81615802591432,288.92166398791244
2024-04-26,118.69195335209737,138.2491816433086,291.6588765462657
2024-04-29,119.18869451454377,138.66416062614314,292.6917519075193
2024-04-30,118.53386355164095,137.65374044468248,288.0551621684708
2024-05-01,119.02692664390293,138.3792712378625,287.11980679931037
2024-05-02,119.76373151860393,139.23179689963703,289.8053837025913
2024-05-03,120.60247560059871,139.8122405784558,293.3975954442834
2024-05-06,120.94250023698795,139.97546754958273,296.4274400961588
2024-05-07,120.9992174257418,139.99363914715315,296.75454403670943
2024-05-08,120.6931501174459,139.66710585330364,296.7832104796745
2024-05-09,120.8858502714996,139.7033538262384,298.493226876992
2024-05-10,120.50043075687083,139.48570728460626,298.8777718784505
2024-05-13,120.54580642846311,139.4494751820738,298.9179048980108
2024-05-14,120.89717258188803,139.6671058533036,300.2893507775918
2024-05-15,121.97401169630191,140.483367671533,304.00787515877835
2024-05-16,121.78129233572679,140.15688198868247,303.3823697771959
2024-05-17,121.49794647479683,140.17500597504585,303.8184963459423
2024-05-20,121.44126769933756,140.2475654025248,304.1685875286492
2024-05-21,121.6452709571324,140.1387421317087,304.91452802723853
2024-05-22,121.46393152688755,139.83031695382027,304.0365776594785
2024-05-23,120.93116832327593,139.34060430005079,301.81573968012475
2024-05-24,121.25989945912181,139.83031695382024,303.8127269990233
2024-05-28,120.5344649114274,139.26806074297417,304.02511108288326
2024-05-29,119.88836336341862,138.85087577567097,301.89613192368154
2024-05-30,120.62513942814871,139.4131637275297,299.8934654033834
2024-05-31,121.15788342523895,139.90287638129917,302.62496270201126
2024-06-03,121.9941690581444,140.3366141663826,302.8716744001866
2024-06-04,122.47202049658755,140.26373733106493,303.2101908301388
2024-06-05,122.88164036941566,140.71932864435658,306.8139052079337
2024-06-06,122.80200006362536,140.48238370721216,306.8082079776666
2024-06-07,121.6983292822232,140.11793604922255,306.4352196995044
2024-06-10,121.44800922762296,140.2455339924818,307.3820416458508
2024-06-11,121.97140919748388,140.42772608087995,308.1222849141731
2024-06-12,122.72235975770913,140.99268025825106,310.6529368233697
2024-06-13,123.30262096605263,140.97444517907135,311.27833402938364
2024-06-14,123.40500192598202,140.42772608087995,311.46778495887145
2024-06-17,122.82474071763856,140.5188856063763,313.94672909575314
2024-06-18,123.39366040894635,140.9562259700859,314.74437736606654
2024-06-20,122.98404053599235,140.8651140555885,313.8893601526786
2024-06-21,123.01818032710898,141.02910280540357,313.4685584114456
2024-06-24,123.14333075102253,140.8833491349763,312.44958357058175
2024-06-25,123.09782063289929,141.0656047047758,313.6527448123499
2024-06-26,122.42652958511162,140.7557988027161,314.0442310589787
2024-06-27,122.66546970925572,140.91977168212878,314.53927708295026
2024-06-28,121.88039856456112,140.57355910331896,313.30160793523703
2024-07-01,121.15648134099469,140.54605571583113,313.94640457022894
2024-07-02,121.93289029393486,140.93075399264114,316.0591033536215
2024-07-03,122.83492983671876,141.42535472700203,317.4695644417049
2024-07-05,123.47432826961085,141.84671360699951,319.30021427711733
2024-07-08,123.46292913263332,141.81016409662834,319.66873131163885
2024-07-09,123.23455265693954,141.64522312329711,319.97951881864503
2024-07-10,123.53141998773486,141.97502571794786,323.1458085244151
2024-07-11,124.19364550455292,142.48794088329214,320.3595024303526
2024-07-12,124.65036964609544,142.85426124750936,322.3801801302403
2024-07-15,123.96532664867507,142.87263916031011,323.2667484591666
2024-07-16,124.68462467696982,143.4222307992443,325.18375820673367
2024-07-17,124.74172599841746,143.2573374371201,320.6243515119629
2024-07-18,124.2050734515013,142.96421131605925,318.1603716181538
2024-07-19,123.74834930995877,142.85426124750936,316.04763677643535
2024-07-22,123.6798488515336,143.3855701960568,319.3060196829529
2024-07-23,123.58851170585882,143.4039004976505,318.80516825314567
2024-07-24,122.83492983671876,142.94588101446547,311.58025116516956
2024-07-25,123.3258898026143,142.96421131605922,309.9568290588297
2024-07-26,124.01098081652697,143.4222307992443,313.4282090419296
2024-07-29,124.2735835132501,143.2939504291006,313.61246755889505
2024-07-30,124.37634860587332,143.36725576486532,312.0235173007652
2024-07-31,125.09568504733677,143.88021854162463,317.0953501769162
2024-08-01,125.51051952125046,143.56530237375685,312.6050314118691
2024-08-02,126.73662298824209,143.08649267848799,306.7847339478148
2024-08-05,126.41576657173815,142.2025595131631,297.85008892912856
2024-08-06,125.59070721611056,142.73659816883224,300.59611777032694
2024-08-07,125.01780214851364,143.0128064532752,298.58696073540966
2024-08-08,125.07504751968999,143.60207406955269,305.48944344756393
2024-08-09,125.71674114529539,143.58372789755657,306.83658595284265
2024-08-12,125.98033298322046,143.67576029476544,306.99780314104896
2024-08-13,126.86266652037293,144.3387141364637,312.04652257119824
2024-08-14,127.42418205481947,144.5965127670932,313.031025564443
2024-08-15,127.0345658901521,144.72542795291434,318.39644608241196
2024-08-16,127.41271569470234,145.1858121243834,319.1102945882107
2024-08-19,127.71063938971335,145.4252169720178,322.161413706739
2024-08-20,128.04294295943538,145.29634939740373,321.6375570064986
2024-08-21,128.32942910530713,145.627834253454,322.7428917589262
2024-08-22,127.80231265121196,145.44364249581758,320.2098239359843
2024-08-23,128.5356507291003,146.21705425852448,323.6121520476865
2024-08-26,128.3752465291574,145.92240458008743,322.840754306002
2024-08-27,128.2721165103618,146.01451632909993,323.2840564999235
2024-08-28,128.0085822916233,145.94086184469185,321.40728794748543
2024-08-29,127.79085589517369,146.08818668391038,321.4360625654283
2024-08-30,127.43561960521741,146.10661220791818,324.5044897241226
2024-09-03,127.82091427550606,145.58844394293675,317.82647066514596
2024-09-04,128.61447475263307,146.1251012133273,317.17597680047777
2024-09-05,129.24699721096056,146.62471699108224,316.4045790587933
2024-09-06,129.18952136052036,146.4396523621494,311.0794357942791
2024-09-09,129.47704466383465,146.79126087400937,314.5623184123002
2024-09-10,129.83353898868413,146.51367186560316,315.93243013027694
2024-09-11,129.89104364884346,146.73574624636697,319.1735771126896
2024-09-12,129.79905347791652,146.93925226970998,321.862092776919
2024-09-13,130.20158610280825,147.34634366819967,323.54310017687976
2024-09-16,130.77662310661665,147.71642531506646,324.0209102767463
2024-09-17,130.7881278805318,147.75343506668938,324.1533167886838
2024-09-18,130.24760519721016,147.88293745698087,323.1919272414409
2024-09-19,130.3626145187876,148.32708621830048,328.70706231210414
2024-09-20,130.47759502938717,148.5121191066367,328.1388176986184
2024-09-23,130.29358587781408,148.23453009823052,328.95878612939987
2024-09-24,130.51210934987395,148.253034974042,329.9000550793738
2024-09-25,129.74156802339743,148.0864910913229,329.1724322576214
2024-09-26,129.74156802339743,148.32708621830054,330.4775306473391
2024-09-27,130.25909076422633,148.69715199476497,329.9981700353218
2024-09-30,129.93707234606558,148.5861068692859,331.3205764663871
2024-10-01,130.5615280188301,148.51173821718868,328.3524638268398
2024-10-02,130.2729675568146,148.53029070420715,328.4910723867891
2024-10-03,129.4303053214185,148.17704754215455,327.8905194305572
2024-10-04,128.7262189466908,148.00967839913798,330.87020682226836
2024-10-07,128.0682765093206,147.37751311592305,327.87887256174145
2024-10-08,128.3221882038149,147.73080388918265,330.97989653038013
2024-10-09,128.0682765093206,147.63778752786098,333.2723465287715
2024-10-10,127.92974866527041,147.56341887576377,332.68913767221323
2024-10-11,127.9066622911027,147.9538781044616,334.68132922194695
2024-10-14,127.9182342885351,148.02826262696115,337.4184876919252
2024-10-15,128.54151835556394,147.99107830091253,334.7968964519556
2024-10-16,128.94555870125998,148.2514161942518,336.2520339204827
2024-10-17,127.98745499472271,148.02826262696115,336.28091671340337
2024-10-18,127.83741277393723,148.3815692706231,337.5744403509572
2024-10-21,126.53306148283114,147.78658831345672,337.02007822899367
2024-10-22,126.52154710609584,147.58205071479392,336.8410481822859
2024-10-23,126.09444919595127,147.13575945040697,333.76317371797484
2024-10-24,126.4753455493,147.56341887576377,334.48502719280833
2024-10-25,126.1752611064703,147.41464983076466,334.3694960205348
2024-10-28,126.0713436161433,147.78658831345675,335.4032187551065
2024-10-29,126.22142425072683,147.82370915789605,335.94597006658023
2024-10-30,126.05979082686865,147.56341887576377,334.92969960666
2024-10-31,125.80587913136738,147.15434367823013,328.3640385790037
2024-11-01,125.11663948453781,147.1636595977452,329.74983570893477
2024-11-04,126.04332113815666,147.5748296867232,329.03962910350776
2024-11-05,126.64567957883652,147.98593629429985,333.0182789137915
2024-11-06,125.32513709464877,148.24759142999292,341.29895042960896
2024-11-07,126.80786999521399,148.882978402594,343.9379939442299
2024-11-08,127.24803801825763,149.1258747362463,345.4278196109225
2024-11-11,127.00477640137116,148.95769620312663,345.7569247941748
2024-11-12,125.85799633137087,148.35969987180448,344.68288874841323
2024-11-13,125.38304509465266,148.3970746424731,344.85034404236654
2024-11-14,125.3483002946503,148.07936528587422,342.63293161283815
2024-11-15,125.40621789797788,148.06071757644176,338.2442254696257
2024-11-18,125.63793632790639,148.34102042156732,339.63016683345126
2024-11-19,125.90432273200337,148.56523730519044,340.87165817375677
2024-11-20,125.60315311460946,148.5279101455208,340.9871893454395
2024-11-21,125.45255390130465,148.58394849602425,342.81769494754826
2024-11-22,125.56837950463616,148.54658959575798,343.8801923000627
2024-11-25,127.1322028113507,149.1071952860091,345.0467181881571
2024-11-26,126.80786999521393,148.82686070007887,346.8483770556711
2024-11-27,127.27123963130198,149.27537381912884,345.7974544559113
2024-11-29,128.05891327506635,149.5743402438812,347.9454904891085
2024-12-02,128.26000672856782,149.51998415498537,348.5691568913421
2024-12-03,127.80665335123092,149.51998415498537,348.7308067800504
2024-12-04,128.42277334436363,149.87659183983712,350.896259029573
2024-12-05,128.3878748909313,149.7451850027213,350.3187834616078
2024-12-06,128.67847125529255,149.98922400450977,350.9829074083351
2024-12-09,128.352995644398,149.8015090202588,349.1754791939021
2024-12-10,128.15538819586692,149.87659183983712,348.08986839597674
2024-12-11,127.80665335123092,149.91414118493145,350.7807999745423
2024-12-12,127.08597244483566,149.5011460009329,348.9733717601093
2024-12-13,126.37693075938998,149.0694078850878,348.9041035381652
2024-12-16,126.53963975448872,149.35099623197056,350.3938570882059
2024-12-17,126.55126937135945,149.03185854020145,348.95022225519085
2024-12-18,124.9822698764763,147.50158783256785,338.55032538244495
2024-12-19,124.30569700446348,147.35061280330805,338.44633290400935
2024-12-20,124.79563901868265,148.27522178069944,342.51145080142544
2024-12-23,124.43402612623571,147.87893811850438,344.56252574805836
2024-12-24,124.81898468170749,148.3506854897258,348.39225429118136
2024-12-26,124.93561696372117,148.72805164606467,348.41554802940357
2024-12-27,124.41067085988726,148.21861209612788,344.7479020766724
2024-12-30,124.94730420015611,148.4261650691545,340.8137483540211
2024-12-31,124.63233461726655,148.40731104469967,339.573879642518
2025-01-02,124.64397383720917,148.76579143577905,338.73952390306044
2025-01-03,124.35236912386584,148.99223017385714,342.9749457098586
2025-01-06,124.03738993765265,149.25640870185762,344.95065856210437
2025-01-07,123.4658101277109,148.76579143577905,341.0512651548612
2025-01-08,123.66411861861586,148.95450625454512,341.54962855368035
2025-01-10,122.95251284714324,148.18085643601117,336.3350043405469
2025-01-13,122.6025487779626,148.14311664629682,336.8565172436938
2025-01-14,122.7425363263248,148.33179972446626,337.3200121521271
2025-01-15,124.21240078215101,149.6338065990012,343.45585683402646
2025-01-16,124.45734297928968,149.80360391170308,342.7953387287543
2025-01-17,124.56232643816298,149.935724916508,346.23700657448325
2025-01-21,125.28557142957824,150.3319450973017,349.406217012334
2025-01-22,124.88897365416385,150.1243921242751,351.3704632879846
2025-01-23,124.71400122296008,150.3131069432492,353.2882302621685
2025-01-24,124.95896262674601,150.48295186715814,352.2568513252812
2025-01-27,125.82218556319977,150.59613949549652,347.2740827416376
2025-01-28,125.64720352867238,150.5395456813273,350.258025026443
2025-01-29,125.4839183337777,150.44519620724947,348.68782514565197
2025-01-30,125.76384541388383,150.7282128890944,350.5592209939379
2025-01-31,125.35557000535815,150.4262945715876,348.6935944925709
2025-02-03,125.55343674375334,150.23677036271835,346.34709292536195
2025-02-04,125.79929125600833,150.7106602367991,348.67044498824316
2025-02-05,126.67738012700751,151.1086579011984,350.08415133393163
2025-02-06,126.44323205720538,150.88121932839712,351.30090659884223
2025-02-07,125.89296200794276,150.4073294543164,348.08528897676746
2025-02-10,125.92807173348814,150.7106602367991,350.4491707013852
2025-02-11,125.64709789211237,150.65378075559588,350.7157145296313
2025-02-12,124.96805696768658,150.331532467049,349.58586005235503
2025-02-13,125.9397877807751,151.0138957968678,353.27665551000473
2025-02-14,126.43150640835698,151.18451837007518,353.2592392936793
2025-02-18,125.91639409999922,151.05181016079985,354.2963875774856
2025-02-19,125.98663275924777,151.16558499360866,355.1307433175339
2025-02-20,126.29103869393875,151.26033122774493,353.6532496302128
2025-02-21,126.73592194586811,150.97599730313004,347.60434179427375
2025-02-24,127.06373116289642,151.16558499360863,346.0226032196448
2025-02-25,128.03548118300984,151.54464928174943,344.301751267322
2025-02-26,128.30475818399768,151.7531227374875,344.4755889020982
2025-02-27,127.76619457668438,151.46885229448196,338.9771128205525
2025-02-28,128.3281614675937,151.88579920575015,344.2669548935879
2025-03-03,128.7336327077567,151.56970862914955,338.235463274565
2025-03-04,128.31052977722493,151.550727641476,334.2318249800139
2025-03-05,127.89920051467718,151.62685790698447,337.82407278062266
2025-03-06,127.49964491759602,151.05557144344937,331.82730541750044
2025-03-07,127.2998479127858,151.30308606085333,333.6871625725393
2025-03-10,127.73470530188516,150.73179959752622,324.7991951764077
2025-03-11,126.90028271162576,150.19855446114184,322.0992489933182
2025-03-12,126.52423603419717,150.36995468364768,323.8084901351513
2025-03-13,126.92378202845818,149.53204565202438,319.491900828721
2025-03-14,126.86500972932674,150.21761480082702,326.0913125357055
2025-03-17,127.12356943044827,150.57944384430323,328.60588239018097
2025-03-18,127.42912776271717,150.3128054058127,325.0541281935734
2025-03-19,128.18126913419255,151.3030860608533,328.5943076380171
2025-03-20,127.9932265892086,151.09361277060006,327.64409620017113
2025-03-21,127.81692889997205,150.86507914086963,327.7521632800712
2025-03-24,127.26457493048677,151.3030860608533,333.6217526015136
2025-03-25,127.39386438323832,151.22695579555284,334.42365576492125
2025-03-26,126.87676418915304,150.61751691225865,330.43123163868387
2025-03-27,126.72400422928823,150.33184987488758,329.55367791369076
2025-03-28,127.48789045776971,150.06525904760406,322.91708997755273
2025-03-31,127.73470530188511,150.2366592699019,325.0847417902744
2025-04-01,128.19123737632546,150.58493499955944,326.0029333525725
2025-04-02,128.4861840447846,150.8910907115779,328.0660157524621
2025-04-03,128.47438156834014,149.01576596367292,311.89868305676976
2025-04-04,128.33280947296214,146.89160935601006,293.63915078826244
2025-04-07,125.83176007007049,145.62856429133734,293.1161234318816
2025-04-08,124.23907879608687,144.95881792243142,288.52514759152336
2025-04-09,126.31543111835907,148.84349286987057,318.82586578540224
2025-04-10,124.16831195491929,146.4131964203836,304.85517587033
2025-04-11,124.14471660573159,146.85328236182528,310.2946243210819
2025-04-14,124.91155105192686,147.58054302761187,313.3049613684107
2025-04-15,125.58399449767006,147.98236545627012,312.42744370174347
2025-04-16,126.11490426145575,147.9632257647812,305.48277264013365
2025-04-17,125.93792473674435,148.82438491918634,305.91868285833374
2025-04-21,124.58121616216616,147.94405433248764,298.63697376167954
2025-04-22,124.88796530593692,148.51819746636318,306.4068417243285
2025-04-23,125.44244160881351,149.26450260122465,311.15476182974965
2025-04-24,126.72835453212731,150.6040588206459,317.70426868603295
2025-04-25,127.40080758094246,150.73802079087378,319.9997475914829
2025-04-28,127.69574464532272,150.81456368642696,320.12176927837555
2025-04-29,127.99067210688281,151.21643372629222,322.13833631906346
2025-04-30,127.38900510449795,150.41269364656176,322.2661634117917
2025-05-01,126.94127927179247,150.60696310219333,324.55010362281297
2025-05-02,126.63332010987259,151.06860103440692,329.3677607095969
2025-05-05,126.45563954278727,151.01088042250387,327.4790207616374
2025-05-06,126.70438465319182,150.89547093950247,324.7418262327424
2025-05-07,126.96496105101875,151.0301312068091,326.1075388237304
2025-05-08,126.32534174105363,150.99164550880897,328.37983216652674
2025-05-09,126.27796857978086,151.08783594830976,327.9613742223872
2025-05-12,126.25426759365553,152.58812748735525,338.7996693443212
2025-05-13,126.36087401334267,152.85741628116384,341.03709419673163
2025-05-14,125.72126430745642,152.29960377964375,341.472896239363
2025-05-15,126.62146001398979,152.58812748735522,343.1407783750094
2025-05-16,126.85835463133168,152.76122584166296,345.3142355935667
2025-05-19,126.87019552031546,152.68430205666172,345.69198358256784
2025-05-20,126.56222675557542,152.60734653085578,344.5297486458937
2025-05-21,125.1527095421952,151.5879119675245,338.7240908999785
2025-05-22,125.79231924808143,151.89567058893084,338.85779551460354
2025-05-23,125.88707517458005,151.85721663173538,336.5447561595244
2025-05-27,127.02420391099456,152.78047662576017,343.5417840444975
2025-05-28,126.71625435315354,152.68430205666172,341.55431614786755
2025-05-29,127.28478030882148,152.91515276346914,342.9025404058782
2025-05-30,127.65195352099796,153.04976541977678,342.5189870110414
2025-06-02,127.29055190204872,153.02270640313836,344.44832873738915
2025-06-03,127.35000603539628,153.3125790940084,346.4126110713656
2025-06-04,128.27732150824943,153.60249939608545,346.31961641069734
2025-06-05,127.88497800168261,153.27395056238726,344.6459649281321
2025-06-06,127.11222791328663,153.25465216687502,348.1850986787607
2025-06-09,127.49267290891385,153.33189335971497,348.49887903390885
2025-06-10,127.80176526277135,153.6991342066437,350.4748082372917
2025-06-11,128.2059880708613,153.6604898046202,349.4752328248151
2025-06-12,128.9192840271685,153.83436580801842,350.86413097904745
2025-06-13,128.14653393751374,153.3705853729455,346.941479891908
2025-06-16,127.92064472100606,153.6798199407291,350.2423035561627
2025-06-17,128.3605150415204,153.5058487151249,347.2494909007279
2025-06-18,128.45564549701155,153.73776273826482,347.19713407736464
2025-06-20,128.5626456524644,154.220889179849,346.3817811241182
2025-06-23,128.8836269119239,154.51080948192603,349.80307596370574
2025-06-24,129.48992271151948,154.93599312618244,353.66745664666837
2025-06-25,129.3353765352201,154.89730111295194,353.865633713482
2025-06-26,129.81094238351832,155.34181489331726,356.6342711829374
2025-06-27,129.59694207387133,155.2645260894783,358.40614579701924
2025-06-30,130.31026683863894,155.8636333481319,360.1197139485984
2025-07-01,130.4677516302096,155.667507056675,360.00317314083566
2025-07-02,130.4438777845105,155.9587446013139,361.63517715060675
2025-07-03,130.13363303307503,156.05583965312388,364.4853787624611
2025-07-07,129.35804036264418,155.53154541741688,361.76920629134673
2025-07-08,128.98814941138838,155.3179934364673,361.57106528285914
2025-07-09,129.72795052079897,155.74519262036438,363.7392940305681
2025-07-10,129.7517955567789,155.5898532337903,364.7650839127569
2025-07-11,128.9642947725883,155.3956790003647,363.48281050125183
2025-07-14,128.928484004669,155.5121517994906,364.1764302348038
2025-07-15,128.46312648033597,155.04618125055939,362.62022102051276
2025-07-16,128.66596773773273,155.45392333512885,363.8325050417826
2025-07-17,128.97620288508932,155.60926272191094,366.0590763097294
2025-07-18,129.21485491040536,155.82281470265244,365.79094591159753
2025-07-21,129.7160135985788,156.03644603540562,366.4845656451494
2025-07-22,130.0262583487555,156.3082899621183,366.5369945851646
2025-07-23,129.82340748979732,156.3859279146007,369.6552905362342
2025-07-24,129.63250315587948,156.1917536813831,369.77770886648443
2025-07-25,130.05011298755556,156.28884873319305,371.3397234860203
2025-07-28,129.78759672061932,156.21117903990603,371.24654853372243
2025-07-29,130.64673824754755,156.30828996211832,370.26731006906124
2025-07-30,130.157516482853,155.97815408943458,369.80103866303256
2025-07-31,130.1933176479521,156.07526501164688,368.4138352548453
2025-08-01,131.3482509330505,156.08304150317537,362.375384360603
2025-08-04,131.57591676443135,156.6099702237981,367.8833798638264
2025-08-05,131.67176746793672,156.53193551146535,366.018258180204
2025-08-06,131.6358222542417,156.68803667693552,368.82187231561403
2025-08-07,131.50403593734407,156.53193551146535,368.51292378795677
2025-08-08,131.08469750867172,156.55145609240228,371.38641913803326
2025-08-11,131.2883646501392,156.55145609240228,370.65201733328183
2025-08-12,131.40818523383874,156.90274719642358,374.5979621586434
2025-08-13,132.10310044078503,157.31253656143832,375.88027162847436
2025-08-14,131.64780719308007,156.90274719642358,375.91524829383815
2025-08-15,131.48005645558843,157.01979132961753,375.0351344217958
2025-08-18,131.2404440991672,156.90274719642358,374.95349816274506
2025-08-19,131.44412084471358,156.863674293745,372.9193346141021
2025-08-20,131.50403593734407,156.8051284215445,371.928449281216
2025-08-21,131.00082213992593,156.51236731952937,370.4363519340818
2025-08-22,132.03119080397857,157.78088766905594,376.12507222946743
2025-08-25,131.6837524080338,157.4686694675052,374.46970236482235
2025-08-26,131.77958390589885,157.81996057152645,376.03763056576247
2025-08-27,131.82750445561206,158.01510289887054,376.89441464125673
2025-08-28,132.03119080397855,158.0931376112033,378.2291891094288
2025-08-29,131.55196609239488,157.80040824978482,375.973482639689
2025-09-02,131.11188449850872,157.62983328778444,373.1874289539081
2025-09-03,131.89340241610032,158.06119051418148,375.20994563314457
2025-09-04,132.79512504907825,158.49257948117517,378.34580203384337
2025-09-05,133.66079683104593,158.5710585645653,377.24991458703244
2025-09-08,134.12969797852895,158.5710585645653,378.1767601694136
2025-09-09,133.88923092705915,158.39453220584903,379.05099651955913
2025-09-10,134.28601116562265,158.51217941412378,380.146811850309
2025-09-11,134.91120629330038,158.90435264502588,383.3058538142521
2025-09-12,134.67073924183055,158.74745796006292,383.17759402043106
2025-09-15,135.09155658158804,159.19847860080986,385.2176711492967
2025-09-16,134.97133265930265,159.0808155221328,384.6872518171944
2025-09-17,134.73085600375396,158.9239525779745,384.20933354175924
2025-09-18,134.4543381012739,159.2769259431873,386.0045018934724
2025-09-19,134.34610872190575,159.3357416122275,387.91635528743376
2025-09-22,134.0455249072538,159.45337294989193,389.75158454264624
2025-09-23,134.3100482668166,159.33574161222754,387.6299793297076
2025-09-24,133.76901660759387,159.12003125822437,386.3966732506572
2025-09-25,133.52853034922504,158.66905822868438,384.6140532276803
2025-09-26,133.7088902415916,158.98281585801368,386.8175471085421
2025-09-29,134.15373508098165,159.25731014004438,387.90467235970135
2025-09-30,134.02149740887995,159.19847860080984,389.36583158401965
2025-10-01,134.55969609014673,159.49593733858836,390.6926371414829
2025-10-02,134.77691351195392,159.43685187291646,391.1426101428349
2025-10-03,134.60797196308633,159.2595319947074,391.13680473758996
2025-10-06,134.173546722292,159.298938175627,392.53951326551106
2025-10-07,134.4269590449641,159.1216341678203,391.08419550535433
2025-10-08,134.25799829045616,158.88524469434165,393.4162376466446
2025-10-09,133.99254340824868,158.43211329174804,392.27650316324974
2025-10-10,134.36661180276985,157.5061870717948,381.6741382716793
2025-10-13,134.82517978081466,158.49121462761426,387.53056627048113
2025-10-14,135.27163797706555,158.66850276501864,387.05715529760334
2025-10-15,135.27163797706555,159.18075137408886,388.77555527726406
2025-10-16,135.65778734366154,158.6094331699571,386.1278577425601
2025-10-17,135.39232285863386,159.0231425214368,388.3196326373635
2025-10-20,135.80258615401993,159.33832848593633,392.3583557722562
2025-10-21,135.82673849534933,159.10193901245765,392.3524421920335
2025-10-22,135.95946593645309,158.9443301600136,390.312689588692
2025-10-23,135.79052438758546,159.29893817562706,392.6272073386791
2025-10-24,136.019793973007,159.73234268226136,395.8359738616938
2025-10-27,136.24907315998996,160.12637274898873,400.5059356667619
2025-10-28,136.26114452924458,159.96874802614232,401.5696590047213
2025-10-29,135.48883619197375,159.47624218343378,401.7625354840345
2025-10-30,134.7648421426993,159.18075137408889,397.34390085408614
2025-10-31,134.2218225964903,159.18075137408889,398.6473044983495
2025-11-03,133.8609011424643,158.68572213928093,399.3954445601378
2025-11-04,134.0425670850835,158.7055283870439,394.6611905951017
2025-11-05,133.6428866450468,158.8639148889945,396.0288503404163
2025-11-06,134.3453308531945,158.92333363269944,391.77972633490714
2025-11-07,134.07890603580296,159.06192975687333,392.165443234617
2025-11-10,134.15156473034278,159.59657148762324,398.2849534535137
2025-11-11,134.68444317484506,159.77481184854378,399.1966905589278
2025-11-12,134.55122596473922,159.457959493047,399.4188104150119
2025-11-13,133.88513991420996,158.8045278858862,392.79084044063086
2025-11-14,133.5218080277128,158.84410864102352,392.72658433957963
2025-11-17,133.60657650530527,158.5867067700364,389.0677366402352
2025-11-18,133.66714462369146,158.62630339536798,385.8005554803308
2025-11-19,133.67923519984512,158.7055283870439,387.2909941397459
2025-11-20,133.86090114246431,158.60651301800735,381.38776231395326
2025-11-21,134.33321146732166,159.1411388781469,385.18687726037535
2025-11-24,134.86610911746425,159.57676523965225,390.8561981267829
2025-11-25,135.24154118293518,160.13118147756848,394.5325702174306
2025-11-26,135.70176093163892,160.28958384971335,397.2562788975701
2025-11-28,135.4716462552476,160.36879297098696,399.4246518785828
2025-12-01,134.7459428146172,160.08031687448246,397.6011055511027
2025-12-02,134.83101859755914,160.37874370617945,398.3375626857494
2025-12-03,135.13493476324808,160.51800638683545,399.71690535879645
2025-12-04,134.89182679903632,160.6373517269121,400.0091227800935
2025-12-05,134.75810061428808,160.6373517269121,400.7689457690235
2025-12-08,134.4785192535812,160.23949689592584,399.56495518398646
2025-12-09,134.3083388767194,160.0604312747078,399.22002035547604
2025-12-10,134.9283001967902,160.59753291594774,401.8677900068319
2025-12-11,134.73379461902525,160.5777107975744,402.80292902544596
2025-12-12,133.91936613498757,160.27928396587743,398.4719524103396
2025-12-15,134.0773887121785,160.3588422357944,397.8699210591998
2025-12-16,134.38129527378854,160.45833371669306,396.78283186636645
2025-12-17,134.2354016865493,160.2593666252981,392.4168064686536
2025-12-18,134.7459428146172,160.69704026724875,395.3800512212027
2025-12-19,134.3993687165412,160.619100777122,398.9635728844858
2025-12-22,134.37495708522184,160.7589982734554,401.4490796544109
2025-12-23,134.5091922471299,160.8789308180025,403.28384014961387
2025-12-24,135.03395588819228,161.17873837366267,404.7024864983617
2025-12-26,135.02175007190323,161.09879921429763,404.66145201888065
2025-12-29,135.20480849645006,161.15875755147403,403.2193676980162
2025-12-30,135.0461617032226,161.3186676108008,402.7269899966623
2025-12-31,134.47259400642045,161.158757551474,399.74319194575145
