Date,LQD,HYG,SPY
2015-01-02,0.0,0.0,0.0
2015-01-05,0.0,-0.009263943964061494,-0.01805895731740681
2015-01-06,0.0,-0.013059030553963513,-0.027308031739335603
2015-01-07,0.0,-0.006920442683796546,-0.01518717474342457
2015-01-08,-0.003223420267330135,0.0,0.0
2015-01-09,-0.0005781894171661417,0.0,-0.008013763730565282
2015-01-12,0.0,-0.0012215524469657568,-0.01578450898120909
2015-01-13,0.0,-0.0012215524469657568,-0.01855241932083329
2015-01-14,0.0,-0.003552050404615703,-0.024477950970740125
2015-01-15,0.0,-0.009655945965492019,-0.03341432150462109
2015-01-16,-0.00557001501390364,-0.005882627276047492,-0.02073823653582685
2015-01-20,-0.0032767788440675183,-0.007658376286324375,-0.0186498245781318
2015-01-21,-0.003685975581279255,-0.0023312081630696424,-0.013696007082048656
2015-01-22,-0.004177558392391978,-0.0009991004864370323,0.0
2015-01-23,0.0,-0.0009991004864370323,-0.005482646880720976
2015-01-26,-0.0002454364161658118,0.0,-0.0031540180099020043
2015-01-27,0.0,-0.0007748431214321672,-0.016302828141068315
2015-01-28,0.0,-0.00287589936741528,-0.028918091493009168
2015-01-29,-0.002354505728729084,0.0,-0.019941872335596078
2015-01-30,0.0,-0.0027636665169807895,-0.03226601215527236
2015-02-02,0.0,0.0,-0.020281606310756706
2015-02-03,-0.00808619383770004,0.0,-0.006113504394034797
2015-02-04,-0.006711644820958207,-0.004189148536162146,-0.0098981103546949
2015-02-05,-0.00986479270731122,0.0,0.0
2015-02-06,-0.020215577393398965,0.0,-0.002765046348636946
2015-02-09,-0.01956839235089758,-0.002418377991308618,-0.007228598071006953
2015-02-10,-0.022236940253614,0.0,0.0
2015-02-11,-0.021589940810626707,-0.0003288940940773255,0.0
2015-02-12,-0.0190828643696902,-0.0004387328962803805,0.0
2015-02-13,-0.02296448982736865,0.0,0.0
2015-02-17,-0.027492743527789854,-0.0006584598917422912,0.0
2015-02-18,-0.02401535352371098,0.0,0.0
2015-02-19,-0.024177752981845213,-0.002299114963848936,-0.0007138504771774246
2015-02-20,-0.022722375433848252,0.0,0.0
2015-02-23,-0.0194071992883893,0.0,-0.00014201990010631604
2015-02-24,-0.013018775790261672,0.0,0.0
2015-02-25,-0.012129290755941935,0.0,-0.0008497387533481504
2015-02-26,-0.017465922561372693,-0.0002179002057051127,-0.002030052895049761
2015-02-27,-0.015121152780029568,0.0,-0.005429445056412074
2015-03-02,-0.02365872431265592,-0.0001862210455861879,0.0
2015-03-03,-0.024226008820256828,-0.0030277106320997227,-0.0041044408760362305
2015-03-04,-0.024874678657655247,-0.004886837957881585,-0.008302615180847184
2015-03-05,-0.023577710181886813,-0.0030277106320997227,-0.007217299151560663
2015-03-06,-0.03395531397952778,-0.009368860959748648,-0.02118078434906867
2015-03-09,-0.030063387756110616,-0.011445426019399796,-0.017123952715710877
2015-03-10,-0.028523655290954464,-0.015271590213700836,-0.03306815712960254
2015-03-11,-0.02357771018188659,-0.012539089270201309,-0.035332173180758764
2015-03-12,-0.02455062213822723,-0.010570973303426046,-0.023067420711936237
2015-03-13,-0.027307236947169966,-0.013959949680911965,-0.02905832324133184
2015-03-16,-0.02633460339010052,-0.014943622272786783,-0.016085896510086073
2015-03-17,-0.02471265039854975,-0.019862987250094832,-0.01901076379381139
2015-03-18,-0.012712908009843482,-0.011118228859490764,-0.007217299151560219
2015-03-19,-0.017739681648950012,-0.018988534534121082,-0.011746292176205375
2015-03-20,-0.014983438039036012,-0.011336437378406283,-0.003023055887971915
2015-03-23,-0.012712908009843482,-0.010570973303426046,-0.004965775067829359
2015-03-24,-0.011253818475212007,-0.009040507625301508,-0.010556759958725848
2015-03-25,-0.014496332463174166,-0.011664482397622522,-0.025055739937914878
2015-03-26,-0.02057786738477163,-0.011773548116918664,-0.027377935360234695
2015-03-27,-0.016685941162570717,-0.011008623592076994,-0.025150696356147195
2015-03-30,-0.014983438039036012,-0.008274966474039469,-0.013257907477808306
2015-03-31,-0.013199456787162611,-0.009478389148860233,-0.021881470105212575
2015-04-01,-0.010362291847452632,-0.007435661437758201,-0.025340259762145156
2015-04-02,-0.011988513625397101,-0.006667576704532774,-0.021833773504917442
2015-04-06,-0.010687369164208427,-0.004141105914208798,-0.015247449693244652
2015-04-07,-0.00711049789107987,0.0,-0.017853990224561356
2015-04-08,-0.007435482406862204,-0.0002194251966922689,-0.014537154730948187
2015-04-09,-0.012476268799558432,-0.0012065306163979717,-0.010177720498621756
2015-04-10,-0.01109411020760065,0.0,-0.004776124304215035
2015-04-13,-0.011419187524356555,-0.0018620713629865504,-0.00927742534796927
2015-04-14,-0.009142903913873957,-0.0014236247731006513,-0.007382228053173678
2015-04-15,-0.008492749281578393,0.0,-0.002928361542589686
2015-04-16,-0.009061704184806785,-0.0020761772318291793,-0.00321270665158635
2015-04-17,-0.006378957930203266,-0.005136973690948565,-0.01467928360950066
2015-04-20,-0.008735977270967754,-0.002950789139158916,-0.005676332097251047
2015-04-21,-0.008980318856225855,-0.002294734316073299,-0.006860710289775418
2015-04-22,-0.01540289264063488,-0.0032782795540176046,-0.001980893931616712
2015-04-23,-0.012882731443679574,-0.003606690532896639,0.0
2015-04-24,-0.011011982480963134,-0.001967320614882695,0.0
2015-04-27,-0.011744172040139444,-0.0016395233453503355,-0.004157922843371686
2015-04-28,-0.017597698121562977,-0.003169653078076151,-0.0009922464347976723
2015-04-29,-0.0257273222151716,-0.005027273223650042,-0.005102695456285278
2015-04-30,-0.024913932926928117,-0.005573167297427517,-0.01507202388503781
2015-05-01,-0.030294644585350583,-0.0033562205847434967,-0.004394072442032826
2015-05-04,-0.033393133453702095,-0.003575774946676269,-0.0015593190633272913
2015-05-05,-0.03502334561755216,-0.004892717545908587,-0.012993193124199665
2015-05-06,-0.03918105015430218,-0.007856317857625528,-0.017056778082037205
2015-05-07,-0.03534897973285067,-0.00796647860693378,-0.013134917728192086
2015-05-08,-0.029805775815320734,-0.0001722987764214423,-0.00014163749485773813
2015-05-11,-0.039588533595750985,-0.006429981643757521,-0.004913671248678475
2015-05-12,-0.04097440417434317,-0.006539451970050569,-0.00789075898960978
2015-05-13,-0.04187103478509335,-0.00796647860693378,-0.007701386345464134
2015-05-14,-0.03861014645860772,-0.0031364360818055825,0.0
2015-05-15,-0.031925506347500354,-0.0009414294641899579,0.0
2015-05-18,-0.039344192010492995,-0.0025876268926531276,0.0
2015-05-19,-0.04448037648414338,-0.004124353994823582,-0.00032823879895449437
2015-05-20,-0.04333856909153799,-0.005331979697110967,-0.0010323862863362843
2015-05-21,-0.03877328831479865,-0.003905183201232676,0.0
2015-05-22,-0.03942557733907426,-0.0031364360818058046,-0.0023885282226997484
2015-05-26,-0.03518602347617428,-0.005222355943481305,-0.013114712477357626
2015-05-27,-0.03420856433538544,-0.003027579464859542,-0.0037470360359543875
2015-05-28,-0.03624598154141301,-0.0034667649023933933,-0.004871008679219191
2015-05-29,-0.035839147698263685,-0.0020392779835001207,-0.011053721760647894
2015-06-01,-0.041242409680629755,-0.0003625485371583359,-0.009039448106294867
2015-06-02,-0.046147244526499875,-0.002237352534385395,-0.010023442288160989
2015-06-03,-0.05227870568213655,-0.007640829318104281,-0.007400206192436198
2015-06-04,-0.047373499637237915,-0.010837408871647636,-0.015784492921085636
2015-06-05,-0.052196949154526995,-0.013814740919942503,-0.01747062460033655
2015-06-08,-0.05285063017515923,-0.013814740919942503,-0.023512668396907133
2015-06-09,-0.057101412801368934,-0.015469069993227946,-0.023653251327417912
2015-06-10,-0.05963567955045446,-0.014145913588870851,-0.011943677365665595
2015-06-11,-0.051297070554711555,-0.012161102271683322,-0.00875871400569106
2015-06-12,-0.052932572301066516,-0.015799475525472784,-0.01634639289403028
2015-06-15,-0.053095714157257445,-0.02043075307670028,-0.020562153846916065
2015-06-16,-0.050724960462174784,-0.01491826624869852,-0.015222592953800795
2015-06-17,-0.05080690258929843,-0.015799475525472784,-0.013629895393604596
2015-06-18,-0.052523604064720675,-0.012161102271683322,-0.00337209064414834
2015-06-19,-0.047454884965819066,-0.011609914958812473,-0.0077963081050335115
2015-06-22,-0.05497574308838449,-0.009624720073283188,-0.0027131297261580034
2015-06-23,-0.05710141280136882,-0.010286221560787956,-0.002007365402782013
2015-06-24,-0.05448576072248568,-0.01293307136115851,-0.00925550369498429
2015-06-25,-0.056038856344147736,-0.015909175992770863,-0.012267847103046736
2015-06-26,-0.06037139549796733,-0.018777497994771686,-0.012456096976756426
2015-06-29,-0.052196949154526884,-0.0255028270504859,-0.03316539659968365
2015-06-30,-0.05399522155804448,-0.020871396071921677,-0.031141192325562117
2015-07-01,-0.05702819384532953,-0.02070523438494498,-0.023375453235005117
2015-07-02,-0.053420977073527665,-0.01705036770452828,-0.02426981284382057
2015-07-06,-0.04965024724650624,-0.02026267355002631,-0.02704658484670419
2015-07-07,-0.04571442676961157,-0.01948663863814004,-0.02092803215676653
2015-07-08,-0.044402795943170204,-0.02436040792003502,-0.03735430171843168
2015-07-09,-0.05071568049376407,-0.022145685903732892,-0.03561264496922811
2015-07-10,-0.05678190346638934,-0.016497415979296437,-0.023469578171860017
2015-07-13,-0.058832219830137755,-0.015610836749760493,-0.012691236610199219
2015-07-14,-0.058012148964249444,-0.016607576728604467,-0.008408465611978944
2015-07-15,-0.055552864364155186,-0.016607576728604467,-0.00873755747924121
2015-07-16,-0.054077534884196865,-0.015057041174177055,-0.0007833958062802848
2015-07-17,-0.053420977073527776,-0.017714937736755698,0.0
2015-07-20,-0.05563443529225076,-0.022256230219371842,0.0
2015-07-21,-0.05366680345368269,-0.024028161261761438,-0.003951296113107516
2015-07-22,-0.05243711475314883,-0.03034054093641514,-0.005738976259691997
2015-07-23,-0.04965024724650635,-0.03089556392868109,-0.01133641561536991
2015-07-24,-0.05006032907872093,-0.033663697952225125,-0.021590764332099943
2015-07-27,-0.04997773735451394,-0.037761892606255065,-0.02728270546220779
2015-07-28,-0.05071568049376429,-0.03255672051241565,-0.015334487951166875
2015-07-29,-0.05153584415819357,-0.026907683451295683,-0.008560997741864251
2015-07-30,-0.051043820198854895,-0.024028161261761216,-0.008325735789760369
2015-07-31,-0.046124787001097345,-0.02569000826649992,-0.009831032550473462
2015-08-03,-0.04390455440497243,-0.027514257992488744,-0.013170785674804564
2015-08-04,-0.0487557510289528,-0.02695831443620267,-0.015099657514324738
2015-08-05,-0.05245511789386026,-0.028293208023771887,-0.011853715736611203
2015-08-06,-0.05064682312265889,-0.03229765863944156,-0.019944621095185355
2015-08-07,-0.04735763089093925,-0.035302147306219056,-0.0218259399856765
2015-08-10,-0.05113996067908211,-0.032520741828106936,-0.009501441432306912
2015-08-11,-0.047193375438879914,-0.03697082182341804,-0.01843941063865584
2015-08-12,-0.048674180100857334,-0.038306252404654684,-0.01726318718232034
2015-08-13,-0.05196198033743671,-0.0395303715335692,-0.018486273159873168
2015-08-14,-0.05105764735293017,-0.03897358412894225,-0.014911516995988694
2015-08-17,-0.04801623029504809,-0.03897358412894225,-0.009407802682744548
2015-08-18,-0.0516330982342893,-0.04019754982850898,-0.012277290815418618
2015-08-19,-0.04702902718584667,-0.04108666060708921,-0.02008529496867617
2015-08-20,-0.04645357630570379,-0.0457602073614185,-0.04054738879912567
2015-08-21,-0.04620663632846389,-0.049209097989143746,-0.06942911607013669
2015-08-24,-0.048837693156076445,-0.056996527022875054,-0.10861283131674648
2015-08-25,-0.053688982579813915,-0.05510561316736229,-0.11910244199123643
2015-08-26,-0.054264433461173045,-0.04720648911296732,-0.08528124935927905
2015-08-27,-0.053360100475450145,-0.040086238376186856,-0.06265588477338468
2015-08-28,-0.05163309823428952,-0.039195746751576555,-0.06260867704108941
2015-08-31,-0.05401777188320456,-0.04053056362547747,-0.07018185075750483
2015-09-01,-0.04828739099064305,-0.04362703191423223,-0.09793482121702579
2015-09-02,-0.049688295118936465,-0.03971486777320221,-0.08081265311927444
2015-09-03,-0.045153638240141736,-0.03837422066654039,-0.08015424760362522
2015-09-04,-0.043009408589119724,-0.03938024299322063,-0.09407776796579781
2015-09-08,-0.04746230894152115,-0.03412773860020213,-0.07131112538278406
2015-09-09,-0.04540076381567959,-0.03535715096821024,-0.08372934898424356
2015-09-10,-0.04729684709383597,-0.033009791111853315,-0.07874302110773634
2015-09-11,-0.04663796929045594,-0.03334564331253931,-0.07455672194941954
2015-09-14,-0.04672028261539163,-0.035021835763202724,-0.07799028642602424
2015-09-15,-0.053893884296286054,-0.035245609372872244,-0.0664657302866618
2015-09-16,-0.052162242069703435,-0.03870907558953818,-0.05837499753645481
2015-09-17,-0.04432874179053381,-0.03792736387021667,-0.060492096198494716
2015-09-18,-0.04144294981216756,-0.04060988550022271,-0.07584496668623364
2015-09-21,-0.046307787990709004,-0.04239723597788281,-0.071069304403228
2015-09-22,-0.04218497613829708,-0.04932570268257075,-0.08312652259922781
2015-09-23,-0.042761911814553355,-0.05100227870157603,-0.08459255149941058
2015-09-24,-0.04259682116468,-0.05569561756624908,-0.08790209857804987
2015-09-25,-0.045483448339643795,-0.06050149530193771,-0.0881387413744662
2015-09-28,-0.04383439783848453,-0.07491698052830142,-0.11102379166269938
2015-09-29,-0.04259682116467989,-0.07502913583097526,-0.11050355723315419
2015-09-30,-0.042761911814553244,-0.06921815633262651,-0.09390697435079887
2015-10-01,-0.04297683589749235,-0.07519153855021432,-0.09154296283590235
2015-10-02,-0.038759553960480586,-0.07429322213746636,-0.07797276691431931
2015-10-05,-0.041323238211885105,-0.06317665242782733,-0.06156544648771822
2015-10-06,-0.03942112295438349,-0.058011831695381266,-0.06478100961137312
2015-10-07,-0.03603077905920282,-0.04835481519185891,-0.05712058357013661
2015-10-08,-0.03983473117493452,-0.04442423978450427,-0.0486097278632156
2015-10-09,-0.03942112295438338,-0.04431223790916694,-0.04804211309300821
2015-10-12,-0.03553504311201361,-0.04610887073265213,-0.04714395787558334
2015-10-13,-0.03627864703279726,-0.048354815191859135,-0.05314900625104346
2015-10-14,-0.03247441651779437,-0.04902797714890761,-0.057688284644527354
2015-10-15,-0.0328882103378596,-0.04678264639904761,-0.04321907047499618
2015-10-16,-0.032557472240786756,-0.042403142926323856,-0.03886922714563357
2015-10-19,-0.03264052796377925,-0.03982096270211122,-0.03839637306240651
2015-10-20,-0.0344598658963432,-0.038922262721021395,-0.03962567285633345
2015-10-21,-0.02966304989109292,-0.03993288786378024,-0.04558342720097075
2015-10-22,-0.027596122382989252,-0.03959611510108507,-0.02946004361292076
2015-10-23,-0.031151556928043167,-0.03622762033745075,-0.018821301368074472
2015-10-26,-0.029415089117741045,-0.03723862904855113,-0.021232348012555025
2015-10-27,-0.029167313943903483,-0.04038235292281678,-0.02312376435677499
2015-10-28,-0.032971173261094555,-0.037799558989257576,-0.012012426935596232
2015-10-29,-0.039751953851212996,-0.04026966062647552,-0.012579523886358301
2015-10-30,-0.037271232523044207,-0.03914672675370623,-0.01683521065236937
2015-11-02,-0.04140963472369974,-0.03616901113706972,-0.005203725111485036
2015-11-03,-0.04132676460022122,-0.03515332289622253,-0.0023192202601486356
2015-11-04,-0.042404540206657515,-0.037973852319045265,-0.005345262015498897
2015-11-05,-0.042155929835006045,-0.04169684068868451,-0.006338350528271142
2015-11-06,-0.048375829095897216,-0.0463217510094619,-0.006858326045265595
2015-11-09,-0.04995138224174589,-0.05026989383480063,-0.016126145282331805
2015-11-10,-0.04754638546184109,-0.05241296533715889,-0.013856462933498181
2015-11-11,-0.0476292555853195,-0.05466934284721603,-0.017733452173977815
2015-11-12,-0.04796147847728949,-0.06098670890628999,-0.03144587542173094
2015-11-13,-0.045141759879748444,-0.06369400903508204,-0.042320915251915614
2015-11-16,-0.04497564843254698,-0.05929440659532992,-0.027757544519032562
2015-11-17,-0.04398055735129147,-0.05861748567255476,-0.028466696193253704
2015-11-18,-0.04373157578182818,-0.056812491063242376,-0.013052636882136093
2015-11-19,-0.04091204278258509,-0.06527354233402116,-0.013903411758898865
2015-11-20,-0.04107769023100094,-0.06549923378539912,-0.010309927847364397
2015-11-23,-0.04074630253562839,-0.06628823329919098,-0.01144489846957264
2015-11-24,-0.04041472924074163,-0.06504769745731764,-0.01012075169013793
2015-11-25,-0.03950269388247829,-0.06403208593013898,-0.010262806413596892
2015-11-27,-0.03917028539099421,-0.06256601206422419,-0.009128094692627431
2015-11-30,-0.038755656373114955,-0.06313001054965295,-0.013241726735179427
2015-12-01,-0.0315288804703322,-0.05646505510869193,-0.0038323705940996877
2015-12-02,-0.0338572247068345,-0.05839187093484488,-0.013998172445879309
2015-12-03,-0.04666478840079169,-0.06088575379114958,-0.027805097468062256
2015-12-04,-0.04150837359469228,-0.06303956520104226,-0.008844244158259906
2015-12-07,-0.03984503194067246,-0.0696136150093718,-0.014849292539375947
2015-12-08,-0.0410927237807015,-0.08117581410066332,-0.021469077118810964
2015-12-09,-0.04134244774822171,-0.0764148138287779,-0.02908160499994006
2015-12-10,-0.04358773626051493,-0.08026875233575737,-0.026575625065767938
2015-12-11,-0.041924116208440165,-0.09863176667811302,-0.045441545085879054
2015-12-14,-0.04899359663607927,-0.10645279627243442,-0.04061893397747296
2015-12-15,-0.04891026251381547,-0.0918304144313703,-0.030547461291755784
2015-12-16,-0.04907665235907177,-0.08491667674295977,-0.016362270264959178
2015-12-17,-0.04799562876357011,-0.09511759276488274,-0.031351201038934295
2015-12-18,-0.04799562876357011,-0.09851807710408322,-0.0486079154979856
2015-12-21,-0.04733016218230224,-0.10135172455413721,-0.0407596941551468
2015-12-22,-0.04857803962184559,-0.09047020535335859,-0.03205534713838287
2015-12-23,-0.04774618319532142,-0.08468906745188431,-0.02006855218896797
2015-12-24,-0.04464342554057665,-0.08282063068510737,-0.02168595653434291
2015-12-28,-0.04581140244643567,-0.08829077159834997,-0.02392154920013001
2015-12-29,-0.05073182763933304,-0.08304847011718797,-0.013505037156666622
2015-12-30,-0.05073182763933304,-0.08236464496627294,-0.020496873929997106
2015-12-31,-0.04914690172410041,-0.08179504638707713,-0.030295111348864978
2016-01-04,-0.04964774165428054,-0.08726472702032095,-0.04385149878773109
2016-01-05,-0.04914690172410041,-0.0855547038640403,-0.04223418074653951
2016-01-06,-0.04539463903657592,-0.0855547038640403,-0.05431556377456803
2016-01-07,-0.04464342554057643,-0.09148060035511218,-0.0770039295434155
2016-01-08,-0.04389351124117602,-0.09387383495094992,-0.08713555541362128
2016-01-11,-0.046978915353508954,-0.09524125510976367,-0.08623153159090025
2016-01-12,-0.0448100009853466,-0.0943295138151109,-0.07885883972138608
2016-01-13,-0.041891265117541265,-0.10435721049659186,-0.10183295468835873
2016-01-14,-0.04664548606469687,-0.10036886973920778,-0.0870878298618808
2016-01-15,-0.04806300133856167,-0.11221912844798498,-0.10668421838977715
2016-01-19,-0.05231656795505135,-0.11529618819272669,-0.10549539469798197
2016-01-20,-0.050898403084103316,-0.12122177782912535,-0.11695867570978158
2016-01-21,-0.05365037790762428,-0.1152961881927268,-0.11201196089922671
2016-01-22,-0.05306694625323738,-0.10173613647068469,-0.09379409003979755
2016-01-25,-0.054067605317485445,-0.11062425242744356,-0.10749322262427896
2016-01-26,-0.05139942861379765,-0.10264757091066401,-0.09531656109548103
2016-01-27,-0.0539845495932767,-0.104015067781135,-0.10516209255082754
2016-01-28,-0.052899906810897734,-0.09945697501721851,-0.10050121324258132
2016-01-29,-0.0479799456155694,-0.09649475555153153,-0.07857395354812824
2016-02-01,-0.05101598029240573,-0.10186532219566424,-0.07890656527312634
2016-02-02,-0.0492596533486831,-0.10827842684445321,-0.0955065139733915
2016-02-03,-0.051601360740475166,-0.10392669369955876,-0.09008435599369558
2016-02-04,-0.05118339093377344,-0.10678941560779265,-0.08865707713459803
2016-02-05,-0.05135052317708633,-0.11365996353310348,-0.1060185634245191
2016-02-08,-0.046415621231814086,-0.12396659091559281,-0.11805247980770184
2016-02-09,-0.0496777159551417,-0.12728713966869032,-0.11800484056014504
2016-02-10,-0.04850667665973163,-0.1285476210502552,-0.11876603293306709
2016-02-11,-0.04532828725769611,-0.13438729143844252,-0.1302291413421559
2016-02-12,-0.05068153020748223,-0.12144693228482473,-0.11229684707248455
2016-02-16,-0.05519892634483836,-0.1206456585921426,-0.09731430271759456
2016-02-17,-0.05544948550895579,-0.11343112682534562,-0.082568918978566
2016-02-18,-0.04775444236762072,-0.11262969970733783,-0.08632698269438088
2016-02-19,-0.04842241453989715,-0.11091192847658782,-0.08675470031743748
2016-02-22,-0.04649876975456402,-0.10323956986492733,-0.0735318739382761
2016-02-23,-0.044575496167042594,-0.10507149095171708,-0.08523266077701541
2016-02-24,-0.04365538723477835,-0.10358286328339827,-0.08104731095340545
2016-02-25,-0.038301309088394575,-0.09877338000931968,-0.06991707318186557
2016-02-26,-0.03863603757137324,-0.09270425920201664,-0.07205712843433276
2016-02-29,-0.03796667340395676,-0.08297022222977746,-0.07933454180307742
2016-03-01,-0.04321041271944204,-0.068477026113693,-0.05769251348730431
2016-03-02,-0.04128101435281828,-0.07480889104803934,-0.053459351807770505
2016-03-03,-0.036750347859929255,-0.07169991843938905,-0.0497494451533016
2016-03-04,-0.036918129700325264,-0.06905306863700733,-0.04665772682490088
2016-03-07,-0.03582689813884232,-0.06790106030605791,-0.04589636184361179
2016-03-08,-0.030710201599584153,-0.07446283593750791,-0.05631330539668089
2016-03-09,-0.03180059796446988,-0.07216104396796919,-0.051651735671934484
2016-03-10,-0.027774112189366762,-0.06571426204291075,-0.050890888510090604
2016-03-11,-0.025004969422948276,-0.05443268134930901,-0.03557478308983952
2016-03-14,-0.022153327732079453,-0.05708052842937916,-0.03681159124592548
2016-03-15,-0.022488798613114702,-0.06582963931764385,-0.0383811837353768
2016-03-16,-0.01779053587934354,-0.05961384208305698,-0.03281610800169865
2016-03-17,-0.014770648348077065,-0.053626958269896274,-0.026680051679903394
2016-03-18,-0.012506243099203451,-0.05143969972473894,-0.022855707267409264
2016-03-21,-0.013680715983193203,-0.05247648421030271,-0.021468990814626943
2016-03-22,-0.015525759430225383,-0.055008263590613504,-0.021995093843812263
2016-03-23,-0.0105763807337943,-0.05938285739258575,-0.02844934928991605
2016-03-24,-0.010995928135149935,-0.06352769392277957,-0.028879655998886644
2016-03-28,-0.010408227694369554,-0.06778637345434013,-0.028306000020672184
2016-03-29,-0.005961916121072219,-0.06421788630213365,-0.019317370959935132
2016-03-30,-0.007136574603359702,-0.06087946327637894,-0.01501473536852338
2016-03-31,-0.0031934229517366353,-0.05961384208305731,-0.017404982993229012
2016-04-01,0.0,-0.0589308607824941,-0.010711840870217149
2016-04-04,0.0,-0.06124377622589838,-0.013914890056940021
2016-04-05,0.0,-0.06471314938899353,-0.023763873634379706
2016-04-06,-0.000838184047492696,-0.05684946702523974,-0.013102261103289714
2016-04-07,0.0,-0.06147560476471048,-0.024911530801886905
2016-04-08,-0.002259077996489278,-0.05719651941144854,-0.022281533469749704
2016-04-11,-0.002343462208682867,-0.05592391728034085,-0.024576761500580413
2016-04-12,-0.006276560484589133,-0.05037253665064445,-0.015492681330706581
2016-04-13,-0.0028456128975341555,-0.04412758824219798,-0.005548160345602793
2016-04-14,-0.003515701094636725,-0.04447395020539158,-0.005500434793862197
2016-04-15,0.0,-0.045977613740639134,-0.006600107497078511
2016-04-18,0.0,-0.040542607661353314,0.0
2016-04-19,0.0,-0.03649397000288457,0.0
2016-04-20,-0.002752153141138858,-0.03464348422243335,0.0
2016-04-21,-0.00316961715692321,-0.03765088800659688,-0.005378578391534661
2016-04-22,-0.00208511224649377,-0.03545357997893084,-0.005378578391534661
2016-04-25,-0.004420261336937403,-0.039154091259834156,-0.007092193708284955
2016-04-26,-0.004837449373668257,-0.035916086353541155,-0.005616396751044084
2016-04-27,0.0,-0.030248714741775817,-0.003569938829472763
2016-04-28,0.0,-0.031868215831755586,-0.012613050710295726
2016-04-29,0.0,-0.030248714741775817,-0.01794385923294428
2016-05-02,-0.0012915652960414636,-0.02987711399778603,-0.0101381245279063
2016-05-03,0.0,-0.03615075329808182,-0.01875311180955086
2016-05-04,-0.0016649159236423738,-0.039752534158216,-0.024226714440766628
2016-05-05,0.0,-0.040565775173104446,-0.02441719251688612
2016-05-06,-0.002164767842835147,-0.041147110935512266,-0.020847683267278705
2016-05-09,-0.00316411693730112,-0.04288920038102728,-0.020038430690672127
2016-05-10,-0.001498932042866108,-0.03475632994812239,-0.007853848246825557
2016-05-11,-0.0004157695274706885,-0.0354540402609409,-0.01713477848715772
2016-05-12,-0.0024980063402342267,-0.03394316564690236,-0.01684953392040267
2016-05-13,-0.000666202196499599,-0.03824234996518161,-0.025416751333161458
2016-05-16,-0.003996755184234813,-0.03289778923651754,-0.01580220523524134
2016-05-17,-0.004329627283902737,-0.034873318207879755,-0.02498811123026179
2016-05-18,-0.012822995399071613,-0.03475632994812239,-0.024702780750911812
2016-05-19,-0.010491241910406068,-0.037428878809288135,-0.028082069673444954
2016-05-20,-0.009825039712705874,-0.03405992376565459,-0.021942180410640222
2016-05-23,-0.009825039712705874,-0.033828018513174185,-0.02327501141723276
2016-05-24,-0.011489949808842659,-0.028018419858844568,-0.01061436266324045
2016-05-25,-0.009742233885536411,-0.026508235667821012,-0.0039030391889693927
2016-05-26,-0.00691135544563426,-0.02929577823537821,-0.003617622785763608
2016-05-27,-0.007660180271638506,-0.027669526346606355,0.0
2016-05-31,-0.005911823152303097,-0.02859914191190538,-0.0019026541703260902
2016-06-01,-0.005210538397074971,-0.027058272275666706,0.0
2016-06-02,-0.003206985441809973,-0.026824832749819283,0.0
2016-06-03,0.0,-0.025073537670136425,-0.002987075065050915
2016-06-06,-0.002409383963011158,-0.020753870816487385,0.0
2016-06-07,-0.0009140708665732467,-0.016434434101832318,0.0
2016-06-08,0.0,-0.012698634559635047,0.0
2016-06-09,0.0,-0.016551268936263908,-0.0013654189765905933
2016-06-10,0.0,-0.021337277845929314,-0.010830193268139165
2016-06-13,-0.0014881667782291608,-0.027875809251960204,-0.018458655829182713
2016-06-14,-0.0037205076555173466,-0.031144269462463403,-0.02038906110837546
2016-06-15,0.0,-0.030677006844438193,-0.02175482008443219
2016-06-16,0.0,-0.03009321624665462,-0.018835115034942618
2016-06-17,-0.002972272077660265,-0.029509962644549304,-0.022489123781437526
2016-06-20,-0.004210869733142553,-0.023789658637827116,-0.016193950693097925
2016-06-21,-0.005119144489818206,-0.020053322099951476,-0.013401403683573454
2016-06-22,-0.0033025044037204854,-0.019119870851235565,-0.01501059891262524
2016-06-23,-0.00429356367644862,-0.011881327722335966,-0.0021837863773028765
2016-06-24,0.0,-0.028109095350471125,-0.03801430476658885
2016-06-27,0.0,-0.04211815185356127,-0.055243199528812736
2016-06-28,0.0,-0.03009321624665462,-0.038203341857059536
2016-06-29,-0.00032709172093448036,-0.01783568496425214,-0.02182664398005263
2016-06-30,0.0,-0.011181239287809785,-0.008478789465909742
2016-07-01,0.0,-0.009222357170411422,-0.006396236531380106
2016-07-05,0.0,-0.014852752822190562,-0.013543436499633188
2016-07-06,0.0,-0.010512143151161557,-0.007626847585862739
2016-07-07,0.0,-0.009222357170411644,-0.00824198311337121
2016-07-08,0.0,0.0,0.0
2016-07-11,-0.00257221361929727,0.0,0.0
2016-07-12,-0.008198859454904506,0.0,0.0
2016-07-13,-0.004341022738863387,-0.002911231763738087,-0.0001397691172361215
2016-07-14,-0.006752291615335637,-0.0009321546749083698,0.0
2016-07-15,-0.01053071133436112,-0.002911231763738087,-0.0013418484606666503
2016-07-18,-0.01053071133436112,0.0,0.0
2016-07-19,-0.00876181426678424,-0.0026770221642449243,-0.001016343820686605
2016-07-20,-0.00908379170275031,-0.00011646508098395181,0.0
2016-07-21,-0.007958409767053087,-0.0015130564595603468,-0.003777100368405395
2016-07-22,-0.008520660994848939,0.0,0.0
2016-07-25,-0.00908379170275031,-0.004758405042915026,-0.0027157393845222977
2016-07-26,-0.010048316842480087,-0.008587944650093604,-0.002255635124567279
2016-07-27,-0.005948095583509727,-0.005570763827346892,-0.003314139451582876
2016-07-28,-0.006912884567271127,-0.009748608997887764,-0.002163465476470283
2016-07-29,-0.003296289071175851,-0.008820426659572278,-0.0005523565779722572
2016-08-01,-0.008913612424584327,-0.014380868073715858,-0.0013807261132157134
2016-08-02,-0.014474824987626866,-0.015779706938679805,-0.0077792008772055166
2016-08-03,-0.01318498038983651,-0.011350101133064894,-0.004879370184581622
2016-08-04,-0.008993908900552072,-0.005054946739949773,-0.0038205351995529435
2016-08-05,-0.0130235079577955,-0.0028397263862863786,0.0
2016-08-08,-0.012378673606911028,0.0,-0.0005959040932496107
2016-08-09,-0.0065763077719334095,0.0,0.0
2016-08-10,-0.0037557291484492383,-0.0018565262381625702,-0.002475141988556806
2016-08-11,-0.007059845587950808,0.0,0.0
2016-08-12,-0.002546005131758622,0.0,-0.0008691025747351588
2016-08-15,-0.005608528558119774,0.0,0.0
2016-08-16,-0.007381559179885477,-0.0020799504215185394,-0.005157505008995478
2016-08-17,-0.004641628823258692,-0.0006930661048393238,-0.0032864002565230477
2016-08-18,-0.002223939747782122,0.0,-0.0010497300947960309
2016-08-19,-0.0052057269592757915,-0.002993330079283707,-0.0025102704627663064
2016-08-22,-0.001821050199774632,-0.004605221234300072,-0.0025560071201444767
2016-08-23,-0.0006928539300463665,-0.001266887523129645,-0.0005478563231090527
2016-08-24,-0.0013373364888888961,-0.004029690403416164,-0.005659460741782474
2016-08-25,-0.0023042362237502,-0.002187646890645545,-0.0063443631094545205
2016-08-26,-0.00544740791812115,-0.0033387085524129168,-0.008215795722442243
2016-08-29,0.0,0.0,-0.0033317270869143156
2016-08-30,-0.001289506468538315,0.0,-0.004975296056241141
2016-08-31,-0.0016927575205825107,-0.0039058461716328097,-0.007804985443896628
2016-09-01,-0.001692493727730171,-0.0019325762400732582,-0.007759330752989846
2016-09-02,-0.0034689614523502055,0.0,-0.0032864002565230477
2016-09-06,0.0,0.0,-0.00027401012802619196
2016-09-07,-0.0013737385821130932,-0.0027586078420678284,-0.0003653195152111266
2016-09-08,-0.00840193746059803,-0.0045972823027647935,-0.0026474804402727425
2016-09-09,-0.01583479261399534,-0.014137464651309717,-0.02651881977494297
2016-09-12,-0.0157536327394856,-0.01068940977530286,-0.01255184410191812
2016-09-13,-0.018985167439081962,-0.01827578626561499,-0.026747339139634674
2016-09-14,-0.01833861429351802,-0.0185061235735825,-0.027111920967343273
2016-09-15,-0.01769250080089113,-0.012757825395875,-0.017390340007639504
2016-09-16,-0.0165615383976081,-0.012528158754755658,-0.02118853183926761
2016-09-19,-0.016884507213334232,-0.011953470522620746,-0.021005093410923714
2016-09-20,-0.015592016436318135,-0.013102623430623184,-0.02095911085413016
2016-09-21,-0.010583142047896676,-0.004942229376978191,-0.009949362636892611
2016-09-22,-0.0065438775513529945,-0.0016093804153097802,-0.003710570881955144
2016-09-23,-0.007270887126727521,-0.0027586078420680504,-0.009169380472680233
2016-09-26,-0.005735620172033884,-0.0071268196537599415,-0.017197639496908113
2016-09-27,-0.003312606643518845,-0.004252707824283886,-0.011095893791905453
2016-09-28,-0.0026658776367803894,0.0,-0.006187809313198622
2016-09-29,-0.0030697425352541607,-0.00378416604816878,-0.01517916106946715
2016-09-30,-0.004846994292338924,0.0,-0.007747363814636143
2016-10-03,-0.007665783111053037,-0.0006216402576202373,-0.010132801065236063
2016-10-04,-0.012283014944576398,-0.0023475519580411497,-0.015179161069466929
2016-10-05,-0.013335982973342486,0.0,-0.01082090008233283
2016-10-06,-0.013255174821182325,0.0,-0.010132801065235841
2016-10-07,-0.010905935002448408,0.0,-0.013527395565770428
2016-10-10,-0.010905935002448408,0.0,-0.008389562241411075
2016-10-11,-0.013983679215389566,-0.005606137957336221,-0.02091312829733616
2016-10-12,-0.012687847078358572,-0.005950055132517784,-0.019628813410257684
2016-10-13,-0.010257799107464494,-0.008466624931609767,-0.022840133410020003
2016-10-14,-0.014874943010400599,-0.006178693219102582,-0.02233539085479519
2016-10-17,-0.011634439396655982,-0.007551924884205752,-0.025729903394229647
2016-10-18,-0.009204919009285883,-0.0035467704837854885,-0.019628813410257684
2016-10-19,-0.007909262733429623,-0.0006868004564622998,-0.017013955174520423
2016-10-20,-0.008232934992702279,-0.0005724075626376557,-0.018848913212517138
2016-10-21,-0.007665783111053259,-0.00034340022823131644,-0.018390153208714066
2016-10-24,-0.010500839076904245,0.0,-0.014215658510438933
2016-10-25,-0.011230134845245265,-0.0005726454590012642,-0.017518615763273182
2016-10-26,-0.015360847086952512,-0.0045759215572960255,-0.019491111639291958
2016-10-27,-0.019816374685568072,-0.008236836003377435,-0.02210605184150105
2016-10-28,-0.020949711213557487,-0.013040974051917842,-0.02499582182033877
2016-10-31,-0.02005941465500749,-0.016015171708722686,-0.02495024909053245
2016-11-01,-0.021293959216442615,-0.019852915173146468,-0.032014759661688874
2016-11-02,-0.019831234944459486,-0.024219226046182984,-0.037840692003145104
2016-11-03,-0.021780478808258397,-0.023989459071668384,-0.04224485358060115
2016-11-04,-0.018857316457258744,-0.023529555955623782,-0.04329974749328569
2016-11-07,-0.01950677130990064,-0.009855836727405531,-0.02219768908920139
2016-11-08,-0.021699582725510758,-0.012039435159696965,-0.017793855372260747
2016-11-09,-0.036074464844013665,-0.01893421643048987,-0.007380486957948129
2016-11-10,-0.03688632737510966,-0.03180352974421352,-0.00490333049317615
2016-11-11,-0.041027855070994934,-0.040880506627349766,-0.007196966563132401
2016-11-14,-0.04598186081208766,-0.03375662287376613,-0.006417312259435537
2016-11-15,-0.04305861053050053,-0.021002119216606663,0.0
2016-11-16,-0.04167810129892302,-0.024908969971306982,-0.001878513412083671
2016-11-17,-0.047769576302153505,-0.027551364030210412,0.0
2016-11-18,-0.05312902969113986,-0.027551364030210412,-0.0022372969092882
2016-11-21,-0.05215458362041514,-0.019738179349211404,0.0
2016-11-22,-0.04971838051301558,-0.012498895279968614,0.0
2016-11-23,-0.05321018956449708,-0.01617590522558987,0.0
2016-11-25,-0.05312902969113986,-0.0149120391908234,0.0
2016-11-28,-0.04882456673327629,-0.015026553516872099,-0.004695065915122698
2016-11-29,-0.04752556909740524,-0.0162908625474113,-0.002753770815298373
2016-11-30,-0.0510987138845711,-0.015831107096624386,-0.005146271033581118
2016-12-01,-0.056416400273373135,-0.020436414018910276,-0.008802774725306661
2016-12-02,-0.05210033048719798,-0.014550259568836377,-0.008306481358953621
2016-12-05,-0.050064914710019504,-0.01201049279047961,-0.0023476539447350175
2016-12-06,-0.05014642630572619,-0.007048131530581814,0.0
2016-12-07,-0.0461556994588308,-0.0020851057770245873,0.0
2016-12-08,-0.050064914710019504,-0.002200284594797375,0.0
2016-12-09,-0.053728979658824505,-0.0017386094975960775,0.0
2016-12-12,-0.05462490377035545,-0.0031238562870872233,-0.0011482041622005168
2016-12-13,-0.05250780053629622,-0.0007003758159357387,0.0
2016-12-14,-0.05853367936860754,-0.008201913193159549,-0.008254475158872787
2016-12-15,-0.057882114184174105,-0.007740385761215718,-0.004171208204887367
2016-12-16,-0.058615278896054,-0.0068165925729751775,-0.006118859859336134
2016-12-19,-0.05405485018162881,-0.00427822861263083,-0.003954846049418315
2016-12-20,-0.05462490377035567,-0.00289246499473772,-0.00011241732211408895
2016-12-21,-0.051611700563590435,-0.0011610910889621184,-0.0028946087234932305
2016-12-22,-0.051546631975043056,0.0,-0.004616798143857959
2016-12-23,-0.050076697399506376,0.0,-0.003159844566228198
2016-12-27,-0.05179169434683939,-0.0009236016858745755,-0.000686428160510455
2016-12-28,-0.04828036471764119,-0.002310292618750487,-0.008945061113745822
2016-12-29,-0.04460583603700785,-0.0009236016858745755,-0.009166130208556944
2016-12-30,-0.043135285947359714,-0.0005774995305778408,-0.012787489841049937
2017-01-03,-0.04231911482094064,0.0,-0.00523560332517492
2017-01-04,-0.039053111355301096,0.0,0.0
2017-01-05,-0.03390873602971822,-0.0014879933891494002,-0.0007943808688303244
2017-01-06,-0.03897107217607021,-0.0017163766252186186,0.0
2017-01-09,-0.037092876176149314,-0.0019458543485061375,-0.003301457808445263
2017-01-10,-0.03766451251544867,-0.0018308601060651464,-0.003301457808445263
2017-01-11,-0.03619501759284882,-0.0012590264274562335,-0.0004843128362393978
2017-01-12,-0.03627696884149212,-0.0010298405679372014,-0.00299335822778668
2017-01-13,-0.03823676436770718,-0.0006867549551077268,-0.0007043839630855864
2017-01-17,-0.03407175922113137,-0.0017163766252183965,-0.004225600187095058
2017-01-18,-0.04044135847395636,-0.0008013114018962098,-0.0020250452665896423
2017-01-19,-0.043707274009008645,-0.004005827348148361,-0.005721771149638566
2017-01-20,-0.04199280464519972,-0.002060264863410599,-0.002068903137855016
2017-01-23,-0.037582912989154726,-0.002060264863410599,-0.004665820625012085
2017-01-24,-0.040441358473956135,-0.0013734369423606951,0.0
2017-01-25,-0.044115711294567594,0.0,0.0
2017-01-26,-0.04297243861712119,-0.0004573042314762743,-0.0010454823519376877
2017-01-27,-0.04182969352204646,0.0,-0.0026137832502032277
2017-01-30,-0.04346247542897408,-0.0020547102818178065,-0.008799321703677365
2017-01-31,-0.0417476543428158,-0.0030822837458568397,-0.008886213109252306
2017-02-01,-0.0429265388827883,0.0,-0.0084943893497611
2017-02-02,-0.04268112478979491,0.0,-0.007840808132743904
2017-02-03,-0.04161654993156472,0.0,-0.0010020753343291666
2017-02-06,-0.03858716750709745,-0.0006863073353740035,-0.00278803030885888
2017-02-07,-0.03694998907425917,-0.0021721939161459813,-0.0027443137946034923
2017-02-08,-0.03359253786345617,-0.001486829909355003,-0.001437770353864054
2017-02-09,-0.03744081726139836,-0.00011443293172042068,0.0
2017-02-10,-0.03768649514615385,0.0,0.0
2017-02-13,-0.03809607552819616,0.0,0.0
2017-02-14,-0.04038851222898454,0.0,0.0
2017-02-15,-0.041125194160901435,0.0,0.0
2017-02-16,-0.038423089148636014,-0.0007983489595060345,-0.0008513941435611683
2017-02-17,-0.035967101674062696,0.0,0.0
2017-02-21,-0.03555752129086809,0.0,0.0
2017-02-22,-0.03482092728838593,0.0,-0.0008881791817563212
2017-02-23,-0.03236423636911401,0.0,-0.0002114354655146089
2017-02-24,-0.027451821765878348,0.0,0.0
2017-02-27,-0.029744346397254096,0.0,0.0
2017-02-28,-0.02908926399047873,-0.0007920475399492144,-0.0026989981121657847
2017-03-01,-0.03482796173076519,0.0,0.0
2017-03-02,-0.03630572212281458,-0.0031735993883998947,-0.006297368890154309
2017-03-03,-0.03532081231910855,-0.0027202996828221693,-0.005671913809436768
2017-03-06,-0.03704504197119962,-0.005893899071221842,-0.008633102479829735
2017-03-07,-0.04180674365603276,-0.01235384970513087,-0.011593994832098775
2017-03-08,-0.04476217650839165,-0.01892755507044952,-0.013429023591600475
2017-03-09,-0.04993451374231539,-0.021535174532052337,-0.0121778171120418
2017-03-10,-0.04755326721283204,-0.021874289704022276,-0.00871629400548879
2017-03-13,-0.050755784839343954,-0.021081946458609724,-0.008215885493439101
2017-03-14,-0.04993451374231539,-0.024028537824157037,-0.012010841419621054
2017-03-15,-0.04172461654621462,-0.01054086577734692,-0.0034615971872976603
2017-03-16,-0.0431206015496427,-0.01337456202151499,-0.005421820672101618
2017-03-17,-0.04090352130920816,-0.013034372337476952,-0.007168101922917058
2017-03-20,-0.03868688072171056,-0.014961110996670524,-0.008257296056834451
2017-03-21,-0.036305722122814355,-0.021988402605495505,-0.020990785149379687
2017-03-22,-0.033843315718821265,-0.0196080777027956,-0.018687053999608128
2017-03-23,-0.034499629152667244,-0.019268031288660725,-0.01973409677239346
2017-03-24,-0.0335146314195266,-0.015867996947632412,-0.020446151044476113
2017-03-27,-0.03146180539872834,-0.016887849655864096,-0.02145141285499752
2017-03-28,-0.0335146314195266,-0.011447250290219979,-0.014330796029151216
2017-03-29,-0.030394768485204504,-0.009407688143659887,-0.01340939246613615
2017-03-30,-0.0329395657896252,-0.004760649803522199,-0.010267671516387855
2017-03-31,-0.031954568056484556,-0.0051009111196952395,-0.01257162490353847
2017-04-03,-0.027607722586630246,-0.005635228837293504,-0.014288792829508123
2017-04-04,-0.030160257776976285,-0.005294036278955527,-0.013660744956711213
2017-04-05,-0.028925097701429814,-0.006090462661213825,-0.016592598060024333
2017-04-06,-0.02801967709222608,-0.004838659187009653,-0.013828091048000535
2017-04-07,-0.030407342549977012,-0.005294036278955527,-0.014833426934411698
2017-04-10,-0.02859623754096019,-0.003928048271143569,-0.014246937786499547
2017-04-11,-0.02406790346787191,-0.0058630248342853575,-0.015420138319702903
2017-04-12,-0.020857647955434433,-0.005180496449584071,-0.01973409677239324
2017-04-13,-0.019211324748425795,-0.007228583039899039,-0.026101100596417348
2017-04-17,-0.021104644797847794,-0.004268882657540107,-0.017472591059643827
2017-04-18,-0.015341678232737244,-0.004496678654532182,-0.02040414784483302
2017-04-19,-0.018305640347460184,-0.005407504474314262,-0.022205396250833287
2017-04-20,-0.01970470292029347,-0.0021066831695077948,-0.014246937786499547
2017-04-21,-0.01970470292029347,-0.002903610989855032,-0.01738858465550308
2017-04-24,-0.02102234182685503,0.0,-0.006582057254618023
2017-04-25,-0.02489172455078148,0.0,-0.0008016907351405811
2017-04-26,-0.022503883231855926,-0.0009080009002061518,-0.0014297386079374919
2017-04-27,-0.021598990206176616,-0.00022669686787890608,-0.0005920451260844617
2017-04-28,-0.020445957240448176,-0.0005671704395825428,-0.002770211151685298
2017-05-01,-0.02348334134260288,-5.453287362511272e-05,-0.000257056630237007
2017-05-02,-0.020594471895319155,0.0,0.0
2017-05-03,-0.021089608677781535,0.0,-0.0012146876551896169
2017-05-04,-0.02298829249072787,-0.005347093390104529,-4.170188000163222e-05
2017-05-05,-0.022658377163209953,-0.003640417986589206,0.0
2017-05-08,-0.0243917515894716,-0.0025032997817989733,-0.0001670457270217529
2017-05-09,-0.024226618063961647,-0.003185499411197279,-0.0010845429186775446
2017-05-10,-0.022905901589147293,0.0,0.0
2017-05-11,-0.02241058894551029,0.0,-0.0020430899545830217
2017-05-12,-0.017458253884425012,-0.0003415635167443032,-0.0037106671997627627
2017-05-15,-0.017540380994243043,0.0,0.0
2017-05-16,-0.016137097756673824,0.0,-0.0009157213253064844
2017-05-17,-0.010111130992622619,-0.004415948420868121,-0.018643635802926495
2017-05-18,-0.010276352448719828,-0.0032835411440407247,-0.014690180825681631
2017-05-19,-0.009698473042327627,-0.001471391459407112,-0.008281529914204722
2017-05-22,-0.010524052735832012,0.0,-0.0032461666018499535
2017-05-23,-0.013577791914558435,-0.00011250885864488858,-0.0010404719829948395
2017-05-24,-0.01200999066559083,0.0,0.0
2017-05-25,-0.011597332715295838,-0.0007899952987803216,0.0
2017-05-26,-0.010854055992784328,-0.00022614747283600245,-0.0002067353443893083
2017-05-30,-0.00854262630010838,0.0,-0.0010753017741156334
2017-05-31,-0.007387219209673335,-0.00011337313901338408,-0.0013234427129564796
2017-06-01,-0.007171965286247639,0.0,0.0
2017-06-02,-0.0025371473490821694,0.0,0.0
2017-06-05,-0.005351187919536149,-0.0009028173088488911,-0.0007375096561941241
2017-06-06,-0.002454228865130137,-0.002483592936808776,-0.0039320085960597995
2017-06-07,-0.0036964233819032355,-0.004515424995284012,-0.0020891036574999244
2017-06-08,-0.005433842611725859,-0.003724966737630342,-0.0015977202865545825
2017-06-09,-0.006427105815468681,-0.002935283370545272,-0.003112939732895059
2017-06-12,-0.006179053806006918,-0.0012415851346130324,-0.0033173447861618577
2017-06-13,-0.005102784187725029,0.0,0.0
2017-06-14,0.0,0.0,-0.001267555356497585
2017-06-15,-0.002395766764210161,-0.0038359939582405245,-0.003189463473015852
2017-06-16,-0.0015698188866070106,-0.005528333882102832,-0.0029717798069510692
2017-06-19,-0.0028089601606148262,-0.0024819812261169805,0.0
2017-06-20,-0.000578488310147951,-0.00597943680196078,-0.006743935476624885
2017-06-21,-8.260356546596626e-05,-0.011733322145837888,-0.006988880434889877
2017-06-22,0.0,-0.009024803903389889,-0.00743884541079054
2017-06-23,0.0,-0.004964244039777244,-0.006253326181686836
2017-06-26,0.0,-0.0036105832920830805,-0.0055993483132075195
2017-06-27,-0.004530310442521057,-0.006769218899832508,-0.01361059520775354
2017-06-28,-0.0034599123623879624,-0.0027074622891599676,-0.0047817141151094145
2017-06-29,-0.006507628259550313,-0.0051896547059344655,-0.01352880301422188
2017-06-30,-0.0073307959767017206,-0.0028206604004396008,-0.01168944978760611
2017-07-03,-0.009478768380557945,-0.003307524914328952,-0.010013824823735473
2017-07-05,-0.007826919492143314,-0.00410096764657486,-0.007724794372582444
2017-07-06,-0.010387438422167605,-0.006593719588848024,-0.016798548490365328
2017-07-07,-0.011213406623419186,-0.007499797257286889,-0.010422641925141862
2017-07-10,-0.009561032643590428,-0.00636746416006051,-0.009359775017415584
2017-07-11,-0.009147873511919924,-0.007046652827738753,-0.010095329270618736
2017-07-12,-0.00477132722835838,-0.0005888695276974332,-0.002656483864542758
2017-07-13,-0.00650535286456988,0.0,-0.0009805711540235018
2017-07-14,-0.004192851935795661,0.0,0.0
2017-07-17,-0.003284444439893064,0.0,-0.00012191606377820463
2017-07-18,0.0,0.0,0.0
2017-07-19,-0.0003301237488937403,0.0,0.0
2017-07-20,0.0,0.0,0.0
2017-07-21,0.0,-0.0007881452983363735,-0.0008905445735989392
2017-07-24,-0.0011514959469948183,-2.220446049250313e-16,-0.001133284387558442
2017-07-25,-0.007074957077530586,0.0,0.0
2017-07-26,-0.003784358432687207,0.0,0.0
2017-07-27,-0.00625219844736169,-0.0007867793141594914,-0.0009296174515079914
2017-07-28,-0.0036197718375010624,-0.0006741328526155277,-0.002101651022934914
2017-07-31,-0.0036197718375010624,-0.0006741328526155277,-0.002667288639186749
2017-08-01,-6.799658402889541e-06,0.0,-0.00044464294672175164
2017-08-02,-0.0015741208505367643,0.0,0.0
2017-08-03,-0.00017199647975341126,-0.0019179253858206957,-0.0019399613478042754
2017-08-04,-0.004048498998115213,-0.0016922665754814936,-0.00012134539003216815
2017-08-07,-0.0038012704035280676,-0.0021430258071188923,0.0
2017-08-08,-0.008585527276379623,-0.006429775403998583,-0.002460615523734
2017-08-09,-0.007595566797177544,-0.010265695974270073,-0.0025011595121642305
2017-08-10,-0.007925873265854921,-0.016582397677892935,-0.016581072218495918
2017-08-11,-0.006110713254112277,-0.014890200901041983,-0.015128660067762922
2017-08-14,-0.006770977490801244,-0.009701583849566209,-0.005365439815893547
2017-08-15,-0.0079258732658547,-0.00936306073474169,-0.005486716764045663
2017-08-16,-0.005120927125242591,-0.009250754819298268,-0.003751632761243573
2017-08-17,-0.004130966646040735,-0.014777196999296471,-0.01928402861987477
2017-08-18,-0.004790795006898052,-0.013310798630045362,-0.020817173721022875
2017-08-21,-0.0033889321616138446,-0.012295787676443681,-0.02005060117277535
2017-08-22,-0.004378631115316889,-0.008234836485333963,-0.009803480220074046
2017-08-23,-0.0005841603713344634,-0.008122251375369816,-0.013353529115415874
2017-08-24,-0.002481700855836433,-0.00665557381159787,-0.01565310475702497
2017-08-25,-0.0001719964797530782,-0.004850931522042967,-0.013353529115415652
2017-08-28,-0.0001719964797530782,-0.0047376484257771745,-0.013313340148777386
2017-08-29,0.0,-0.005978597382409134,-0.01218343379495912
2017-08-30,0.0,-0.0032719480409978408,-0.0075037625660249185
2017-08-31,0.0,-0.0005639027288129039,-0.0015327190684825132
2017-09-01,-0.003957314156351921,0.0,-0.00012077990926651072
2017-09-05,0.0,-0.0022642827903653906,-0.007301965676810296
2017-09-06,-0.003536825903041385,-0.002943742044882791,-0.0039130986760328446
2017-09-07,0.0,-0.0028298825609925915,-0.004034162605525693
2017-09-08,-0.0029604417437654185,-0.006000994735548604,-0.005204257925981892
2017-09-11,-0.006003577875446919,-0.0028298825609928135,0.0
2017-09-12,-0.007072537193910544,-0.0015841956356680287,0.0
2017-09-13,-0.008059148850562914,-0.00124533809270444,0.0
2017-09-14,-0.0055920996175021775,0.0,-0.0003197517774070624
2017-09-15,-0.0047702699628742185,0.0,0.0
2017-09-18,-0.00575653489342165,-0.00045358010461404863,0.0
2017-09-19,-0.0051811414492831664,0.0,0.0
2017-09-20,-0.006414449361855978,-0.00011340062332043654,0.0
2017-09-21,-0.006414449361855978,-0.001356349479635921,-0.0026792198870264627
2017-09-22,-0.005099140515849032,-0.0003391570268184152,-0.002479267650408734
2017-09-25,-0.00139817659754371,0.0,-0.004518780451976956
2017-09-26,-0.001562525191652897,0.0,-0.00391871364097085
2017-09-27,-0.005427664341582816,0.0,-3.985037560461091e-05
2017-09-28,-0.003947313445848866,0.0,0.0
2017-09-29,-0.0030428760862510895,0.0,0.0
2017-10-02,-0.0021112206575437664,-0.0005094110191613543,0.0
2017-10-03,0.0,0.0,0.0
2017-10-04,-0.0005774937095317512,-0.0010166665649256057,0.0
2017-10-05,-0.0019787155036699033,0.0,0.0
2017-10-06,-0.002803830335749824,-0.0014685792171883483,-0.0011389116706995717
2017-10-09,-0.0019787155036699033,-0.001355179699036979,-0.0027880332076487546
2017-10-10,-0.0013197503712513159,-0.0005651260851030626,-0.00015748491793576846
2017-10-11,-0.0018144725833469932,-0.0015812162704096355,0.0
2017-10-12,-0.001566851461934693,-0.002711260495139034,-0.0014901491116531274
2017-10-13,0.0,-0.002259256667552112,-0.00027462584681758884
2017-10-16,-0.0013983118924920657,-0.0016941998976078843,0.0
2017-10-17,-0.0015629412422768496,-0.00022603657137265643,0.0
2017-10-18,-0.0030434813434712105,0.0,0.0
2017-10-19,-0.0015629412422768496,0.0,0.0
2017-10-20,-0.0042775097464046175,0.0,0.0
2017-10-23,-0.0032909441584875188,-0.0011277289509112887,-0.0038893214609686533
2017-10-24,-0.005757703988506169,-0.0011277289509112887,-0.002139164268415761
2017-10-25,-0.00838978488762876,-0.0039459788831488485,-0.007078825259296706
2017-10-26,-0.008472099562521151,-0.0051863492690124025,-0.005795122351888504
2017-10-27,-0.005510759963829215,-0.002480187248956045,0.0
2017-10-30,-0.00222093985107652,-0.002706369588601709,-0.003725188880701169
2017-10-31,-0.003619424672548166,-0.002480187248956045,-0.0021732590319971656
2017-11-01,-0.0020436866121033015,-0.003431827472372251,-0.0008536055908884288
2017-11-02,-0.0022089212161504612,-0.0039973871057589205,-0.0004655721592811135
2017-11-03,-0.0010547000037365306,-0.0038848840510460336,0.0
2017-11-06,-0.0008070642597404198,-0.0037712047661132564,0.0
2017-11-07,-0.0016321132376414527,-0.006602254861413748,-0.0006953841795326321
2017-11-08,-0.0029512231950097334,-0.011017065661443226,0.0
2017-11-09,-0.00559039422423524,-0.015885624939529053,-0.00362767160951849
2017-11-10,-0.011280136725901335,-0.013734713232289253,-0.003936488711940189
2017-11-13,-0.011115939701399236,-0.014413952148794928,-0.0030103753487299434
2017-11-14,-0.01086908214177873,-0.018603203320255557,-0.005325726342908732
2017-11-15,-0.006662300761757001,-0.018603203320255557,-0.010304515021850813
2017-11-16,-0.007816694903150734,-0.008979072147820233,-0.001890888003768132
2017-11-17,-0.006579813156751602,-0.009658587826617993,-0.00482400838395558
2017-11-20,-0.006579813156751602,-0.009432267106733172,-0.0031259536461358817
2017-11-21,-0.003280827753672555,-0.007394550353588936,0.0
2017-11-22,0.0,-0.005808852329137637,-0.0008844481595439158
2017-11-24,-0.0011543125207095217,-0.005129336652153538,0.0
2017-11-27,-0.0017311231270868976,-0.008186984226003502,-0.0004991746538558495
2017-11-28,-0.00032975419796332783,-0.005129336652153316,0.0
2017-11-29,-0.004286286096236935,-0.006374965481667161,-0.0006087330725147444
2017-11-30,-0.005439820895355774,-0.006149129092619887,0.0
2017-12-01,-0.0023656580014863593,-0.006467126655719135,-0.002075461389422717
2017-12-04,-0.0007956961887354286,-0.006808164510517467,-0.003282964107052311
2017-12-05,0.0,-0.007376906885779522,-0.006867473472179975
2017-12-06,0.0,-0.008286410357174923,-0.006678933342626148
2017-12-07,-0.0019772479500825835,-0.007831693217444036,-0.0035469731605183297
2017-12-08,-0.003213394075468501,-0.006808164510517467,0.0
2017-12-11,-0.0024721199425882245,-0.006580459990053744,0.0
2017-12-12,-0.003213394075468501,-0.007035730650742034,0.0
2017-12-13,0.0,-0.006467126655719135,-0.00011245231260625932
2017-12-14,0.0,-0.008513699736920954,-0.00419841655810449
2017-12-15,0.0,-0.008400228022347078,0.0
2017-12-18,-0.002956073756966604,-0.007376906885779522,0.0
2017-12-19,-0.008046564986575744,-0.009423410776861596,-0.0038404462618891744
2017-12-20,-0.010673546942900458,-0.008627102261374975,-0.004362259444220418
2017-12-21,-0.008008358399408055,-0.007588697691424562,-0.0023114530844646763
2017-12-22,-0.00726800916822945,-0.006676011476339894,-0.002572489606729844
2017-12-26,-0.005951212676725048,-0.005191400144117564,-0.003765929364847209
2017-12-27,-0.0004383025413345898,-0.0047339845915345125,-0.0032809523496414306
2017-12-28,-0.0010961427134932311,-0.005191400144117342,-0.0012303408886636946
2017-12-29,0.0,-0.003706581241536222,-0.004996075354732676
2018-01-02,-0.006663137554669629,-0.002792995556709865,0.0
2018-01-03,-0.004853230111788287,0.0,0.0
2018-01-04,-0.0051822495672833035,0.0,0.0
2018-01-05,-0.0055115265388429036,0.0,0.0
2018-01-08,-0.005593674104918955,-0.0007961265142172325,0.0
2018-01-09,-0.009213059797240963,-0.003865798019618949,0.0
2018-01-10,-0.008555106723813988,-0.006025197331163579,-0.001530176628208646
2018-01-11,-0.006169737128334352,-0.00272840554190934,0.0
2018-01-12,-0.006004669449113598,-0.004433839833758113,0.0
2018-01-16,-0.005100187839895187,-0.005002363855107217,-0.0034188619331186887
2018-01-17,-0.007814748569371366,-0.004888424834668559,0.0
2018-01-18,-0.011681263668302022,-0.00591139608472957,-0.0016807164667139718
2018-01-19,-0.014725530561653377,-0.004888424834668559,0.0
2018-01-22,-0.015629411300054685,-0.003978841509028275,0.0
2018-01-23,-0.011351986695617433,-0.0010232467962639769,0.0
2018-01-24,-0.012010454801173354,-0.0025015608060658945,-0.00038798122011629577
2018-01-25,-0.006992414526229118,-0.003183128316824324,0.0
2018-01-26,-0.008308578188022553,-0.0023877595596317747,0.0
2018-01-29,-0.010940991351422569,-0.00591139608472957,-0.006629703449296587
2018-01-30,-0.014313505154325723,-0.009321162478196587,-0.01681888781703833
2018-01-31,-0.012256811659588251,-0.007616623715571369,-0.01633041983367134
2018-02-01,-0.016620675761134907,-0.009488419998638808,-0.01744707442777571
2018-02-02,-0.02165253605474915,-0.01576739686546247,-0.0388372175894135
2018-02-05,-0.021074327065254472,-0.021246802869762993,-0.07903532376262268
2018-02-06,-0.023054452505271605,-0.015310194158467128,-0.06089056821605365
2018-02-07,-0.025776567032556374,-0.01896333815567408,-0.06598506919851732
2018-02-08,-0.029982917254941288,-0.027524953092559756,-0.10101863267674771
2018-02-09,-0.033116971351990876,-0.03026486275481377,-0.08751462698283419
2018-02-12,-0.033116971351990876,-0.023643724395274845,-0.07411537985897942
2018-02-13,-0.033447364225371534,-0.026725520004040826,-0.07181221136107008
2018-02-14,-0.03699395876300304,-0.02501347256539521,-0.05928495923506105
2018-02-15,-0.0324573873446139,-0.017137007261578407,-0.04728156075231338
2018-02-16,-0.02957080600780082,-0.013141770656852625,-0.0470023059043726
2018-02-20,-0.033694836986733145,-0.016566003309954502,-0.052969409890079144
2018-02-21,-0.038973912524519205,-0.021018373734673523,-0.0576798366575898
2018-02-22,-0.037653971962696264,-0.020333155214602217,-0.05645866669717958
2018-02-23,-0.033200148981200384,-0.013826162532896924,-0.041419093734788914
2018-02-26,-0.03196252766170482,-0.012114390642259831,-0.03028787265668642
2018-02-27,-0.03616904956034095,-0.01473953464185429,-0.04239633370621432
2018-02-28,-0.03435459267036145,-0.016223979589437776,-0.052096928488712724
2018-03-01,-0.035347230549327535,-0.022744611884945254,-0.06588049303127341
2018-03-02,-0.038408321814309865,-0.017243575378194764,-0.06106469969627637
2018-03-05,-0.03873905804244315,-0.017243575378194764,-0.05021279426306835
2018-03-06,-0.03791140200400955,-0.015868316251507086,-0.047805049593930615
2018-03-07,-0.03824265326427201,-0.018275157496311922,-0.0481537381529743
2018-03-08,-0.036339696750917194,-0.017129223035742602,-0.0435477659548158
2018-03-09,-0.03973118088928018,-0.013576722876571412,-0.026903252817768286
2018-03-12,-0.03849055521794875,-0.015180755575165406,-0.028124422778178504
2018-03-13,-0.03840832181430953,-0.0182751574963117,-0.03440555927030786
2018-03-14,-0.03625720583008829,-0.019421023071684695,-0.039360584829154166
2018-03-15,-0.03526465379093535,-0.01873408237655727,-0.04040713690980535
2018-03-16,-0.03418900996013663,-0.016670435929501237,-0.03936672564023258
2018-03-19,-0.037414997226963176,-0.0206819298559201,-0.05236469211872341
2018-03-20,-0.04080708223614349,-0.01873408237655727,-0.050753124729467136
2018-03-21,-0.04138589209533006,-0.018389992047779247,-0.05257475645533016
2018-03-22,-0.03973118088927996,-0.024234361128088855,-0.07625773210281828
2018-03-23,-0.04279149960606887,-0.026756450246375185,-0.09594699252826833
2018-03-26,-0.03940001546770577,-0.020452674076804178,-0.07121260079679814
2018-03-27,-0.035925954569825835,-0.021369214984252927,-0.0870132085789439
2018-03-28,-0.03336178311514382,-0.021828139864498608,-0.08971090891371047
2018-03-29,-0.028977918613879328,-0.018504757710439135,-0.0780796070284494
2018-04-02,-0.029500590011504735,-0.022313655107743968,-0.09797874939566076
2018-04-03,-0.03207205775018107,-0.019551563847021725,-0.08641755002385276
2018-04-04,-0.03207205775018107,-0.017364954189457382,-0.07664314391848814
2018-04-05,-0.031740205619101514,-0.016559114615147696,-0.06935594821268543
2018-04-06,-0.028837314942786296,-0.018745862046716688,-0.09009601673265866
2018-04-09,-0.028339279231790027,-0.015063441093422947,-0.08561176632723244
2018-04-10,-0.02809034721385506,-0.011496612448621546,-0.07107276057153611
2018-04-11,-0.02742681463019725,-0.011150799944787404,-0.07594242279661678
2018-04-12,-0.03008145999808276,-0.007583420203968072,-0.06833997858156626
2018-04-13,-0.029749436189626888,-0.007008834130033725,-0.07107276057153611
2018-04-16,-0.029666516076482408,-0.0055123339678936345,-0.06343541710409673
2018-04-17,-0.029583595963337816,-0.005052100234605561,-0.05341550020926211
2018-04-18,-0.03456086289065252,-0.006088022232057955,-0.05271459668059186
2018-04-19,-0.038211150488214884,-0.009194686032379495,-0.05796985312415692
2018-04-20,-0.04210985507270837,-0.0116110336780757,-0.06595770915487731
2018-04-23,-0.04252454147711915,-0.01425787706712256,-0.06609773177896905
2018-04-24,-0.04534485539504263,-0.016214610962550613,-0.07867496158283394
2018-04-25,-0.04833143873157053,-0.01609915642986859,-0.0763977547269098
2018-04-26,-0.045511124814772486,-0.012647300108733495,-0.06700894284401404
2018-04-27,-0.04335425764294387,-0.013107533842021568,-0.06613250943745053
2018-04-30,-0.044183544614202486,-0.013797781109644691,-0.073314764174365
2018-05-01,-0.046770978337628,-0.013069921565887377,-0.0716682367277971
2018-05-02,-0.047519147807068784,-0.013416560711942194,-0.07790425954540148
2018-05-03,-0.04735330758077971,-0.013532290792633184,-0.07993625960857742
2018-05-04,-0.04602237967474643,-0.012838599176704046,-0.06802454767348853
2018-05-07,-0.047103946370528726,-0.011914342930422261,-0.06487145461147525
2018-05-08,-0.04743657104867671,-0.013416560711942194,-0.06487145461147525
2018-05-09,-0.047603097984471376,-0.011798750623735699,-0.055833033689984046
2018-05-10,-0.04277810878084043,-0.008909562934176884,-0.04700400830673346
2018-05-11,-0.041113611971089314,-0.009256202080231812,-0.044096304436298306
2018-05-14,-0.04286077137792055,-0.009025086353861123,-0.04364115490483511
2018-05-15,-0.05009885605418429,-0.013879136599694752,-0.05022738628501422
2018-05-16,-0.05134652049232036,-0.01260769011134022,-0.04623348867211541
2018-05-17,-0.05317711504442513,-0.01202952191690132,-0.04703908996592132
2018-05-18,-0.04926725143946997,-0.013069921565887599,-0.04942172419027013
2018-05-21,-0.04868457884156563,-0.011683089430047255,-0.042274551112543524
2018-05-22,-0.04968279623076266,-0.010989811136131733,-0.04493759538672015
2018-05-23,-0.04560606233526043,-0.010180458328319597,-0.04230969356868519
2018-05-24,-0.042944120684505815,-0.009602496793081672,-0.04427183431817605
2018-05-25,-0.04011548042058033,-0.011220789090303884,-0.04654885877527026
2018-05-29,-0.035040786651945544,-0.01538135438121524,-0.05751464279175522
2018-05-30,-0.038784810030611405,-0.012375816627945402,-0.04493759538672015
2018-05-31,-0.039200526499280186,-0.013300761744249656,-0.05078784158701022
2018-06-01,-0.04104425436054937,-0.011049053916522444,-0.041468828216861264
2018-06-04,-0.043214426520043925,-0.008959368200678774,-0.03691441450102828
2018-06-05,-0.0425466878429156,-0.007798691932465629,-0.03621369337517255
2018-06-06,-0.046051822323412206,-0.005360782671321451,-0.028156038831705366
2018-06-07,-0.04288085761632565,-0.0050122835762062,-0.028261283801299997
2018-06-08,-0.044466125373148535,-0.005592449493710183,-0.025388175182547434
2018-06-11,-0.04538408364740931,-0.0037349128092708517,-0.02409209950230684
2018-06-12,-0.04530073434082382,-0.0029224600881641027,-0.022830619077733427
2018-06-13,-0.0462191218074004,-0.0025745120890666717,-0.025948691285481273
2018-06-14,-0.0418796358752932,0.0,-0.023496501744169174
2018-06-15,-0.043214426520044036,-0.0005804577115575693,-0.024742234944909347
2018-06-18,-0.04421564826107682,-0.0006967007559365301,-0.02674790856844067
2018-06-19,-0.043715037390560485,-0.002089689083143109,-0.030478420163092657
2018-06-20,-0.04905626009470454,-0.0010446723805418445,-0.028824475105667324
2018-06-21,-0.049807262239729866,-0.0031341548704489908,-0.03491244968292562
2018-06-22,-0.048639170208149896,-0.0030175675058153884,-0.03315259085753963
2018-06-25,-0.04955678512653294,-0.005338571982712925,-0.04631453519903972
2018-06-26,-0.04638582041944639,-0.0054543329762080095,-0.04420288700660979
2018-06-27,-0.04313090553608245,-0.007543540008467242,-0.05212082292669162
2018-06-28,-0.04438277606768859,-0.010328828020565672,-0.0467015886241019
2018-06-29,-0.0438825085508,-0.01264928158216716,-0.0453290264155769
2018-07-02,-0.04375632577031907,-0.011705495492964624,-0.04328821033988872
2018-07-03,-0.040240633137927806,-0.011588632668877885,-0.04666638536702228
2018-07-05,-0.03722778318194553,-0.007858319009966586,-0.03888920167432086
2018-07-06,-0.03588801389665619,-0.00529387901183298,-0.030760107012699045
2018-07-09,-0.03521873012539123,-0.003778312119761096,-0.022032556992676366
2018-07-10,-0.03630699223435074,-0.0036621379397940856,-0.018513629742146986
2018-07-11,-0.0343817176766974,-0.0051776359674537975,-0.02569254047129277
2018-07-12,-0.03228914363618118,-0.0020304657321672526,-0.016859259082139144
2018-07-13,-0.03153548049407284,-0.0020304657321672526,-0.01608509143904613
2018-07-16,-0.03312589856881065,-0.0027297833339537947,-0.016964747251501988
2018-07-17,-0.033795783210892716,-0.0023799523720305915,-0.012988238463859325
2018-07-18,-0.03396291101750448,-0.0019138783657285385,-0.01091185432944719
2018-07-19,-0.03245627144279317,-0.0023799523720305915,-0.01464248752199071
2018-07-20,-0.03530250862541784,-0.0019138783657285385,-0.015768687731896103
2018-07-23,-0.03915322941585064,-0.0022631584123558035,-0.013938361591412596
2018-07-24,-0.036139606911674726,-0.00016472355430707797,-0.008976708821951451
2018-07-25,-0.034883959481164295,0.0,-0.0005306024517671704
2018-07-26,-0.033962911017504704,0.0,-0.002888795041646963
2018-07-27,-0.03270769278043506,-0.00034912768923001103,-0.009645084294975792
2018-07-30,-0.03404677535621925,0.0,-0.014818139005744912
2018-07-31,-0.031033410366982594,0.0,-0.009962035202599973
2018-08-01,-0.034450474416419574,0.0,-0.01161549386048899
2018-08-02,-0.03327500026328223,0.0,-0.006231827612638852
2018-08-03,-0.030252536380975248,0.0,-0.001973449572575392
2018-08-06,-0.029329341951236265,0.0,0.0
2018-08-07,-0.03235146247991583,0.0,0.0
2018-08-08,-0.033863252371417296,-0.0005803773849224481,-0.0004196743236460909
2018-08-09,-0.033107099909602145,-0.001276966807386204,-0.0017855366794508054
2018-08-10,-0.03151178903413898,-0.0030180306859918238,-0.00847364624312652
2018-08-13,-0.03176398291884919,-0.0037147566679383015,-0.012185619347202192
2018-08-14,-0.030504644426997407,-0.001973009993708419,-0.005882518778763224
2018-08-15,-0.028489754344147467,-0.0037147566679383015,-0.013306222987779281
2018-08-16,-0.027230072497542834,-0.0024376533010695978,-0.005322247203906172
2018-08-17,-0.02639065656783046,-0.001276966807386204,-0.0018205044978581997
2018-08-20,-0.02387240877869301,-0.000812460059507969,0.0
2018-08-21,-0.026306792230241016,0.0,0.0
2018-08-22,-0.02639065656783046,0.0,-0.000593780013419476
2018-08-23,-0.026055113376534766,-0.00011622718482628969,-0.0019206590174568605
2018-08-24,-0.024124087631274493,0.0,0.0
2018-08-27,-0.02563527665308385,0.0,0.0
2018-08-28,-0.029329341951236487,-0.0004622242323542025,0.0
2018-08-29,-0.03033657239594101,-0.001041263894402178,0.0
2018-08-30,-0.029413377966202026,-0.001851619896448553,-0.004048489408184364
2018-08-31,-0.03084035929566964,-0.0005782908464266878,-0.004014466496117364
2018-09-04,-0.03262571689173521,-0.002659116777489867,-0.005729363504480167
2018-09-05,-0.03321508490169134,-0.003705077795688405,-0.008405674501891447
2018-09-06,-0.030520438734370048,-0.0028913861560385667,-0.011390029176561511
2018-09-07,-0.03456223630853805,-0.003937347174237327,-0.013311612412314822
2018-09-10,-0.03136234398491433,-0.0019619682720799503,-0.011595885577017628
2018-09-11,-0.03355208735068593,-0.0017290181522193748,-0.008337154492046972
2018-09-12,-0.03161488122437761,0.0,-0.008096623175143702
2018-09-13,-0.029594325791483467,0.0,-0.002230219647091247
2018-09-14,-0.030773576844650208,0.0,-0.0020585639812565892
2018-09-17,-0.03136234398491433,-0.0006945256223002128,-0.007342251050825865
2018-09-18,-0.03531993386561538,-0.0008099972058707161,-0.001955783966490543
2018-09-19,-0.036751893835621385,-0.0026636485742438376,-0.0008915899626760204
2018-09-20,-0.03422557721542108,-0.0012734439716441948,0.0
2018-09-21,-0.034057161829611826,-0.001042229423953378,-0.0009136956063068302
2018-09-24,-0.03624707687275974,-0.0015056761879483904,-0.00423233032475856
2018-09-25,-0.03624707687275974,-0.0023161483066685973,-0.005156030326572192
2018-09-26,-0.03279404643885586,-0.0012734439716437507,-0.008133456290292718
2018-09-27,-0.03153075936959826,0.0,-0.005361767786687621
2018-09-28,-0.032204163395645025,0.0,-0.005259134453581171
2018-10-01,-0.03353903987908424,0.0,-0.0018030275644983496
2018-10-02,-0.03269438779276834,-0.0008112262859404362,-0.002385401115033714
2018-10-03,-0.03835372844801033,-0.0034761725332037585,-0.0018373956081203513
2018-10-04,-0.042323679090807254,-0.007184423213318802,-0.009638588250979407
2018-10-05,-0.046039976593445164,-0.011587759759020932,-0.015181847553928707
2018-10-08,-0.04705364493526232,-0.013788955094737765,-0.015181847553928707
2018-10-09,-0.04435084409819001,-0.012283183442286516,-0.016619185019033922
2018-10-10,-0.046969265565543705,-0.019351804051159105,-0.047755749143474024
2018-10-11,-0.04299931492162168,-0.018540037264371922,-0.06873055395589578
2018-10-12,-0.0428302986661202,-0.013325541993785772,-0.05579645879576356
2018-10-15,-0.044603896369782015,-0.014021303491187465,-0.06110020108928227
2018-10-16,-0.04215466283530567,-0.010660663309349783,-0.04057041535331185
2018-10-17,-0.04688462867976084,-0.012629983186636884,-0.04039963442726868
2018-10-18,-0.04688462867976084,-0.01680144427568009,-0.054257017641657135
2018-10-19,-0.048067399115767406,-0.016222363699478604,-0.054770360857794964
2018-10-22,-0.04924982619814633,-0.015758815472871945,-0.059013225222165455
2018-10-23,-0.04789821118288984,-0.016685911924314456,-0.06380338889873827
2018-10-24,-0.046546939522385866,-0.0215529318222778,-0.09216879416753498
2018-10-25,-0.047729795797080476,-0.019582868755661953,-0.07588175509938777
2018-10-26,-0.04612469931791596,-0.02398640798984586,-0.09213460267451923
2018-10-29,-0.04722248951338681,-0.024913369315633926,-0.09716457761153274
2018-10-30,-0.049334548922617016,-0.022595493062259053,-0.08378563992555499
2018-10-31,-0.05203734975968921,-0.022595493062259053,-0.07399981050538873
2018-11-01,-0.0491642450867934,-0.018112364874242837,-0.0641454215447278
2018-11-02,-0.052978226945690654,-0.0186949587156906,-0.06968850430092788
2018-11-05,-0.05128299990807572,-0.01787900303538459,-0.06455607257755736
2018-11-06,-0.049673010627060754,-0.015317427839436792,-0.05863670683600697
2018-11-07,-0.047215193230517816,-0.009611751167149185,-0.03848302754249466
2018-11-08,-0.05001112897787641,-0.012057321071940574,-0.04022832385712094
2018-11-09,-0.049333948051800025,-0.017646519513280667,-0.04960350224445775
2018-11-12,-0.04941858493758322,-0.02370183356689215,-0.06736177602742921
2018-11-13,-0.05068968332071366,-0.02533192073116819,-0.06910724888880482
2018-11-14,-0.05323196592678814,-0.027195167045820923,-0.0754711629167607
2018-11-15,-0.05501208736625063,-0.027427718130752066,-0.06582239372352483
2018-11-16,-0.05314715736362874,-0.030339268520389262,-0.06339256131915982
2018-11-19,-0.054079193171498785,-0.03336695932860867,-0.07923487555800901
2018-11-20,-0.05636722176434683,-0.03639485282530974,-0.09627465715903416
2018-11-21,-0.054333790538352744,-0.031503713013955936,-0.09319536290326336
2018-11-23,-0.05391026275468569,-0.03686083331015555,-0.09925155347479298
2018-11-26,-0.053486305777577514,-0.032319128191644064,-0.08470975187106988
2018-11-27,-0.05467293895230163,-0.032784365487161016,-0.08163028106854975
2018-11-28,-0.05213082802360369,-0.02474979982951142,-0.06048445993698992
2018-11-29,-0.05484247023993216,-0.02451731630740739,-0.06253736200378157
2018-11-30,-0.055435615149917905,-0.02649656791321664,-0.05682326292844364
2018-12-03,-0.051924815320502304,-0.01975880223031734,-0.04433430454516685
2018-12-04,-0.05175408229123768,-0.025841411646657986,-0.07529997004315947
2018-12-06,-0.04886389573289651,-0.029233603645799855,-0.07670311601524882
2018-12-07,-0.04877882965367275,-0.031105700683738746,-0.09815666060323502
2018-12-10,-0.045888213900765584,-0.030403385597406518,-0.09644567348202882
2018-12-11,-0.044188179899988245,-0.028649118045189104,-0.09624058336256569
2018-12-12,-0.04316807366105857,-0.025490423010560148,-0.09168987784522153
2018-12-13,-0.0406173788702936,-0.02315099423123057,-0.09199777784454055
2018-12-14,-0.041637656786599586,-0.02724550131493353,-0.10876373323885846
2018-12-17,-0.0406173788702936,-0.033562418447943165,-0.12624853391247826
2018-12-18,-0.037188898284330474,-0.035312294419931,-0.12720654311156887
2018-12-19,-0.037956724799861674,-0.04401039412763441,-0.14027716885066976
2018-12-20,-0.04111215271451474,-0.05235439731449942,-0.1542717299885361
2018-12-21,-0.04205054058080904,-0.057055753278695165,-0.17160028553547013
2018-12-24,-0.044267408952916476,-0.06410802369576951,-0.1934891390515544
2018-12-26,-0.04503497795238298,-0.048359004825765606,-0.1527402923500638
2018-12-27,-0.04503497795238298,-0.048946868564197055,-0.14623549288989512
2018-12-28,-0.0405152309056247,-0.04753588749108395,-0.1473367414984268
2018-12-31,-0.037871572881949644,-0.04683120770756899,-0.13986840099730913
2019-01-02,-0.03488687799431134,-0.048123548541033845,-0.13897377259421018
2019-01-03,-0.03446008834274383,-0.04765358185115087,-0.15952027155230353
2019-01-04,-0.03505709599144702,-0.03166944451055109,-0.13136766567530744
2019-01-07,-0.03497228742828784,-0.02226734064583391,-0.12451877383521759
2019-01-08,-0.032839712588335734,-0.01592049320337441,-0.11629345365223853
2019-01-09,-0.029172943973895138,-0.014745238666302285,-0.11216322701648129
2019-01-10,-0.03173145007965816,-0.010867270286326391,-0.10903149795574552
2019-01-11,-0.029940598812049912,-0.014039950817341995,-0.10868722903293182
2019-01-14,-0.032498761563060086,-0.01721303672532104,-0.1141250890818456
2019-01-15,-0.031901582236980586,-0.013922864520949263,-0.10397215717672037
2019-01-16,-0.03002575072883651,-0.012395067404523452,-0.10180408685348097
2019-01-17,-0.028064166433088733,-0.009691002306845609,-0.09498973960761925
2019-01-18,-0.026358638760768716,-0.006871472420629132,-0.08294397597152725
2019-01-22,-0.024738606359988147,-0.013452424893046988,-0.09533406738063499
2019-01-23,-0.022265252172136818,-0.011454255708003624,-0.09344100024886026
2019-01-24,-0.019706917742625008,-0.010396492844287675,-0.09295908260866581
2019-01-25,-0.018854110987683415,-0.007928221845478478,-0.08528412190597179
2019-01-28,-0.019024414822382263,-0.009456221650386065,-0.09223652981677177
2019-01-29,-0.016893041722939373,-0.010043815137508516,-0.09344100024886026
2019-01-30,-0.01237295132142846,-0.0021697110794699492,-0.0790893998717439
2019-01-31,-0.005465087842294047,0.0,-0.07100155185939627
2019-02-01,-0.007834577291712774,-0.000484550446354981,-0.07055406110916906
2019-02-04,-0.009203188354851455,0.0,-0.06401536439928113
2019-02-05,-0.005182678760723758,0.0,-0.0600916991148982
2019-02-06,-0.00706477648860393,-0.0009396275060463699,-0.061330655294869585
2019-02-07,-0.007235852871496196,-0.00434430767966687,-0.07027864597014666
2019-02-08,-0.004755288238338817,-0.00457889545833523,-0.06914297046779083
2019-02-11,-0.006978852022498261,-0.004109316830687604,-0.06862656708357007
2019-02-12,-0.005610670152800368,0.0,-0.05664983377801902
2019-02-13,-0.008177073412249936,-0.0014074768267513527,-0.05358701735513349
2019-02-14,-0.007064776488603708,-0.001290198278442789,-0.05568605734397536
2019-02-15,-0.005867241808357293,0.0,-0.04539571211456406
2019-02-19,-0.005268088193574938,0.0,-0.04374386862879598
2019-02-20,-0.006123727624101183,0.0,-0.0418163746070539
2019-02-21,-0.008946445023043204,-0.0009353748100996429,-0.045223754203763455
2019-02-22,-0.0044988024214701605,0.0,-0.03930379996404898
2019-02-25,-0.004840611833627384,0.0,-0.037996401947843816
2019-02-26,-0.0033011819025358102,0.0,-0.038684468999568566
2019-02-27,-0.006123727624101405,0.0,-0.03909770940272106
2019-02-28,-0.0074925103646164,-0.0005826986971171344,-0.04088731931013101
2019-03-01,-0.009225248881960413,0.0,-0.034898511286625244
2019-03-04,-0.006994732168559392,-0.0015185884852999543,-0.03840917155709367
2019-03-05,-0.006651721017018164,-0.0019853243701144496,-0.03971709921740363
2019-03-06,-0.005707667800679661,-0.0036212955335335195,-0.04553353738255117
2019-03-07,-0.002447259244647948,-0.004321732078334306,-0.05351810472114016
2019-03-08,-0.001159679845764261,-0.005957237437143048,-0.055410936452106596
2019-03-11,-4.46360852218719e-05,-0.002686492893588799,-0.04171309392943823
2019-03-12,0.0,-0.0009346030093972946,-0.03809950607485324
2019-03-13,-0.0016255137520039264,0.0,-0.031732178785315646
2019-03-14,-0.003593628411459826,-0.0006992116512531954,-0.03235203939390108
2019-03-15,-2.220446049250313e-16,0.0,-0.027571527015479713
2019-03-18,-0.0005127884655621306,-0.00034978986047162763,-0.02404533050764568
2019-03-19,-0.0003416592262440732,0.0,-0.023803518367332188
2019-03-20,0.0,0.0,-0.0267417506402835
2019-03-21,0.0,-0.0002319836191843061,-0.01574897911039641
2019-03-22,0.0,-0.00382908499544643,-0.034692479575498814
2019-03-25,0.0,-0.00417755625733518,-0.03541826908608181
2019-03-26,0.0,-0.0017404390898088096,-0.028228521592473133
2019-03-27,0.0,-0.0010445543416047753,-0.033309460098684296
2019-03-28,0.0,0.0,-0.029645379468804522
2019-03-29,-0.0007554906361753044,0.0,-0.02352710279030157
2019-04-01,-0.0044761854619066455,-0.00024323510588630803,-0.011946425868020416
2019-04-02,-0.00312935002225323,0.0,-0.011462448497751021
2019-04-03,-0.0052340270364094055,0.0,-0.009907176859125566
2019-04-04,-0.003634297864479996,0.0,-0.007280257854788363
2019-04-05,-0.002035072464184773,0.0,-0.0024753229780500874
2019-04-08,-0.0034659539289633168,-0.0005791249764882656,-0.0017147534840008527
2019-04-09,-0.0013613608769295071,-0.0012729593529640093,-0.006831001621639965
2019-04-10,0.0,0.0,-0.003442689228138507
2019-04-11,-0.0010061852023086626,0.0,-0.003719869846225188
2019-04-12,-0.0015938656334740786,0.0,0.0
2019-04-15,-0.0031873129303080505,-0.0006901275694712883,-0.0006550156334149682
2019-04-16,-0.00595570275063928,-0.0012648751487593923,-1.1102230246251565e-16
2019-04-17,-0.0061233723959059905,-0.0036800281343553065,-0.0024465103800683785
2019-04-18,-0.005284940505314806,-0.0032196821952876764,-0.00048240223530915394
2019-04-22,-0.006878555136146769,-0.004944446719798767,0.0
2019-04-23,-0.0027682224863334604,-0.0014943958841296956,0.0
2019-04-24,0.0,-0.002874781469733856,-0.0022194137730249253
2019-04-25,-0.0005032152933159839,-0.002414631200658879,-0.002834167322988246
2019-04-26,0.0,0.0,0.0
2019-04-29,-0.003928408625175517,-0.00045924967708887987,0.0
2019-04-30,-0.0035105744068849587,-0.0003447959445574966,0.0
2019-05-01,-0.003829035442991402,-0.003624563844373485,-0.007516933686129934
2019-05-02,-0.007433647558656276,-0.002931189437739179,-0.009659302053485308
2019-05-03,-0.002990615903431082,-0.000391164380550868,0.0
2019-05-06,-0.0016492446803225702,0.0,-0.004115522744525757
2019-05-07,-0.0017331116443255468,-0.006003600829123434,-0.02074656555230303
2019-05-08,-0.005086706435743493,-0.005658177280588372,-0.022107212493143402
2019-05-09,-0.004164253198533863,-0.0071586210102314585,-0.025066011641825647
2019-05-10,-0.003577351184159472,-0.004387276857358402,-0.0201681458518137
2019-05-13,-0.002990615903431304,-0.01350888440094089,-0.04479157089100383
2019-05-14,-0.0015656278167891502,-0.011315245972261745,-0.036153084012855774
2019-05-15,0.0,-0.010391529800323429,-0.030507383506291008
2019-05-16,-0.0015909782779366388,-0.0073894685391994175,-0.021528792792654405
2019-05-17,-0.0015069621013373835,-0.007736196311998844,-0.027854353573763868
2019-05-20,-0.0038515046967780853,-0.00865965164079363,-0.0342825129195663
2019-05-21,-0.0030140074695103047,-0.005542036193613931,-0.025575877893605048
2019-05-22,-0.00175842776328905,-0.004734069841371258,-0.02856883796719889
2019-05-23,0.0,-0.00969905242292357,-0.04043848497880709
2019-05-24,0.0,-0.011083746331161826,-0.038261681471589704
2019-05-28,0.0,-0.012007918983302002,-0.04720640075987104
2019-05-29,0.0,-0.01466410021568898,-0.05360028338321543
2019-05-30,0.0,-0.012585494285069276,-0.05101569109426374
2019-05-31,0.0,-0.019743919661661002,-0.0638031668451905
2019-06-03,0.0,-0.018166265911982116,-0.06618441479205317
2019-06-04,0.0,-0.008307250497573193,-0.04591395986751434
2019-06-05,-0.0006620828306164173,-0.005987950149918042,-0.037649448250210105
2019-06-06,0.0,-0.0039000842338594577,-0.03139174611735729
2019-06-07,0.0,-0.001347914811336115,-0.021698902612966586
2019-06-10,-0.0036197249115550445,0.0,-0.01720923090558646
2019-06-11,-0.002714936406950974,0.0,-0.017447894170813938
2019-06-12,-0.0012340323459147928,-0.0023160981791743307,-0.019181763671374474
2019-06-13,0.0,0.0,-0.015134910169310678
2019-06-14,0.0,-0.0006953763787030942,-0.016222964522692562
2019-06-17,0.0,-0.0022000067860427075,-0.015849162963859076
2019-06-18,0.0,0.0,-0.005543680933396855
2019-06-19,0.0,0.0,-0.003299134583057861
2019-06-20,0.0,0.0,0.0
2019-06-21,-0.0036264579706540845,-0.003195916600286175,-0.0014532749339215556
2019-06-24,-0.0011283396686297964,-0.003309889167969815,-0.002676152620243677
2019-06-25,-0.004109735367209377,-0.007533227400984277,-0.012457447864039461
2019-06-26,-0.0061245762726781505,-0.007989631063718083,-0.013442447874898455
2019-06-27,-0.0003221316674402175,-0.005250438996795448,-0.009944483703122398
2019-06-28,0.0,-0.004908136249324624,-0.004850080675440904
2019-07-01,0.0,-0.004609856689473446,0.0
2019-07-02,0.0,-0.0024316714881158497,0.0
2019-07-03,0.0,0.0,0.0
2019-07-05,-0.008805118639220066,-0.0040072385116091125,-0.0011378518779786573
2019-07-08,-0.010165839203289062,-0.005953692068130234,-0.006626507323024611
2019-07-09,-0.012247038992645232,-0.0070989286380895855,-0.00538841017322067
2019-07-10,-0.010005521695704456,-0.004351001743042149,-0.0006358317216234033
2019-07-11,-0.015848960334213125,-0.006296878516883542,0.0
2019-07-12,-0.014888321368546786,-0.004693867756039971,0.0
2019-07-15,-0.013207124047473373,-0.0040072385116092235,0.0
2019-07-16,-0.015288719487428493,-0.006068151637639185,-0.0032255807604865128
2019-07-17,-0.010085759580135467,-0.0073276555156539525,-0.010008313505017519
2019-07-18,-0.007764241789123272,-0.006870201758845007,-0.006383900892114491
2019-07-19,-0.009285517252173525,-0.008587351653441933,-0.011903440780147378
2019-07-22,-0.006243441106791536,-0.005266678300792749,-0.009476425037103886
2019-07-23,-0.005683200260006682,-0.0035491438832893074,-0.002394230413800713
2019-07-24,-0.0028814421173182225,-0.0027479268950473257,0.0
2019-07-25,-0.006083044469087029,-0.0041216339939667,-0.004777387415482615
2019-07-26,-0.004722482164220443,-0.0019465176453521416,0.0
2019-07-29,-0.005362960895436086,-0.003434684313780356,-0.001820914056340106
2019-07-30,-0.005683200260006682,-0.002976717859762834,-0.0042707895545198715
2019-07-31,-0.004802403528171961,-0.00469386775603986,-0.015165196058619435
2019-08-01,0.0,-0.005188492033595171,-0.02374077005051689
2019-08-02,0.0,-0.006683323760695692,-0.031091630681420068
2019-08-05,0.0,-0.017031917236757677,-0.06022962141164445
2019-08-06,0.0,-0.01070760944105209,-0.04705138702279177
2019-08-07,-0.00015868025590171086,-0.010822133097712072,-0.04648873243411322
2019-08-08,0.0,-0.006913588729886455,-0.0277805514706978
2019-08-09,-0.0029291614490968287,-0.008293191841665215,-0.03440270989581884
2019-08-12,0.0,-0.01174306479849152,-0.046157310367869187
2019-08-13,-0.0007895460678751798,-0.0073729010123967376,-0.03132353637181717
2019-08-14,0.0,-0.016226919109962434,-0.05996484278254288
2019-08-15,0.0,-0.013352356095100881,-0.05748142117769617
2019-08-16,0.0,-0.010017775840747367,-0.04357448458306168
2019-08-19,-0.0032850393075717355,-0.0071433410018679755,-0.032052014189503986
2019-08-20,0.0,-0.006338406960543552,-0.03946884508958681
2019-08-21,0.0,-0.002083407700939399,-0.031654509661870445
2019-08-22,-0.0036605302350007918,-0.0002446204809526398,-0.031952385621447865
2019-08-23,0.0,-0.004843831582047486,-0.05681891362918956
2019-08-26,0.0,0.0,-0.04638932825415254
2019-08-27,0.0,-0.00045984285791378365,-0.0501308971307749
2019-08-28,0.0,0.0,-0.04344209526851106
2019-08-29,-0.00216823685332701,0.0,-0.031224244387742628
2019-08-30,-0.0023232472711115504,-0.0009168170885905935,-0.031654509661870556
2019-09-03,-0.0032630074738526638,-0.0037832281509373455,-0.03731639677479348
2019-09-04,-0.0013992171898485894,-0.0017114770860253703,-0.026389678300390518
2019-09-05,-0.00870028422647795,0.0,-0.013873727068272834
2019-09-06,-0.005127484995654186,0.0,-0.01311203972790076
2019-09-09,-0.012428093874085944,0.0,-0.0126155797964973
2019-09-10,-0.0207387903412094,0.0,-0.012847485486894739
2019-09-11,-0.02151552234619425,-0.00011471381501526601,-0.005827710338254355
2019-09-12,-0.022836088929654275,0.0,-0.002384129617095332
2019-09-13,-0.0316124275280627,-0.0018322919015495431,-0.003045963997639345
2019-09-16,-0.02671944351411204,0.0,-0.006125361909736005
2019-09-17,-0.024234389801105483,0.0,-0.003608955170299355
2019-09-18,-0.02182630677942754,-0.0005704110446592692,-0.0030130910589353244
2019-09-19,-0.019030086834856408,-0.001713325803574084,-0.0030792857162107445
2019-09-20,-0.012272930736568322,-0.00045677273535882357,-0.007789428286621325
2019-09-23,-0.012972233892026952,-0.000913672299278856,-0.008022343725286651
2019-09-24,-0.009864924074756809,-0.0022847514750600206,-0.015806274490701933
2019-09-25,-0.015457593043498363,-0.003312949883567451,-0.00998507142192151
2019-09-26,-0.013359989016588747,-0.003998521178598224,-0.012047315490726573
2019-09-27,-0.013127473389411004,-0.0051411822820534026,-0.017369590351700714
2019-09-30,-0.009864924074757031,-0.003998521178598224,-0.012812705243864686
2019-10-01,-0.008728460997178833,-0.006292848205035395,-0.024554739949482096
2019-10-02,-0.009117437877601886,-0.012144460163473925,-0.04178588249702553
2019-10-03,-0.005223545639581939,-0.011569546708219747,-0.03393530829446745
2019-10-04,-0.0010962214569878448,-0.008472585707963609,-0.020862424386649203
2019-10-07,-0.0061583424540068155,-0.009275726996027078,-0.025086989875859445
2019-10-08,-0.007015023182108893,-0.012946713651609487,-0.04022234224425447
2019-10-09,-0.006625435422754067,-0.009963834860617693,-0.03110767447252416
2019-10-10,-0.012466350140151072,-0.008702335481843737,-0.024554739949481985
2019-10-11,-0.014257293163613127,-0.004572800492709028,-0.014442215765815503
2019-10-14,-0.010986420628520843,-0.0038835511710680892,-0.015540149525674951
2019-10-15,-0.013634273459684265,-0.0017043209823842664,-0.005793378871415289
2019-10-16,-0.012543778988676757,-0.0025073988545049053,-0.007390128646871497
2019-10-17,-0.011142347364703098,-0.0011305489825178539,-0.004463427225272376
2019-10-18,-0.009895773438781341,-0.0009016870085652995,-0.008820830805224222
2019-10-21,-0.012154496668787762,-0.0005578550254207171,-0.0021015120847736046
2019-10-22,-0.010441440653049971,-0.00032753452301548247,-0.005361206292961107
2019-10-23,-0.00989577343878112,0.0,-0.0024674900059520333
2019-10-24,-0.007715624454295855,0.0,-0.0008374185156010405
2019-10-25,-0.009428909549632825,0.0,0.0
2019-10-28,-0.012388463131425942,-0.0001148051460339028,0.0
2019-10-29,-0.014958428954864988,-0.0019456783802777045,-0.0002963576817832658
2019-10-30,-0.011454048116333326,-0.0032043602428211138,0.0
2019-10-31,-0.005457741181819409,-0.006637318718951457,-0.002663289498748278
2019-11-01,-0.004481175549474914,-0.0023742210018085075,0.0
2019-11-04,-0.009166308157095626,-0.00030570427889820007,0.0
2019-11-05,-0.014866644460456269,-0.001339519865372174,-0.0011059802050015222
2019-11-06,-0.009322616691609165,-0.00248902614618407,-0.0008781783498369444
2019-11-07,-0.017052978590120005,-0.002949258782444897,0.0
2019-11-08,-0.018380799355887767,-0.0020294260456110713,0.0
2019-11-11,-0.018068258646727453,-0.0026041475584037688,-0.0019102074773198474
2019-11-12,-0.01713140011690939,-0.0023742210018087295,0.0
2019-11-13,-0.014788452013266618,-0.0034080998418513087,0.0
2019-11-14,-0.009634928321170522,-0.003983264129625241,0.0
2019-11-15,-0.009478925226122703,-0.0009955472055686032,0.0
2019-11-18,-0.008385834521657642,-0.00225916284315808,0.0
2019-11-19,-0.006433161416167232,-0.005821411520959274,-0.00028850766620580615
2019-11-20,-0.005027530002541858,-0.007890434270761304,-0.004006030018036344
2019-11-21,-0.007370325385451237,-0.007660381207028832,-0.005608658214862672
2019-11-22,-0.00463702592579085,-0.0038683324781121353,-0.0033971264256655864
2019-11-25,-0.0012017507163474273,-0.0012256002693010748,0.0
2019-11-26,0.0,-7.634700276393236e-05,0.0
2019-11-27,-7.839009143884024e-05,0.0,0.0
2019-11-29,-0.0021057041564319645,-0.0021809838124308145,-0.003708930425991852
2019-12-02,-0.006437366515578802,-0.0028606577461144367,-0.012171945895960379
2019-12-03,0.0,-0.004243318465797397,-0.01879696032797129
2019-12-04,-0.0013278014593542942,-0.0012479010535808577,-0.012742846635550142
2019-12-05,-0.0024210251687403206,0.0,-0.010967495005434924
2019-12-06,-0.00296794167058001,0.0,-0.0019337926193344623
2019-12-09,-0.003123844480698912,0.0,-0.005071929217465243
2019-12-10,-0.003123844480698912,0.0,-0.006181123071244965
2019-12-11,0.0,0.0,-0.003360403006693935
2019-12-12,-0.00460403005064125,0.0,0.0
2019-12-13,0.0,0.0,0.0
2019-12-16,-0.0022592756302561856,0.0,0.0
2019-12-17,-0.0030377127975895757,0.0,0.0
2019-12-18,-0.0037386708598072804,0.0,0.0
2019-12-19,-0.0027546102131044137,-0.0005233266680544357,0.0
2019-12-20,-0.0030672612082551787,-0.002002117673009729,0.0
2019-12-23,-0.0025985125934341324,-0.0015471050561002286,0.0
2019-12-24,-0.001583460302693629,-0.000750522176947932,0.0
2019-12-26,0.0,0.0,0.0
2019-12-27,0.0,-0.0004547437145432376,-0.00024776831747963524
2019-12-30,0.0,-0.0011363934237300644,-0.005759574102749299
2019-12-31,-0.004124819866703655,-0.00022721656972879423,-0.003344144788704928
2020-01-02,-0.0020234993930210443,0.0,0.0
2020-01-03,0.0,-0.0010187316454660644,-0.007572579158266257
2020-01-06,-0.0033420026299747496,-0.0020381438482092173,-0.00378566970570271
2020-01-07,-0.00590658085971052,-0.0029437793274248447,-0.006587497134438847
2020-01-08,-0.007305022508904746,-0.0020381438482092173,-0.0012927458185107987
2020-01-09,-0.0025648050244043707,0.0,0.0
2020-01-10,0.0,0.0,-0.0028781080998339093
2020-01-13,-0.0024090452253929806,0.0,0.0
2020-01-14,-0.001166015678220389,-0.00011317922302311878,-0.0015246900935969032
2020-01-15,0.0,0.0,0.0
2020-01-16,0.0,0.0,0.0
2020-01-17,-0.00015516556627104272,-0.000792204540252639,0.0
2020-01-21,0.0,-0.00294039979998173,-0.00195817273625587
2020-01-22,0.0,-0.0011315883757223588,-0.0018375500227941766
2020-01-23,0.0,-0.004184560057378661,-0.0006926958962589769
2020-01-24,0.0,-0.0083684404799933,-0.00957995086798702
2020-01-27,0.0,-0.015040394276457203,-0.02545584111757082
2020-01-28,-0.0005373964522248365,-0.006559505484451722,-0.015243151832898705
2020-01-29,0.0,-0.0071250834254033,-0.016056268222367942
2020-01-30,0.0,-0.0061070554902764584,-0.012863456810374596
2020-01-31,0.0,-0.01017830224638494,-0.03078750656235485
2020-02-03,-0.0007872624645524073,-0.01033702736465969,-0.02358795847783257
2020-02-04,-0.0032343799113481175,-0.004432069913468006,-0.008706270351442336
2020-02-05,-0.0038463818713929676,-0.0003438323400851706,0.0
2020-02-06,-0.004305309140356983,0.0,0.0
2020-02-07,-0.0004810388861843373,-0.001475928483566702,-0.005329607276938764
2020-02-10,0.0,-0.00011418853451050648,0.0
2020-02-11,-0.0014503188573150583,0.0,0.0
2020-02-12,-0.0019084546148274706,0.0,0.0
2020-02-13,-0.002595287935790447,0.0,-0.001066911123302594
2020-02-14,-0.00015248973419379475,-0.00011354194887414071,0.0
2020-02-18,0.0,-0.002149789092305343,-0.002576679273532223
2020-02-19,-0.001371185359488769,-0.0016973444294928752,0.0
2020-02-20,0.0,0.0,-0.004108431401987911
2020-02-21,0.0,-0.000905689350765293,-0.014364332434180005
2020-02-24,0.0,-0.01165094239018083,-0.047053522796520975
2020-02-25,0.0,-0.01855029271409303,-0.07592979597786842
2020-02-26,-0.0037151768885990144,-0.017532292222361634,-0.07932865596384508
2020-02-27,-0.009022005006650513,-0.030766544769997628,-0.12067753406587389
2020-02-28,0.0,-0.026807653970791878,-0.12437190827284506
2020-03-02,-0.0009935281178073962,-0.0194228733547116,-0.08645145149829292
2020-03-03,0.0,-0.023626448591848037,-0.11260867637366234
2020-03-04,0.0,-0.010220313842430606,-0.07530910698737092
2020-03-05,-0.0003755450416500494,-0.022717497601739245,-0.10604744714671155
2020-03-06,0.0,-0.0337381437138109,-0.12082524157936791
2020-03-09,-0.02427927862123669,-0.07531954365881233,-0.1894839393127541
2020-03-10,-0.04625022232363918,-0.06111824603135518,-0.1475439335617279
2020-03-11,-0.07760505082488178,-0.08156816630947072,-0.18909969146050465
2020-03-12,-0.12162044520058102,-0.11826449316896104,-0.26668437701809766
2020-03-13,-0.08356293450378705,-0.09054358038522103,-0.20399607846093526
2020-03-16,-0.0965964401321806,-0.14053206926248663,-0.2910976810907189
2020-03-17,-0.13361130497005191,-0.13246597541760463,-0.25282273620318085
2020-03-18,-0.17695684910746845,-0.17075262803478763,-0.29065440975272583
2020-03-19,-0.21762111858155953,-0.1893850155766712,-0.28914707888898616
2020-03-20,-0.2050347082617766,-0.2075628660839115,-0.31978066475948874
2020-03-23,-0.1462723032406218,-0.2202871952813641,-0.3371727036122819
2020-03-24,-0.12877007857427902,-0.18813537720438356,-0.2771182909025851
2020-03-25,-0.08706352356884095,-0.16529984520813135,-0.2662967067971168
2020-03-26,-0.08631843678843432,-0.12712630375544165,-0.2234560224928982
2020-03-27,-0.08818054118049401,-0.12485404936499322,-0.24658573935066852
2020-03-30,-0.07708343963213127,-0.11735554218046551,-0.22211817335162576
2020-03-31,-0.08013664512670315,-0.12439945078995462,-0.2337127667196477
2020-04-01,-0.09350215721558608,-0.14843471193330593,-0.2681993462201048
2020-04-02,-0.09111231605065573,-0.1418126008922992,-0.2513128757622698
2020-04-03,-0.0958164015108166,-0.16019544230985416,-0.26213450946474104
2020-04-06,-0.07797172086351067,-0.13975690699682353,-0.212574918908903
2020-04-07,-0.07655289229963691,-0.13975690699682353,-0.21177205070332838
2020-04-08,-0.05990313223526833,-0.11737745054509985,-0.18531251646000335
2020-04-09,-0.01570173640873218,-0.059601399452548054,-0.17291510448666048
2020-04-13,-0.025258867035405586,-0.07307516704651362,-0.18046653948586133
2020-04-14,-0.030037324246407815,-0.06919283244435093,-0.15629607489967157
2020-04-15,-0.02354154253602958,-0.07787026814007425,-0.1742233922864328
2020-04-16,-0.028394948022561373,-0.07878395773579028,-0.1702393070036089
2020-04-17,-0.025184207017025173,-0.07410258321229024,-0.14782317912712184
2020-04-20,-0.03070933645486762,-0.088032241729598,-0.1628368691049895
2020-04-21,-0.03414412957747115,-0.10470303057283592,-0.188255754813901
2020-04-22,-0.03354663325409524,-0.09682512712322677,-0.1702393070036089
2020-04-23,-0.029439972056329422,-0.09728107958535126,-0.1702990744834031
2020-04-24,-0.03011220046001195,-0.1057305698194031,-0.15873419125439114
2020-04-27,-0.0379519345159377,-0.10207691916204364,-0.14660431934915064
2020-04-28,-0.03533854570048034,-0.09933658885964047,-0.15052853795492427
2020-04-29,-0.028992228150714672,-0.08346570150166255,-0.12829067092549862
2020-04-30,-0.03556223748902776,-0.0816386915509898,-0.1364065490078915
2020-05-01,-0.039379987483316836,-0.09747936259740542,-0.15926937059110302
2020-05-04,-0.03788303975388041,-0.09874130904070932,-0.1569501939994311
2020-05-05,-0.039155214718654574,-0.09094119259443845,-0.149160780273628
2020-05-06,-0.049933641945718144,-0.09610295110090938,-0.15492851561613896
2020-05-07,-0.04738864343994653,-0.09380878834421336,-0.14473143966867652
2020-05-08,-0.05195457903708234,-0.08520618571607508,-0.13057988938014375
2020-05-11,-0.060262667774865664,-0.08933542020879004,-0.13040152933257498
2020-05-12,-0.051206105177087013,-0.0904821631141568,-0.14773399910658813
2020-05-13,-0.04903548772044153,-0.0953001572170653,-0.1628072085629827
2020-05-14,-0.04117636800524149,-0.09839717539638781,-0.15278789746654853
2020-05-15,-0.037808235611648144,-0.09713553665506114,-0.14889343860328896
2020-05-18,-0.03234400164649265,-0.08119104703579338,-0.12296903409642213
2020-05-19,-0.031595383653200027,-0.0800435656456816,-0.13197740680070347
2020-05-20,-0.020966564710600544,-0.0702936662486181,-0.11723115769368164
2020-05-21,-0.021715182703893166,-0.07052339638014304,-0.1233256549910523
2020-05-22,-0.021715182703893166,-0.06822892592308327,-0.12166089509741018
2020-05-26,-0.023062810406014322,-0.06123191106102044,-0.11083955898995879
2020-05-27,-0.019020864161360396,-0.05928225119101849,-0.09760927107376116
2020-05-28,-0.018197225821167118,-0.05836462301322265,-0.09927452696343686
2020-05-29,-0.011834909702106433,-0.054579337543643414,-0.09526063233784554
2020-06-01,-0.012270330376108252,-0.04742810256199037,-0.0916039538001745
2020-06-02,-0.009119115591103788,-0.0379845510338902,-0.08408247693800053
2020-06-03,-0.00971942247127,-0.03349432084141646,-0.07189328395199657
2020-06-04,-0.012720668633844467,-0.0364883204730273,-0.07433110270844578
2020-06-05,-0.007618276309870997,-0.027391179582266112,-0.050606439037420126
2020-06-08,-0.004317092911882203,-0.02623883650414338,-0.03913068623193894
2020-06-09,-0.006417878744761407,-0.033839439132064886,-0.04629564139998965
2020-06-10,0.0,-0.03522145080131711,-0.051617476626829584
2020-06-11,-0.011928509216134864,-0.059979811072916944,-0.10629108022419609
2020-06-12,-0.007127086275765748,-0.05065201694469934,-0.09558779108823223
2020-06-15,0.0,-0.04143954943682304,-0.08714475425545276
2020-06-16,-0.002756788701429258,-0.03752422920530474,-0.06957430575808798
2020-06-17,-0.004694161756176207,-0.04201556712489585,-0.07343900488208399
2020-06-18,-0.0024587478138075047,-0.0423606854139309,-0.07308238399070432
2020-06-19,-0.0017136814002578493,-0.04558539982339338,-0.07837951863262294
2020-06-22,-0.002682582605902928,-0.04627619026663554,-0.07246725015058264
2020-06-23,-0.004544747742568411,-0.04489393243580164,-0.06819712415865409
2020-06-24,-0.007301607998731807,-0.05468284841451854,-0.0919661298451806
2020-06-25,-0.00625842914282615,-0.05433723780232014,-0.08223201626329346
2020-06-26,-0.005364592736414875,-0.06331942131672597,-0.10403003432345737
2020-06-29,-0.0007452810965110634,-0.06861638397512426,-0.0908614482709349
2020-06-30,0.0,-0.06009476844927231,-0.07921586654446233
2020-07-01,0.0,-0.05716926322935856,-0.07276603794604919
2020-07-02,0.0,-0.05023095786257514,-0.06765946484177432
2020-07-06,0.0,-0.043407979112906614,-0.05326695985368801
2020-07-07,0.0,-0.04976823596018176,-0.06303093237534563
2020-07-08,-0.0016228227944089513,-0.04722397321721161,-0.05586458841970088
2020-07-09,0.0,-0.04930569868058787,-0.061239693580895094
2020-07-10,-0.0018369389035381989,-0.04606781463618659,-0.05165427950456958
2020-07-13,-0.004481120022700402,-0.05127197444444531,-0.05986598395369658
2020-07-14,0.0,-0.043176648932714445,-0.04768274291359487
2020-07-15,0.0,-0.03774134356544945,-0.03893347835134575
2020-07-16,0.0,-0.036815961302671174,-0.04209872436801443
2020-07-17,0.0,-0.03415631040057754,-0.039321743765616146
2020-07-20,0.0,-0.028374409774787557,-0.03155782421903852
2020-07-21,0.0,-0.023864486670301166,-0.029497755769398504
2020-07-22,0.0,-0.021898149364435016,-0.02397335590610228
2020-07-23,0.0,-0.022592386068206904,-0.03561923522759436
2020-07-24,-0.002238648359053741,-0.021666819184242403,-0.041829795512318246
2020-07-27,-0.005273491321394541,-0.01935413278304632,-0.03484260519529547
2020-07-28,-0.00628455186842003,-0.021898149364434794,-0.04096418385399836
2020-07-29,-0.0008664552079229448,-0.016463213239542362,-0.029169307431924918
2020-07-30,-0.0019499914757737935,-0.014381303154979985,-0.032633341247310876
2020-07-31,-0.0005777983246432195,-0.012531338654564017,-0.024988559861543913
2020-08-03,0.0,-0.012287638864573402,-0.018210282922406673
2020-08-04,0.0,-0.012635895712161171,-0.014418098367817489
2020-08-05,-0.0013689348278504987,-0.010894303770631275,-0.008296618906371012
2020-08-06,0.0,-0.008688328337645213,-0.0016675374720794833
2020-08-07,-0.00280304433509293,-0.011126803216723435,-0.0009505261188144098
2020-08-10,-0.004958909848388315,-0.01066211202490297,0.0
2020-08-11,-0.011211077876588593,-0.019602140399102796,-0.008254622772439935
2020-08-12,-0.01365459369049804,-0.019370194814956276,0.0
2020-08-13,-0.022565843471637148,-0.022040676818576355,-0.0018082130486072323
2020-08-14,-0.026877780639243287,-0.023781530276974383,-0.0017782845506080225
2020-08-17,-0.02486553413073611,-0.017976367397850912,0.0
2020-08-18,-0.022062970809359594,-0.01646727490402622,0.0
2020-08-19,-0.024650036914385498,-0.019253822009505872,-0.004163666026196111
2020-08-20,-0.02120077578492774,-0.01600276833177905,-0.0010630135710394395
2020-08-21,-0.019403545479054762,-0.016119448837592976,0.0
2020-08-24,-0.02112848526431388,-0.011590755925411367,0.0
2020-08-25,-0.02536840678400698,-0.01054573922106583,0.0
2020-08-26,-0.02500942799921868,-0.010662112024902637,0.0
2020-08-27,-0.032770969882655265,-0.01217151222070445,0.0
2020-08-28,-0.02982423782910215,-0.01135874880086929,0.0
2020-08-31,-0.025512231938817242,-0.012751960814020524,-0.0036225450049187646
2020-09-01,-0.019354687527454506,-0.0073783188794017684,0.0
2020-09-02,-0.01546522385590643,-0.006212190762385883,0.0
2020-09-03,-0.017625762142071566,-0.012390472791098395,-0.034414247228290784
2020-09-04,-0.028068925024692826,-0.0150716628170674,-0.04229785813647291
2020-09-08,-0.027132927697804843,-0.02055084645399674,-0.0684653613274816
2020-09-09,-0.026484992980582822,-0.012856887113990356,-0.05006955717483563
2020-09-10,-0.025764699020067727,-0.017519799531772406,-0.06656415972770491
2020-09-11,-0.025043855332164355,-0.015537954057555203,-0.06608865036383926
2020-09-14,-0.022595048286311092,-0.01658697088598904,-0.05378781750582062
2020-09-15,-0.021515294527291284,-0.013905965482819749,-0.049007648178340246
2020-09-16,-0.020867016223696133,-0.013905965482819749,-0.05278172513444701
2020-09-17,-0.02065069439824907,-0.014955166930826547,-0.0611126120402975
2020-09-18,-0.02245136056785091,-0.017403365187540154,-0.07192181288876442
2020-09-21,-0.023387632767440047,-0.02533000859643808,-0.0822510464692755
2020-09-22,-0.02281116396173566,-0.021949227857135933,-0.07290403691773839
2020-09-23,-0.02986979734431694,-0.031858209061801146,-0.09440430425214152
2020-09-24,-0.03231812336744688,-0.03127542193507271,-0.09199062986557782
2020-09-25,-0.03332668608764999,-0.03302415255763069,-0.07731085709643659
2020-09-28,-0.028429415582316264,-0.026729005401918027,-0.06198571038608491
2020-09-29,-0.029653338082519354,-0.025912795723166404,-0.06709399975069108
2020-09-30,-0.029797575546381627,-0.021949227857135822,-0.06002089083739737
2020-10-01,-0.02709836292850809,-0.018589493918545696,-0.053986008323568924
2020-10-02,-0.0269535070235859,-0.018589493918545696,-0.06296756292431915
2020-10-05,-0.030201632823661395,-0.011214067436115083,-0.04635157546342705
2020-10-06,-0.03099545421393146,-0.013438135730833412,-0.05990823598001227
2020-10-07,-0.0307069105815424,-0.009926458665669768,-0.04354486287019521
2020-10-08,-0.02832517155604497,-0.007702082667361276,-0.03506816547476932
2020-10-09,-0.026087807412746633,-0.005477891290238901,-0.026450951349544005
2020-10-12,-0.020457324128099974,-0.000443582852326041,-0.010788954548385687
2020-10-13,-0.02139593270962048,-0.004891965606570792,-0.017244551402013197
2020-10-14,-0.020457324128099974,-0.007351179584383916,-0.02341976490027109
2020-10-15,-0.02146815450755568,-0.008053293452315646,-0.024626555656449667
2020-10-16,-0.023128500108754335,-0.0092238524745748,-0.025216112969494997
2020-10-19,-0.025004823949027255,-0.012736268024483355,-0.040036123851902805
2020-10-20,-0.02702607240789412,-0.0092238524745748,-0.03619081336542285
2020-10-21,-0.028614127488478913,-0.00934108684394741,-0.03801511618431086
2020-10-22,-0.030779407261185554,-0.007584725217197996,-0.03273816959182807
2020-10-23,-0.02832517155604497,-0.006413489252202753,-0.02945436879452279
2020-10-26,-0.02630440411089463,-0.015194558897978605,-0.047389801865935444
2020-10-27,-0.02233433513211147,-0.014726052203256068,-0.05067415990239299
2020-10-28,-0.027170516021778668,-0.022921442326945485,-0.08312080138927702
2020-10-29,-0.029696286352108858,-0.02011169450691419,-0.07380221095235018
2020-10-30,-0.03474927008093953,-0.01800412209682356,-0.08345774435429054
2020-11-02,-0.030966043240228225,-0.015664419479786917,-0.0731848846350106
2020-11-03,-0.030025510576821013,-0.007199359536988248,-0.05682095428604106
2020-11-04,-0.015486938502062841,0.0,-0.035741587036807076
2020-11-05,-0.011797991691816168,0.0,-0.01693593468044663
2020-11-06,-0.014908202028098949,-0.003507423671720744,-0.01716050140765113
2020-11-09,-0.022358248732855968,0.0,-0.004810445901874738
2020-11-10,-0.024889997458868662,-0.00139709348695094,-0.006270129625661425
2020-11-11,-0.023081566239041007,-0.00174644304398619,0.0
2020-11-12,-0.019175816589630856,-0.008500310984278281,-0.009700841625998602
2020-11-13,-0.018018687237082553,-0.005123773171449186,0.0
2020-11-16,-0.014836186380185912,0.0,0.0
2020-11-17,-0.011653479373266773,0.0,-0.005378507345614403
2020-11-18,-0.009555817348304019,-0.0018615786640531207,-0.017348460491743767
2020-11-19,-0.0040583018908859625,0.0,-0.013211182251340992
2020-11-20,-0.004926269160978158,-0.0018582813728338365,-0.019968538981027795
2020-11-23,-0.0036968492878156622,-0.00034829474455977394,-0.01409403280248045
2020-11-24,-0.0059391610676780004,0.0,0.0
2020-11-25,-0.005360355871035227,-0.00046325649466205654,-0.0015419048572700156
2020-11-27,-0.0018161962610458993,0.0,0.0
2020-11-30,0.0,-0.00104168117941561,-0.004427195476025658
2020-12-01,-0.003791792052885379,0.0,0.0
2020-12-02,-0.007119823466913422,0.0,0.0
2020-12-03,-0.003212571479722204,0.0,-0.0002728857314802102
2020-12-04,-0.008711771044616068,0.0,0.0
2020-12-07,-0.007843317507886027,-0.0004610784313389127,-0.002055072838419325
2020-12-08,-0.009000935408085775,-0.0012666600675090844,0.0
2020-12-09,-0.012618954431710239,-0.0027638293364471433,-0.008968415459825296
2020-12-10,-0.007698563821412097,-0.0009212564370378873,-0.009292799059431367
2020-12-11,-0.006685630998597092,-0.0019576474170415192,-0.010454287208292112
2020-12-14,-0.007409056439472317,-0.0017274383564434004,-0.01488481834543487
2020-12-15,-0.00545577346434678,0.0,-0.0015665877556277907
2020-12-16,-0.006251781548750612,-0.0014944446593174732,0.0
2020-12-17,-0.004801088881715931,-5.095379408404099e-06,0.0
2020-12-18,-0.005526435215233216,0.0,-0.003992646001688471
2020-12-21,-0.007484177430470029,-0.003576063571610111,-0.00755408943382474
2020-12-22,-0.004729192257143633,-0.00230719382066058,-0.009226721618727285
2020-12-23,-0.0045113070814034595,0.0,-0.00833613853771642
2020-12-24,-0.001103489626982923,0.0,-0.004478160005123577
2020-12-28,-0.0004514119829263086,0.0,0.0
2020-12-29,-1.59846499159233e-05,-0.0012615247100543625,-0.0019077946452101813
2020-12-30,0.0,0.0,-0.0004836325817927367
2020-12-31,0.0,0.0,0.0
2021-01-04,-0.005067936683130436,-0.002061899814399748,-0.01361407471740328
2021-01-05,-0.008253275724509401,-0.0017180317805871592,-0.006820520306732858
2021-01-06,-0.016289268051826178,-0.0035507853589312743,-0.0008830008074022233
2021-01-07,-0.016433735482900724,-0.0006874981788113077,0.0
2021-01-08,-0.017157853647443932,0.0,0.0
2021-01-11,-0.021356930729402035,-0.0053795811228603,-0.00674078051251592
2021-01-12,-0.019257460689811712,-0.004120494820705756,-0.006531043912440526
2021-01-13,-0.01165569266340416,-0.0011445158668519362,-0.0038557140082333685
2021-01-14,-0.015927174712126457,-0.0013735378899303319,-0.007344151316251657
2021-01-15,-0.014406464910397987,-0.002975741254126363,-0.014583304706434652
2021-01-19,-0.01266929370120573,-0.00011433273713301606,-0.006845778438584693
2021-01-20,-0.01295877656548583,0.0,0.0
2021-01-21,-0.016868165283487002,-0.0005717516927080668,0.0
2021-01-22,-0.017592009451453672,-0.002513975229358034,-0.0035393279487336837
2021-01-25,-0.013393274871950078,-0.002285108447804718,0.0
2021-01-26,-0.013465063330705407,-0.0037707848767392083,-0.001560601560820607
2021-01-27,-0.015203125044482957,-0.00662705179188916,-0.025963225962167158
2021-01-28,-0.01679589731950004,-0.0036567667440274843,-0.01758618901458109
2021-01-29,-0.018316333124652306,-0.006284404169946467,-0.037253865824408594
2021-02-01,-0.016379483128257433,-0.0030964049988085884,-0.021228278370648446
2021-02-02,-0.01899078846923541,-0.0006876681500010973,-0.007388407387791673
2021-02-03,-0.021311994437924198,0.0,-0.0066076351788429966
2021-02-04,-0.01964318668090148,0.0,0.0
2021-02-05,-0.022254971518132494,0.0,0.0
2021-02-08,-0.018047674386249657,0.0,0.0
2021-02-09,-0.019571192713490504,-0.0018227256940596126,-0.0006657721645579873
2021-02-10,-0.017250192244478546,-0.0020504338113230824,-0.0011009581743708363
2021-02-11,-0.01986108658610286,-0.0015948997153670819,0.0
2021-02-12,-0.02305279616235756,0.0,0.0
2021-02-16,-0.029944214610315045,-0.0015948997153669708,-0.000865902071312985
2021-02-17,-0.025083765764958188,-0.001937169059836652,-0.0006366507442513436
2021-02-18,-0.026970062427829178,-0.0033042427949662168,-0.004889883840180409
2021-02-19,-0.03400649630899222,-0.0031897994307339417,-0.006647197645382463
2021-02-22,-0.040026931635173346,-0.006266216247007406,-0.014287929600488192
2021-02-23,-0.03930158045461196,-0.003873395228240595,-0.013090905369871009
2021-02-24,-0.03785067259381225,-0.0028480015304354067,-0.00221590037660524
2021-02-25,-0.053083732336639655,-0.012303310041147264,-0.026258255818439658
2021-02-26,-0.040534656907109445,-0.015265342423903094,-0.0312756040679697
2021-03-01,-0.03959709136029199,-0.0042102429516065465,-0.007793454288939072
2021-03-02,-0.040687207394309755,-0.005696120923845194,-0.015535721418165394
2021-03-03,-0.04781070533291565,-0.008897235042503393,-0.028575775283696037
2021-03-04,-0.05558824548958097,-0.012670035615161668,-0.04059695300598831
2021-03-05,-0.0568236509533806,-0.009697749295798586,-0.022947202043460124
2021-03-08,-0.06561869667762232,-0.016900197134382178,-0.027811660132845306
2021-03-09,-0.05856787770235705,-0.015528408943633498,-0.01393129777585811
2021-03-10,-0.05413439210946991,-0.012441914982896152,-0.007793454288939183
2021-03-11,-0.05355275485817479,-0.008783263122442375,0.0
2021-03-12,-0.06445562767470903,-0.01152707522525287,0.0
2021-03-15,-0.061257616051499375,-0.011412513998046547,0.0
2021-03-16,-0.06191193226613512,-0.013699141944893634,-0.00126127511369023
2021-03-17,-0.0610396476404198,-0.012327353755690051,0.0
2021-03-18,-0.06641789133166465,-0.019872601315174543,-0.014549393925513132
2021-03-19,-0.06503733342290374,-0.016100213257518203,-0.0163729407437605
2021-03-22,-0.06169382686125657,-0.012555474387955345,-0.008518593590158052
2021-03-23,-0.05893168354534972,-0.01152707522525298,-0.01632234886764905
2021-03-24,-0.05609692977198022,-0.010955329842083028,-0.02132273369837745
2021-03-25,-0.05718677180044296,-0.009240565139835066,-0.015817259493003943
2021-03-26,-0.0578411565119783,-0.006268219889757565,0.0
2021-03-29,-0.06009441004580873,-0.005696120923845305,-0.0005049849139884266
2021-03-30,-0.05718677180044318,-0.008096956513611309,-0.0031564667027911275
2021-03-31,-0.054715823861087975,-0.0032954031955082508,0.0
2021-04-01,-0.04878759012916434,-0.0011843886513396296,0.0
2021-04-05,-0.053448565686995186,-0.0007259080212008717,0.0
2021-04-06,-0.0471126173279639,0.0,-0.0005904381354155941
2021-04-07,-0.04900617503927451,-0.0003446372061615133,0.0
2021-04-08,-0.04551039199598195,0.0,0.0
2021-04-09,-0.04747669717651137,-0.0006877437384682494,0.0
2021-04-12,-0.04769528208662177,-0.0017193004732680706,0.0
2021-04-13,-0.04347099684377975,-0.0010312035020156873,0.0
2021-04-14,-0.044782163801987296,-0.0014902880484536363,-0.0034151853615366212
2021-04-15,-0.038883111257621894,0.0,0.0
2021-04-16,-0.045437233527409804,-0.0020580426037932753,0.0
2021-04-19,-0.047913729993954934,-0.0036581551661231115,-0.004912962421421585
2021-04-20,-0.046092645746308114,-0.005373014496020234,-0.012198861368077907
2021-04-21,-0.04281572161868086,-0.0020580426037932753,-0.002852009984738224
2021-04-22,-0.04186870300592027,-0.003886944013847482,-0.011959206585308357
2021-04-23,-0.041067795848584776,-0.0012576339789229785,-0.0012463622838813082
2021-04-26,-0.0415045546604732,-0.0017148593314365579,0.0
2021-04-27,-0.04580151887563433,-0.003086770285293916,-0.00021554790111888433
2021-04-28,-0.04565602393719692,-0.0011432395542908536,-0.0005028140376301948
2021-04-29,-0.04682142195141237,0.0,0.0
2021-04-30,-0.044854705762550795,-0.00045746024883042136,-0.006570539958063226
2021-05-03,-0.04255624194066632,-6.800243595572741e-05,-0.004427632669516068
2021-05-04,-0.04197248117774599,-0.0006415013820952886,-0.010569825707788416
2021-05-05,-0.04080516515158239,0.0,-0.01026031203016975
2021-05-06,-0.03898051888559362,-0.0003429694372207859,-0.002356650760209078
2021-05-07,-0.038615685535237754,0.0,0.0
2021-05-10,-0.0437967164443811,-0.002290913137990236,-0.009902158613637524
2021-05-11,-0.04729962353333583,-0.00332075703521717,-0.018738792680106253
2021-05-12,-0.05248010644034806,-0.008130408278101964,-0.03958599516790018
2021-05-13,-0.048904862890506995,-0.004580770987157923,-0.028048828969006734
2021-05-14,-0.04372342097303117,-0.0013745713333495058,-0.013124250075278843
2021-05-17,-0.04481840052933006,-0.0032064341624356008,-0.015635265719611713
2021-05-18,-0.04795599476269741,-0.005610849393012041,-0.0241163618787007
2021-05-19,-0.04963425558566348,-0.008244731152420415,-0.0266747566469685
2021-05-20,-0.04314020821224218,-0.004008101329817215,-0.01620397077484903
2021-05-21,-0.042483562977325806,-0.0025189726135221857,-0.01700910464883454
2021-05-24,-0.03985616002997405,-0.0013745713333495058,-0.0069883815365996416
2021-05-25,-0.036280847974254904,-0.0012593104260590904,-0.00919147179030333
2021-05-26,-0.03679151876550235,-0.0009162245503272493,-0.007225354940283424
2021-05-27,-0.039710185586305125,-0.0013745713333497278,-0.006704184605040853
2021-05-28,-0.038907565916698084,-0.0017183607349632313,-0.004927506443808127
2021-06-01,-0.03878344311524817,0.0,-0.005804059092919256
2021-06-02,-0.03724807421386245,0.0,-0.004240548079544437
2021-06-03,-0.04105019122961684,-0.0020631144602692997,-0.007936197362226727
2021-06-04,-0.03425042638276421,0.0,0.0
2021-06-07,-0.03505448456806648,0.0,-0.0009699746148956745
2021-06-08,-0.03139923249158816,0.0,-0.000756738728623696
2021-06-09,-0.027889269853870302,0.0,-0.0022478357416235717
2021-06-10,-0.02350250157061029,0.0,0.0
2021-06-11,-0.022698511882207617,0.0,0.0
2021-06-14,-0.026281153483265984,-0.0009132890247537384,0.0
2021-06-15,-0.02555004826685947,-0.0010268532134107833,-0.0018342963132877976
2021-06-16,-0.028328357686039363,-0.002396262608522659,-0.007407458890166807
2021-06-17,-0.022917850294126074,-0.0017123150053338643,-0.007736586616824526
2021-06-18,-0.01780004529135859,-0.0021680859471697733,-0.02112247844949655
2021-06-21,-0.02350250157061029,-0.00022794370900491856,-0.007109066225491012
2021-06-22,-0.0218946591965824,0.0,-0.0018008584197941602
2021-06-23,-0.023429685595513727,-0.0010266176653760395,-0.0030041592719390886
2021-06-24,-0.021528729832985705,0.0,0.0
2021-06-25,-0.024087769337146625,0.0,0.0
2021-06-28,-0.01992033946580496,-0.00011339595052650697,0.0
2021-06-29,-0.018750420422784075,0.0,0.0
2021-06-30,-0.017653385842780867,0.0,0.0
2021-07-01,-0.018510874375040398,0.0,0.0
2021-07-02,-0.01572749592492384,0.0,0.0
2021-07-06,-0.012137935777879805,-0.0005676147700570677,-0.001821557821331199
2021-07-07,-0.008768536050440368,-0.00022674558344071283,0.0
2021-07-08,-0.00825594723826617,-0.0023848137060398233,-0.00814793919981216
2021-07-09,-0.012430569661148194,-0.0006815073551387218,0.0
2021-07-12,-0.012943911975130562,-0.0010221455236608668,0.0
2021-07-13,-0.016606356594170646,-0.0039741119605410935,-0.0034088615594386473
2021-07-14,-0.012064777300329177,-0.0023848137060399344,-0.00192206230311176
2021-07-15,-0.009940441602309336,-0.003066321061178656,-0.0053308489711079154
2021-07-16,-0.011332165080306433,-0.004428989243557502,-0.013132482254533118
2021-07-19,-0.004226888259699635,-0.011128784098268785,-0.027706455068431723
2021-07-20,-0.005618543231818984,-0.006132180084654437,-0.013773019908472683
2021-07-21,-0.009134739410613602,-0.0037471353590066148,-0.00578820468668928
2021-07-22,-0.005032590451395591,-0.003179636098753713,-0.00370647603670049
2021-07-23,-0.005472089291896687,-0.0012491221267095787,0.0
2021-07-26,-0.007669514961589741,-0.002725220854953636,0.0
2021-07-27,-0.0034212545649033865,-0.004088120056940592,-0.0045575617319307815
2021-07-28,-0.001662985224278879,-0.003293066644618814,-0.004965704914198121
2021-07-29,-0.004520001648199767,-0.0011353450499176354,-0.0008390723116278309
2021-07-30,-0.003713888448171887,-0.002498128742100758,-0.00569129278810987
2021-08-02,-0.0008301568507723678,-0.004970498817570501,-0.007777283711442817
2021-08-03,0.0,-0.0038312264358273396,0.0
2021-08-04,0.0,-0.005653969837864592,-0.004918832438259413
2021-08-05,-0.004107422790417425,-0.0033750785464800037,0.0
2021-08-06,-0.01224934583624393,-0.0045145819478313864,0.0
2021-08-09,-0.01650370928886269,-0.006793704258824196,-0.0008138702679076903
2021-08-10,-0.018704600994442044,-0.009071555961971955,0.0
2021-08-11,-0.017164120590335563,-0.0074769442595101765,0.0
2021-08-12,-0.015770443902772824,-0.005767862422946246,0.0
2021-08-13,-0.009168590433054957,-0.003602748206839257,0.0
2021-08-16,-0.008581854881168915,-0.003261994530026846,0.0
2021-08-17,-0.010342130023118346,-0.005540308272391048,-0.006555260726061607
2021-08-18,-0.011002267442251079,-0.007818275485342752,-0.017428504324368932
2021-08-19,-0.008728316238056255,-0.007932745619445125,-0.015907082152227914
2021-08-20,-0.008068658124237293,-0.005540308272391159,-0.008076609666272438
2021-08-23,-0.007334981901175208,-0.002464515413332924,0.0
2021-08-24,-0.009608522277372411,-0.0010968803139198569,0.0
2021-08-25,-0.012176286337628461,-7.138500745440535e-05,0.0
2021-08-26,-0.012469345988086022,-0.0006414254818832843,-0.005903201151527426
2021-08-27,-0.006968041087132226,0.0,0.0
2021-08-30,-0.005281099326138516,0.0,0.0
2021-08-31,-0.0075547766479932,0.0,-0.0014815051795840084
2021-09-01,-0.00627640660653761,0.0,-0.0009509485553841346
2021-09-02,-0.004513392578362585,0.0,0.0
2021-09-03,-0.008113370257665231,0.0,-0.00024290341684274352
2021-09-07,-0.01281622454601039,-0.0026132596259850205,-0.0038174767536630627
2021-09-08,-0.009656452602339938,-0.0014775740874873877,-0.005031054872571383
2021-09-09,-0.0031899680438229883,-0.0005685892520819191,-0.00928984589253301
2021-09-10,-0.006056132563380889,-0.002045474277682091,-0.01710118065083288
2021-09-13,-0.0036312008494496784,0.0,-0.014585544870758027
2021-09-14,-0.0006184380363217779,-0.00045434331696725394,-0.019903345674291084
2021-09-15,-0.0017941002526645766,0.0,-0.011717002135083088
2021-09-16,-0.0031899680438229883,-0.00034058156566429965,-0.01328370389716993
2021-09-17,-0.005394899596937619,-0.0015886925997126156,-0.022895254167144885
2021-09-20,-0.002308597979880256,-0.005105512627704978,-0.03918776795396672
2021-09-21,-0.0023820683064934567,-0.003403866207485007,-0.040095387444081365
2021-09-22,0.0,-0.0015886925997127266,-0.030731724334247423
2021-09-23,-0.006903791195921438,-0.0011345838449929868,-0.018954989485111873
2021-09-24,-0.0090338997431052,-0.002609749255649607,-0.017338811409973287
2021-09-27,-0.009548118158499652,-0.003517393396541113,-0.02015058278353099
2021-09-28,-0.020124741597039808,-0.00805549942849082,-0.039896109853779116
2021-09-29,-0.02034533603132549,-0.006240555168738893,-0.03828022069304482
2021-09-30,-0.022915949008394554,-0.007375024339721148,-0.05003442034644934
2021-10-01,-0.015814492065206798,-0.004995655003973476,-0.03874493689355385
2021-10-04,-0.017433325281552836,-0.008524515794031351,-0.051141461880517824
2021-10-05,-0.02148068210596632,-0.008980115310885384,-0.04126844554676934
2021-10-06,-0.02118644212645171,-0.00954889799476455,-0.03728397720938703
2021-10-07,-0.025528175819911514,-0.009435485479719286,-0.028960472326522657
2021-10-08,-0.03001706373223967,-0.012395104889856956,-0.03073172433424709
2021-10-11,-0.03185676515296343,-0.015468251490553309,-0.0377489100951075
2021-10-12,-0.025675398479060307,-0.013647114837250007,-0.04011756149858159
2021-10-13,-0.020744774157976598,-0.011029223732879845,-0.036664187073924825
2021-10-14,-0.01610907426406516,-0.005451139846817221,-0.02046000836860884
2021-10-15,-0.019641186015054712,-0.007158749311064749,-0.013000280461740066
2021-10-18,-0.020450465738181767,-0.007614234152405475,-0.010078288861846696
2021-10-19,-0.025822347359146236,-0.006931121562901543,-0.0024411685118724824
2021-10-20,-0.028177156972733486,-0.006589278583123748,0.0
2021-10-21,-0.03023806882614921,-0.009093871847961843,0.0
2021-10-22,-0.026337729322101877,-0.011483905857651133,-0.0010361380844455814
2021-10-25,-0.025896266683438474,-0.009776984437465663,0.0
2021-10-26,-0.021701755649127574,-0.00954889799476455,0.0
2021-10-27,-0.015740709621476112,-0.010346225817386201,-0.0044302885739071485
2021-10-28,-0.01721259396670738,-0.007841632552547995,0.0
2021-10-29,-0.017727702150600044,-0.010459408984411,0.0
2021-11-01,-0.01948287545636551,-0.01152209227603429,0.0
2021-11-02,-0.015722229794888798,-0.009123687069603426,0.0
2021-11-03,-0.018229532238332458,-0.007182716161185709,0.0
2021-11-04,-0.013067910031079433,-0.00455610983804311,0.0
2021-11-05,-0.005841611557635962,-0.0007871218417149217,0.0
2021-11-08,-0.008127772017638923,-0.002043604072504701,0.0
2021-11-09,-0.0054731100344862504,-0.0012443267932107371,-0.003305370628305493
2021-11-10,-0.015648515800408713,-0.006839611768797549,-0.01132366372416549
2021-11-11,-0.01845019511289847,-0.008552840255041771,-0.011003730789509891
2021-11-12,-0.01948287545636551,-0.008209965209171055,-0.0035401365542450103
2021-11-15,-0.026929836804374885,-0.009351658838294696,-0.0031987031235627406
2021-11-16,-0.02855174999480914,-0.008895256604871227,0.0
2021-11-17,-0.024643950114463853,-0.009923308369425565,-0.002429342903088383
2021-11-18,-0.02243218808762748,-0.010722356300698954,0.0
2021-11-19,-0.01874505108184843,-0.01152209227603418,-0.0017881009389241198
2021-11-22,-0.027298543657336416,-0.015290048206269335,-0.004598341001187944
2021-11-23,-0.034229507052955244,-0.016660630994663417,-0.003278486060285357
2021-11-24,-0.02958443034724767,-0.016889061459395727,-0.0006173122934510777
2021-11-26,-0.02169443215339062,-0.023968800434463366,-0.02290661357637158
2021-11-29,-0.021030800882227862,-0.017916769203422223,-0.010920947004423698
2021-11-30,-0.018892547520059977,-0.022027141483486612,-0.030166197807747985
2021-12-01,-0.018752648347677536,-0.021890335486868695,-0.04093821743889803
2021-12-02,-0.016462928804711785,-0.014672299756055107,-0.02624907450024183
2021-12-03,-0.008263153889309205,-0.014672299756055107,-0.034721958362474825
2021-12-06,-0.013286040480711914,-0.010318474726427107,-0.023289907066980753
2021-12-07,-0.012842935194583904,-0.005047831641094125,-0.0030867698527652365
2021-12-08,-0.019416964057526243,-0.005277294171919467,-0.0004468515786224536
2021-12-09,-0.020229734423335977,-0.009745563781182631,-0.007195609365515665
2021-12-10,-0.019121902758764797,-0.007454034675717813,0.0
2021-12-13,-0.014689617891701867,-0.007454034675717813,-0.008858316768125762
2021-12-14,-0.019121902758764797,-0.009172538161927646,-0.015677365160985723
2021-12-15,-0.017865753336735124,-0.00539185342556503,-0.0002972850035639629
2021-12-16,-0.017895731731457976,-0.006127601348231204,-0.009113320621086274
2021-12-17,-0.015601152677408026,-0.007046942230660602,-0.019659001834223977
2021-12-20,-0.019893469931808405,-0.008771867456939364,-0.030083384666083846
2021-12-21,-0.017969582606498724,-0.0034833352395232664,-0.012858668048449595
2021-12-22,-0.016415223462368123,-0.0008392984788359037,-0.002988445532460249
2021-12-23,-0.017895731731457976,0.0,0.0
2021-12-27,-0.015009318965227392,0.0,0.0
2021-12-28,-0.01626731637350398,-0.00045832097251974346,-0.0008170483454387201
2021-12-29,-0.02166979237862643,-0.002062844506433348,0.0
2021-12-30,-0.017747413973999704,-0.0025215084467492543,-0.0027643453316265054
2021-12-31,-0.019227785344587134,-0.0027507260953075763,-0.005277485589841535
2022-01-03,-0.029663072293092063,-0.003208818421631121,0.0
2022-01-04,-0.028849206837943675,-0.005730555513078328,-0.00033493764459824327
2022-01-05,-0.03454790769835936,-0.013409403869110825,-0.019530655778865147
2022-01-06,-0.035805768217104794,-0.013294737884031682,-0.0204515471281147
2022-01-07,-0.039950246822921254,-0.01581636065387948,-0.024324123261504238
2022-01-10,-0.04083857915151634,-0.015014041724624283,-0.02553843387150434
2022-01-11,-0.03795209795397658,-0.010429574449841605,-0.01666255226218094
2022-01-12,-0.03861846697988436,-0.008824707948131727,-0.01400415061329352
2022-01-13,-0.03558359957563495,-0.012377752969697564,-0.027589986499434227
2022-01-14,-0.044094930758549755,-0.013294737884031682,-0.027192226778188888
2022-01-18,-0.05319823253420597,-0.018108880098267055,-0.044420313869071304
2022-01-19,-0.05171772427408694,-0.019025865011102594,-0.05434239067053925
2022-01-20,-0.05223584399178749,-0.02085960619207583,-0.06480917504380601
2022-01-21,-0.04601909185395148,-0.02074505453009523,-0.08316758309850958
2022-01-24,-0.048979423944474076,-0.021776248137115428,-0.07927397552108573
2022-01-25,-0.051643941839326524,-0.024641868862199767,-0.09051504370790742
2022-01-26,-0.05808265727087869,-0.02796523894431313,-0.09279685320508146
2022-01-27,-0.05593646442353839,-0.032206051231654764,-0.0972764825510205
2022-01-28,-0.05490029343738845,-0.029455668107140287,-0.07485696406466225
2022-01-31,-0.054456435272293935,-0.029225993167687925,-0.05819427567475377
2022-02-01,-0.052884280731291256,-0.025372621581431387,-0.051830664618980116
2022-02-02,-0.052809813857844334,-0.023877505174574765,-0.042619981490556125
2022-02-03,-0.06044739123644571,-0.03261944325954835,-0.06512308124660038
2022-02-04,-0.06979058861016396,-0.03641576766026178,-0.060727169295844874
2022-02-07,-0.06808496862401803,-0.03710559274030678,-0.06374126778236933
2022-02-08,-0.07157005947135031,-0.038140787651268715,-0.05603797420983658
2022-02-09,-0.06845593412285,-0.0330798220448385,-0.04222215370544691
2022-02-10,-0.08113535702831609,-0.04584781663152726,-0.05942920935229501
2022-02-11,-0.07431335620157864,-0.04918359076080436,-0.07797608364139985
2022-02-14,-0.08254413616973322,-0.05079423057597632,-0.0809904543789195
2022-02-15,-0.08714150753309746,-0.04918359076080436,-0.06616961675137378
2022-02-16,-0.08580671615625224,-0.04389226427633275,-0.06512308124660038
2022-02-17,-0.0851393204723152,-0.04791849226269507,-0.08509342350705107
2022-02-18,-0.08291496477903393,-0.04653815616551438,-0.09101748420673672
2022-02-22,-0.08410143839842066,-0.048723269135564795,-0.10077226234333525
2022-02-23,-0.09240600080133576,-0.05044868925891399,-0.11672335287083813
2022-02-24,-0.0881053333931685,-0.043662074882938384,-0.10343093624544819
2022-02-25,-0.08439780013427445,-0.03825579660564227,-0.08364906021716856
2022-02-28,-0.074610128606027,-0.03756539991160479,-0.0859934195399944
2022-03-01,-0.07144487572175173,-0.04025507751443058,-0.09991405694523536
2022-03-02,-0.0855621663948598,-0.03794655284678439,-0.08335584514354943
2022-03-03,-0.08221882269718628,-0.040833209008451554,-0.08791925994853578
2022-03-04,-0.08132713661544011,-0.047067243083373844,-0.0953296106984447
2022-03-07,-0.09247225441951823,-0.05537984108024263,-0.12199850166149762
2022-03-08,-0.09789635867456747,-0.05872761912733848,-0.12865546391638816
2022-03-09,-0.0963359764717917,-0.05087688611603647,-0.10529381844961483
2022-03-10,-0.10666401195979314,-0.05884319969570462,-0.1093339655010993
2022-03-11,-0.10703573034387126,-0.0656550222968516,-0.12065888721083273
2022-03-14,-0.11996387809030451,-0.07673806710698461,-0.12708538840711714
2022-03-15,-0.11305413228588657,-0.06981106406831528,-0.10788960221121646
2022-03-16,-0.1054754850333186,-0.05676526455229669,-0.08810772618293683
2022-03-17,-0.09670769485856134,-0.050299955014547204,-0.07669908707801998
2022-03-18,-0.09492445958460038,-0.04718236636084572,-0.06658650215522466
2022-03-21,-0.10748143649700725,-0.058150573702750896,-0.06685950254002593
2022-03-22,-0.109636116380469,-0.053301448644442084,-0.05594030391434013
2022-03-23,-0.10710992344453485,-0.056303170920533385,-0.06809845192755493
2022-03-24,-0.10673854727890264,-0.05434047337769521,-0.05405040073085943
2022-03-25,-0.11379729527856808,-0.0611521816557441,-0.04943090207808842
2022-03-28,-0.10889322716326122,-0.0552640890257311,-0.042669327109477684
2022-03-29,-0.10138856767885396,-0.04360325569087209,-0.03082644655626421
2022-03-30,-0.09930828623035304,-0.046489911852539145,-0.03681094713081168
2022-03-31,-0.10138856767885407,-0.04995344195264828,-0.05163566434507749
2022-04-01,-0.09837306987866101,-0.05002317899160247,-0.04894792757449451
2022-04-04,-0.09524580331456112,-0.04283591960718891,-0.04080059149329862
2022-04-05,-0.1111053998551037,-0.05523979538534507,-0.05291667662067523
2022-04-06,-0.11631767049105157,-0.06265895900962593,-0.06238688367394507
2022-04-07,-0.12041293799031172,-0.06416539339421357,-0.05766229586932725
2022-04-08,-0.12733787832279997,-0.0698454181338507,-0.06018205334532223
2022-04-11,-0.13582593860652925,-0.07622138423479097,-0.07624565188325327
2022-04-12,-0.13523054582035665,-0.06915016271113628,-0.07966833209819757
2022-04-13,-0.13076301238606935,-0.06358560421826553,-0.0691271549475263
2022-04-14,-0.14088934393496688,-0.06984541813385037,-0.08071820268547036
2022-04-18,-0.1474416076692161,-0.07135282426477252,-0.08034038539981758
2022-04-19,-0.15421747736258817,-0.07216423187284216,-0.0654944325543858
2022-04-20,-0.14543120735765513,-0.06926585760409876,-0.06618751730003991
2022-04-21,-0.15451534486534602,-0.07564159505884294,-0.08015130659956116
2022-04-22,-0.15548314047428302,-0.08120603922861536,-0.10539121649188488
2022-04-25,-0.14610168301388604,-0.07343950511919917,-0.10020454950220958
2022-04-26,-0.14654834738028555,-0.07888785426666356,-0.12626332442343946
2022-04-27,-0.15473867704899402,-0.08340841497450624,-0.12380645708795535
2022-04-28,-0.1522070086071584,-0.07830812225076644,-0.10167436832483745
2022-04-29,-0.16158887672986988,-0.08966840037623691,-0.13487280775132637
2022-05-02,-0.1665592669072279,-0.08961009563811195,-0.12966510931761688
2022-05-03,-0.16118629018346808,-0.08483911036197955,-0.1256754649551297
2022-05-04,-0.15297672780202864,-0.07552870108028775,-0.09904972588635719
2022-05-05,-0.16596195769363076,-0.09193765508662399,-0.13107196993810022
2022-05-06,-0.17305164229948844,-0.09705789717751345,-0.13625856886614185
2022-05-09,-0.17014134264822545,-0.10660043934377061,-0.16391328320588094
2022-05-10,-0.16663393911407443,-0.1014803687375283,-0.16198152132369337
2022-05-11,-0.16275310610092342,-0.10683297235917966,-0.1752942887633988
2022-05-12,-0.16237988195263264,-0.10718228633548588,-0.17615535280364125
2022-05-13,-0.16678314664092797,-0.10613491602205782,-0.1564587596193442
2022-05-16,-0.16566347419695215,-0.10741544812643644,-0.1598816440214199
2022-05-17,-0.17043982614490383,-0.10822994245665907,-0.14260012753553364
2022-05-18,-0.1673801136351818,-0.11556159181220349,-0.17716322856893973
2022-05-19,-0.16514124785341366,-0.10962611229245145,-0.18220260739543215
2022-05-20,-0.16103653510656268,-0.1102081307673155,-0.18184582155158313
2022-05-23,-0.1640218491840154,-0.10671670585222415,-0.16653792564659187
2022-05-24,-0.1530516737843497,-0.10136364493818006,-0.17290044769615376
2022-05-25,-0.14432009039008065,-0.08774794518671569,-0.16559321227502988
2022-05-26,-0.14409627910024914,-0.07506294911088018,-0.14892045057375958
2022-05-27,-0.13961834220510705,-0.06680116769669642,-0.12802717507490335
2022-05-31,-0.14596157851528013,-0.07483075906476566,-0.1329198102379734
2022-06-01,-0.15094380947293973,-0.07825353301033589,-0.1399332860834872
2022-06-02,-0.1505699693307283,-0.07439850374065393,-0.12355455620882216
2022-06-03,-0.15326268607971905,-0.08129075258294449,-0.1379384298714268
2022-06-06,-0.15924789276967166,-0.08818368736382409,-0.13531351517972057
2022-06-07,-0.15475914175046313,-0.08608042967214624,-0.1270193673712382
2022-06-08,-0.15962180135575166,-0.09390812659564396,-0.1365105378069088
2022-06-09,-0.1651574005947477,-0.10115117561301878,-0.15704675521092093
2022-06-10,-0.17323650905677823,-0.11645531199103865,-0.18148876345673892
2022-06-13,-0.1923119384574511,-0.1460118701589157,-0.2125662260752862
2022-06-14,-0.1965013846535575,-0.14040409756639327,-0.21493903569849715
2022-06-15,-0.1839335936170844,-0.12369836100841347,-0.2037467686263763
2022-06-16,-0.1830363635864649,-0.1376004970771283,-0.23009957537421144
2022-06-17,-0.18139028972565563,-0.13491322025636776,-0.22843999712160867
2022-06-21,-0.1896190163768544,-0.13549746803164686,-0.2090170168879677
2022-06-22,-0.18370944010790957,-0.13573120143808848,-0.21045117073876052
2022-06-23,-0.17742554458967308,-0.12953946687803253,-0.2027113273775426
2022-06-24,-0.17645330013196647,-0.12334761799487826,-0.17736272099764716
2022-06-27,-0.18400860804327424,-0.1287221144733517,-0.1805047097159833
2022-06-28,-0.18423324065863234,-0.13830164013640278,-0.19724934586291443
2022-06-29,-0.17937064949810944,-0.13958651651551612,-0.1979031583032388
2022-06-30,-0.17690188092579018,-0.14005392616685042,-0.2044197748109403
2022-07-01,-0.16649821502036966,-0.13185130691252978,-0.1960052236930916
2022-07-05,-0.16672325829893953,-0.13267237481490513,-0.19448680794066375
2022-07-06,-0.1708486410797625,-0.13595818978773044,-0.1917664009681156
2022-07-07,-0.17092406616826705,-0.1218765665837096,-0.17966120590954748
2022-07-08,-0.17227405206600555,-0.12117245112687869,-0.1803361859171736
2022-07-11,-0.16994860485232344,-0.1261010878415455,-0.1896997383720278
2022-07-12,-0.16874844247625587,-0.12258073920208945,-0.19686982700519462
2022-07-13,-0.16252286109192648,-0.12351910251930387,-0.20108761828390587
2022-07-14,-0.16784833780494846,-0.12516186710109445,-0.20302768384375525
2022-07-15,-0.16117225920026768,-0.11401417262538172,-0.18780159957251907
2022-07-18,-0.1670232475598309,-0.12258073920208923,-0.19450783938469796
2022-07-19,-0.16469807412162307,-0.11096323428998023,-0.1727442432872235
2022-07-20,-0.16559817879293082,-0.10709048495356344,-0.16747188507707234
2022-07-21,-0.15419667044177587,-0.09652898174280256,-0.15899389931449182
2022-07-22,-0.14767109979655524,-0.09770262182828438,-0.16679697313108
2022-07-25,-0.15487186872135383,-0.0979371554949151,-0.16578474134093446
2022-07-26,-0.15502176068689355,-0.10427396596319283,-0.1756541374387509
2022-07-27,-0.14939622626821492,-0.09441697834010643,-0.15424902875942215
2022-07-28,-0.1423452124203216,-0.08514646779121571,-0.14364142219637888
2022-07-29,-0.14031995980003353,-0.08244712989258596,-0.13115677633949485
2022-08-01,-0.13862077353484759,-0.08216435191148119,-0.1337296228956344
2022-08-02,-0.1491472276526703,-0.0864056786542633,-0.13944459429560774
2022-08-03,-0.1398989618655303,-0.07839477909776504,-0.12596874809038217
2022-08-04,-0.13854548533318312,-0.07592020024836188,-0.12655933007533637
2022-08-05,-0.15020009892930886,-0.08063288078636921,-0.12803554681419793
2022-08-08,-0.1468164418217207,-0.07980809738629935,-0.12904777860657368
2022-08-09,-0.15065114370060928,-0.08664101258258117,-0.13250632797825435
2022-08-10,-0.14260557270998464,-0.07297569664246095,-0.11428547509246167
2022-08-11,-0.15087693986083694,-0.07827685490588554,-0.11428547509246167
2022-08-12,-0.14102664223675299,-0.07003073574416752,-0.09929128120090258
2022-08-15,-0.14162805807887924,-0.07167938796102002,-0.09557974194164665
2022-08-16,-0.14493676920504317,-0.07603858173263378,-0.0938082001783761
2022-08-17,-0.15298227175090207,-0.08558112389889105,-0.10024021447404419
2022-08-18,-0.15080172010304116,-0.08416706251021822,-0.09762523696820236
2022-08-19,-0.16087712945046073,-0.0934741564250593,-0.10975153153466866
2022-08-22,-0.16651621574436248,-0.10372298618701314,-0.12828867282504053
2022-08-23,-0.16561405775879023,-0.10148477017381197,-0.1303973983069665
2022-08-24,-0.16809528310622857,-0.10042476716702375,-0.12761362475355054
2022-08-25,-0.15952351603127346,-0.0919423423306528,-0.11529770688483731
2022-08-26,-0.16456152870149499,-0.10690396695221382,-0.14524409984598097
2022-08-29,-0.17072681108062426,-0.11032028164723107,-0.1508959088522176
2022-08-30,-0.16967414513559165,-0.11715331116661098,-0.16021726229573596
2022-08-31,-0.17839635172613855,-0.1219835729257045,-0.16660714563947132
2022-09-01,-0.1833427865665217,-0.11966293002013817,-0.16399223619749348
2022-09-02,-0.18273938585310234,-0.12025495175860246,-0.172807269555462
2022-09-06,-0.19382331488168825,-0.12262263858761013,-0.17592856714462313
2022-09-07,-0.18281467405476692,-0.10995513393231304,-0.1611242007446727
2022-09-08,-0.18469995906418657,-0.10604837349815721,-0.15564077940951726
2022-09-09,-0.18281467405476692,-0.10249641454452585,-0.1425236928734327
2022-09-12,-0.1846246024195507,-0.09977346894409933,-0.1333077008349869
2022-09-13,-0.19050536384043637,-0.12025495175860257,-0.1709935287808555
2022-09-14,-0.18666019005682466,-0.11895252679590351,-0.1678303724929875
2022-09-15,-0.1905809258166783,-0.12451685664407608,-0.17727825490888005
2022-09-16,-0.1924662108269951,-0.12155691943040747,-0.18355460929760936
2022-09-19,-0.19110876455385595,-0.1182422378962652,-0.17722312394180972
2022-09-20,-0.19917644289700254,-0.12723985940605176,-0.18666739902197726
2022-09-21,-0.19616067131954085,-0.12984402339286094,-0.20085511534060385
2022-09-22,-0.2074707387276975,-0.13505320879121452,-0.20756782112841943
2022-09-23,-0.20973260163317664,-0.14606337267869118,-0.22084471940915862
2022-09-26,-0.2234551083492441,-0.15612642753793504,-0.22855264125976404
2022-09-27,-0.23514250653511792,-0.157902435594776,-0.23052211000071277
2022-09-28,-0.21976092163217287,-0.14286684398262428,-0.21538151276282103
2022-09-29,-0.2255663948513944,-0.15091758511037445,-0.23177126882956178
2022-09-30,-0.22752703650724415,-0.15482411689833386,-0.24365097142468617
2022-10-03,-0.2132365829756906,-0.14374781714500096,-0.22368233073407162
2022-10-04,-0.20960529612903334,-0.12530711449396326,-0.19962691989192527
2022-10-05,-0.21558160512144664,-0.12875698299282823,-0.20149041466417694
2022-10-06,-0.21739769342992132,-0.13137446561158705,-0.2097276618674283
2022-10-07,-0.22518947473778594,-0.1419635206695341,-0.23177126882956178
2022-10-10,-0.23214911608654953,-0.15243265088288216,-0.23763706766680925
2022-10-11,-0.23373790246968684,-0.14981545407186891,-0.24246504305120742
2022-10-12,-0.23464574129276694,-0.14838767392190122,-0.24496390521089617
2022-10-13,-0.23328391461472686,-0.14648419570047522,-0.22503759965934556
2022-10-14,-0.24062205028607742,-0.14922023128815332,-0.2426979543754626
2022-10-17,-0.23699096877012893,-0.13875104391325643,-0.22323774372118754
2022-10-18,-0.232451774656523,-0.13268289253244636,-0.21411098217730873
2022-10-19,-0.2429672777634394,-0.14101149575107574,-0.2196802308584377
2022-10-20,-0.24954897234056517,-0.14577041994933881,-0.2262235280305942
2022-10-21,-0.24743043079372318,-0.13756116995981782,-0.207419443956795
2022-10-24,-0.2478088566715443,-0.13696617582080017,-0.19772102192120655
2022-10-25,-0.2377474783082224,-0.128638315702309,-0.18490994628674762
2022-10-26,-0.23426731541404888,-0.1262587964416284,-0.19105078739572223
2022-10-27,-0.23071179587523927,-0.11983401441371977,-0.19537060499700676
2022-10-28,-0.22912307793597064,-0.11305265889726468,-0.17622790788125064
2022-10-31,-0.23328391461472686,-0.12637769237984253,-0.18217830893053166
2022-11-01,-0.22776747964549027,-0.1211225491289788,-0.18575685323731583
2022-11-02,-0.23148541636793019,-0.1291246458129096,-0.20619145269747796
2022-11-03,-0.23421741986970346,-0.13533467205668992,-0.21436512913049943
2022-11-04,-0.23269995194654147,-0.12936318078647868,-0.2030574273419441
2022-11-07,-0.23550731209384768,-0.1294828769848816,-0.19543424383110042
2022-11-08,-0.2323204309668222,-0.13031869255643547,-0.19109319059641994
2022-11-09,-0.23429332406618542,-0.14070911137361442,-0.20775839731361112
2022-11-10,-0.20864564533418328,-0.11395695395519123,-0.1642214721221602
2022-11-11,-0.2065211491752561,-0.11085194083330119,-0.15613219371404075
2022-11-14,-0.21054277112569886,-0.11742031257065322,-0.16331072214813647
2022-11-15,-0.19954022179859987,-0.10965766544507727,-0.15617466497860244
2022-11-16,-0.19271103436924497,-0.11156840317724526,-0.1626119201181978
2022-11-17,-0.19703593088447868,-0.11539005012622827,-0.16517428498202202
2022-11-18,-0.19711210885553831,-0.11347954103875824,-0.16138392885888075
2022-11-21,-0.1983259599954632,-0.11383765788763212,-0.16443307975138566
2022-11-22,-0.19119336111447705,-0.1073888108640354,-0.1531888806691959
2022-11-23,-0.1830738707995605,-0.10237243123443573,-0.14785261137172567
2022-11-25,-0.18223926686298308,-0.1041638728990445,-0.14804311949528315
2022-11-28,-0.18815808304791304,-0.11359877994476819,-0.1616379396888039
2022-11-29,-0.1921797049983558,-0.10977696151263627,-0.1630778788899756
2022-11-30,-0.18231530794720252,-0.09640088280267545,-0.13671404594783398
2022-12-01,-0.17208405202305532,-0.09305470527895432,-0.13734954946076883
2022-12-02,-0.16706013877900583,-0.0937741400204547,-0.13834483358519212
2022-12-05,-0.17413976214335214,-0.10240981486057465,-0.15384534756230062
2022-12-06,-0.17162760018972145,-0.10564778564976951,-0.16604256369371384
2022-12-07,-0.16241663628407055,-0.10073069555903014,-0.1674612672614897
2022-12-08,-0.16508094884821412,-0.10001103217133345,-0.16093927378213246
2022-12-09,-0.1713232305239294,-0.10001103217133345,-0.16720705224443488
2022-12-12,-0.1723889007950301,-0.09653281156359483,-0.15520054842371067
2022-12-13,-0.1651571952631421,-0.08717793062817092,-0.14880549229545126
2022-12-14,-0.16439603154557036,-0.09233567066829762,-0.15424766749998486
2022-12-15,-0.1636935926260148,-0.09575924487405674,-0.17493620972620616
2022-12-16,-0.16728203364141248,-0.1005817326684666,-0.18467689883699445
2022-12-19,-0.1756808431850425,-0.10516339903034011,-0.19159079862781458
2022-12-20,-0.18537810042832126,-0.10745391782200753,-0.19048457193730128
2022-12-21,-0.1798038988752294,-0.09985863959082075,-0.17838012557231608
2022-12-22,-0.18003339100256865,-0.10540433478597455,-0.19010164993321887
2022-12-23,-0.18255287644475993,-0.10311375883275808,-0.18544287897288791
2022-12-27,-0.19308959713570006,-0.11239713072120572,-0.18865497250318475
2022-12-28,-0.1956094247972341,-0.12433325388023142,-0.19873835843201193
2022-12-29,-0.18988293574499482,-0.11300001314800512,-0.1843154166534392
2022-12-30,-0.19499856370751723,-0.11227669142416274,-0.1864638908832823
2023-01-03,-0.1894246359290026,-0.11058882641159995,-0.18988874911065
2023-01-04,-0.1835453118284609,-0.10034108271907882,-0.18363458323380044
2023-01-05,-0.18415637824978404,-0.10214915838248806,-0.19295212515223215
2023-01-06,-0.17079429668664792,-0.08936927420407581,-0.1744447273578188
2023-01-09,-0.16751111510554006,-0.08611432644678585,-0.17491272801875257
2023-01-10,-0.17033613375839296,-0.08719913754790198,-0.1691264947367428
2023-01-11,-0.1632352928100227,-0.0811708277398423,-0.1586179877902667
2023-01-12,-0.15376745924931745,-0.07598667908351153,-0.1555544756231868
2023-01-13,-0.15651616304337346,-0.07598667908351153,-0.1522784710100311
2023-01-17,-0.15957033160332512,-0.07912118754226038,-0.1538314627258519
2023-01-18,-0.1497206499731617,-0.0780362049564971,-0.16719078520397068
2023-01-19,-0.15147664460804222,-0.08346174666235384,-0.17325355814264276
2023-01-20,-0.15590537039752483,-0.0816529278988064,-0.15785193959273947
2023-01-23,-0.15834840409318207,-0.08177359584204547,-0.14774738609438032
2023-01-24,-0.15392002052304232,-0.08117082773984263,-0.14866215178062192
2023-01-25,-0.15353837778518975,-0.08129126703688527,-0.14834307279553394
2023-01-26,-0.153843774108114,-0.07900086256831595,-0.13898312767640464
2023-01-27,-0.15628708157924576,-0.08177359584204547,-0.13700460656644187
2023-01-30,-0.15949374296905372,-0.08683747668598107,-0.14783246474677114
2023-01-31,-0.1534619944825244,-0.07972412713060917,-0.1353028293002727
2023-02-01,-0.1448684622725962,-0.07005617261403607,-0.12611297342429106
2023-02-02,-0.14364311257081575,-0.06472586198154906,-0.11339187697575148
2023-02-03,-0.1533702113201828,-0.07453889240484535,-0.12281573317996974
2023-02-06,-0.15988024521888733,-0.08047528650788449,-0.128176505127241
2023-02-07,-0.1626373676025049,-0.07720416204418701,-0.11677419587469351
2023-02-08,-0.1617950295150522,-0.08108102701064068,-0.12643205240937883
2023-02-09,-0.1688411838518613,-0.0870169638212871,-0.13400520967158214
2023-02-10,-0.1746619200430214,-0.09404377085425719,-0.13198435342255532
2023-02-13,-0.1715985115670846,-0.09174210556800744,-0.12179458514407737
2023-02-14,-0.1736667469063694,-0.09149985509674352,-0.12219867471769208
2023-02-15,-0.17680653868497154,-0.09295347224742434,-0.1193481995009088
2023-02-16,-0.1833934349925248,-0.10022264407475634,-0.13147367730992843
2023-02-17,-0.18017671236030808,-0.09670921197824589,-0.1336435913602989
2023-02-21,-0.19181852696197155,-0.11064135783776108,-0.15102345877139967
2023-02-22,-0.18952086793921585,-0.10482591748570647,-0.1521932562299122
2023-02-23,-0.1831636006467393,-0.09598263204760349,-0.1476835430709248
2023-02-24,-0.18929110203729915,-0.10143395359412255,-0.1567883202922855
2023-02-27,-0.1890608570283021,-0.09537654857705125,-0.1539166094421064
2023-02-28,-0.18875470782371995,-0.09707230187739602,-0.1570435562539182
2023-03-01,-0.19381202165143807,-0.0996323943413171,-0.1602770896047424
2023-03-02,-0.19312067062962912,-0.09853517919303723,-0.15374638407123065
2023-03-03,-0.1839739070261016,-0.08927192815488805,-0.14017429689381056
2023-03-06,-0.18620298534183277,-0.08927192815488805,-0.1395786782542907
2023-03-07,-0.188508652291835,-0.09573209315771414,-0.15276777536376418
2023-03-08,-0.18981545013897094,-0.09999782786398037,-0.15138500901881913
2023-03-09,-0.19058393734510304,-0.104995229872765,-0.1670417954664909
2023-03-10,-0.17897819263619041,-0.10487313289079836,-0.17906095899195418
2023-03-13,-0.17828622562046081,-0.10974906669615503,-0.180231096765326
2023-03-14,-0.18074582272066353,-0.10328884453177978,-0.16668024521907165
2023-03-15,-0.17290619918361505,-0.10621454200301128,-0.17189189130336557
2023-03-16,-0.1741358608455308,-0.10036394732223552,-0.15736277136450394
2023-03-17,-0.169985290739892,-0.10572661136903605,-0.16721549204536346
2023-03-20,-0.17244475095146028,-0.1081645496909398,-0.15920775302000412
2023-03-21,-0.16844817943989043,-0.0984133680203142,-0.1481676065807307
2023-03-22,-0.16360598453696806,-0.09756006102672343,-0.16268835478029697
2023-03-23,-0.16122345517721992,-0.10109515733535812,-0.16042485421051256
2023-03-24,-0.15861020170229145,-0.10292301087977118,-0.15491556896388836
2023-03-27,-0.1686786982243621,-0.1051169267238875,-0.15333535207939175
2023-03-28,-0.17006222159260942,-0.1056049145179132,-0.15523587308068576
2023-03-29,-0.16621930645576544,-0.09439114133939197,-0.14295732175587428
2023-03-30,-0.16506623342722404,-0.08902819148484575,-0.13793911049891383
2023-03-31,-0.15753412797123312,-0.07915502715535172,-0.12578865359750602
2023-04-03,-0.15244560376184835,-0.07986560186273528,-0.12245744995341601
2023-04-04,-0.15136603939618132,-0.08255910928785237,-0.12732605890258164
2023-04-05,-0.14859057406833098,-0.08770170152795687,-0.12961093123125944
2023-04-06,-0.14936166213967672,-0.08366141180950681,-0.12621568037658293
2023-04-10,-0.15329348579817414,-0.08451877727008683,-0.12531895136450533
2023-04-11,-0.1535250996836467,-0.08255910928785237,-0.12508399815332427
2023-04-12,-0.15529813683015314,-0.08280421783357439,-0.1286502230724591
2023-04-13,-0.15383330220339064,-0.07655995184735698,-0.11707625912796493
2023-04-14,-0.15660897286194964,-0.07827388250682943,-0.11923296897160574
2023-04-17,-0.16192897406996687,-0.08072262435402067,-0.11607267132587995
2023-04-18,-0.1591533718543794,-0.08011048176375923,-0.1154961103051021
2023-04-19,-0.16331639873603476,-0.08378385176076808,-0.11564544035744118
2023-04-20,-0.16015552626114593,-0.08464058844430788,-0.12047137385714402
2023-04-21,-0.15961564141206086,-0.08182464106942822,-0.11978822629735375
2023-04-24,-0.15591502097582444,-0.07925340211092513,-0.11886992133925134
2023-04-25,-0.15221426365185065,-0.08072262435402089,-0.13285698815909452
2023-04-26,-0.15591502097582455,-0.08427344007667037,-0.13652979961501144
2023-04-27,-0.15899875726639023,-0.08121244131761773,-0.11933982776161334
2023-04-28,-0.15244560376184868,-0.07729384845029053,-0.11182329884918529
2023-05-01,-0.16612300600168328,-0.08152437166778503,-0.11271989173576513
2023-05-02,-0.15606587115373083,-0.08238568127225587,-0.1226921989730051
2023-05-03,-0.15467358697657885,-0.08287732740242693,-0.12871420221918217
2023-05-04,-0.15699424312304555,-0.08558226712837325,-0.13488539939220046
2023-05-05,-0.16032081808546483,-0.08066380516195382,-0.11886992133925145
2023-05-08,-0.16635496210560197,-0.08324613345349019,-0.11863510425579848
2023-05-09,-0.1666645335018213,-0.08558226712837325,-0.12250012540510924
2023-05-10,-0.16008879353678052,-0.08004903314193235,-0.1184002871701153
2023-05-11,-0.15683962853415911,-0.08152437166778481,-0.11993769247742125
2023-05-12,-0.16202294743431067,-0.08484471218929435,-0.12109074645734308
2023-05-15,-0.16650991891293465,-0.08509067815975102,-0.11805854323279052
2023-05-16,-0.17068738744100242,-0.09148556471995739,-0.12395224786843251
2023-05-17,-0.1707647289569314,-0.08902601934747834,-0.11331802870256813
2023-05-18,-0.1742460553950772,-0.08853414456961228,-0.10477633604649017
2023-05-19,-0.1752514951048466,-0.08755022353073139,-0.10607899232974649
2023-05-22,-0.17556106650016878,-0.08349244239174303,-0.10571594469962242
2023-05-23,-0.1738591424829291,-0.0882880071160067,-0.11575223108581534
2023-05-24,-0.17710830748555062,-0.09468215057607465,-0.1221585856571461
2023-05-25,-0.1798160134319029,-0.09529715124229254,-0.11455650165197029
2023-05-26,-0.1763346869928598,-0.0897639744174008,-0.10308932843361984
2023-05-30,-0.17014585993996756,-0.08582869039122254,-0.10274765256015905
2023-05-31,-0.16743808555064355,-0.08865681316706975,-0.10772318836319617
2023-06-01,-0.1648847204177033,-0.08318331295598302,-0.09924554291547494
2023-06-02,-0.16713556386751038,-0.07848800951691426,-0.08621966069701914
2023-06-05,-0.16892030490658105,-0.07922922279213862,-0.08797064745438221
2023-06-06,-0.16729052067574013,-0.07774673908014096,-0.08598477554747197
2023-06-07,-0.1747415202048217,-0.08281239192910161,-0.08914514125483153
2023-06-08,-0.16923083451606424,-0.07700489702637803,-0.08363592407207121
2023-06-09,-0.17140406267536468,-0.0767579021510344,-0.0819916599769881
2023-06-12,-0.16876527965538002,-0.07774673908014096,-0.07366368489646513
2023-06-13,-0.1724908136427521,-0.07663483342273314,-0.06755626268303805
2023-06-14,-0.16992978280190807,-0.07626385523580126,-0.06644588415480923
2023-06-15,-0.16271162914614024,-0.07181560383512353,-0.05487192021031506
2023-06-16,-0.16418584057572794,-0.07416379858937427,-0.058091296473695375
2023-06-20,-0.16115904954349092,-0.07663483342273303,-0.06297814628861698
2023-06-21,-0.16209056992807125,-0.07898217075524594,-0.06777930488306272
2023-06-22,-0.16643702624577494,-0.08170014330389763,-0.06441420590083802
2023-06-23,-0.16410863594753589,-0.0833068961367277,-0.0714870326172321
2023-06-26,-0.16317711556295555,-0.08281239192910161,-0.07528085995060052
2023-06-27,-0.16410863594753577,-0.07972378416131387,-0.06514288755669351
2023-06-28,-0.16046085414020173,-0.07441022185072543,-0.06467134762612903
2023-06-29,-0.1668248289273183,-0.07688171397647692,-0.06098471939539751
2023-06-30,-0.16069356312667515,-0.07243340541425058,-0.04990373520422564
2023-07-03,-0.1630448821038596,-0.07388679392023334,-0.04881071272267268
2023-07-05,-0.16904062914150675,-0.07674412622669213,-0.05022533251436634
2023-07-06,-0.1774497737012256,-0.08345271514358943,-0.05766270424581954
2023-07-07,-0.1782283221488693,-0.08258300279739483,-0.06004191178526397
2023-07-10,-0.17394592924644903,-0.07798624579854663,-0.05766270424581954
2023-07-11,-0.1700527763459162,-0.073017253058686,-0.05166132406718371
2023-07-12,-0.16273332583724465,-0.06581244508918827,-0.044031062010387645
2023-07-13,-0.15681608386039625,-0.06022199243405524,-0.03644361153524278
2023-07-14,-0.16335636992660663,-0.06705445033794433,-0.0370439265166993
2023-07-17,-0.16195491427733844,-0.06531525429175133,-0.03370026735723208
2023-07-18,-0.15985245702796125,-0.0627066317071091,-0.026520037348839676
2023-07-19,-0.15510279816903805,-0.06196107415715024,-0.024355364144626912
2023-07-20,-0.16078698894006982,-0.06606081184320889,-0.03082814812832957
2023-07-21,-0.1593076442239233,-0.06370049884953943,-0.03082814812832957
2023-07-24,-0.16031985987130415,-0.06531525429175133,-0.026498665592176174
2023-07-25,-0.16164335801072294,-0.06593648556232579,-0.023840876506913355
2023-07-26,-0.15775054732863625,-0.062209440909672176,-0.023690865824855578
2023-07-27,-0.16802827660638897,-0.0696629586009867,-0.03016371787465233
2023-07-28,-0.16257768459122568,-0.06432138715081925,-0.020668735913895064
2023-07-31,-0.16024197080532332,-0.062085457598083704,-0.018803947948300315
2023-08-01,-0.168609638410258,-0.06672880122648228,-0.021611883838888346
2023-08-02,-0.17368844359747437,-0.07072290444622586,-0.03522195012829488
2023-08-03,-0.1811105598346282,-0.07371873908575688,-0.03798687025233061
2023-08-04,-0.17259450602926363,-0.06822626125535347,-0.04233792873673903
2023-08-07,-0.1746259185941399,-0.06647894827518208,-0.03397871277532216
2023-08-08,-0.17134444810885074,-0.0644820681499575,-0.03817969251380904
2023-08-09,-0.17056295657665022,-0.06435688444733656,-0.044609732984185135
2023-08-10,-0.1764229110767238,-0.06460673739863676,-0.044266968102282256
2023-08-11,-0.1792354729544573,-0.06597992830817379,-0.044824199253322594
2023-08-14,-0.17954791899046785,-0.06610454039680225,-0.03955150072831215
2023-08-15,-0.18384530108935238,-0.06910026071473352,-0.05073961596271748
2023-08-16,-0.18751751734074174,-0.07197096881319243,-0.05770544776137598
2023-08-17,-0.18970505025782025,-0.07584005981496234,-0.06488560970813473
2023-08-18,-0.18665793141095455,-0.07521602762998048,-0.06443564572359539
2023-08-21,-0.19150211118427296,-0.07546576625968093,-0.05834837013289185
2023-08-22,-0.18900199534344697,-0.0749665176479748,-0.06089916430264941
2023-08-23,-0.17759460082407563,-0.06747778846788854,-0.05043959459637193
2023-08-24,-0.18040757336412372,-0.0725952296443706,-0.06359956077574136
2023-08-25,-0.17993880164430542,-0.06872573851325536,-0.05699820592827809
2023-08-28,-0.1773605229611267,-0.0652305980989708,-0.05101826557016986
2023-08-29,-0.17079751354667982,-0.05936439832727858,-0.03730113630362408
2023-08-30,-0.171969066405397,-0.05973863472101093,-0.03333585846767051
2023-08-31,-0.17056295657665044,-0.06036278122759253,-0.03475047825936417
2023-09-01,-0.17646733111516788,-0.058594489973886055,-0.03294994169371779
2023-09-05,-0.18234795564921347,-0.06473952358279222,-0.03712961773717505
2023-09-06,-0.18313197960186178,-0.06699660289221177,-0.04360233365924393
2023-09-07,-0.17952512719836267,-0.0638616371410703,-0.046538772349728474
2023-09-08,-0.17889804492344286,-0.06423793134907185,-0.045102712735277106
2023-09-11,-0.18046622971737392,-0.06260728500669954,-0.03882275101082289
2023-09-12,-0.18070140268132406,-0.0641125190002545,-0.04409538147419956
2023-09-13,-0.17889804492344308,-0.06160467215325072,-0.042980783044391235
2023-09-14,-0.1803876562127068,-0.06047596101389363,-0.03472903843883701
2023-09-15,-0.18164229986872948,-0.06398716381298608,-0.04635888204398397
2023-09-18,-0.1800741835186671,-0.0633599305842516,-0.045799609003787656
2023-09-19,-0.18281830157711332,-0.06624458609170025,-0.0477786065563377
2023-09-20,-0.182504555107599,-0.0669966028922121,-0.05653251940972592
2023-09-21,-0.19073786749530441,-0.07364334305793707,-0.07212668796788213
2023-09-22,-0.1857979348179556,-0.07201298252181176,-0.07421295268693295
2023-09-25,-0.1937171585168035,-0.07326682020373931,-0.07031982154986627
2023-09-26,-0.1959912044219274,-0.07727995820434841,-0.08397800832425517
2023-09-27,-0.1997547931724465,-0.07853373872322833,-0.08361244236461784
2023-09-28,-0.1983432762816666,-0.07414459232236303,-0.07829972284069497
2023-09-29,-0.2000686080858295,-0.07552418532090399,-0.08053667886929194
2023-10-02,-0.20739688784637744,-0.08113395856614636,-0.0809021767672955
2023-10-03,-0.21652818314636002,-0.09046271669311168,-0.09320536686963599
2023-10-04,-0.20967983144814306,-0.0857985662758255,-0.0866021062607446
2023-10-05,-0.21062435615789454,-0.08491570678232863,-0.0869463685253522
2023-10-06,-0.2129858048213562,-0.08365506688205204,-0.07610591870414807
2023-10-09,-0.20322510015581763,-0.07684793152643277,-0.07019077424574849
2023-10-10,-0.20291005325459355,-0.0770997851304529,-0.06535109203732536
2023-10-11,-0.19802966670078692,-0.077226054902507,-0.06152262067669989
2023-10-12,-0.20637351585648422,-0.08214274486240258,-0.06724405805454037
2023-10-13,-0.20196552854484207,-0.08289910593764904,-0.07188989705913706
2023-10-16,-0.20747587201425632,-0.08315078805852061,-0.06212497754731261
2023-10-17,-0.21377318252087585,-0.08743721522907788,-0.06216792525223136
2023-10-18,-0.22007015080904924,-0.09184951204084557,-0.07466468630740297
2023-10-19,-0.2263676666472748,-0.0951266956257506,-0.08279500665901285
2023-10-20,-0.2232978244521724,-0.09323596442078308,-0.09406568221629563
2023-10-23,-0.21723678201050367,-0.08958002868426207,-0.09563596191492796
2023-10-24,-0.21282838403564985,-0.08491570678232874,-0.08881755440718042
2023-10-25,-0.21999171419211938,-0.08983233958067538,-0.10189496025921174
2023-10-26,-0.21432408682473614,-0.0866805111845369,-0.11264937854731127
2023-10-27,-0.2158984315623581,-0.0878155100897996,-0.11667162505012951
2023-10-30,-0.2182598802249226,-0.08756302770873914,-0.10611064158936367
2023-10-31,-0.2193621679397233,-0.08516784619559292,-0.10049681169288338
2023-11-01,-0.2081903570466166,-0.07644825826133272,-0.09090388718786502
2023-11-02,-0.19878857177159082,-0.06605543866059027,-0.07348154851443267
2023-11-03,-0.19483819983815165,-0.05693011834152051,-0.06502874603360209
2023-11-06,-0.1991045084431069,-0.06073255902349217,-0.06287782153810983
2023-11-07,-0.19270501131329132,-0.06060566047589655,-0.060210571709570226
2023-11-08,-0.18859653415635702,-0.06009892370725223,-0.05952238749298422
2023-11-09,-0.19681328313951674,-0.06592854011299443,-0.06685698421051178
2023-11-10,-0.1927839954811701,-0.061366480148976055,-0.052295398259046944
2023-11-13,-0.1927050113132912,-0.06225362675565849,-0.05319866131062534
2023-11-14,-0.1800637116148407,-0.052747782276951205,-0.03483011188069607
2023-11-15,-0.1843301571075331,-0.055789746255137995,-0.03278672680270012
2023-11-16,-0.17761465486322991,-0.05452270426585748,-0.031603793201321784
2023-11-17,-0.17524430850312656,-0.05236777257125491,-0.030399283649458098
2023-11-20,-0.17192608368729712,-0.05135355593232949,-0.02293577575777106
2023-11-21,-0.17168906273979156,-0.05008622813530372,-0.025065124305007958
2023-11-22,-0.16837076948009377,-0.04843894779413094,-0.021301176595326266
2023-11-24,-0.17263721497278617,-0.04945282146376173,-0.020698751663079884
2023-11-27,-0.1659213705091397,-0.048058480796042136,-0.02246239812741213
2023-11-28,-0.1626034194678878,-0.04387620189302177,-0.021494679486523727
2023-11-29,-0.1558087277240996,-0.038680049320370835,-0.02218293176474362
2023-11-30,-0.16023320999641877,-0.04045411388604081,-0.018332884458093446
2023-12-01,-0.15012220986243163,-0.032509693163194964,-0.012525347483284155
2023-12-04,-0.1540079023875638,-0.034928425218087145,-0.017709019705319462
2023-12-05,-0.1472672812614162,-0.03403739162906294,-0.017902522594286707
2023-12-06,-0.144095047111512,-0.03391026443527101,-0.021860177382297175
2023-12-07,-0.1440160629436329,-0.03225475283702173,-0.014396669490610026
2023-12-08,-0.14861521384309584,-0.03416463314745155,-0.010159412212202845
2023-12-11,-0.14885326144773392,-0.034801298024295435,-0.006309160716190809
2023-12-12,-0.1440160629436329,-0.03263693468008533,-0.0017709972568180632
2023-12-13,-0.12966216199161362,-0.01786800150268164,0.0
2023-12-14,-0.12040609360883248,-0.013530586266290334,0.0
2023-12-15,-0.12167983309074581,-0.015705467328042677,-0.001646527985223023
2023-12-18,-0.1253406192241482,-0.015065830052144125,0.0
2023-12-19,-0.12422649072904568,-0.012250854422100721,0.0
2023-12-20,-0.12191842824633259,-0.012123269935915948,-0.013857291949524564
2023-12-21,-0.1222364866750848,-0.007645123066037485,-0.004506684628597046
2023-12-22,-0.12374909508805976,-0.008796355840755332,-0.0025060883387920674
2023-12-26,-0.12191842824633259,-0.006877444013060119,0.0
2023-12-27,-0.11372098041977208,-0.0027833081543178206,0.0
2023-12-28,-0.11602876912790783,-0.005981837503104659,0.0
2023-12-29,-0.11929223888920448,-0.009820004127789939,-0.0028949023383451067
2024-01-02,-0.12526101906234832,-0.013146803901350812,-0.008475189233183578
2024-01-03,-0.12725081778470315,-0.015833623428220034,-0.016572730767782984
2024-01-04,-0.13210540101887625,-0.019672018699101845,-0.0197402243996031
2024-01-05,-0.13520932823633347,-0.01890433964462579,-0.018397697406291713
2024-01-08,-0.12860402054157594,-0.013402658810811152,-0.0043844025145444165
2024-01-09,-0.12709148057246977,-0.011867186380259409,-0.005894794968258621
2024-01-10,-0.12820567751144063,-0.01007597336184718,-0.0002727235227231173
2024-01-11,-0.12295295657873828,-0.00687744401306023,-0.0007133125058489398
2024-01-12,-0.12104303179365761,-0.005853567078330846,-2.1090620303754193e-05
2024-01-16,-0.12995660730363123,-0.01212326993591617,-0.0036922467447064733
2024-01-17,-0.13178713725762115,-0.016345561894835492,-0.00923028628756295
2024-01-18,-0.1334583984441433,-0.014298265320766612,-0.0004194983628219573
2024-01-19,-0.1325830704353369,-0.012634751111637477,0.0
2024-01-22,-0.130195407789927,-0.011867186380259409,0.0
2024-01-23,-0.13337886672621235,-0.013018304830380578,0.0
2024-01-24,-0.1350503332434433,-0.013530586266290667,0.0
2024-01-25,-0.1293199428942804,-0.005981837503104992,0.0
2024-01-26,-0.13178713725762115,-0.0067494022344828375,-0.0012705824681173983
2024-01-29,-0.12820567751144096,-0.004574406849632284,0.0
2024-01-30,-0.1254202878307138,-0.005853567078330846,-0.0007734882348516825
2024-01-31,-0.12319182550890306,-0.00866854270837425,-0.017078199359300772
2024-02-01,-0.11641089097284107,-0.002959594245871222,-0.00421354459510892
2024-02-02,-0.12447761110362088,-0.007459919780317237,0.0
2024-02-05,-0.13286389542736587,-0.012089087355028116,-0.0036411849807920227
2024-02-06,-0.12799192746312082,-0.008488712603773596,-0.0007483319203972494
2024-02-07,-0.13054782501740603,-0.006817081459167484,0.0
2024-02-08,-0.13502042329438346,-0.007331306386248682,0.0
2024-02-09,-0.1361385215311749,-0.005274178033226717,0.0
2024-02-12,-0.13605857914913488,-0.007459919780317015,-0.0004389765114917177
2024-02-13,-0.1455630301535401,-0.015432235318145193,-0.014205961541864043
2024-02-14,-0.14156953861336719,-0.011574405135554078,-0.005247407375640001
2024-02-15,-0.13845459194113496,-0.008102758099967855,0.0
2024-02-16,-0.1415695386133673,-0.011059951562276571,-0.004980097753798041
2024-02-20,-0.13869435064069446,-0.00900293753085446,-0.010457853712391607
2024-02-21,-0.14085081006384337,-0.010802953421834238,-0.009561604368381604
2024-02-22,-0.13949309001522958,-0.006045401100749692,0.0
2024-02-23,-0.13693739779255032,-0.00540256277959994,0.0
2024-02-26,-0.1396527010029377,-0.008616983027048719,-0.003662551297757388
2024-02-27,-0.14085081006384337,-0.0073313063862482375,-0.0018116031976034286
2024-02-28,-0.14093068400201458,-0.007459919780316793,-0.0031308986326644694
2024-02-29,-0.14013194462747935,-0.005659675243140261,0.0
2024-03-01,-0.1348974981942438,-0.0019354886664433302,0.0
2024-03-04,-0.1365007262237935,-0.002194201651860239,-0.001072480824499178
2024-03-05,-0.131771052960156,-0.00296999764031447,-0.01105591796479144
2024-03-06,-0.129446495516766,-0.0005128530513994756,-0.006044718738427823
2024-03-07,-0.1272821650541075,0.0,0.0
2024-03-08,-0.12607981247603828,0.0,-0.006002115368492489
2024-03-11,-0.12591944860667226,-0.00012918184807186872,-0.006856735592485785
2024-03-12,-0.12872502921429108,0.0,0.0
2024-03-13,-0.12960672249839467,0.0,-0.0015675188490336112
2024-03-14,-0.13601977150343314,-0.004774633010567908,-0.00354120334069552
2024-03-15,-0.13577912303447848,-0.005419906104606409,-0.010383508796401264
2024-03-18,-0.13722219252626822,-0.0030974477612324414,-0.004502096114858745
2024-03-19,-0.13473720276874646,0.0,0.0
2024-03-20,-0.13313390629532817,0.0,0.0
2024-03-21,-0.13185126911677303,-0.0005134842427193531,0.0
2024-03-22,-0.12888546152752534,-0.0015418159631308548,-0.0018958281257758225
2024-03-25,-0.1318512691167728,-0.0030838591333314236,-0.004653352549651046
2024-03-26,-0.1320919860304932,-0.004240334708842219,-0.0064917823872459035
2024-03-27,-0.12607981247603794,0.0,0.0
2024-03-28,-0.1268812896026269,-0.0021822226866483607,-0.00019115306582484504
2024-04-01,-0.13524170216286968,-0.006246837994678844,-0.0019305078423915711
2024-04-02,-0.13652899352180037,-0.007924161377371952,-0.00827627317192714
2024-04-03,-0.13596570088668936,-0.007149619287429521,-0.007186946918922521
2024-04-04,-0.13500030081136016,-0.007924161377371952,-0.019305258595424868
2024-04-05,-0.13878195872974042,-0.008826829184021001,-0.00906016288947753
2024-04-08,-0.13886272243730668,-0.0065046782335167475,-0.008505861035849716
2024-04-09,-0.13443700817624937,-0.004440367521850397,-0.007358942638933108
2024-04-10,-0.1467481348892744,-0.013214085248904328,-0.017298181426945947
2024-04-11,-0.14851843428282974,-0.014116639569451195,-0.009881946918144258
2024-04-12,-0.14658729191372522,-0.014633114448352136,-0.023548700522261545
2024-04-15,-0.1560018077393447,-0.020310366107162747,-0.035781836159310076
2024-04-16,-0.1588179286946585,-0.02353597926702866,-0.03754034827972341
2024-04-17,-0.15423130301418353,-0.02224552972869398,-0.04323632530453825
2024-04-18,-0.15592111247564722,-0.02147178204146405,-0.04520508778335619
2024-04-19,-0.1550360654446723,-0.0196649711088428,-0.05353895309722756
2024-04-22,-0.15294408010001848,-0.014246240603993265,-0.04482284170494111
2024-04-23,-0.151495740433933,-0.010246539300079682,-0.0334881194739135
2024-04-24,-0.15479452720542553,-0.012439770131164929,-0.03394675471280961
2024-04-25,-0.1572890990973782,-0.014503967356729541,-0.03761673744217231
2024-04-26,-0.15407032315089697,-0.011407501288486221,-0.028499222625656184
2024-04-29,-0.15052999814015766,-0.008440068825763869,-0.025058767706981566
2024-04-30,-0.15519704530885592,-0.015665383291030843,-0.040503010615655644
2024-05-01,-0.15168293428006452,-0.010477256379925137,-0.04361863143618805
2024-05-02,-0.14643165066770625,-0.0043810143322591255,-0.03467311234165049
2024-05-03,-0.14045383591108018,-0.00023037662154012928,-0.02270763904327977
2024-05-06,-0.13803044559136557,0.0,-0.012615381713496299
2024-05-07,-0.13762621639301376,0.0,-0.011525815243618287
2024-05-08,-0.13980758936640114,-0.0023324866460987526,-0.011430328790557387
2024-05-09,-0.13843419568263682,-0.0020735607894983854,-0.005734351767710533
2024-05-10,-0.14118111993700544,-0.0036282495807753445,-0.004453452066401242
2024-05-13,-0.14085772289008847,-0.003887062072208569,-0.004319771034083875
2024-05-14,-0.13835350041983618,-0.0023324866460989746,0.0
2024-05-15,-0.13067875804389484,0.0,0.0
2024-05-16,-0.13205228861449936,-0.0023240166310214416,-0.002057530191465484
2024-05-17,-0.13407172351133667,-0.0021950050144593503,-0.0006229404838185015
2024-05-20,-0.13447567893421386,-0.0016785066653551839,0.0
2024-05-21,-0.13302172687538616,-0.0024531412190378354,0.0
2024-05-22,-0.13431415151997828,-0.004648598111910651,-0.0028793326885415693
2024-05-23,-0.13811120929803455,-0.00813451008772903,-0.010162809778735737
2024-05-24,-0.1357683089104117,-0.004648598111910762,-0.0036134750132890137
2024-05-28,-0.14093855504062636,-0.008650895466859487,-0.002916938560158844
2024-05-29,-0.14554338677759704,-0.011620535035001378,-0.009899154766700335
2024-05-30,-0.1402923084968445,-0.0076180117386247526,-0.016467115084154438
2024-05-31,-0.1364953876056284,-0.004132099762806707,-0.0075088758152670465
2024-06-03,-0.13053509446681166,-0.0010446325966041448,-0.006699758257728838
2024-06-04,-0.12712939844877624,-0.0015633903436996777,-0.005589557205183282
2024-06-05,-0.1242099957692655,0.0,0.0
2024-06-06,-0.12477760036451135,-0.001683812305154131,-1.8569009325841712e-05
2024-06-07,-0.1326435747721424,-0.004273702844716731,-0.0012342514534101623
2024-06-10,-0.13442763137342417,-0.0033669479270486136,0.0
2024-06-11,-0.13069730631883647,-0.0020722282168755823,0.0
2024-06-12,-0.1253452049606547,0.0,0.0
2024-06-13,-0.12120962405058278,-0.00012933351679200733,0.0
2024-06-14,-0.12047994449015242,-0.004006975229751797,0.0
2024-06-17,-0.12461552540022414,-0.003360420207679793,0.0
2024-06-18,-0.12056077664069009,-0.00025855447317124636,0.0
2024-06-20,-0.1234801793210979,-0.0009047718110536396,-0.002716544837252255
2024-06-21,-0.12323686154216373,0.0,-0.004053508327289568
2024-06-24,-0.12234490168584011,-0.0010335006571542404,-0.007290976298572005
2024-06-25,-0.12266925694691788,0.0,-0.003468314709390352
2024-06-26,-0.12745361682211642,-0.002196183135556473,-0.0022244918652621903
2024-06-27,-0.12575066614774433,-0.0010337957502271067,-0.0006516408166927778
2024-06-28,-0.13134594839712288,-0.0034880621855810645,-0.004583940284822008
2024-07-01,-0.1365053804032711,-0.0036830309559299224,-0.0025353043714884116
2024-07-02,-0.13097183447943672,-0.0009559432465261475,0.0
2024-07-03,-0.12454290650764166,0.0,0.0
2024-07-05,-0.11998584855688321,0.0,0.0
2024-07-08,-0.12006709137063265,-0.000257669067134203,0.0
2024-07-09,-0.12169475384334039,-0.0014204804508946012,0.0
2024-07-10,-0.11957895004944896,0.0,0.0
2024-07-11,-0.11485920113958559,0.0,-0.008622442317248624
2024-07-12,-0.111604081524879,0.0,-0.0023692969983762913
2024-07-15,-0.11648645294997872,0.0,0.0
2024-07-16,-0.1113599424204188,0.0,0.0
2024-07-17,-0.11095297546911609,-0.0011497057409113332,-0.014021016055396296
2024-07-18,-0.11477775299423043,-0.0031935041076452952,-0.021598208432399013
2024-07-19,-0.11803287260893713,-0.003960122141245748,-0.02809525752663844
2024-07-22,-0.1185210823739894,-0.00025561311508837115,-0.01807512944740619
2024-07-23,-0.11917205154201527,-0.00012780655754440762,-0.019615339919691888
2024-07-24,-0.12454290650764166,-0.003321310665189592,-0.04183329178733386
2024-07-25,-0.12104378467531463,-0.0031935041076455173,-0.04682561402166807
2024-07-26,-0.11616107103176898,-1.1102230246251565e-16,-0.03615048066862714
2024-07-29,-0.11428947478530971,-0.0008944245911448601,-0.035583851763230534
2024-07-30,-0.11355705747192835,-0.00038330901752559043,-0.04047016670986969
2024-07-31,-0.10843027316779086,0.0,-0.024873345687441373
2024-08-01,-0.10547370549363122,-0.002188738459392048,-0.038681903623451364
2024-08-02,-0.09673514082835044,-0.005516573933386226,-0.05658039122366554
2024-08-05,-0.09902191728675935,-0.011660108981389805,-0.08405607164496776
2024-08-06,-0.1049021996005648,-0.007948419764608139,-0.07561152676258587
2024-08-07,-0.10898535254404884,-0.006028709833370671,-0.0817900550076528
2024-08-08,-0.10857735893561382,-0.0019331668723555628,-0.06056364828236338
2024-08-09,-0.10400394291191584,-0.0020606769093992616,-0.05642093674994342
2024-08-12,-0.10212529695506178,-0.0014210309723711179,-0.055925164177858755
2024-08-13,-0.09583681569852409,0.0,-0.040399421262557356
2024-08-14,-0.09183483712133256,0.0,-0.037371893077650764
2024-08-15,-0.09461167132924675,0.0,-0.02087223593746257
2024-08-16,-0.09191655904126539,0.0,-0.018677020193184957
2024-08-19,-0.08979322643169307,0.0,-0.009294266468478418
2024-08-20,-0.08742486494288282,-0.0008861432514752909,-0.010905222388076896
2024-08-21,-0.0853830489144608,0.0,-0.007506114269875908
2024-08-22,-0.08913986173185384,-0.0012648114873140548,-0.015295764764448161
2024-08-23,-0.08391328633453976,0.0,-0.004832978644794483
2024-08-26,-0.08505650345407267,-0.0020151526094630556,-0.007205168897894687
2024-08-27,-0.08579152163356463,-0.0013851867721698108,-0.005841932934431693
2024-08-28,-0.08766975693258972,-0.0018889206545242843,-0.011613342191731935
2024-08-29,-0.08922151520253552,-0.000881344349792812,-0.011524854937320583
2024-08-30,-0.09175332053121144,-0.0007553294734760074,-0.002088875798585188
2024-09-03,-0.0890072860552088,-0.004299158663641944,-0.022625015413317073
2024-09-04,-0.0833514994663328,-0.0006288804384926294,-0.02462540395749102
2024-09-05,-0.07884344728873083,0.0,-0.026997594210591225
2024-09-06,-0.07925308354642446,-0.001262165293346218,-0.043373391371803405
2024-09-09,-0.07720387559095565,0.0,-0.032662885296014466
2024-09-10,-0.07466310411907795,-0.0018910458753021997,-0.028449539200464113
2024-09-11,-0.07425326253157272,-0.0003781875522550493,-0.01848241476507917
2024-09-12,-0.0749088858772825,0.0,-0.010214733503703943
2024-09-13,-0.07203999473783218,0.0,-0.005045325876364526
2024-09-16,-0.06794164726717522,0.0,-0.0035759717410243086
2024-09-17,-0.06785965156817941,0.0,-0.0031687973093500466
2024-09-18,-0.07171201195082033,0.0,-0.0061252473871296065
2024-09-19,-0.07089232876683871,0.0,0.0
2024-09-20,-0.07007285092163973,0.0,-0.0017287265125632834
2024-09-23,-0.07138430294287113,-0.0018691337116188977,0.0
2024-09-24,-0.06982686383362346,-0.0017445319220626976,0.0
2024-09-25,-0.07531859058422763,-0.0028659480308687035,-0.002205585632828355
2024-09-26,-0.07531859058422763,-0.0012459110370872661,0.0
2024-09-27,-0.0716301531413559,0.0,-0.0014505089380156821
2024-09-30,-0.07392521130428042,-0.0007467871710344909,0.0
2024-10-01,-0.06947465193147062,-0.0012469221843792733,-0.008958431351300034
2024-10-02,-0.07153125182295683,-0.0011221552552916902,-0.008540079550069968
2024-10-03,-0.07753699165914385,-0.003497743202430126,-0.010352683411372299
2024-10-04,-0.08255508717974247,-0.004623313805305229,-0.00135931685536117
2024-10-07,-0.08724431014483114,-0.008874674875335775,-0.01038783628035489
2024-10-08,-0.08543465555911034,-0.006498766739098882,-0.0010282486516242084
2024-10-09,-0.08724431014483114,-0.007124309058328615,0.0
2024-10-10,-0.08823161224107656,-0.0076244440716733974,-0.0017499467406543179
2024-10-11,-0.08839615118822297,-0.004998575159862684,0.0
2024-10-14,-0.08831367638035248,-0.004498333416818601,0.0
2024-10-15,-0.08387146716130955,-0.004748400923491047,-0.007769554234868026
2024-10-16,-0.08099183034166135,-0.0029976081890853434,-0.00345699424895618
2024-10-17,-0.08782033333591843,-0.004498333416818601,-0.003371394929493121
2024-10-18,-0.08888969957143955,-0.002122318550882407,0.0
2024-10-21,-0.09818594447280948,-0.0061236121142407285,-0.001642192226956496
2024-10-22,-0.0982680086120854,-0.007499143494088645,-0.0021725346501614284
2024-10-23,-0.10131197904906819,-0.010500487221254629,-0.01129015167445735
2024-10-24,-0.09859729182721877,-0.0076244440716733974,-0.009151798207639783
2024-10-25,-0.10073602430723216,-0.008624927557761453,-0.009494037306528202
2024-10-28,-0.10147665487677482,-0.0061236121142406175,-0.006431830542601102
2024-10-29,-0.10040701486219072,-0.005873971526365707,-0.004824033130837568
2024-10-30,-0.10155899278614278,-0.007624444071673175,-0.007834540854300465
2024-10-31,-0.10336864737904017,-0.010375506832768111,-0.027284061442501284
2024-11-01,-0.10828092875319972,-0.010312856543975624,-0.02317890132288336
2024-11-04,-0.1016763739401002,-0.007547705473748945,-0.02528275315683337
2024-11-05,-0.09738330379776239,-0.0047829813209211425,-0.013496760692038645
2024-11-06,-0.10679494498628217,-0.0030233300284585596,0.0
2024-11-07,-0.09622735613122424,0.0,0.0
2024-11-08,-0.09309023366439573,0.0,0.0
2024-11-11,-0.09482398405901704,-0.0011277622573354629,0.0
2024-11-12,-0.10299720277043689,-0.00513777280969463,-0.003106332711632298
2024-11-13,-0.10638222875450054,-0.004887147150433924,-0.002622017627985196
2024-11-14,-0.10662985849356965,-0.007017624890536256,-0.009035229542246448
2024-11-15,-0.10621707381791912,-0.007142671663709965,-0.021728268577762666
2024-11-18,-0.10456559289597389,-0.0052630324285918295,-0.017719841661510416
2024-11-19,-0.102667029780526,-0.003759491315959984,-0.014129193864522382
2024-11-20,-0.10481349641051763,-0.004009797708030893,-0.013795054000942053
2024-11-21,-0.10588683238862506,-0.0036340188527345108,-0.008500856051910644
2024-11-22,-0.10506133148119279,-0.0038845380891336934,-0.005427895609695477
2024-11-25,-0.09391580301749136,-0.00012525961889731096,-0.0020540632886542065
2024-11-26,-0.09622735613122457,-0.0020051116997388263,0.0
2024-11-27,-0.09292487339800304,0.0,-0.003029919322906638
2024-11-29,-0.08731104287188873,0.0,0.0
2024-12-02,-0.08587782928551912,-0.000363405172352671,0.0
2024-12-03,-0.0891089251193824,-0.000363405172352671,0.0
2024-12-04,-0.08471777498686317,0.0,0.0
2024-12-05,-0.08496649982962445,-0.0008767669153848523,-0.0016457159434024593
2024-12-06,-0.08289538985413691,0.0,0.0
2024-12-09,-0.08521508778285447,-0.001251523137724253,-0.005149618902467457
2024-12-10,-0.08662345625567747,-0.0007509350449685925,-0.008242677780865737
2024-12-11,-0.0891089251193824,-0.0005005880927555495,-0.0005758326959144355
2024-12-12,-0.09424529156243644,-0.0032540871307007446,-0.005725451598381892
2024-12-13,-0.09929870408874575,-0.006132548024878726,-0.005922806570609951
2024-12-16,-0.09813906045868426,-0.00425515750731531,-0.0016782877675688423
2024-12-17,-0.09805617499119046,-0.0063828949757051,-0.005791407815707084
2024-12-18,-0.10923859467675767,-0.016585432643261955,-0.03542218656085727
2024-12-19,-0.11406059865278839,-0.017592005150465773,-0.03571847585654819
2024-12-20,-0.11056873186605065,-0.011427502443500881,-0.024136379373750905
2024-12-23,-0.11314598389209707,-0.01406958333181274,-0.018292576432524688
2024-12-24,-0.11040234494073098,-0.010924374905324385,-0.007381137549640759
2024-12-26,-0.10957109475192228,-0.008408419783591636,-0.007314770391210645
2024-12-27,-0.11331243926128509,-0.01180492745484596,-0.01776441302427534
2024-12-30,-0.10948779862390812,-0.010421141556864466,-0.028973374029531263
2024-12-31,-0.11173261901776133,-0.010546844083695883,-0.03250593554558412
2025-01-02,-0.11164966510819319,-0.008156803109361621,-0.03488313318639946
2025-01-03,-0.11372796168988675,-0.0066471030653684204,-0.02281581675189659
2025-01-06,-0.11597285052760853,-0.004885786345758314,-0.01718673108833979
2025-01-07,-0.12004655822439869,-0.008156803109361621,-0.028296655033173468
2025-01-08,-0.11863319335096012,-0.006898613929314901,-0.02687674714506827
2025-01-10,-0.12370488038032479,-0.012056649939359732,-0.04173394988362422
2025-01-13,-0.12619911005293427,-0.012308266613589747,-0.04024808577987693
2025-01-14,-0.1252014044949371,-0.011050289052723317,-0.03892752315802239
2025-01-15,-0.1147255303601461,-0.002369619603458273,-0.02144563286539658
2025-01-16,-0.11297980229838311,-0.0012375561913774424,-0.023327542472190377
2025-01-17,-0.11223157446211396,-0.0003566862110050417,-0.013521743462938551
2025-01-21,-0.10707693352318104,0.0,-0.004492214186848531
2025-01-22,-0.10990352638411516,-0.0013806311951347627,0.0
2025-01-23,-0.11115057277610285,-0.00012531038589513877,0.0
2025-01-24,-0.10940470782660261,0.0,-0.002919369649314052
2025-01-27,-0.10325242977354154,0.0,-0.01702334526136895
2025-01-28,-0.10449954460939781,-0.0003757985719872181,-0.008577147428536769
2025-01-29,-0.10566329487426829,-0.0010023051636829372,-0.013021676700360585
2025-01-30,-0.10366822597761749,0.0,-0.00772459718288776
2025-01-31,-0.10657804652269709,-0.0020030644012808407,-0.01300534627544192
2025-02-03,-0.10516783006452413,-0.003260454807738511,-0.019647236285385672
2025-02-04,-0.10341559983972703,-0.00011645233469492755,-0.013070872104905762
2025-02-05,-0.09715737075248954,0.0,-0.009069305608791933
2025-02-06,-0.09882616796602073,-0.0015051326374031504,-0.0056252189942799236
2025-02-07,-0.10274799882149255,-0.004641219481550718,-0.014727185452909186
2025-02-10,-0.10249776822079826,-0.002633850832422402,-0.00803610003842048
2025-02-11,-0.10450029749195255,-0.0030102652748060788,-0.007281634405505555
2025-02-12,-0.10933989152966139,-0.005142825334717438,-0.010479743995620683
2025-02-13,-0.10241426675489851,-0.0006271123418524205,-3.276291473164328e-05
2025-02-14,-0.09890973786322976,0.0,-8.206038584324116e-05
2025-02-18,-0.10258099590763514,-0.0008777896752000247,0.0
2025-02-19,-0.10208039780774392,-0.00012523356670801622,0.0
2025-02-20,-0.09991086561376106,0.0,-0.0041604218027386786
2025-02-21,-0.09674013722896668,-0.0018797653178925788,-0.0211933257395589
2025-02-24,-0.0944038074509378,-0.0006263785975294534,-0.025647287004226693
2025-02-25,-0.08747804578574625,0.0,-0.030492972669869278
2025-02-26,-0.08555888109096033,0.0,-0.030003469471266198
2025-02-27,-0.08939727893875482,-0.0018732427898521253,-0.04548643225331206
2025-02-28,-0.08539208349794336,0.0,-0.030590954538205928
2025-03-03,-0.0825022485472523,-0.0020811068464169358,-0.0475748167706852
2025-03-04,-0.0855177463564164,-0.0022060756570154716,-0.05884851911802402
2025-03-05,-0.08844933203108629,-0.0017048420597562952,-0.048733236596857465
2025-03-06,-0.09129700558920406,-0.005466131571498112,-0.0656193200350359
2025-03-07,-0.0927209792533088,-0.0038365215704428968,-0.060382214574481896
2025-03-10,-0.08962170621712395,-0.007597811080815142,-0.08540952511679856
2025-03-11,-0.09556872126067784,-0.011108640527497271,-0.09301220732298343
2025-03-12,-0.09824884434681225,-0.009980159633285135,-0.08819921612468329
2025-03-13,-0.0954012392289747,-0.01549686386768312,-0.10035414606993642
2025-03-14,-0.0958201154089331,-0.010983149271666437,-0.08177109790763248
2025-03-17,-0.09397733400515007,-0.008600905208243081,-0.07469041029668388
2025-03-18,-0.09179958855590298,-0.010356424419945887,-0.08469166832190611
2025-03-19,-0.08643900016429096,-0.003836521570443008,-0.07472300322867209
2025-03-20,-0.08777919859240413,-0.005215671506438424,-0.07739866974227594
2025-03-21,-0.08903569023377689,-0.006720312696895436,-0.0770943675044844
2025-03-24,-0.09297237340156417,-0.003836521570443008,-0.060566400180083635
2025-03-25,-0.09205091426387801,-0.004337755166332613,-0.05830834964940723
2025-03-26,-0.09573634017294141,-0.00835023616509023,-0.06955047441996709
2025-03-27,-0.09682507601251922,-0.010231037654531039,-0.07202154667013405
2025-03-28,-0.09138078082519585,-0.011986243399094265,-0.09070927805081042
2025-03-31,-0.08962170621712429,-0.010857762506251478,-0.08460546458630425
2025-04-01,-0.0863679554842759,-0.008564752024173838,-0.08201996169877435
2025-04-02,-0.08426584044706531,-0.006549055272934257,-0.07621060151605186
2025-04-03,-0.08434995790240007,-0.018895994603085775,-0.12173561730224236
2025-04-04,-0.08535895668885252,-0.032881216518305,-0.17315198328039383
2025-04-07,-0.10318419128496348,-0.0411969713240703,-0.17462475736774796
2025-04-08,-0.11453539342945807,-0.04560651041467789,-0.18755232257224297
2025-04-09,-0.09973701831304094,-0.020030222389377794,-0.10222961040483702
2025-04-10,-0.11503975593584415,-0.03603103656815965,-0.14156917809351954
2025-04-11,-0.11520792239995381,-0.03313355738483237,-0.12625242911274104
2025-04-14,-0.10974261496380089,-0.028345350260864044,-0.1177757283371138
2025-04-15,-0.10495004183064682,-0.02569979398924782,-0.12024669905192642
2025-04-16,-0.1011661937075733,-0.025825807688941826,-0.1398019507227185
2025-04-17,-0.10242754486003014,-0.020156027110978858,-0.13857448667911598
2025-04-21,-0.11209694546941074,-0.025952030366728662,-0.15907879173767125
2025-04-22,-0.10991071298493915,-0.022171932840311825,-0.1371998975308082
2025-04-23,-0.10595890373025907,-0.01725833895092832,-0.12383039856525146
2025-04-24,-0.09679407095976766,-0.008438842813527025,-0.10538787569297192
2025-04-25,-0.09200142938453881,-0.007556851403346387,-0.09892411847497884
2025-04-28,-0.08989938279657939,-0.007052901093617336,-0.09858052195682676
2025-04-29,-0.08779740464890018,-0.004407031354861424,-0.09290214271584729
2025-04-30,-0.0920855468398738,-0.009698770832372916,-0.0925421989623606
2025-05-01,-0.09527653458825136,-0.008419721331712093,-0.0861109331426646
2025-05-02,-0.09747139099568458,-0.005380346125948288,-0.07254506429735241
2025-05-05,-0.09873773854875723,-0.0057603725155441765,-0.07786349978484475
2025-05-06,-0.09696490673565095,-0.00652021631664268,-0.08557106828011163
2025-05-07,-0.09510775212842715,-0.00563362739252482,-0.08172540688163665
2025-05-08,-0.09966638429264951,-0.005887013148147657,-0.07532693706297433
2025-05-09,-0.10000401765257838,-0.005253705491975902,-0.07650525787020845
2025-05-12,-0.1001729370019343,0.0,-0.04598608901232337
2025-05-13,-0.09941314215814678,0.0,-0.03968580413270706
2025-05-14,-0.10397170587311777,-0.003649234136563151,-0.03845864469683202
2025-05-15,-0.09755591911064243,-0.0017616992381532803,-0.03376211484963976
2025-05-16,-0.09586754697221411,-0.0006292821234393786,-0.027641954149798753
2025-05-19,-0.09578315574678753,-0.0011325209382296864,-0.02657826705396371
2025-05-20,-0.09797808059450097,-0.001635967402772609,-0.029850962979461215
2025-05-21,-0.10802385376743795,-0.008305153551099176,-0.046198907659441124
2025-05-22,-0.10346529005246696,-0.006291782993793182,-0.0458224136015738
2025-05-23,-0.10278995488425446,-0.006543350488069755,-0.05233561866366254
2025-05-27,-0.09468552221325943,-0.0005033426396671148,-0.032632937280438035
2025-05-28,-0.09688031017144139,-0.0011325209382296864,-0.038229377279024424
2025-05-29,-0.09282836760603563,0.0,-0.034432960653936084
2025-05-30,-0.09021148661324674,0.0,-0.03551299498510596
2025-06-02,-0.09278723287149193,-0.0001767988115773944,-0.030080230397268815
2025-06-03,-0.0923634971894205,0.0,-0.024549077798012964
2025-06-04,-0.08575442508188835,0.0,-0.024810938147808437
2025-06-05,-0.08855069733413923,-0.0021389549974117905,-0.02952371369331719
2025-06-06,-0.09405816615658558,-0.0022645935487902724,-0.019557993132019225
2025-06-09,-0.09134669580732702,-0.0017617293822328461,-0.01867443021595938
2025-06-10,-0.08914376302519,0.0,-0.013110481612342961
2025-06-11,-0.08626282577742062,-0.0002514288855495206,-0.01592515038232556
2025-06-12,-0.08117909262807443,0.0,-0.012014201582856376
2025-06-13,-0.08668656145949205,-0.003014803829020196,-0.02305985493996965
2025-06-16,-0.08829649698188746,-0.001004625114015223,-0.013765183255340707
2025-06-17,-0.08516149627139802,-0.0021355247325133275,-0.022192537720563177
2025-06-18,-0.08448349179679471,-0.000627968069723428,-0.022339967432995822
2025-06-20,-0.08372089075798184,0.0,-0.024635890747405464
2025-06-23,-0.08143322453107504,0.0,-0.015001988574851577
2025-06-24,-0.07711209242951278,0.0,-0.004120416771569602
2025-06-25,-0.07821355881609582,-0.0002497290168010924,-0.0035623770339723304
2025-06-26,-0.07482415243251406,0.0,0.0
2025-06-27,-0.07634935450116875,-0.0004975402398385009,0.0
2025-06-30,-0.07126541603098213,0.0,0.0
2025-07-01,-0.07014300583315836,-0.001258319771224925,-0.0003236168508657933
2025-07-02,-0.07031315717035536,0.0,0.0
2025-07-03,-0.07252430320775682,0.0,0.0
2025-07-07,-0.07805203140275763,-0.0033596579075310107,-0.007452075252885604
2025-07-08,-0.0806882819996031,-0.0047280910364946305,-0.00799569379023346
2025-07-09,-0.07541564391638089,-0.001990614599556184,-0.00204695380216946
2025-07-10,-0.0752456979089956,-0.0029860235949474845,0.0
2025-07-11,-0.08085829644726883,-0.0042302848405196825,-0.003515340332880479
2025-07-14,-0.0811135234485787,-0.003483931487868519,-0.0016137884460836194
2025-07-15,-0.08443017406440068,-0.006469853385869695,-0.005880121170690589
2025-07-16,-0.08298450370111754,-0.0038570573157208354,-0.0025566560838846675
2025-07-17,-0.08077342611296745,-0.0028616483189964903,0.0
2025-07-18,-0.07907252874837434,-0.0014932151913661373,-0.0007324784863550482
2025-07-21,-0.07550071958049376,-0.00012427357900457459,0.0
2025-07-22,-0.07328957355206367,0.0,0.0
2025-07-23,-0.07473531234665576,0.0,0.0
2025-07-24,-0.07609590703685487,-0.0012416349463593157,0.0
2025-07-25,-0.07311955910439805,-0.0006207667320339283,0.0
2025-07-28,-0.07499053935693678,-0.0011174207105775213,-0.0002509156613335062
2025-07-29,-0.068867349926512,-0.0004964510139605638,-0.0028879577086222685
2025-07-30,-0.07235408342130856,-0.002607484129830251,-0.004143604159940417
2025-07-31,-0.07209892486027902,-0.0019865144332132934,-0.007879276161752102
2025-08-01,-0.06386759735194036,-0.0019367881462499792,-0.02414053374431091
2025-08-04,-0.06224499971384889,0.0,-0.00930776699499547
2025-08-05,-0.06156186195806934,-0.0004982742300586596,-0.014330449906786447
2025-08-06,-0.06181804716815753,0.0,-0.006780451998966153
2025-08-07,-0.06275730171168703,-0.0009962545244729393,-0.007612435511952453
2025-08-08,-0.06574596953152578,-0.0008716720652698351,0.0
2025-08-11,-0.06429441300810035,-0.0008716720652698351,-0.00197746004405841
2025-08-12,-0.06344043946746658,0.0,0.0
2025-08-13,-0.058487707796552435,0.0,0.0
2025-08-14,-0.06173262928470158,-0.0026049377498575943,0.0
2025-08-15,-0.06292820592785064,-0.0018609148273853737,-0.0023412561103517415
2025-08-18,-0.06463594767033554,-0.0026049377498575943,-0.0025584227707127205
2025-08-19,-0.06318432269765861,-0.0028533153015304347,-0.007969651918440568
2025-08-20,-0.06275730171168703,-0.0032254780895712987,-0.01060557939779505
2025-08-21,-0.0663437578531002,-0.00508649380017101,-0.014574818086319552
2025-08-22,-0.05900021512420206,0.0,0.0
2025-08-25,-0.06147644406564223,-0.001978808752842176,-0.004401115445011317
2025-08-26,-0.060793443190423124,0.0,-0.000232480284248604
2025-08-27,-0.060451908537159205,0.0,0.0
2025-08-28,-0.05900021512420217,0.0,0.0
2025-08-29,-0.0624156986002008,-0.0018516259835286153,-0.005963861422358718
2025-09-02,-0.0655522050775944,-0.0029305783313521294,-0.013329907634553217
2025-09-03,-0.05998224704076893,-0.0002020776961260129,-0.00798257660492363
2025-09-04,-0.05355557771753572,0.0,0.0
2025-09-05,-0.04738584649232824,0.0,-0.002896523341662127
2025-09-08,-0.0440439401123075,0.0,-0.0004467919652366703
2025-09-09,-0.04575777335371756,-0.0011132318867910218,0.0
2025-09-10,-0.04292988005927967,-0.00037131082414731953,0.0
2025-09-11,-0.03847405051576236,0.0,0.0
2025-09-12,-0.04018788375717253,-0.0009873529727247865,-0.0003346147535832067
2025-09-15,-0.037188675586947606,0.0,0.0
2025-09-16,-0.03804552376288706,-0.0007390967533811299,-0.0013769340604747882
2025-09-17,-0.03975942545354827,-0.0017244261707032305,-0.002617578795201969
2025-09-18,-0.04173019679298395,0.0,0.0
2025-09-19,-0.04250155863621585,0.0,0.0
2025-09-22,-0.044643850190221324,0.0,0.0
2025-09-23,-0.04275856518349297,-0.0007377162081190214,-0.00544348066070921
2025-09-24,-0.04661455308937679,-0.002090527691579913,-0.008607819506175507
2025-09-25,-0.04832852322031833,-0.004918771592583471,-0.01318155337583693
2025-09-26,-0.0470430798422522,-0.002951063895187178,-0.0075279679428298385
2025-09-29,-0.043872625227549755,-0.0012295933677687332,-0.00473869063319432
2025-09-30,-0.04481509662572791,-0.0015985510018792226,-0.000989740578166587
2025-10-01,-0.04097929964314706,0.0,0.0
2025-10-02,-0.039431168887473445,-0.00037045122689538523,0.0
2025-10-03,-0.04063523256494972,-0.001482202918931419,-1.4842170334761207e-05
2025-10-06,-0.043731425636017174,-0.0012351359304101361,0.0
2025-10-07,-0.04192533012428812,-0.002346788118956611,-0.003707442718441367
2025-10-08,-0.043129530682324835,-0.003828891534398693,0.0
2025-10-09,-0.045021454746104195,-0.0066699131312790705,-0.002897019427089642
2025-10-10,-0.042355431084347916,-0.01247524106253306,-0.029846504163642984
2025-10-13,-0.03908717025852715,-0.006299362402198416,-0.014960418032998968
2025-10-14,-0.035905217084660435,-0.0051878097171413895,-0.016163751621133704
2025-10-15,-0.035905217084660435,-0.0019761378863863976,-0.011795858750366706
2025-10-16,-0.03315309110076148,-0.005558161439242926,-0.018525874650427432
2025-10-17,-0.03504508360482117,-0.0029643063330691,-0.012954739844415752
2025-10-20,-0.03212109518700945,-0.0009881684466824803,-0.0026889634264120055
2025-10-21,-0.03194895898300498,-0.0024702718621245623,-0.002703994784187258
2025-10-22,-0.03100299695111508,-0.0034584403075029746,-0.007888713685326065
2025-10-23,-0.03220706062859158,-0.001235135930409914,-0.002005586532689674
2025-10-24,-0.030573032871615946,0.0,0.0
2025-10-27,-0.02893893668333125,0.0,0.0
2025-10-28,-0.028852902801469127,-0.0009843770275962394,0.0
2025-10-29,-0.034357223218518085,-0.004060109239931942,0.0
2025-10-30,-0.03951720276933568,-0.0059054692782067875,-0.01099812511045839
2025-10-31,-0.04338735854884879,-0.0059054692782067875,-0.007753911105553568
2025-11-03,-0.0459596826226335,-0.008996960244432306,-0.00589176619229792
2025-11-04,-0.04466493089099355,-0.008873268891015917,-0.01767547807905312
2025-11-05,-0.0475134942176092,-0.007884134501524365,-0.01427132855160429
2025-11-06,-0.042507102585986445,-0.007513060438677166,-0.02484753621215663
2025-11-07,-0.04440593947690885,-0.006647518293466992,-0.023887474320758106
2025-11-10,-0.04388809353827128,-0.003308644617810663,-0.008655814625251557
2025-11-11,-0.040090214426614534,-0.002195521539703371,-0.006386471356806478
2025-11-12,-0.04103966709221585,-0.004174285874754102,-0.005833607820597164
2025-11-13,-0.04578693042022264,-0.008255010342204105,-0.02233084036219246
2025-11-14,-0.04837643389247359,-0.008007825856239603,-0.02249077588473647
2025-11-17,-0.04777228029291103,-0.009615317904976828,-0.031597766647168735
2025-11-18,-0.04734060512566707,-0.009368034308578466,-0.039729886671670545
2025-11-19,-0.047254434354273234,-0.008873268891015917,-0.036020136439187
2025-11-20,-0.04595968262263339,-0.00949162655026159,-0.05071347218957134
2025-11-21,-0.04259347868719188,-0.0061528519876375976,-0.04125735169330613
2025-11-24,-0.03879546269497469,-0.0034323359725261238,-0.02714622791822019
2025-11-25,-0.036119720011049794,0.0,-0.017995618376644984
2025-11-26,-0.03283968684700178,0.0,-0.011216219006173311
2025-11-28,-0.03447973765365142,0.0,-0.00581906822803957
2025-12-01,-0.039651900211290725,-0.0017988293804560573,-0.010357934265618485
2025-12-02,-0.03904555641510854,0.0,-0.008524868537477692
2025-12-03,-0.03687951485483709,0.0,-0.005091639823443295
2025-12-04,-0.038612170151148706,0.0,-0.004364301170661888
2025-12-05,-0.039565250331022206,0.0,-0.002473077072290941
2025-12-08,-0.04155785525019662,-0.0024767267805974047,-0.005469848743861805
2025-12-09,-0.0427707481813433,-0.003591446484906502,-0.0063284027354499894
2025-12-10,-0.03835222051931497,-0.00024788015076382397,0.0
2025-12-11,-0.03973848164230731,-0.0003712768462411642,0.0
2025-12-12,-0.04554299664826511,-0.0022290442240570085,-0.010752098118017361
2025-12-15,-0.04441675359738673,-0.0017337779048497426,-0.012246703315145324
2025-12-16,-0.042250780486366546,-0.001114423316212143,-0.014945514854235897
2025-12-17,-0.04329057898678834,-0.0023530336970233323,-0.025784625205980682
2025-12-18,-0.039651900211290614,0.0,-0.018428063128047345
2025-12-19,-0.04212196921352518,-0.0004850088713342915,-0.009531599361129794
2025-12-22,-0.04229595340377701,0.0,-0.0033610713167120387
2025-12-23,-0.04133924569168934,0.0,0.0
2025-12-24,-0.03759920161313923,0.0,0.0
2025-12-26,-0.037686193712750726,-0.0004959659082310885,-0.0001013941867173962
2025-12-29,-0.03638151762015962,-0.00012396686058147033,-0.0036647138325686113
2025-12-30,-0.03751220952249912,0.0,-0.004881354989419662
2025-12-31,-0.04160008509202151,-0.0009912681631649711,-0.01225417366599324
